Chr	Start	End	Length	Midpoint	WatsonHpM	CrickHpM	TotalHpM	BGHpM	Total-BGHpM	WatsonHpM300	CrickHpM300	TotalHpM300	BGHpM300	Total-BGHpM300	NormHpM	NormHpM300	NormHpChr
1	6329	6760	431	6544.5	45.4146669542225	69.3068286979104	114.721495652133	4.16777	110.553725652133	50.3562763097879	75.4453160990221	125.80159240881	9.96977	115.83182240881	137.11763232351	137.299435095478	11654.1155207939
1	9191	9576	385	9383.5	15.1962212541939	16.243002052989	31.4392233071829	3.72295	27.7162733071829	20.4874241971292	23.2553734243597	43.7427976214889	9.52495	34.2178476214889	34.3759538658198	40.5595893331662	2921.73465003054
1	11130	11243	113	11186.5	3.89262859712437	4.34082037589775	8.23344897302213	1.09271	7.14073897302213	7.71145854794469	11.8528825813895	19.5643411293342	6.89471	12.6696311293342	8.85651944559426	15.017748670018	752.74710467281
1	28177	28865	688	28521	83.6537655306133	71.1102956167363	154.76406114735	6.65296	148.11110114735	88.3939785804113	74.4048351846676	162.798813765079	12.45496	150.343853765079	183.699313527031	178.207730507506	15613.2583728073
1	29827	30075	248	29951	12.851764258803	32.1333105754707	44.9850748342737	2.39816	42.5869148342737	17.8426727100702	37.5972103506107	55.4398830606809	8.20016	47.2397230606809	52.8197208695872	55.9948652746485	4489.33604204828
1	31066	31177	111	31121.5	0.923383062292148	0.748586268607215	1.67196933089936	1.07337	0.598599330899363	8.38424620693339	13.39925421614	21.7835004230733	6.87537	14.9081304230733	0.742431089311503	17.6711187206703	63.101860311087
1	32971	33197	226	33084	80.4205248382707	49.3013956595692	129.72192049784	2.18542	127.53650049784	87.8318888908787	55.265086266996	143.096975157875	7.98742	135.109555157875	158.18103713769	160.149993442274	13444.3692526154
1	34454	35111	657	34782.5	143.831661681446	131.9529795733	275.784641254746	6.35319	269.431451254746	150.745434861413	139.390943137991	290.136377999404	12.15519	277.981187999404	334.170580426978	329.500644000791	28402.3468167705
1	36394	36567	173	36480.5	34.3050707386569	32.6355013637349	66.9405721023917	1.67291	65.2676621023917	40.7932517253042	37.2276171300961	78.0208688554003	7.47491	70.5459588554003	80.9502098819425	83.6205465621563	6880.24640894354
1	37240	37445	205	37342.5	33.0571936285915	30.7184365286468	63.7756301572383	1.98235	61.7932801572383	43.337105063148	40.4266584497613	83.7637635129093	7.78435	75.9794135129093	76.6410016368399	90.0610068741762	6513.99146535542
1	39003	39222	219	39112.5	66.6950766055402	57.5590441886964	124.254120794237	2.11773	122.136390794237	79.7696367775755	62.9243457724329	142.693982550008	7.91973	134.774252550008	151.483386267241	159.752547751714	12875.1120707383
1	42596	42658	62	42627	8.38144625829312	7.78495719975157	16.1664034580447	0.59954	15.5668634580447	28.391679208589	30.3657429981395	58.7574222067286	6.40154	52.3558822067286	19.3072775022239	62.0592243255813	1640.99422218774
1	45159	45276	117	45217.5	9.30502931691672	8.68384071144143	17.9888700283581	1.13139	16.8574800283581	27.9167879195675	24.3037541938064	52.2205421133739	6.93339	45.2871521133738	20.9080040929831	53.680415907678	1777.04567151484
1	45499	45719	220	45609	40.9955480145631	28.7674723153785	69.7630203299416	2.1274	67.6356203299416	57.7344409713757	45.1356720718535	102.870113043229	7.9294	94.9407130432292	83.8871423433983	112.53648606504	7129.86675027076
1	48350	48502	152	48426	16.618595163447	7.85925583688424	24.4778510003313	1.46984	23.0080110003313	25.9773234953573	14.3719363741339	40.3492598694912	7.27184	33.0774198694912	28.5363878442737	39.207801172881	2425.40915305991
1	52617	52829	212	52723	13.549051468394	20.5343233368536	34.0833748052475	2.05004	32.0333348052475	19.1138493927492	28.6716740726153	47.7855234653644	7.85204	39.9334834653644	39.7303211448767	47.3345286914189	3376.8213792388
1	57366	57556	190	57461	22.5040872052779	30.6385379942337	53.1426251995116	1.8373	51.3053251995116	40.0198659115975	52.2753411081904	92.2952070197879	7.6393	84.6559070197879	63.632995409676	100.345552453539	5408.394725551
1	58423	58681	258	58552	124.880609302495	135.612312449791	260.492921752286	2.49486	257.998061752286	135.738010144106	146.414514303922	282.152524448028	8.29686	273.855664448028	319.989970151185	324.610519324362	27197.0862860203
1	61029	61405	376	61217	96.1553362130521	120.959681224471	217.115017437523	3.63592	213.479097437523	103.864894795848	126.100886918821	229.965781714669	9.43792	220.527861714669	264.773965947554	261.399244236831	22504.0815959486
1	62616	62751	135	62683.5	27.1941011758827	24.4242519835034	51.6183531593861	1.30545	50.3129031593861	33.4064872214642	29.9890499078586	63.3955371293228	7.10745	56.2880871293228	62.4021136858356	66.720201795541	5303.77770760085
1	67796	68683	887	68239.5	190.244310329591	238.677721910679	428.92203224027	8.57729	420.34474224027	199.60283866517	251.904479290945	451.507317956115	14.37929	437.128027956115	521.345395423225	518.142856208832	44311.0004274373
1	69613	70547	934	70080	186.758274274299	210.792333415149	397.550607689447	9.03178	388.518827689447	199.185046328776	223.716196351438	422.901242680215	14.83378	408.067462680215	481.872333579335	483.696370666592	40956.0444316776
1	70813	71700	887	71256.5	143.092975231246	93.3222881799355	236.415263411181	8.57729	227.837973411181	151.378423250444	104.99827400616	256.376697256604	14.37929	241.997407256604	282.583000104667	286.847833522258	24017.7347845559
1	73183	73353	170	73268	15.4940157917189	10.9558990348484	26.4499148265673	1.6439	24.8060148265673	33.8097798238276	24.9534422765129	58.7632221003406	7.4459	51.3173221003406	30.7664169645754	60.8281833823031	2614.94726382172
1	73635	73843	208	73739	15.9671071137575	19.4360434827108	35.4031505964682	2.01136	33.3917905964682	27.120902518573	31.5131219516527	58.6340244702256	7.81336	50.8206644702256	41.4151873998092	60.2394780452674	3520.02415804512
1	74874	75086	212	74980	21.2314105501131	24.1266574423098	45.3580679924229	2.05004	43.3080279924229	29.7655540074662	31.7643173439505	61.5298713514167	7.85204	53.6778313514167	53.7141034722493	63.6261760234493	4565.35280221681
1	76164	76629	465	76396.5	111.986445821425	114.194605316935	226.18105113836	4.49655	221.68450113836	117.152051068212	120.330892758401	237.482943826613	10.29855	227.184393826613	274.950968315232	269.289460238434	23369.0612432669
1	79541	79633	92	79587	17.0423873897838	13.6989487188137	30.7413361085976	0.88964	29.8516961085976	24.4310518587726	19.9875333666767	44.4185852254493	6.69164	37.7269452254493	37.0244771680643	44.7190431749458	3146.84207057764
1	81915	82733	818	82324	151.495821097004	185.407399053538	336.903220150542	7.91006	328.993160150542	159.781169118036	192.419670426743	352.200839544779	13.71206	338.488779544779	408.043807699586	401.222369217609	34681.0952894512
1	83442	83537	95	83489.5	6.41358235501749	14.2950377846924	20.7086201397099	0.91865	19.7899701397099	12.4799710786425	24.2766546908953	36.7566257695378	6.72065	30.0359757695378	24.5451144527541	35.602673081878	2086.17662408731
1	84473	84643	170	84558	24.5277500850274	22.8349811356575	47.3627312206849	1.6439	45.7188312206848	31.9167145485133	31.5439213866955	63.4606359352088	7.4459	56.0147359352088	56.7041757534613	66.3961892422199	4819.48968592956
1	87041	87314	273	87177.5	64.2686211142559	53.6665155897378	117.935136703994	2.63991	115.295226703994	68.4370446524461	57.8350391260937	126.27208377854	8.44191	117.83017377854	142.998423712996	139.668149568586	12153.9449084911
1	92239	92946	707	92592.5	264.411249878002	354.425398739468	618.83664861747	6.83669	611.99995861747	270.050046444993	360.913679724281	630.963726169273	12.63869	618.325036169273	759.051626824072	732.921889736022	64514.4989404659
1	94473	94607	134	94540	14.272738193736	14.0466423410348	28.3193805347709	1.29578	27.0236005347709	19.7386379321905	19.3873443760033	39.1259823081938	7.09778	32.0282023081938	33.5168453195646	37.9641275824755	2848.71595744301
1	99806	99983	177	99894.5	22.6290849124325	24.8006450792872	47.4297299917197	1.71159	45.7181399917197	29.4917590297149	30.266444819576	59.7582038492909	7.51359	52.2446138492909	56.703318435641	61.9273341221596	4819.41681943715
1	100312	100418	106	100365	10.7298031821472	11.3528917527713	22.0826949349185	1.02502	21.0576749349185	16.7183933328392	19.6380397774725	36.3564331103117	6.82702	29.5294131103117	26.1174240151756	35.002226973841	2219.81280905057
1	101169	101410	241	101289.5	19.0617503484071	28.5456763838035	47.6074267322106	2.33047	45.2769567322106	21.8564990840516	32.9876949034135	54.8441939874652	8.13247	46.7117239874652	56.1561274331867	55.3690098492922	4772.90910889343
1	105909	106156	247	106032.5	27.5498946495274	44.2919875476431	71.8418821971705	2.38849	69.4533921971705	30.1204474976194	52.400338815345	82.5207863129644	8.19049	74.3302963129644	86.141689379859	88.1062516501796	7321.48872597688
1	108453	108900	447	108676.5	202.693881965853	174.819293272221	377.513175238074	4.32249	373.190685238074	212.27670618715	188.940234250389	401.216940437539	10.12449	391.092450437539	462.861137091366	463.575305978233	39340.2151885313
1	110429	110618	189	110523.5	57.2710494714123	63.8039296381381	121.07497910955	1.82763	119.24734910955	66.1055874185993	71.3407913887293	137.446378807329	7.62963	129.816748807329	147.900164144682	153.876248396332	12570.5612712142
1	113160	114371	1211	113765.5	237.665440479058	217.035418897607	454.700859376665	11.71037	442.990489376665	256.579493536692	243.834927311544	500.414420848236	17.51237	482.902050848236	549.432474454013	572.40037676268	46698.2212255195
1	114604	114848	244	114726	131.476988304456	141.155710766682	272.632699071137	2.35948	270.273219071137	145.651728295782	153.907076867098	299.55880516288	8.16148	291.39732516288	335.214608651886	345.403251897329	28491.0824909057
1	119642	119872	230	119757	62.3524562626594	63.2505397890235	125.602996051683	2.2241	123.378896051683	68.5423427209531	68.6177413379087	137.160084058862	8.0261	129.133984058862	153.024441333867	153.066943903679	13006.0918248809
1	124432	124801	369	124616.5	44.3109871991306	51.9455471576338	96.2565343567644	3.56823	92.6883043567644	48.2286153376859	56.237368432327	104.465983770013	9.37023	95.0957537700129	114.959498311898	112.72026116036	9770.81685875684
1	128074	128209	135	128141.5	9.77972060960687	16.7174933493477	26.4972139589546	1.30545	25.1917639589546	17.0409874154637	24.6019487239943	41.642936139458	7.10745	34.535486139458	31.2448540990255	40.9360971716409	2655.61133845484
1	128945	129302	357	129123.5	174.730794895556	171.372456497893	346.103251393449	3.45219	342.651061393449	188.753337678651	182.75234775541	371.505685434061	9.25419	362.251495434061	424.983436553239	429.389132030144	36120.8546274339
1	130477	130820	343	130648.5	241.972161480444	210.229743734787	452.201905215231	3.31681	448.885095215232	252.35287106605	218.889384890124	471.242255956174	9.11881	462.123445956174	556.743439247798	547.770783146485	47319.6061402925
1	131986	132204	218	132095	48.6305079657292	37.027220805986	85.6577287717152	2.10806	83.5496687717152	53.1731246400573	41.7695338172642	94.9426584573215	7.91006	87.0325984573215	103.625026617727	103.162726395756	8807.45977438574
1	135710	135780	70	135745	4.19102312364373	4.01812629510755	8.20914941875128	0.6769	7.53224941875128	10.4056091288712	10.1072146023518	20.512823731223	6.4789	14.033923731223	9.34210222475108	16.6348915211696	794.018513078186
1	136713	136859	146	136786	9.53092517328643	7.35986499726035	16.8907901705468	1.41182	15.4789701705468	17.1173860140766	14.2223391182113	31.3397251322879	7.21382	24.1259051322879	19.1982651699144	28.5972634889519	1631.72887613123
1	138451	138660	209	138555.5	35.6823454751686	29.8426525932392	65.5249980684078	2.02103	63.5039680684078	44.0909912345386	35.5327482192461	79.6237394537847	7.82303	71.8007094537847	78.7627345286113	85.1078455164614	6694.32509426926
1	139136	139483	347	139309.5	25.1006395764581	37.4279134560406	62.5285530324987	3.35549	59.1730630324987	34.5334665491697	46.8357408873212	81.3692074364909	9.15749	72.2117174364909	73.3911973792402	85.5950273864499	6237.77903668193
1	141638	142083	445	141860.5	137.646775131439	85.209836987439	222.856612118878	4.30315	218.553462118878	145.257735522831	93.3697873086542	238.627522831485	10.10515	228.522372831485	271.067601612468	270.875412679813	23039.0000877706
1	143394	143631	237	143512.5	35.0824564789925	28.1447837374174	63.2272402164099	2.29179	60.9354502164099	40.7480525543971	32.6382013142094	73.3862538686065	8.09379	65.2924638686065	75.5770518718837	77.3933986250549	6423.56258863834
1	152054	152174	120	152114	3.24284051625212	3.16884187361662	6.41168238986874	1.1604	5.25128238986874	7.36196495874055	5.96369060742681	13.3256555661674	6.9624	6.36325556616736	6.51306325240116	7.54258524500678	553.568423342053
1	154755	154915	160	154835	8.28284806688961	6.91127322582408	15.1941212927137	1.5472	13.6469212927137	12.8747638369194	10.9046999739979	23.7794638109173	7.3492	16.4302638109173	16.9260106353195	19.4753556733909	1438.60187714442
1	158677	158860	183	158768.5	10.3061109539761	7.4357636050446	17.7418745590207	1.76961	15.9722645590207	13.1256592347201	13.3500551186039	26.475714353324	7.57161	18.904104353324	19.8100885904914	22.4076837843133	1683.72992589345
1	168984	169294	310	169139	105.747660260093	107.76692322055	213.514583480643	2.9977	210.516883480643	110.014781987852	115.626579050098	225.64136103795	8.7997	216.84166103795	261.0999896812	257.029864043745	22191.8172787838
1	170782	170931	149	170856.5	12.2759748205662	13.5492514647254	25.8252262852917	1.44083	24.3843962852917	21.858899040029	20.4628246483612	42.3217236883901	7.24283	35.0788936883901	30.2434917010224	41.5802167921687	2570.50198477978
1	171799	171947	148	171873	2.3195574521257	3.84332950142261	6.16288695354831	1.43116	4.73172695354831	13.3480551552895	12.8525642441288	26.2006193994182	7.23316	18.9674593994182	5.86866876574922	22.4827806951475	498.799042766067
1	175009	175397	388	175203	42.4704209608212	34.3796693702867	76.8500903311079	3.75196	73.0981303311079	52.4029387676538	47.0060377635486	99.4089765312024	9.55396	89.8550165312024	90.6621870873468	106.50823541986	7705.70191287213
1	176231	176389	158	176310	6.4630814470507	7.56106130669633	14.024142753747	1.52786	12.496282753747	13.9236445971948	13.8990450484267	27.8226896456215	7.32986	20.4928296456215	15.4988960700471	24.2908544071884	1317.30633168275
1	179689	180587	898	180138	86.9559049591396	86.3740156327937	173.329920591933	8.68366	164.646260591933	92.4198047342796	101.895630918252	194.315435652532	14.48566	179.829775652532	204.207549678811	213.158405842031	17356.3263443769
1	180982	181409	427	181195.5	134.936724842162	43.3425049640971	178.279229806259	4.12909	174.150139806259	141.574903077395	50.504973582219	192.079876659614	9.93109	182.148786659614	215.995025931375	215.90720919012	18358.1858982371
1	182516	182658	142	182587	8.68374071327571	3.66863270590341	12.3523734191791	1.37314	10.9792334191791	28.76767231171	10.5303068415286	39.2979791532385	7.17514	32.1228391532385	13.6173293327266	38.0763038833714	1157.3852788959
1	182951	183088	137	183019.5	27.6484928409309	20.9103164399745	48.5588092809054	1.32479	47.2340192809054	43.243406781865	26.0266225910591	69.2700293729241	7.12679	62.1432393729241	58.5834339884666	73.6605147313698	4979.21453088957
1	184611	184857	246	184734	72.6336676733704	69.5350245120917	142.168692185462	2.37882	139.789872185462	79.0971491130839	75.6240128211703	154.721161934254	8.18082	146.540341934254	173.378655344365	173.699297376686	14736.0689065567
1	188699	191684	2985	190191.5	474.13610287405	519.155677075499	993.291779949549	28.86495	964.426829949549	480.498786162715	524.969270436174	1005.46805659889	34.66695	970.801106598889	1196.15981000998	1150.72387496128	101665.878931582
1	192005	192597	592	192301	127.215466473977	89.990949287018	217.206415760995	5.72464	211.481775760995	137.071885676694	93.4582856853197	230.530171362013	11.52664	219.003531362013	262.296726780276	259.592403146307	22293.5322235675
1	198294	198800	506	198547	14.8961267588572	99.6961712631607	114.592298022018	4.89302	109.699278022018	16.3439002022042	109.451692316662	125.795592518867	10.69502	115.100572518867	136.057877572644	136.432659500353	11564.0431932528
1	202615	202883	268	202749	84.4893502034001	0	84.4893502034001	2.59156	81.8977902034001	90.4036417169594	1.77266748378307	92.1763092007425	8.39356	83.7827492007425	101.576233808283	99.3105685189768	8633.32558263499
1	211281	211552	271	211416.5	20.6329215282571	7.58596084996152	28.2188823782186	2.62057	25.5983123782186	32.0599119218296	9.25783018269516	41.3177421045247	8.42257	32.8951721045247	31.7490881838157	38.9917766413063	2698.46798769891
1	220100	220246	146	220173	3.69303225833997	15.5929139776196	19.2859462359596	1.41182	17.8741262359596	15.1471221548236	28.5417764553402	43.6888986101638	7.21382	36.4750786101638	22.1689305798536	43.2351627048022	1884.21630079282
2	10535	10724	189	10629.5	2.77004918871072	1.99676337316977	4.76681256188049	1.82763	2.93918256188049	7.76105763814362	5.29120294293529	13.0522605810789	7.62963	5.42263058107891	3.64541087579192	6.42763016268465	39.6487927952218
2	21364	21490	126	21427	2.095461562739	0.699187174739734	2.79464873747874	1.21842	1.57622873747874	5.01560799820092	5.51529883232198	10.5309068305229	7.02042	3.5104868305229	1.95496579792732	4.16110053971015	21.262907388163
2	23803	23958	155	23880.5	1.29767619659576	2.79474873564446	4.09242493224022	1.49885	2.59357493224022	4.41741897084207	6.48818098664733	10.9055999574894	7.30085	3.6047499574894	3.21676046523653	4.27283385973991	34.9866375845268
2	28718	28940	222	28829	2.04626246520297	3.24514047406376	5.29140293926673	2.14674	3.14466293926673	6.33828373622759	6.21468600339316	12.5529697396207	7.94874	4.60422973962074	3.90026418507612	5.45755155322194	42.4206685582771
2	36538	36676	138	36607	1.87136567335231	1.27287665149629	3.1442423248486	1.33446	1.8097823248486	6.28858464786293	4.19302308695821	10.4816077348211	7.13646	3.34514773482114	2.24463776268395	3.96511843421474	24.4134833041701
2	45043	45509	466	45276	4.59211576636128	3.31903911853354	7.91115488489481	4.50622	3.40493488489482	8.78523885148521	5.66549607723889	14.4507349287241	10.30822	4.1425149287241	4.22307440910286	4.91026513923815	45.9316680369942
2	48638	48814	176	48726	0.948082609225889	0.898683515358408	1.8467661245843	1.70192	0.144846124584296	4.69291391741071	3.49403590854992	8.18694982596063	7.50392	0.683029825960632	0.1796498266981	0.809618698105062	1.95393578313805
2	49408	49579	171	49493.5	2.04626246520297	1.64726978396562	3.69353224916859	1.65357	2.03996224916859	4.64151486022876	6.14068736075766	10.7822022209864	7.45557	3.32663222098642	2.53012543887926	3.94317136011073	27.5185494008959
2	60846	60994	148	60920	1.74786793868361	0.947982611060165	2.69585054974378	1.43116	1.26469054974378	4.51791712739433	3.99152678302506	8.50944391041939	7.23316	1.27628391041939	1.56857105248935	1.51282312820369	17.0603399078362
2	62676	62925	249	62800.5	2.66915103949556	2.4451551482746	5.11430618777016	2.40783	2.70647618777016	6.38718283926645	6.53738008418336	12.9245629234498	8.20983	4.71473292344981	3.35678969313726	5.58853477010025	36.5096455612627
2	69542	69795	253	69668.5	4.99090845126718	4.24222218449424	9.23313063576142	2.44651	6.78662063576142	8.98463519393816	8.80953840575605	17.7941735996942	8.24851	9.54566359969421	8.41731337016707	11.314802725143	91.5497114255205
2	71114	71604	490	71359	14.3984358880506	19.5617411770254	33.960177065076	4.7383	29.221877065076	17.2938827765788	22.1075944781837	39.4014772547625	10.5403	28.8611772547625	36.2433248773521	34.2101440766761	394.195367061297
2	74727	75225	498	74976	22.6539844556977	22.6562844135093	45.310268869207	4.81566	40.494608869207	26.3227171597668	27.1474020324897	53.4701191922565	10.61766	42.8524591922565	50.2246745395428	50.7944908160346	546.261527678465
2	80826	80922	96	80874	0.923283064126425	0.923383062292148	1.84666612641857	0.92832	0.918346126418573	5.29130294110101	6.73907638444796	12.030379325549	6.73032	5.30005932554897	1.13900681107939	6.28234224617576	12.3882455458529
2	84366	84517	151	84441.5	2.42045560134085	3.8682290446878	6.28868464602866	1.46017	4.82851464602866	5.93909105865879	7.03927087795034	12.9783619366091	7.26217	5.71619193660913	5.98871265529411	6.77559851405799	65.1353812423947
2	88116	88230	114	88173	2.19615971562272	1.29767619659576	3.49383591221847	1.10238	2.39145591221847	5.11630615108463	6.9629722775032	12.0792784285878	6.90438	5.17489842858783	2.96607618201179	6.13398473878753	32.2601056403225
2	89834	89936	102	89885	4.81581166308507	4.01812629510755	8.83393795819262	0.98634	7.84759795819262	8.65944115900486	8.33464711673446	16.9940882757393	6.78834	10.2057482757393	9.73322287518426	12.0972237494477	105.862013955851
2	90469	90596	127	90532.5	2.04606246887152	4.4150190148647	6.46108148373622	1.22809	5.23299148373622	6.38928280074664	8.03445262323207	14.4237354239787	7.03009	7.39364542397872	6.49037739783454	8.76394171219856	70.5916664479225
2	92219	92314	95	92266.5	1.94536431598781	1.6471697857999	3.59253410178771	0.91865	2.67388410178771	7.46036315381262	4.99110844759863	12.4514716014112	6.72065	5.73082160141124	3.31636636379186	6.79293955791963	36.0699869702512
2	96166	96383	217	96274.5	3.14404232851716	4.06752538897503	7.21156771749219	2.09839	5.11317771749219	7.58596084996152	7.51196220732602	15.0979230572875	7.90039	7.19753305728754	6.34177471755184	8.53148299228906	68.9754105360115
2	100146	100306	160	100226	1.82186658131911	1.14757894984456	2.96944553116367	1.5472	1.42224553116367	5.19050479005158	3.09314326216382	8.2836480522154	7.3492	0.934448052215398	1.76398342675024	1.1076333517609	19.1857147971646
2	101242	101826	584	101534	5.41460067943827	6.21228604741579	11.6268867268541	5.64728	5.97960672685406	8.50964390675084	8.38384621427049	16.8934901210213	11.44928	5.44421012102133	7.41638973969888	6.45320913210859	80.663307949903
2	107503	107892	389	107697.5	6.36248329233271	8.45974482205474	14.8222281143874	3.76163	11.0605981143874	9.28262972779462	12.1038779773559	21.3865077051505	9.56363	11.8228777051505	13.7182443791973	14.0140627710319	149.204533435987
2	113471	113554	83	113512.5	1.84656612825285	0.573789474922281	2.42035560317513	0.80261	1.61774560317513	6.48778099398444	5.21530433515104	11.7030853291355	6.60461	5.09847532913548	2.00645835769591	6.04339781573954	21.8229588891661
2	116878	117384	506	117131	23.9274610961883	28.2949809823343	52.2224420785226	4.89302	47.3294220785226	29.0439672436044	30.8407342853269	59.8847015289313	10.69502	49.1896815289313	58.7017602198907	58.3062179805181	638.461344132471
2	122135	122354	219	122244.5	8.4845443671542	8.68374071327571	17.1682850804299	2.11773	15.0505550804299	10.4814077384897	12.502570664096	22.9839784025857	7.91973	15.0642484025857	18.6669102792314	17.8561707206263	203.027994101614
2	124808	125074	266	124941	15.3193189961997	21.9038982146046	37.2232172108043	2.57222	34.6509972108043	20.2363288029971	26.8722070804182	47.1085358834153	8.37422	38.7343158834153	42.9769568340402	45.9131141944137	467.432757113252
2	126105	126625	520	126365	48.5272098605367	37.4287134413664	85.9559233019031	5.0284	80.9275233019031	51.2726595004794	41.621936524656	92.8945960251355	10.8304	82.0641960251355	100.372830671298	97.2735084495978	1091.69081378012
2	132202	132429	227	132315.5	18.6651576231472	14.9719253684757	33.6370829916229	2.19509	31.4419929916229	22.1591935316971	17.7172750102527	39.8764685419498	7.99709	31.8793785419498	38.9968914128635	37.7877216638846	424.144141763033
2	135762	135864	102	135813	1.5710711816842	2.8439478331805	4.4150190148647	0.98634	3.4286790148647	5.26440343452135	7.81015673751393	13.0745601720353	6.78834	6.28622017203528	4.25252379096536	7.45127254805756	46.2519700493593
2	136197	136476	279	136336.5	12.3008743638314	11.8260830729756	24.126957436807	2.69793	21.429027436807	17.9168713490371	15.4949157752104	33.4117871242475	8.49993	24.9118571242475	26.5780052892666	29.5288793632785	289.071893547669
2	140530	141141	611	140835.5	33.9783767312377	26.5456130711648	60.5239898024025	5.90837	54.6156198024025	42.4632210928891	32.9841949676132	75.4474160605023	11.71037	63.7370460605023	67.7386893206161	75.5497085064929	736.750217905015
2	142899	143096	197	142997.5	5.33840207715685	7.93545443916566	13.2738565163225	1.90499	11.3688665163225	9.5316251604465	11.4293903495499	20.9610155099964	7.70699	13.2540255099964	14.1005836730035	15.7104513890921	153.36299237357
2	145806	146097	291	145951.5	9.00863475371183	11.3756913345563	20.3843260882681	2.81397	17.5703560882681	10.6806040846112	13.8475459930791	24.5281500776903	8.61597	15.9121800776903	21.792170383159	18.861253240873	237.019441023185
2	146948	147133	185	147040.5	10.1047146482087	22.7054835110454	32.8101981592541	1.78895	31.0212481592541	14.2712382212502	24.852444129132	39.1236823503822	7.59095	31.5327323503822	38.4750497934477	37.3768300341884	418.468405626527
2	151223	151462	239	151342.5	30.0157494181068	36.8485240838378	66.8642735019446	2.31113	64.5531435019446	34.9819583224402	42.6888169547616	77.6707752772019	8.11313	69.5576452772019	80.0640063807353	82.4490645534823	870.804775512576
2	152108	152224	116	152166	0.5243903810548	1.27297664966202	1.79736703071682	1.12172	0.675647030716815	4.34322033187512	3.91772813672101	8.26094846859613	6.92372	1.33722846859613	0.837991850494569	1.5850628049678	9.11429914937251
2	153718	153937	219	153827.5	7.41306402142533	19.5845407588104	26.9976047802357	2.11773	24.8798747802357	10.1338141144343	25.924624462021	36.0584385764553	7.91973	28.1387085764553	30.8580240263076	33.3537771531233	335.622908466596
2	158463	158661	198	158562	6.21248604374724	9.18163158041374	15.394117624161	1.91466	13.479457624161	8.63294164508809	12.4513716032455	21.0843132483336	7.71666	13.3676532483336	16.7183087094305	15.8451382476811	181.834306335294
2	159736	160143	407	159939.5	41.219943898447	41.7159348004363	82.9358786988833	3.93569	79.0001886988833	44.8887766006818	46.8324409478524	91.7212175485342	9.73769	81.9835275485342	97.9823951079338	97.1778893352902	1065.69158143801
2	161531	161640	109	161585.5	5.23980388575333	6.11308786701793	11.3528917527713	1.05403	10.2988617527713	7.8104567320111	10.3802095947774	18.1906663267885	6.85603	11.3346363267885	12.773477608621	13.4353335060916	138.928912058123
2	164167	164324	157	164245.5	8.85833751062919	8.83193799487815	17.6902755055073	1.51819	16.1720855055073	16.1216042798005	14.0717418806315	30.193346160432	7.32019	22.873156160432	20.0579226178773	27.1123371312779	218.157141917795
2	165667	165938	271	165802.5	9.82921970164007	6.73677642663631	16.5659961282764	2.62057	13.9454261282764	15.8442093680831	11.577687629318	27.4218969974011	8.42257	18.9993269974011	17.2962403679498	22.5205544529103	188.120097802752
2	170134	170565	431	170349.5	33.8059798935301	21.6838022518469	55.489782145377	4.16777	51.322012145377	39.6955718601557	25.153138613463	64.8487104736188	9.96977	54.8789404736188	63.6536919035687	65.0498918947609	692.320324629311
2	171223	171446	223	171334.5	24.3756528749617	21.311409082692	45.6870619576537	2.15641	43.5306519576537	28.4453782235827	27.5507946330189	55.9961728566016	7.95841	48.0377628566016	53.9902196395775	56.9408092379309	587.216943273395
2	172295	172458	163	172376.5	11.2522935980533	5.88949196845986	17.1417855665131	1.57621	15.5655755665131	15.3200189833598	9.05853383840793	24.3785528217677	7.37821	17.0003428217677	19.3056801554456	20.1510898932437	209.975483788999
2	177638	177835	197	177736.5	10.2302123461919	24.7744455598676	35.0046579060595	1.90499	33.0996679060595	13.4998523708579	30.390542543239	43.890394914097	7.70699	36.183404914097	41.0528733174882	42.8894318609858	446.505736465161
2	181392	181597	205	181494.5	11.0281977086666	15.4675162778021	26.4957139864687	1.98235	24.5133639864687	14.6209318067857	21.133012355041	35.7539441618268	7.78435	27.9695941618268	30.4034478284825	33.153320032514	330.678775118859
2	182105	182323	218	182214	27.9203878535335	30.9880315834378	58.9084194369713	2.10806	56.8003594369713	33.0862930948171	36.8530240012954	69.9393170961124	7.91006	62.0292570961124	70.4483793303224	73.5254076261573	766.221775815696
2	186585	186640	55	186612.5	1.27297664966202	1.84666612641857	3.11964277608059	0.53185	2.58779277608059	6.36278328682988	8.18464986814899	14.5474331549789	6.33385	8.21358315497887	3.209588969589	9.73584204959	34.9086378323317
2	191779	192331	552	192055	11.3303921654834	13.224457422455	24.5548495879385	5.33784	19.2170095879385	14.4501349397298	16.1200043091489	30.5701392488787	11.13984	19.4302992488787	23.8344826417479	23.0314006559585	259.232359764845
2	193071	194078	1007	193574.5	64.8254109010052	76.6237944820753	141.44920538308	9.73769	131.71151538308	69.1192321390128	79.6674386522059	148.786670791219	15.53969	133.246980791219	163.35922676995	157.942220111534	1776.7533905166
2	195926	196307	381	196116.5	34.0112761277608	27.6471928647765	61.6584689925373	3.68427	57.9741989925373	40.6246548178941	34.7356628402629	75.360317658157	9.48627	65.874047658157	71.9042696645238	78.0827698540091	782.056559921007
2	201903	202008	105	201955.5	1.12287940291082	5.81329336617844	6.93617276908927	1.01535	5.92082276908927	3.59263409995343	11.3778912942022	14.9705253941556	6.81735	8.15317539415561	7.34348114200335	9.66423865715487	79.8703279590283
2	203223	203339	116	203281	2.27015835825821	1.32227574536377	3.59243410362199	1.12172	2.47071410362199	8.00965307813261	4.79161210697995	12.8012651851126	6.92372	5.87754518511256	3.06437857284835	6.9668560580527	33.3292776097804
2	206991	207171	180	207081	12.5516697634663	11.502789003191	24.0544587666573	1.7406	22.3138587666573	16.0456056738505	15.9202079740331	31.9658136478836	7.5426	24.4232136478836	27.6754443510356	28.9496734777743	301.008033381566
2	209419	209548	129	209483.5	4.39211943491398	3.96652724159415	8.35864667650813	1.24743	7.11121667650813	9.53312513293235	10.5290068653741	20.0621319983065	7.04943	13.0127019983065	8.81990351632663	15.424402347117	95.9284258778414
2	216404	216791	387	216597.5	13.8470460022504	25.199837756856	39.0468837591064	3.74229	35.3045937591064	17.1662851171154	28.9921681937595	46.158453310875	9.54429	36.614163310875	43.7875999007425	43.4000245747179	476.249601106339
2	217111	217585	474	217348	95.581846732627	61.554370902019	157.136217634646	4.58358	152.552637634646	98.1771991258185	65.0236072654694	163.200806391288	10.38558	152.815226391288	189.208064710441	181.137133312647	2057.89459912649
2	221913	222046	133	221979.5	11.3014926955893	33.5071853743479	44.8086780699372	1.28611	43.5225680699372	15.8173098615034	35.9277409738545	51.7450508353579	7.08811	44.6569408353579	53.9801933511181	52.933404847479	587.107893773303
2	227333	227485	152	227409	3.41773730810278	3.54313500792023	6.96087231602301	1.46984	5.49103231602301	7.48536269524353	5.21510433881959	12.7004670340631	7.27184	5.42862703406312	6.81042041544648	6.43473796423856	74.0725687997313
2	236033	236296	263	236164.5	5.91199155574768	4.49131761531184	10.4033091710595	2.54321	7.86009917105952	11.5258885794732	8.31004756796644	19.8359361474396	8.34521	11.4907261474396	9.74872788597762	13.6203521283829	106.030652000005
2	241435	241626	191	241530.5	11.2028945041858	12.0273793805773	23.2302738847631	1.84697	21.3833038847631	16.1691034085192	16.5186969958891	32.6878004044083	7.64897	25.0388304044083	26.521295258368	29.6793851506844	288.455094964157
2	242591	242747	156	242669	5.04020754696893	5.86279245821165	10.9030000051806	1.50852	9.39448000518058	11.2795930972958	9.35672836859584	20.6363214658917	7.31052	13.3258014658917	11.6517905445737	15.795529893366	126.729042276961
2	246681	246867	186	246774	12.9241629307869	12.4756711575164	25.3998340883033	1.79862	23.6012140883033	17.0659869568946	17.7648741371372	34.8308610940318	7.60062	27.2302410940318	29.2721260786021	32.2769394625348	318.374115047861
2	251013	251754	741	251383.5	242.588350177633	231.800848053864	474.389198231497	7.16547	467.223728231497	244.110122263616	234.346801353188	478.456923616803	12.96747	465.489453616803	579.488488538605	551.76062756679	6302.72410768844
2	255848	256248	400	256048	100.543755715834	92.8113975512534	193.355153267088	3.868	189.487153267088	111.471455267949	102.842613547655	214.314068815604	9.67	204.644068815604	235.017224959563	242.571639293189	2556.13141377527
2	258035	258298	263	258166.5	54.5632991399474	55.8137762023216	110.377075342269	2.54321	107.833865342269	57.7836400689117	58.3844290485794	116.168069117491	8.34521	107.822859117491	133.744242564465	127.80613599398	1454.65022782662
2	269675	270152	477	269913.5	108.906702313469	123.447135596847	232.353837910315	4.61259	227.741247910315	112.499436411588	129.112731672251	241.612168083839	10.41459	231.197578083839	282.46303335017	274.046425293396	3072.16899910571
2	288076	288686	610	288381	301.120276520655	329.925148150014	631.045424670669	5.8987	625.14672467067	309.10533005002	340.106261396836	649.211591446856	11.7007	637.510891446856	775.35730465892	755.663542562123	8433.06342196745
2	289157	289302	145	289229.5	14.5483331384704	10.8798004307327	25.4281335692031	1.40215	24.0259835692031	27.0238042996553	18.914153055799	45.9379573554543	7.20415	38.7338073554543	29.7989593911902	45.912511418766	324.104142625037
2	291976	292477	501	292226.5	65.2704027384754	65.7929931525472	131.063395891023	4.84467	126.218725891023	68.365445965788	71.40929013225	139.774736098038	10.64667	129.128066098038	156.546626963297	153.059929141577	1702.65711787846
2	294115	294195	80	294155	5.73919472537722	4.36561992099722	10.1048146463744	0.7736	9.33121464637444	11.2790931064672	8.83223798937532	20.1113310958425	6.5756	13.5357310958425	11.573323752465	16.0443666897028	125.875609375258
2	296114	296271	157	296192.5	17.5403782550876	15.1450221933434	32.685400448431	1.51819	31.167210448431	20.6848205762676	18.6142585567938	39.2990791330615	7.32019	31.9788891330615	38.6560839773469	37.9056749832878	420.437398173825
2	297820	298205	385	298012.5	51.9951462478328	55.0402903904492	107.035436638282	3.72295	103.312486638282	54.9152926832947	58.6330244885684	113.548317171863	9.52495	104.023367171863	128.136464635032	123.302467771068	1393.65802893836
2	301314	302036	722	301675	397.905601177766	447.049699722652	844.955300900418	6.98174	837.973560900418	401.173341237284	452.838593536394	854.011934773677	12.78374	841.228194773678	1039.32228373662	997.136654909697	11304.0409653076
2	306010	306228	218	306119	30.7105366735547	37.000421297572	67.7109579711267	2.10806	65.6028979711267	34.7536625100931	42.1168274468224	76.8704899569155	7.91006	68.9604299569155	81.3659963994905	81.7411647345855	884.965684730761
2	307100	307570	470	307335	84.2101553246997	91.1898272958787	175.399982620578	4.5449	170.855082620578	90.7475354088831	100.124663403287	190.87219881217	10.3469	180.52529881217	211.908230692173	213.982833317385	2304.78972510632
2	308068	308269	201	308168.5	11.9019816807598	10.7297031839815	22.6316848647413	1.94367	20.6880148647413	16.7675924303753	16.4939974489554	33.2615898793306	7.74567	25.5159198793306	25.6589418311674	30.244895681682	279.075830591414
2	311490	311689	199	311589.5	33.3117889585239	38.7482892362556	72.0600781947795	1.92433	70.1357481947795	38.8023882439121	42.5404196768277	81.3428079207399	7.72633	73.6164779207399	86.9880022312983	87.2601382076465	946.112631375136
2	315185	315500	315	315342.5	25.849725835894	31.8333160782998	57.6830419141938	3.04605	54.6369919141938	32.5126036180605	37.7723071387928	70.2849107568533	8.84805	61.4368607568533	67.7651967345388	72.8232199108865	737.038522021607
2	318027	318180	153	318103.5	15.5192153294813	18.5621595124518	34.0813748419331	1.47951	32.6018648419331	17.9642704795901	22.2802913103884	40.2445617899785	7.28151	32.9630517899786	40.4354578743291	39.0722367624842	439.790505231022
2	321657	321808	151	321732.5	13.7482478145155	18.3625631736674	32.1108109881829	1.46017	30.6506409881829	16.1194043201546	21.1574119074776	37.2768162276322	7.26217	30.0146462276322	38.0153929386503	35.5773904437084	413.469013236004
2	323857	324393	536	324125	120.953781332693	141.238209253404	262.191990586097	5.18312	257.008870586097	125.072905775182	146.903805328808	271.97671110399	10.98512	260.99159110399	318.76309561735	309.362291622914	3466.98146231601
2	326171	326331	160	326251	19.6604393665946	16.9172896844636	36.5777290510582	1.5472	35.0305290510582	24.8508441584805	23.2796729786305	48.130517137111	7.3492	40.781317137111	43.4476827821711	48.3394950449214	472.55254092273
2	326743	326923	180	326833	15.1693217476142	13.7957469432342	28.9650686908484	1.7406	27.2244686908484	28.7183732160082	23.003778039399	51.7221512554072	7.5426	44.1795512554072	33.7659781806065	52.3675385916899	367.250858140925
2	331540	331787	247	331663.5	55.1122890697702	58.2603313249164	113.372620394687	2.38849	110.984130394687	60.3273934085898	60.8062846242404	121.13367803283	8.19049	112.94318803283	137.651454941352	133.875437615583	1497.14646740468
2	332538	332710	172	332624	12.798565234638	13.098559731809	25.897124966447	1.66324	24.233884966447	21.5072054911789	22.1322940251174	43.6394995162963	7.46524	36.1742595162963	30.056815444242	42.8785915070516	326.908677303511
2	336953	337088	135	337020.5	30.1140476150131	32.8594972549558	62.973544869969	1.30545	61.668094869969	39.7953700295479	44.2102890462469	84.0056590757948	7.10745	76.8982090757948	76.4857367636675	91.1500867930537	831.886235066367
2	338416	338656	240	338536	61.2727760673412	67.9100543190825	129.182830386424	2.3208	126.862030386424	66.8868730873981	75.4713156221103	142.358188709508	8.1228	134.235388709508	157.344504997277	159.113813944756	1711.33512480909
2	339404	339517	113	339460.5	5.88929197212841	7.83275632296748	13.7220482950959	1.09271	12.6293382950959	11.2050944638317	14.2962377626811	25.5013322265128	6.89471	18.6066222265128	15.6639222660406	22.0550680081579	170.366422180541
2	340845	340961	116	340903	11.7764839827766	10.8530009223188	22.6294849050954	1.12172	21.5077649050954	18.1143677263413	19.4629429892904	37.5773107156317	6.92372	30.6535907156317	26.6756618373672	36.3347532774735	290.134041100488
2	341294	341968	674	341631	252.616266234566	218.152298410575	470.768564645141	6.51758	464.250984645141	280.337057749315	242.054959961663	522.392017710979	12.31958	510.072437710979	575.801452577929	604.606368950337	6262.62258557906
2	342184	342567	383	342375.5	76.9436886142252	53.8665119211851	130.81020053541	3.70361	127.10659053541	154.047874284437	125.723293845048	279.771168129485	9.50561	270.265558129485	157.647828185997	320.355043072517	1714.63417632052
2	344156	344338	182	344247	25.1237391527403	20.2151291918637	45.338868344604	1.75994	43.578928344604	27.2686998075125	23.8344628020653	51.1031626095778	7.56194	43.5412226095778	54.0500959018808	51.6109057367883	587.868178922353
2	347347	347780	433	347563.5	61.1973774503856	54.6933967535539	115.890774203939	4.18711	111.703664203939	63.7186312027759	58.3620294594573	122.080660662233	9.98911	112.091550662233	138.543878708344	132.865962607269	1506.85278755036
2	350741	351094	353	350917.5	171.807448518791	230.178477813163	401.985926331954	3.41351	398.572416331954	177.271248295765	234.745794034425	412.01704233019	9.21551	402.80153233019	494.341603727251	477.454482666602	5376.63612801439
2	356612	356806	194	356709	49.8482856279118	63.7426307625495	113.590916390461	1.87598	111.714936390461	54.0909078050689	70.4817071469975	124.572614952066	7.67798	116.894634952066	138.557859381703	138.559223284655	1507.00484635527
2	360357	360594	237	360475.5	34.5060670517614	49.5049919249825	84.0110589767439	2.29179	81.7192689767439	40.2475617349503	53.373320967836	93.6208827027863	8.09379	85.5270927027863	101.354817408481	101.378198747549	1102.37125282987
2	362644	362819	175	362731.5	12.946562519909	12.8251647467205	25.7717272666295	1.69225	24.0794772666295	16.3152007286415	18.0403690837058	34.3555698123473	7.49425	26.8613198123473	29.8653065820431	31.8396444039177	324.825758407813
2	369833	369931	98	369882	9.88061875882203	12.1999762146163	22.0805949734383	0.94766	21.1329349734383	13.1750583285875	17.5650778020213	30.7401361306089	6.74966	23.9904761306089	26.2107675748751	28.436734844583	285.077684790245
2	370993	371414	421	371203.5	45.6618624198914	39.5218750462938	85.1837374661851	4.07107	81.1126674661851	50.2289786448217	44.537383046329	94.7663616911507	9.87307	84.8932916911507	100.602461371621	100.626932652871	1094.18835942497
2	375913	376251	338	376082	55.9368739443274	65.8918913384478	121.828765282775	3.26846	118.560305282775	64.1232237812937	73.7535471313095	137.876770912603	9.07046	128.806310912603	147.048037070048	152.678541675848	1599.34705617178
2	378749	379034	285	378891.5	91.2844255606533	76.2694009827507	167.553826543404	2.75595	164.797876543404	97.8465051917704	81.6100030195534	179.456508211324	8.55795	170.898558211324	204.395595989919	202.571927239762	2223.07962251296
2	379989	380197	208	380093	68.584341950557	69.8598185543621	138.444160504919	2.01136	136.432800504919	77.7168744316005	78.767855153356	156.484729584956	7.81336	148.671369584956	169.214944735238	176.22527759982	1840.44227393294
2	381172	381299	127	381235.5	7.98265357338722	3.69333225283715	11.6759858262244	1.22809	10.4478958262244	18.5381599526781	14.573432678067	33.1115926307452	7.03009	26.0815026307451	12.9583216667193	30.9153003308888	140.939342160154
2	382955	383050	95	383002.5	4.1414240334448	7.86125580019872	12.0026798336435	0.91865	11.0840298336435	10.1545137347391	13.2265573839352	23.3810711186743	6.72065	16.6604211186743	13.7473062841372	19.748169030558	149.520621110727
2	389906	389992	86	389949	1.12287940291082	2.0459624707058	3.16884187361662	0.83162	2.33722187361662	7.98715349084479	7.08627001584046	15.0734235066852	6.63362	8.43980350668524	2.89881076042096	10.003988797612	31.5285028515535
2	391570	391784	214	391677	56.4038653782569	107.945919937196	164.349785315453	2.06938	162.280405315453	73.6463490976537	132.919861837682	206.566210935336	7.87138	198.694830935336	201.273225466601	235.519803422675	2189.11960370382
2	392410	392822	412	392616	161.743433124032	175.205986179075	336.949419303106	3.98404	332.965379303106	173.620815256023	186.857272458365	360.478087714388	9.78604	350.692047714388	412.970473735098	415.687321863286	4491.61460849334
2	393208	393393	185	393300.5	70.4538076587606	81.3148084343372	151.768616093098	1.78895	149.979666093098	77.3899804278498	87.6525921797362	165.042572607586	7.59095	157.451622607586	186.016858229322	186.632812894807	2023.18589581493
2	400922	401132	210	401027	52.8687302235945	46.0130559779128	98.8817862015073	2.0307	96.8510862015073	56.2620679792607	49.4575927944295	105.71966077369	7.8327	97.8869607736902	120.12251554233	116.028774631614	1306.49545169419
2	407289	407556	267	407422.5	101.273342332954	71.2561929405271	172.529535273481	2.58189	169.947645273481	107.288331999397	74.5260329615246	181.814364960922	8.38389	173.430474960922	210.782753827582	205.573095072567	2292.54863609867
2	408628	408789	161	408708.5	48.6288079969119	34.8518607088338	83.4806687057457	1.55687	81.9237987057457	68.4147450614897	48.8243044109017	117.239049472391	7.35887	109.880179472391	101.608491647092	130.244748429354	1105.1303045985
2	410766	410945	179	410855.5	43.8913948957542	52.6466342975223	96.5380291932765	1.73093	94.8070991932765	47.8604220914914	57.2386500657179	105.099072157209	7.53293	97.5661421572093	117.587398273189	115.648497313214	1278.92260936158
2	418173	418388	215	418280.5	90.1612461632453	70.4331080384558	160.594354201701	2.07905	158.515304201701	99.0939823091729	80.2911272118243	179.385109520997	7.88105	171.504059520997	196.603443899938	203.2896487263	2138.32938881608
2	419300	420036	736	419668	189.156630281015	201.644301218418	390.800931499433	7.11712	383.683811499433	197.540576493451	207.258398238475	404.798974731926	12.91912	391.879854731926	475.875557185686	464.508643316477	5175.79279978067
2	423354	423532	178	423443	45.560664276179	40.0437654732055	85.6044297493845	1.72126	83.8831697493845	56.4654642483426	51.5696540526786	108.035118301021	7.52326	100.511858301021	104.038661383682	119.140155771885	1131.56170002311
2	426870	427009	139	426939.5	50.1464801580997	57.9374372477947	108.083917405894	1.34413	106.739787405894	66.5146799145747	85.0585397626991	151.573219677274	7.14613	144.427089677274	132.387279012778	171.19438693788	1439.89140679803
2	429297	429477	180	429387	18.5602595473031	17.6903755036731	36.2506350509761	1.7406	34.5100350509761	26.4713144340322	23.9296610558342	50.4009754898664	7.5426	42.8583754898664	42.8021242131689	50.8015036066719	465.531214983994
2	431257	432000	743	431628.5	523.83829118184	585.09916746746	1108.9374586493	7.18481	1101.7526486493	529.651884542516	589.56598553217	1119.21787007468	12.98681	1106.23106007468	1366.48234781614	1311.25364752764	14862.3508605516
2	435723	435962	239	435842.5	150.822733443518	184.981806860218	335.804540303736	2.31113	333.493410303736	154.791660641089	190.672102482557	345.463763123646	8.11313	337.350633123646	413.625380299058	399.873285197105	4498.73760656939
2	436793	436867	74	436830	11.8502826290807	17.8136732420103	29.663955871091	0.71558	28.948375871091	17.2401837615852	24.776845515845	42.0170292774302	6.51758	35.4994492774302	35.904106674296	42.0787157676717	390.505908532862
2	441353	441474	121	441413.5	18.5866590630541	19.2097476336781	37.7964066967322	1.17007	36.6263366967322	22.4302885589739	25.1241391454032	47.5544277043771	6.97207	40.5823577043771	45.426931918533	48.1036615999042	494.079562586835
2	444747	444931	184	444839	72.8822631133593	83.0319769361437	155.914240049503	1.77928	154.134960049503	82.9378786621977	92.9867943339327	175.92467299613	7.58128	168.34339299613	191.170588377715	199.543202202669	2079.23970860542
2	447387	447580	193	447483.5	58.5562258972926	49.9738833240607	108.530109221353	1.86631	106.663799221353	65.7166945521	56.2622679755922	121.978962527692	7.66831	114.310652527692	132.293032347753	135.496340220353	1438.86634635339
2	449295	449678	383	449486.5	258.294962069681	288.57840657743	546.873368647111	3.70361	543.16975864711	262.537484248672	291.72284889861	554.260333147282	9.50561	544.754723147282	673.682870623251	645.716472367499	7327.21590436055
2	451953	452624	671	452288.5	1521.21519619753	1508.9639209239	3030.17911712143	6.48857	3023.69054712143	1531.61890536125	1523.01106325576	3054.62996861702	12.29057	3042.33939861702	3750.22448365828	3606.18931924068	40788.7830904201
2	453399	453587	188	453493	139.414542705101	110.051281318341	249.465824023443	1.81796	247.647864023443	146.675809510958	116.962754540497	263.638564051455	7.61996	256.018604051455	307.152821531474	303.467639368887	3340.70396789595
2	454582	454807	225	454694.5	125.349900694236	78.4710605974882	203.820961291725	2.17575	201.645211291725	132.062077572105	83.7108644832415	215.772942055346	7.97775	207.795192055346	250.096627486762	246.306773833384	2720.14039016995
2	458427	458797	370	458612	262.870878133195	234.579097092164	497.449975225358	3.5779	493.872075225358	268.659771946937	238.696221571338	507.355993518274	9.3799	497.976093518274	612.539914201374	590.268156964712	6662.20323702119
2	461896	462145	249	462020.5	68.3633460043078	63.3495379730899	131.712883977398	2.40783	129.305053977398	78.546759208941	73.4299530670278	151.976712275969	8.20983	143.766882275969	160.374539566703	170.411820443113	1744.29086475142
2	465992	466547	555	466269.5	165.914456614531	393.617779829702	559.532236444232	5.36685	554.165386444232	194.305735830457	421.733564099059	616.039299929516	11.16885	604.870449929516	687.320533583576	716.973706829582	7475.54400545766
2	466936	467061	125	466998.5	103.094908919776	30.7107366698861	133.805645589662	1.20875	132.596895589662	144.734745116097	55.4110835889525	200.145828705049	7.01075	193.135078705049	164.457346592836	228.929638262405	1788.69693455195
2	472060	472358	298	472209	23.6287665751718	26.9211061834571	50.5498727586289	2.88166	47.6682127586289	30.542539755139	33.1357921868503	63.6783319419892	8.68366	54.9946719419892	59.1219557007343	65.18707237677	643.031540502952
2	473814	474321	507	474067.5	541.119074198709	610.219506682566	1151.33858088127	4.90269	1146.43589088127	549.778915350377	618.428956095814	1168.20787144619	10.70469	1157.50318144619	1421.90210272033	1372.02825293452	15465.1159407652
2	476025	476163	138	476094	9.65622287493816	12.827164710035	22.4833875849731	1.33446	21.1489275849731	17.4665796087835	20.4132255581622	37.8798051669458	7.13646	30.7433451669458	26.2306028994233	36.4411423094895	285.293420875925
2	476663	477644	981	477153.5	1696.32798408615	1602.58660359367	3298.91458767982	9.48627	3289.42831767982	1704.3892362178	1611.56883883163	3315.95807504943	15.28827	3300.66980504943	4079.81386387101	3912.39721732566	44373.5150969929
2	481032	481190	158	481111	55.6117799075599	66.4114818075479	122.023261715108	1.52786	120.495401715108	60.6787869629427	71.1288952755609	131.807682238504	7.32986	124.477822238504	149.448099479107	147.54783547256	1625.45099353157
2	483486	483780	294	483633	112.648633674847	133.206756575143	245.855390249991	2.84298	243.012410249991	122.803147409587	144.088756965522	266.891904375108	8.64498	258.246924375108	301.403558515582	306.108943936897	3278.17292659247
2	484559	484738	179	484648.5	68.5704422055214	79.2176469027809	147.788089108302	1.73093	146.057159108302	74.410835074611	88.453077496354	162.863912570965	7.53293	155.330982570965	181.151849227093	184.119145467204	1970.27231749727
2	486787	486904	117	486845.5	62.7205495106881	61.9454637281642	124.666013238852	1.13139	123.534623238852	70.3069103533126	70.3542094856998	140.661119839012	6.93339	133.727729839012	153.217586730525	158.512068459873	1666.44928537522
2	488501	488803	302	488652	270.912130631696	468.471506780303	739.383637411999	2.92034	736.463297411999	277.624107513233	477.229746127043	754.853853640276	8.72234	746.131513640276	913.421081366788	884.41529451368	9934.69444840883
2	490234	491231	997	490732.5	1343.12766287496	1004.97886557217	2348.10652844713	9.64099	2338.46553844713	1353.2579770536	1011.96613740394	2365.22411445754	15.44299	2349.78112445754	2900.35325368347	2785.27622441603	31545.2795600885
2	492852	493287	435	493069.5	503.14277080184	493.531747097809	996.674517899649	4.20645	992.468067899649	509.431255451537	501.467601529637	1010.89885698117	10.00845	1000.89040698117	1230.93881119205	1186.38975553705	13388.1308668527
2	494165	494309	144	494237	44.0883912822298	46.8335409276753	90.9219322099051	1.39248	89.5294522099051	51.2015608046499	53.5726173121233	104.774178116773	7.19448	97.5796981167732	111.041635529053	115.664565657401	1207.72855207372
2	496897	497150	253	497023.5	303.556031841352	319.781334219008	623.337366060359	2.44651	620.890856060359	307.94875126526	322.800278842204	630.749030107464	8.24851	622.500520107464	770.078833726499	737.871234173862	8375.65288378505
2	501403	501929	526	501666	1607.25621793847	2571.86632399883	4179.12254193729	5.08642	4174.03612193729	1641.41789130747	2609.96172521107	4251.37961651855	10.88842	4240.49119651855	5176.97569120147	5026.39977254698	56306.6396299585
2	502176	502614	438	502395	107.829722068625	114.639497156239	222.469219224864	4.23546	218.233759224864	133.829945143933	139.140947723682	272.970892867614	10.03746	262.933432867614	270.671080340883	311.66402332018	2943.91549972077
2	504446	504828	382	504637	483.270435322077	377.356678108717	860.627113430794	3.69394	856.933173430794	494.525228874273	388.432674940599	882.957903814873	9.49594	873.461963814873	1062.837521822	1035.344447797	11559.8011070708
2	505428	505638	210	505533	95.3101517163559	72.2595745353982	167.569726251754	2.0307	165.539026251754	105.291868620724	84.5362493431245	189.828117963849	7.8327	181.995417963849	205.31482953548	215.725416010561	2233.0775354013
2	515385	515706	321	515545.5	293.361018849495	275.727842296615	569.08886114611	3.10407	565.98479114611	297.327946083752	279.896365832971	577.224311916723	8.90607	568.318241916723	701.979910991573	673.647119996331	7634.98463839602
2	526901	527141	240	527021	148.040184484092	153.220289464908	301.260473949	2.3208	298.939673949	156.224734354075	161.557136541288	317.781870895363	8.1228	309.659070895363	370.769054210143	367.049525959028	4032.61687259459
2	528066	528245	179	528155.5	72.0821777894044	47.7338244136853	119.81600220309	1.73093	118.08507220309	77.0483866937379	51.927047496975	128.975434190713	7.53293	121.442504190713	146.458614738924	143.949968801466	1592.9362880384
2	532242	532506	264	532374	250.859498459133	243.277937528464	494.137435987597	2.55288	491.584555987597	254.577530258904	247.845453746057	502.422984004961	8.35488	494.068104004961	609.702748651989	585.635882850581	6631.34520953784
2	533311	533649	338	533480	332.783495719059	311.696382522085	644.479878241144	3.26846	641.211418241144	343.287703039334	321.929194820586	665.21689785992	9.07046	656.14643785992	795.282031151787	777.752895401439	8649.77187518002
2	534999	535170	171	535084.5	89.6448556354484	85.9971225461812	175.64197818163	1.65357	173.98840818163	92.7891979584627	87.9939859175167	180.783183875979	7.45557	173.327613875979	215.794433347903	205.451170297819	2347.05745544104
2	536246	536405	159	536325.5	38.9930847459471	49.6053900833691	88.5984748293162	1.53753	87.0609448293162	46.0300556660858	54.9212925732381	100.951348239324	7.33953	93.6118182393239	107.979993911795	110.961301438888	1174.42904257206
2	537544	537712	168	537628	102.769714884843	67.7375574832092	170.507272368052	1.62456	168.882712368052	116.419664502452	75.5232146701208	191.942879172573	7.42656	184.516319172573	209.461938290027	218.713526744653	2278.18297380338
2	539733	539926	193	539829.5	87.798489503527	83.8829613264519	171.681450829979	1.86631	169.815140829979	93.8629782620033	91.3437244729274	185.206702734931	7.66831	177.538392734931	210.618411147512	210.442351016754	2290.76118631824
2	544547	544879	332	544713	81.8089993693435	130.112313336825	211.921312706168	3.21044	208.710872706168	86.3003169846553	135.975405789534	222.275722774189	9.01244	213.263282774189	258.860029698974	252.788289457806	2815.45428765145
2	549135	549281	146	549208	23.0282775900013	22.5553862642942	45.5836638542955	1.41182	44.1718438542955	35.678945537534	58.0098359197786	93.6887814573127	7.21382	86.4749614573127	54.7854774584699	102.501740118433	595.86645180738
2	549539	549682	143	549610.5	44.9152761145986	64.5174165505763	109.432692665175	1.38281	108.049882665175	63.2267402255812	78.3401629985559	141.566903224137	7.18481	134.382093224137	134.012164642016	159.287707841663	1457.56424418857
2	553299	553419	120	553359	26.420715362176	22.6290849124325	49.0498002746085	1.1604	47.8894002746085	35.1031560992973	33.7849802787282	68.8881363780255	6.9624	61.9257363780255	59.3962902680384	73.4027009656003	646.015301397462
2	554655	554942	287	554798.5	41.3663412130664	53.0189274685114	94.3852686815779	2.77529	91.6099786815779	58.3332299877289	73.7777466874146	132.110976675143	8.57729	123.533686675143	113.622071982907	146.42871918131	1235.79430207175
2	555199	555963	764	555581	370.576202483659	258.514058050781	629.090260534441	7.38788	621.702380534441	390.212242297818	288.980299205473	679.192541503291	13.18988	666.002661503291	771.085351723086	789.435815606505	8386.60013358791
2	561097	561494	397	561295.5	27.4451965700147	71.2621928304706	98.7073894004853	3.83899	94.8683994004853	30.7890352336477	80.1208303355969	110.909865569245	9.64099	101.268875569245	117.663427726053	120.037474324966	1279.74953288973
2	564878	565210	332	565044	256.387097065839	256.773689974527	513.160787040366	3.21044	509.950347040366	267.56719198824	266.531210991343	534.098402979583	9.01244	525.085962979583	632.481481526429	622.402415799154	6879.09485714928
2	568521	568745	224	568633	43.6075001032648	46.879240089411	90.4867401926758	2.16608	88.3206601926758	45.8037598170532	51.3212586090211	97.1250184260743	7.96808	89.1569384260743	109.54239433753	105.680779479917	1191.42226853583
2	581484	581678	194	581581	85.6990280141591	103.18530726159	188.884335275749	1.87598	187.008355275749	92.7116993800269	111.143861277038	203.855560657065	7.67798	196.177580657065	231.942820098255	232.536020261769	2522.6930866654
2	582185	582408	223	582296.5	373.293452640868	368.346643380685	741.640096021553	2.15641	739.483686021553	381.005011186978	377.627473141497	758.632484328475	7.95841	750.674074328475	917.167210521604	889.799747623426	9975.4386892377
2	583504	583561	57	583532.5	15.6689125835696	10.6555045450146	26.3244171285841	0.55119	25.7732271285841	24.9495423480497	23.4029707169678	48.3525130650175	6.35319	41.9993230650175	31.966031541329	49.7832392800271	347.673994578827
2	586216	586494	278	586355	234.718394537017	261.768398356092	496.486792893108	2.68826	493.798532893108	238.510524977589	266.909504052276	505.420029029865	8.49026	496.929769029865	612.448701079299	589.027912632906	6661.2111704749
2	589271	589385	114	589328	31.886415104299	32.6575009601941	64.5439160644931	1.10238	63.4415360644931	39.9947663720009	43.1635082474518	83.1582746194527	6.90438	76.2538946194527	78.6853013303406	90.3863587514848	855.809486166228
2	595640	595948	308	595794	219.279877727274	196.6657925397	415.945670266975	2.97836	412.967310266975	226.641742687849	202.454586355277	429.096329043126	8.78036	420.315969043126	512.195310260207	498.214945695618	5570.81942725582
2	597158	597302	144	597230	21.2560100988811	20.3573265835227	41.6133366824038	1.39248	40.2208566824038	25.1735382392707	23.9764601973929	49.1499984366636	7.19448	41.9555184366636	49.8851450349837	49.73131615042	542.568683323518
2	600053	600497	444	600275	75.8689083290275	73.8506453502271	149.719553679255	4.29348	145.426073679255	80.0620314141514	80.3141267899407	160.376158204092	10.09548	150.280678204092	180.369126263082	178.132846346531	1961.75914252919
2	611964	612097	133	612030.5	31.6357197028299	36.0276391414124	67.6633588442423	1.28611	66.3772488442423	43.1883077925512	46.3590496313166	89.5473574238679	7.08811	82.4592474238679	82.3264087029468	97.7417764328831	895.411472521266
2	618593	618839	246	618716	207.906286354198	144.709745574666	352.616031928864	2.37882	350.237211928864	212.823296160996	150.101846666816	362.925142827812	8.18082	354.744322827812	434.392391282987	420.490622651915	4724.60704722579
2	620569	620821	252	620695	109.473691913122	104.189088849124	213.662780762246	2.43684	211.225940762246	116.809157357945	108.556908729767	225.366066087713	8.23884	217.127226087713	261.979419615031	257.368354099415	2849.38188830974
2	623273	623402	129	623337.5	30.0624485614997	25.6460295723149	55.7084781338146	1.24743	54.4610481338146	34.9524588635517	31.609620181576	66.5620790451277	7.04943	59.5126490451277	67.5469770911453	70.5423857192979	734.665087114115
2	624862	625603	741	625232.5	368.612538503344	342.383919617523	710.996458120868	7.16547	703.830988120868	380.763715613087	357.851835887988	738.615551501076	12.96747	725.648081501076	872.94786383518	860.135579293428	9494.4932556371
2	628518	629078	560	628798	279.541072350155	262.807279299795	542.34835164995	5.4152	536.93315164995	300.104195158737	276.556027105139	576.660222263876	11.2172	565.443022263876	665.947728454694	670.239023448234	7243.08573096382
2	633393	633644	251	633518.5	134.85562632976	134.405834580335	269.261460910096	2.42717	266.834290910096	149.852651237833	149.526257224911	299.378908462744	8.22917	291.149738462744	330.949373044573	345.1097788831	3599.52377513612
2	634816	635131	315	634973.5	402.300920553983	412.882426456362	815.183347010346	3.04605	812.137297010346	424.159819594012	432.66626355946	856.826083153472	8.84805	847.978033153472	1007.27806892798	1005.13747003337	10955.5166215442
2	642316	643226	910	642771	1468.80705752526	1652.05419620467	3120.86125372993	8.7997	3112.06155372993	1476.66671335481	1663.30868976237	3139.97540311718	14.6017	3125.37370311718	3859.8293216746	3704.61273056525	41980.884518745
2	645024	645106	82	645065	61.5314713220683	11.0280977105009	72.5595690325691	0.79294	71.7666290325691	79.4214431645257	19.064350300716	98.4857934652417	6.59494	91.8908534652417	89.0107519646102	108.921382819057	968.112781093583
2	645371	645511	140	645441	23.6019670667579	25.2261372744413	48.8281043411992	1.3538	47.4743043411992	69.3648276340301	34.2352720189818	103.600099653012	7.1558	96.4442996530119	58.8814548679607	114.318738885096	640.415767408884
2	647224	647484	260	647354	162.210024565298	168.019118008516	330.229142573814	2.5142	327.714942573814	166.152352250787	173.234222347336	339.386574598123	8.3162	331.070374598123	406.458459339037	392.429079193295	4420.78761031228
2	650085	650321	236	650203	156.209834627382	394.725959502251	550.935794129634	2.28212	548.653674129634	172.029544444863	407.17913107248	579.208675517343	8.08412	571.124555517343	680.484464168745	676.973539835484	7401.19246896495
2	651073	651378	305	651225.5	819.553066856138	696.489724219338	1516.04279107548	2.94935	1513.09344107548	880.528948369445	737.483472266918	1618.01242063636	8.75135	1609.26107063636	1876.66031968321	1907.51238584253	20411.2289937606
2	653126	653318	192	653222	139.591339462101	143.913860173671	283.505199635772	1.85664	281.648559635772	190.193011270575	167.168633609037	357.361644879611	7.65864	349.703004879611	349.323221960896	414.514975441757	3799.36432901491
2	657616	657797	181	657706.5	47.0782364392011	48.152216739073	95.2304531782741	1.75027	93.4801831782741	55.9371739388246	53.3180219821909	109.255195921015	7.55227	101.702925921015	115.941650188301	120.55196910595	1261.02286444005
2	661618	662899	1281	662258.5	3187.79912588185	2641.96413818761	5829.76326406946	12.38727	5817.37599406946	3200.02680158837	2657.05846131093	5857.0852628993	18.18927	5838.8959928993	7215.17812210467	6921.04384386644	78474.858415459
2	664739	665086	347	664912.5	259.202245427291	198.91885121162	458.121096638911	3.35549	454.765606638911	263.944458440404	207.528993274923	471.473451715327	9.15749	462.315961715327	564.036923013361	547.998978684024	6134.66735338936
2	666412	666684	272	666548	363.704428533296	489.839814819292	853.544243352588	2.63024	850.914003352588	368.19594614494	498.048964238043	866.244910382983	8.43224	857.812670382983	1055.37206242832	1016.79480312113	11478.60410001
2	668444	668790	346	668617	249.4703239409	312.315171171583	561.785495112483	3.34582	558.439675112483	307.881152505231	415.060586502155	722.941739007386	9.14782	713.793919007386	692.621850555036	846.084433588671	7533.20302533359
2	670297	670514	217	670405.5	149.967249135752	153.37458663462	303.341835770372	2.09839	301.243445770372	156.253933818466	162.457920018127	318.711853836593	7.90039	310.811463836593	373.626377522377	368.415496868822	4063.69414311793
2	675195	675275	80	675235	20.5586228911244	12.549269807489	33.1078926986134	0.7736	32.3342926986134	36.0285391249039	28.7943718219582	64.8229109468621	6.5756	58.2473109468621	40.1035933573143	69.0425370379614	436.181028022683
2	679189	679470	281	679329.5	153.88667724129	166.441946938723	320.328624180013	2.71727	317.611354180013	159.724770152568	178.194231365394	337.919001517963	8.51927	329.399731517963	393.927175473593	390.448808604591	4284.49288404739
2	680037	680820	783	680428.5	710.601065373596	1045.18792801332	1755.78899338691	7.57161	1748.21738338691	724.751005819824	1062.27861451714	1787.02962033697	13.37361	1773.65601033697	2168.27996508312	2102.37535082107	23582.9885812077
2	681920	682303	383	682111.5	304.609112524587	305.027904842638	609.637017367226	3.70361	605.933407367226	332.729096716905	340.032362752366	672.761459469271	9.50561	663.255849469271	751.527401485705	786.17992501667	8173.88087014062
2	683132	683323	191	683227.5	123.630232238287	140.045431132652	263.675663370939	1.84697	261.828693370939	136.828090148659	147.655991531381	284.484081680041	7.64897	276.835111680041	324.741027926532	328.142160399717	3531.99959265753
2	684803	684943	140	684873	62.8495471444716	64.3447197183716	127.194266862843	1.3538	125.840466862843	68.7640386543624	70.5840052705328	139.348043924895	7.1558	132.192243924895	156.077479659188	156.692004299427	1697.5545039661
2	686637	686838	201	686737.5	97.2569160066638	82.085994288398	179.342910295062	1.94367	177.399240295062	103.420102954709	88.1010839530068	191.521186907716	7.74567	183.775516907716	220.024821974682	217.835428391652	2393.06867552607
2	691735	691892	157	691813.5	45.9825565373671	51.694351765336	97.6769083027031	1.51819	96.1587183027031	52.0222457507439	56.0621716459792	108.084417396723	7.32019	100.764227396723	119.263785124872	119.439297523736	1297.1555924715
2	697384	698211	827	697797.5	1184.81796676555	1433.48350546871	2618.30147223426	7.99709	2610.30438223426	1190.33136563272	1439.04840339123	2629.37976902395	13.79909	2615.58067902395	3237.509676172	3100.33756016708	35212.3134254883
2	700104	700325	221	700214.5	78.8476536896034	83.3779705895475	162.225624279151	2.13707	160.088554279151	85.43453286582	87.6697918642407	173.104324730061	7.93907	165.165254730061	198.554715323856	195.776045824462	2159.5521148709
2	701925	703380	1455	702652.5	2225.65887451669	2215.03886932051	4440.69774383721	14.06985	4426.62789383721	2241.10619116502	2232.67854575416	4473.78473691918	19.87185	4453.91288691918	5490.26034536407	5279.37582800185	59714.0356031538
2	704110	704515	405	704312.5	384.976138344196	202.472386028775	587.448524372971	3.91635	583.532174372971	400.074161399649	212.454302929475	612.528464329125	9.71835	602.810114329125	723.743588582244	714.531520320226	7871.69418161509
2	704908	705029	121	704968.5	30.3691429357742	13.7998468680289	44.168989803803	1.17007	42.998919803803	40.7992516152476	22.858680700934	63.6579323161816	6.97207	56.6858623161816	53.3307226073771	67.1916983783882	580.044017622566
2	706797	707395	598	707096	272.167507604191	221.45843776573	493.62594536992	5.78266	487.84328536992	280.775949698677	228.320711890349	509.096661589026	11.58466	497.512001589026	605.062523585387	589.71805287075	6580.87646171831
2	711336	711545	209	711440.5	36.1764364120092	30.0635485413227	66.2399849533319	2.02103	64.2189549533319	41.5415379994142	34.6309647607502	76.1725027601645	7.82303	68.3494727601645	79.649518833933	81.0169761978173	866.296660674686
2	714543	714689	146	714616	34.47546761305	31.5867206016253	66.0621882146752	1.41182	64.6503682146752	38.5676925489587	37.3017157708974	75.8694083198561	7.21382	68.6555883198561	80.1845922979834	81.3798254783134	872.116311087
2	716525	716793	268	716659	109.806885801313	106.141953027541	215.948838828854	2.59156	213.357278828854	115.996772259607	111.632452314764	227.62922457437	8.39356	219.23566457437	264.622876700267	259.867558611021	2878.13307323969
2	718098	719151	1053	718624.5	1393.54583804934	1537.59369576508	2931.13953381441	10.18251	2920.95702381441	1399.7851236015	1546.87602549837	2946.66114909987	15.98451	2930.67663909987	3622.80609596473	3473.83161749618	39402.9351231822
2	721147	721302	155	721224.5	66.5940784581593	50.3499764253473	116.944054883507	1.49885	115.445204883507	83.7872630818544	66.4451811893968	150.232444271251	7.30085	142.931594271251	143.184438727448	169.421724899377	1557.32517843313
2	722417	722582	165	722499.5	61.5534709185275	59.5556075655347	121.109078484062	1.59555	119.513528484062	72.6578672294755	69.2388299452183	141.896697174694	7.39755	134.499147174694	148.230301237676	159.426455907202	1612.20578420235
2	723043	723249	206	723146	221.75283236562	143.113774849716	364.866607215336	1.99202	362.874587215336	238.197430720708	156.265933598353	394.463364319061	7.79402	386.669344319061	450.06628167287	458.332446470325	4895.08188628724
2	727129	727261	132	727195	21.3318087084996	25.2737364013258	46.6055451098254	1.27644	45.3291051098254	27.797190113362	32.6605009051658	60.4576910185278	7.07844	53.3792510185278	56.2208060500842	63.2722585059334	611.477599044552
2	728189	728366	177	728277.5	46.2308519828589	46.661044091802	92.8918960746609	1.71159	91.1803060746609	53.5660174331855	56.0939710626793	109.659988495865	7.51359	102.146398495865	113.089157418634	121.077632371371	1229.99813262574
2	728639	728790	151	728714.5	33.1348922033588	15.2948194455974	48.4297116489562	1.46017	46.9695416489562	47.4798290727472	29.1198658513886	76.5996949241359	7.26217	69.3375249241359	58.2554075336231	82.1881483432348	633.606652638315
2	730181	730310	129	730245.5	28.1196841978207	33.8053799045358	61.9250641023565	1.24743	60.6776341023565	40.6718539521157	46.0819547140964	86.7538086662121	7.04943	79.7043786662121	75.2572875679192	94.4763359319698	818.525182147716
2	734630	734827	197	734728.5	87.4716954979421	101.647735465423	189.119430963366	1.90499	187.214440963366	102.843013540318	119.663405002195	222.506418542514	7.70699	214.799428542514	232.198424162026	254.609135766093	2525.47312790283
2	735532	735714	182	735623	84.7305457791255	96.77412486255	181.504670641676	1.75994	179.744730641676	105.816658994442	113.217123246986	219.033782241429	7.56194	211.471842241429	222.93388796109	250.664833502092	2424.70871788417
2	736028	736298	270	736163	255.541412578314	291.976844239548	547.518256817862	2.6109	544.907356817862	269.666953472105	305.252900715516	574.919854187621	8.4129	566.506954187621	675.837979785767	671.500138477528	7350.65564258131
2	738179	738565	386	738372	199.49854057832	185.629394981445	385.127935559764	3.73262	381.395315559764	210.078346511882	196.234100458271	406.312446970153	9.53462	396.777826970153	473.037180251953	470.314377936179	5144.92159684778
2	739665	739800	135	739732.5	68.6134414167826	65.3937004768127	134.007141893595	1.30545	132.701691893595	79.9914327091505	76.3971986385455	156.388631347696	7.10745	149.281181347696	164.587323407157	176.948108414337	1790.11060888244
2	741105	741298	193	741201.5	191.889980142905	137.819071970981	329.709052113885	1.86631	327.842742113885	202.942977396671	153.788679038881	356.731656435552	7.66831	349.063346435552	406.616966619034	413.756766331368	4422.51159219395
2	741679	741824	145	741751.5	108.735305457418	86.774108293854	195.509413751272	1.40215	194.107263751272	121.858864730658	101.572036853971	223.430901584629	7.20415	216.226751584629	240.747457992666	256.300990761601	2618.45547817815
2	742576	742765	189	742670.5	123.871827806675	106.489446653431	230.361274460106	1.82763	228.533644460106	135.274418647811	118.690122855207	253.964541503018	7.62963	246.334911503018	283.445827354874	291.989226192876	3082.85821828582
2	744436	744842	406	744639	153.417985838544	108.957701377988	262.375687216531	3.92602	258.449667216531	159.755869582108	116.169469091811	275.92533867392	9.72802	266.19731867392	320.550087611147	315.532819201162	3486.41742651947
2	747831	747966	135	747898.5	18.3894626802471	18.0645686398109	36.454031320058	1.30545	35.148581320058	23.8781620004866	23.0555770892438	46.9337390897304	7.10745	39.8262890897304	43.594100711736	47.2074675184709	474.145034704261
2	749403	749534	131	749468.5	31.1130292905924	21.7575008999852	52.8705301905776	1.26677	51.6037601905776	37.3276152958198	26.6232116477664	63.9508269435862	7.06877	56.8820569435862	64.0031385155376	67.4242546047449	696.121030992194
2	757259	757384	125	757321.5	14.8955267698629	17.29128282427	32.1868095941329	1.20875	30.9780595941329	19.9112347662295	23.0552770947467	42.9665118609762	7.01075	35.9557618609762	38.4214838574475	42.6195987361423	417.885803343899
2	760158	760306	148	760232	21.6810023032066	24.0235593334487	45.7045616366553	1.43116	44.2734016366554	29.4912590388863	30.7606357545822	60.2518947934685	7.23316	53.0187347934685	54.9114375975703	62.8449262494426	597.236439341245
2	760894	761190	296	761042	66.5616790524648	53.2902224921197	119.851901544585	2.86232	116.989581544585	75.7704101357897	61.4499728170035	137.220382952793	8.66432	128.556062952793	145.099899015499	152.381914179179	1578.15840976316
2	767674	767854	180	767764	32.4830041610063	39.675572227011	72.1585763880173	1.7406	70.4179763880173	46.153753397086	51.3266585099702	97.4804119070562	7.5426	89.9378119070562	87.3380443615244	106.606375620859	949.919814807626
2	770736	770856	120	770796	26.2464185593197	47.9072212330501	74.1536397923698	1.1604	72.9932397923698	49.5294914755848	72.7082663050002	122.237757780585	6.9624	115.275357780585	90.532093395433	136.639838470673	984.659434740238
2	773576	773765	189	773670.5	34.5312665895238	25.1773381695682	59.7086047590919	1.82763	57.8809747590919	41.5933370492591	30.8408342834926	72.4341713327517	7.62963	64.8045413327517	71.7886454638033	76.8150472950828	780.798989750543
2	774526	774646	120	774586	15.9199079795359	14.4948341198082	30.4147420993441	1.1604	29.2543420993441	21.3860077143219	19.1116494331032	40.4976571474251	6.9624	33.5352571474251	36.2835906269312	39.7504914139455	394.633311758398
2	776329	776449	120	776389	22.3065908279737	21.1819114580799	43.4885022860536	1.1604	42.3281022860536	27.7970901151963	27.9188878810477	55.7159779962439	6.9624	48.7535779962439	52.4987207077364	57.7892894937178	570.994867321526
2	784705	784849	144	784777	11.9493808113128	9.23063068161833	21.1800114929311	1.39248	19.7875314929311	20.2077293276001	15.7185116737685	35.9262410013686	7.19448	28.7317610013686	24.5420898466597	34.0567425492406	266.928548865027
2	786460	786614	154	786537	26.2689181466075	20.6823206221246	46.951238768732	1.48918	45.462058768732	35.150655228016	26.8207080250706	61.9713632530866	7.29118	54.6801832530866	56.3857058832693	64.8142981388075	613.271108621576
2	786900	786962	62	786931	11.4269903935725	5.34020204413987	16.7671924377124	0.59954	16.1676524377124	16.6668942774915	14.2999376948128	30.9668319723044	6.40154	24.5652919723044	20.052424370248	29.118083792631	218.097341009634
2	788757	788858	101	788807.5	6.13808740844885	5.38960113800735	11.5276885464562	0.97667	10.5510185464562	12.4759711520135	12.6014688499967	25.0774400020102	6.77867	18.2987700020103	13.086222767777	21.6901601992494	142.330440290627
2	792578	792715	137	792646.5	9.73062151023656	9.52902520813769	19.2596467183742	1.32479	17.9348567183742	21.3349086516371	19.2616466816887	40.5965553333258	7.12679	33.4697653333258	22.2442534141538	39.6728617186492	241.936457796569
2	798985	799120	135	799052.5	16.3679997601436	16.5138970839344	32.8818968440779	1.30545	31.5764468440779	27.3983974284561	24.8237446555694	52.2221420840254	7.10745	45.1146920840254	39.1636519068827	53.4759931151011	425.957888552922
2	804940	805165	225	805052.5	16.1913030013099	39.8198695801502	56.0111725814601	2.17575	53.8354225814601	21.8301995664663	45.8843583386265	67.7145579050928	7.97775	59.7368079050928	66.7710259058377	70.808088910397	726.225564433758
3	13030	13205	175	13117.5	70.2093121435663	76.1701028041871	146.379414947753	1.69225	144.687164947753	77.6947748369755	96.0794376052679	173.774212442243	7.49425	166.279962442243	179.452672157452	197.097347138699	2163.84830539548
3	13566	13773	207	13669.5	66.0262888731804	151.624618734456	217.650907607636	2.00169	215.649217607636	70.741702377879	157.738406588634	228.480108966513	7.80369	220.676418966513	267.465523720286	261.575334246755	3225.11118556124
3	38902	39251	349	39076.5	82.6296843154375	97.7469070187097	180.376591334147	3.37483	177.001761334147	125.717193956939	127.412962851281	253.13015680822	9.17683	243.95332680822	219.531836562408	289.166252104859	2647.12465306243
3	39470	39642	172	39556	58.5029268749619	48.1285171737965	106.631444048758	1.66324	104.968204048758	80.5341227545327	77.8195725477986	158.353695302331	7.46524	150.888455302331	130.190018685627	178.853265403374	1569.83703795241
3	40736	41276	540	41006	100.54595567548	187.041969070457	287.587924745937	5.2218	282.366124745937	109.828285408778	201.587102267624	311.415387676402	11.0238	300.391587676402	350.21320398876	356.06445998787	4222.88639599245
3	41889	42041	152	41965	27.2929993617834	29.5901572247869	56.8831565865703	1.46984	55.4133165865703	35.3273519868497	37.5011121133503	72.8284641002	7.27184	65.5566241002	68.7280571027687	77.7065168150154	828.725970513634
3	44471	44537	66	44504	1.47227299394924	6.73647643213914	8.20874942608839	0.63822	7.57052942608838	2.91994643913047	12.4762711465107	15.3962175856412	6.44022	8.95599758564117	9.38958017215112	10.6158513580589	113.219975493357
3	48494	48581	87	48537.5	15.3687180900672	24.2762546982324	39.6449727882996	0.84129	38.8036827882996	22.4301885608082	37.3255153343396	59.7557038951478	6.64329	53.1124138951478	48.127451860882	62.9559673042524	580.322955908947
3	50336	50444	108	50390	10.0799151031093	40.6895536274488	50.769468730558	1.04436	49.725108730558	22.5784858405763	69.7310209169101	92.3095067574864	6.84636	85.4631467574864	61.6730837060821	101.302401423604	743.656787394219
3	52406	52541	135	52473.5	49.223297092139	18.6647576304843	67.8880547226233	1.30545	66.5826047226233	73.9488435489677	29.4690594460956	103.417902995063	7.10745	96.3104529950634	82.5811075985401	114.160085847066	995.766669765702
3	56625	56811	186	56718	41.5960369997336	98.9065857466068	140.50262274634	1.79862	138.70400274634	44.3906857372124	105.593963079376	149.984648816588	7.60062	142.384028816588	172.031872631919	168.772676770464	2074.36797453746
3	58841	58969	128	58905	24.5766491880662	25.9520239594293	50.5286731474955	1.23776	49.2909131474955	33.6823821606957	36.4310317419416	70.1134139026373	7.03976	63.0736539026373	61.1345593826034	74.7633670104558	737.163237140751
3	61230	61634	404	61432	169.892483645183	171.983345292299	341.875828937482	3.90668	337.969148937482	172.561934679176	178.695622168333	351.257556847508	9.70868	341.548876847508	419.176551738446	404.849607590144	5054.44951159557
3	63277	63352	75	63314.5	23.3263721220235	17.4658796216235	40.792251743647	0.72525	40.067001743647	37.6508093674386	32.7364995111158	70.3873088785544	6.52725	63.8600588785544	49.6943217515604	75.6955198222161	599.216342766651
3	65278	66112	834	65695	1843.33778747063	1860.95586430048	3704.29365177111	8.06478	3696.22887177111	1855.13977098566	1873.95682582254	3729.09659680821	13.86678	3715.22981680821	4584.36066657583	4403.78942927558	55278.4248929326
3	67678	68823	1145	68250.5	3690.06211282165	3157.21328692095	6847.2753997426	11.07215	6836.2032497426	3702.63928211738	3174.92896196055	6877.56824407793	16.87415	6860.69409407793	8478.80972041133	8132.21620700443	102237.864862693
3	71391	71818	427	71604.5	103.718797475726	105.996655692745	209.715453168471	4.12909	205.586363168471	115.121788309525	117.722240609168	232.844028918693	9.93109	222.912938918693	254.984761385273	264.226358115915	3074.61759800983
3	72975	73085	110	73030	9.15713202981144	7.41086406177941	16.5679960915909	1.0637	15.5042960915909	26.1489203477391	22.6833839164204	48.8323042641596	6.8657	41.9666042641596	19.2296764164327	49.7444565622784	231.872293829609
3	74623	74704	81	74663.5	16.1683034231934	19.6866388860142	35.8549423092077	0.78327	35.0716723092077	23.8779620041551	27.4721960747601	51.3501580789152	6.58527	44.7648880789152	43.4987119637771	53.0613584206191	524.509404279697
3	76940	77375	435	77157.5	301.273073717881	237.650540752365	538.923614470246	4.20645	534.717164470246	321.357505307144	265.224034969004	586.581540276147	10.00845	576.573090276147	663.199282723464	683.431875109203	7996.88645929738
3	78859	79002	143	78930.5	24.3996524347354	25.078239987336	49.4778924220714	1.38281	48.0950824220714	45.8082597345108	47.1859344636854	92.9941941981962	7.18481	85.8093841981962	59.6513938288182	101.712808546877	719.279160901624
3	81048	81559	511	81303.5	196.831789494802	263.059974664578	459.89176415938	4.94137	454.95039415938	229.740485847294	286.664541683645	516.405027530938	10.74337	505.661657530938	564.26611137531	599.378119800354	6803.94587727433
3	93808	94423	615	94115.5	2826.69364967571	1916.91773778624	4743.61138746195	5.94705	4737.66433746195	2851.89788735186	1926.45156290633	4778.34945025819	11.74905	4766.60040025819	5876.03278735619	5650.01507074237	70853.4647966284
3	95147	96242	1095	95694.5	2615.88351658706	1576.52058172531	4192.40409831238	10.58865	4181.81544831238	2623.64447422704	1585.42941830963	4209.07389253667	16.39065	4192.68324253667	5186.62423816206	4969.73136365659	62540.5458360794
3	97172	97564	392	97368	2.54585330115831	202.294989282782	204.84084258394	3.79064	201.05020258394	11.2795930972958	209.583055597052	220.862648694348	9.59264	211.270008694348	249.358649777354	250.425593270684	3006.77769391479
3	98626	98779	153	98702.5	29.4646595268038	27.8441892512521	57.3088487780559	1.47951	55.8293387780559	33.4581862731433	33.534284877259	66.9924711504023	7.28151	59.7109611504023	69.2440413226948	70.7774518648576	834.947731195571
3	100276	100414	138	100345	78.7464555458911	58.6135248462523	137.359980392143	1.33446	136.025520392143	105.418866291194	82.4171882132747	187.836054504468	7.13646	180.699594504468	168.709803145239	214.189431984267	2034.31031285576
3	108643	108783	140	108713	74.4018352396959	82.285390630851	156.687225870547	1.3538	155.333425870547	79.9419336171173	92.3161066364242	172.258040253541	7.1558	165.102240253541	192.657022189265	195.701352602435	2323.06694559002
3	109855	109999	144	109927	41.1688448357622	89.4248596708564	130.593704506619	1.39248	129.201224506619	47.4062304227746	96.6862264748789	144.092456897654	7.19448	136.897976897654	160.245761896709	162.269871119045	1932.25052688413
3	111135	111235	100	111185	19.3886443521577	28.8449708938143	48.2336152459721	0.967	47.2666152459721	26.3249171194127	35.0574569375616	61.3823740569743	6.769	54.6133740569743	58.6238621289647	64.7351069053913	706.889137946059
3	159382	159503	121	159442.5	17.8136732420103	23.9018615657631	41.7155348077734	1.17007	40.5454648077734	21.6573027379301	30.3650430109795	52.0223457489096	6.97207	45.0502757489096	50.2877501694655	53.3996382219603	606.371929033603
3	167500	168077	577	167788.5	86.6043114084552	87.6756917560184	174.280003164474	5.57959	168.700413164474	101.177844084688	98.3070967430935	199.484940827781	11.38159	188.103350827781	209.235836139044	222.965358492509	2522.97502184993
3	172672	172801	129	172736.5	21.0336141783117	0	21.0336141783117	1.24743	19.7861841783117	27.2727997323072	6.56207963111711	33.8348793634243	7.04943	26.7854493634243	24.5404187985831	31.7497125565122	295.90946176838
3	176739	177037	298	176888	232.775030184343	203.243371886505	436.018402070848	2.88166	433.136742070848	237.716739538075	208.308378978573	446.025118516648	8.68366	437.341458516648	537.211063623054	518.395842778359	6477.71490769731
3	177724	177922	198	177823	2.24545881132447	54.2711044997029	56.5165633110274	1.91466	54.6019033110274	6.46338144154787	59.5108083872906	65.9741898288384	7.71666	58.2575298288384	67.7216770235628	69.054649829537	816.590994740953
3	179745	179841	96	179793	6.83697458869141	8.60774210732573	15.4447166960171	0.92832	14.5163966960171	22.8309812090285	23.6517661532882	46.4827473623168	6.73032	39.7524273623168	18.0044040405281	47.119916677621	217.097905003998
3	180837	180941	104	180889	28.168783297191	29.1662650002844	57.3350482974755	1.00568	56.3293682974755	51.0226640861703	55.2154871767971	106.238151262967	6.80768	99.4304712629673	69.8642181949824	117.858350596444	842.425851515605
3	181199	181297	98	181248	26.1966194727893	29.1930645086984	55.3896839814877	0.94766	54.4420239814877	46.8584404709405	47.2334335924042	94.0918740633447	6.74966	87.3422140633447	67.5233818056075	103.52972440131	814.199942179951
3	190318	190574	256	190446	140.37332511806	106.713742539149	247.087067657209	2.47552	244.611547657209	144.840143182769	113.526717568067	258.366860750836	8.27752	250.089340750836	303.386937490323	296.43948005327	3658.25319107847
3	194569	194763	194	194666	94.4402676727259	74.6737302522985	169.113997925024	1.87598	167.238017925024	105.096372206735	81.8609984155198	186.957370622255	7.67798	179.279390622255	207.42205581123	212.506015573359	2501.10437795527
3	197297	197522	225	197409.5	88.4459776265876	100.329459646689	188.775437273276	2.17575	186.599687273276	90.5929382446743	103.922193744808	194.515131989482	7.97775	186.537381989482	231.435957135701	221.109161875686	2790.66506859407
3	201451	201682	231	201566.5	87.074802778185	97.2821155444262	184.356918322611	2.23377	182.123148322611	93.9866759930034	109.036099939915	203.022775932918	8.03577	194.987005932918	225.883793078828	231.124791174072	2723.71682735974
3	203733	203879	146	203806	20.1867297127982	88.444377655936	108.631107368734	1.41182	107.219287368734	34.9844582765833	109.378193664856	144.362651941439	7.21382	137.148831941439	132.981993475959	162.567218213188	1603.50279419963
3	204445	204621	176	204533	74.6503306815191	78.8676533227482	153.517984004267	1.70192	151.816064004267	81.2390098247187	96.9593214654702	178.198331290189	7.50392	170.694411290189	188.294506785245	202.329944886679	2270.46354074371
3	204983	205183	200	205083	304.126721373137	152.122209607097	456.248930980233	1.934	454.314930980233	314.607529122632	158.883685580667	473.491214703299	7.736	465.755214703299	563.47795877313	552.075643305015	6794.44229812939
3	206773	206996	223	206884.5	177.315047492352	264.401650054092	441.716697546444	2.15641	439.560287546444	183.352736742414	271.788414557932	455.141151300347	7.95841	447.182741300347	545.178061944826	530.061053069602	6573.7813279428
3	209658	210078	420	209868	348.690103942554	359.68790220884	708.378006151394	4.0614	704.316606151394	361.266773247451	378.050965373336	739.317738620787	9.8634	729.454338620787	873.550166418532	864.6472665094	10533.3067741905
3	210875	211133	258	211004	330.985428701182	419.241509811061	750.226938512243	2.49486	747.732078512243	341.666132783959	434.51592963085	776.182062414809	8.29686	767.885202414809	927.397531047907	910.200688526087	11182.6006927622
3	212068	212407	339	212237.5	424.803107794113	661.754761366235	1086.55786916035	3.27813	1083.27973916035	456.167932465997	704.92076956783	1161.08870203383	9.08013	1152.00857203383	1343.57075803199	1365.5153037924	16200.8359808405
3	213916	214169	253	214042.5	235.507380064576	468.226411276114	703.733791340691	2.44651	701.287281340691	255.369815725933	505.803421997249	761.173237723182	8.24851	752.924727723181	869.792953867509	892.467524347152	10488.0021380778
3	214499	216852	2353	215675.5	8600.5169398577	8533.28177315909	17133.7987130168	22.75351	17111.0452030168	8628.83902034295	8568.21483237849	17197.0538527214	28.55551	17168.4983427214	21222.4960396254	20350.4104042657	255901.801514068
3	217488	217695	207	217591.5	153.828978299668	90.0579480580528	243.886926357721	2.00169	241.885236357721	244.088722656151	135.395016435674	379.483739091825	7.80369	371.680049091825	300.005546694513	440.565120321251	3617.48023041186
3	218070	218446	376	218258	842.199351453075	571.690513423742	1413.88986487682	3.63592	1410.25394487682	917.47997057315	608.221043340579	1525.70101391373	9.43792	1516.26309391373	1749.11049587652	1797.27869182384	21090.8521837504
3	219027	219303	276	219165	414.691593270635	335.706742097658	750.398335368293	2.66892	747.729415368293	461.922826903393	364.077721685943	826.000548589335	8.47092	817.529628589336	927.394228002345	969.045930944402	11182.5608644919
3	220617	221019	402	220818	814.092867013129	516.899418462276	1330.99228547541	3.88734	1327.10494547541	836.722551914556	532.445633296503	1369.16818521106	9.68934	1359.47884521106	1645.98241167369	1611.43694012652	19847.3291558782
3	224390	224602	212	224496	155.936039649631	170.030381115716	325.966420765347	2.05004	323.916380765347	164.371484917415	181.930662827658	346.302147745073	7.85204	338.450107745073	401.747177124537	401.176530205985	4844.28533700296
3	227536	227778	242	227657	104.173789129768	224.356284610235	328.530073740004	2.34014	326.189933740004	116.699359371981	247.387262150711	364.086621522692	8.14214	355.944481522692	404.567020589858	421.913211949098	4878.28713497319
3	228332	229868	1536	229100	2020.30354137011	3105.46163620665	5125.76517757676	14.85312	5110.91205757676	2037.2954296862	3125.89946131358	5163.19489099978	20.65512	5142.53977099978	6338.96466369413	6095.62891121877	76435.5179590828
3	230201	230820	619	230510.5	210.25704323403	57.3811474518741	267.638190685904	5.98573	261.652460685904	223.406002041364	65.4157000732719	288.821702114635	11.78773	277.033972114635	324.522449960322	328.377876498841	3913.10614083976
3	232370	232543	173	232456.5	104.937675117731	60.2363950777813	165.174070195513	1.67291	163.501160195513	154.015174884245	69.8190193027469	223.834194186992	7.47491	216.359284186992	202.787303963854	256.458086204441	2445.21833396216
3	232892	233482	590	233187	962.134451471541	600.683981593656	1562.8184330652	5.7053	1557.1131330652	998.638081881798	625.012635330728	1623.65071721253	11.5073	1612.14341721253	1931.25708614799	1910.92893017747	23287.1838736272
3	235559	235669	110	235614	68.6151413855999	38.9745850852882	107.589726470888	1.0637	106.526026470888	86.3798155264056	46.5111468413823	132.890962367788	6.8657	126.025262367788	132.122155489185	149.382069374578	1593.1348294977
3	240542	241326	784	240934	1541.15383046117	1213.72373654413	2754.8775670053	7.58128	2747.2962870053	1546.91822472431	1219.586928995	2766.50515371931	13.38328	2753.12187371931	3407.41806703707	3263.36985942056	41086.7986611137
3	242959	243163	204	243061	223.812994575859	93.5696836419358	317.382678217795	1.97268	315.409998217795	232.672132071814	100.382258678191	333.054390750004	7.77468	325.279710750004	391.196876556391	385.565206566234	4717.0693433299
3	244816	245055	239	244935.5	169.284194803086	121.440672401602	290.724867204688	2.31113	288.413737204688	176.520462067512	128.627640570326	305.148102637838	8.11313	297.034972637838	357.713939912969	352.085748964907	4313.33060350237
3	246600	246856	256	246728	133.416852721329	175.727576611489	309.144429332818	2.47552	306.668909332818	140.279226844114	182.392354358804	322.671581202918	8.27752	314.394061202918	380.355474290051	372.662072501854	4586.34323242782
3	250622	251430	808	251026	749.433153072728	784.888202717207	1534.32135578994	7.81336	1526.50799578994	761.160837950632	791.277485517954	1552.43832346859	13.61536	1538.82296346859	1893.29813057806	1824.01967958778	22829.473098429
3	252098	252206	108	252152	7.76045764914928	7.58566085546435	15.3461185046136	1.04436	14.3017585046136	22.5331866715035	18.1901663359598	40.7233530074634	6.84636	33.8769930074634	17.7381924729138	40.15556265913	213.887914076957
3	252989	253247	258	253118	133.46195189407	127.200866741781	260.662818635851	2.49486	258.167958635851	145.014739980123	140.328625937981	285.343365918104	8.29686	277.046505918104	320.200689946254	328.392733246323	3860.99416629885
3	254282	254460	178	254371	112.305039977421	88.4770770561277	200.782117033549	1.72126	199.060857033549	125.180203807003	104.695879553012	229.876083360015	7.52326	222.352823360015	246.891303243948	263.562433917924	2977.0263196335
3	256619	257412	793	257015.5	387.51109184529	354.861990731017	742.373082576308	7.66831	734.704772576308	417.107948947181	374.798225038678	791.906173985858	13.47031	778.435863985858	911.240017269402	922.706749843813	10987.7726727128
3	258466	258605	139	258535.5	51.9249475354948	43.7883967850588	95.7133443205536	1.34413	94.3692143205536	64.302620490602	52.8735301355493	117.176150626151	7.14613	110.030020626151	117.044298195613	130.42236029229	1411.32535538152
3	262902	263120	218	263011	114.073007547415	79.9168340775207	193.989841624936	2.10806	191.881781624936	136.853289686422	97.6363090474193	234.489598733841	7.91006	226.579538733841	237.98723586409	268.572504734971	2869.66067899189
3	263633	263798	165	263715.5	51.2463599828941	33.5337848864304	84.7801448693245	1.59555	83.1845948693245	70.580305338401	52.343139864551	122.923445202952	7.39755	115.525895202952	103.172232568285	136.936809077246	1244.05537082708
3	266911	267544	633	267227.5	392.841894061852	323.507565868368	716.34945993022	6.12111	710.22834993022	401.37593752104	332.964992389847	734.340929910887	11.92311	722.417819910887	880.882387065772	856.306639349979	10621.7190169928
3	269097	269268	171	269182.5	104.998673998823	109.113398522019	214.112072520842	1.65357	212.458502520842	150.28624328441	138.606857520552	288.893100804962	7.45557	281.437530804962	263.508141953734	333.597565769185	3177.39290014144
3	271190	271392	202	271291	139.550540210486	131.271592072059	270.822132282545	1.95334	268.868792282545	145.590329422028	137.25998222642	282.850311648448	7.75534	275.094971648448	333.472725464435	326.079512688956	4021.02896109961
3	277171	277323	152	277247	40.1220640369671	39.2458801088965	79.3679441458636	1.46984	77.8981041458636	46.7601422740342	47.2575331503436	94.0176754243777	7.27184	86.7458354243777	96.6155011055926	102.8228163295	1164.99401111643
3	278371	278559	188	278465	108.887202671152	109.931983506633	218.819186177786	1.81796	217.001226177786	117.596142922191	117.742440238644	235.338583160835	7.61996	227.718623160835	269.142393612516	269.922700606018	3245.33095733197
3	284204	284581	377	284392.5	28.7696722750244	28.5182768863952	57.2879491614196	3.64559	53.6423591614196	40.6983534660325	36.4290317786271	77.1273852446596	9.44759	67.6797952446596	66.5315731068653	80.2231844516212	802.240668761238
3	293620	293752	132	293686	15.0705235598793	15.8908085133103	30.9613320731896	1.27644	29.6848920731896	21.009614618538	21.2809096421463	42.2905242606844	7.07844	35.2120842606843	36.8175933723149	41.7380921493525	443.948179035878
3	297936	298121	185	298028.5	191.79398190381	156.411530927647	348.205512831457	1.78895	346.416562831457	202.972676851891	168.13921580555	371.111892657441	7.59095	363.520942657441	429.653714634279	430.893851398527	5180.78360796171
3	298552	298694	142	298623	11.8012835278761	180.19179472389	191.993078251766	1.37314	190.619938251766	21.6328031873278	199.007549584617	220.640352771945	7.17514	213.465212771945	236.422196109242	253.027644015509	2850.78935999346
3	303341	303586	245	303463.5	52.6182348184568	43.4125036801037	96.0307384985605	2.36915	93.6615884985604	61.1769778245779	51.0479636220984	112.224941446676	8.17115	104.053791446676	116.16664367325	123.338530708335	1400.74255810073
3	308226	308317	91	308271.5	4.66591441266533	3.59253410178771	8.25844851445304	0.87997	7.37847851445304	26.447114877927	21.1600118597864	47.6071267377134	6.68197	40.9251567377134	9.1513831676298	48.509993060893	110.347785414563
3	314275	314563	288	314419	6.76357593505025	5.73949471987439	12.5030706549246	2.78496	9.71811065492465	13.7514477558186	15.2728198491382	29.0242676049568	8.58696	20.4373076049568	12.0531833350786	24.2250422265624	145.337820945609
3	314965	315170	205	315067.5	3.89282859345582	6.88487371007303	10.7777023035289	1.98235	8.79535230352885	11.1807949095609	13.5480514867367	24.7288463962976	7.78435	16.9444963962976	10.9087041273108	20.0848932081732	131.537639736182
4	19962	20464	502	20213	51.5732539866447	43.2872059784519	94.8604599650966	4.85434	90.0061199650966	59.5336079690755	48.2536148791168	107.787222848192	10.65634	97.1308828481924	111.632837260259	115.132569513709	753.332887080496
4	22444	22591	147	22517.5	9.70362200549117	7.58576085363007	17.2893828591212	1.42149	15.8678928591212	13.7711473944662	10.9295995172631	24.7007469117293	7.22349	17.4772569117293	19.6806384042821	20.7163925344272	132.811030450833
4	32034	32258	224	32146	15.1713217109287	10.4543082355786	25.6256299465073	2.16608	23.4595499465073	18.6405580743791	14.598032226835	33.2385903012142	7.96808	25.2705103012142	29.0964228031708	29.9540032849149	196.351653617162
4	34065	34240	175	34152.5	6.98547186479102	10.4050091398768	17.3904810046678	1.69225	15.6982310046678	9.97981693921988	13.7489478016756	23.7287647408954	7.49425	16.2345147408954	19.4702101112415	19.2433275814939	131.39099529442
4	36620	36757	137	36688.5	7.58586085179579	10.080015101275	17.6658759530708	1.32479	16.3410859530708	11.3039926497324	13.0249610818364	24.3289537315688	7.12679	17.2021637315688	20.2675305808367	20.3903151452504	136.771560243138
4	42355	42585	230	42470	6.93597277275782	11.6760858243901	18.6120585971479	2.2241	16.3879585971479	10.9788986129648	17.2900828462813	28.2689814592461	8.0261	20.2428814592461	20.3256658081996	23.9945822422615	137.163874724658
4	43874	43965	91	43919.5	4.51561716958269	2.64445149256182	7.16006866214451	0.87997	6.28009866214451	8.73343980164036	6.91157322032125	15.6450130219616	6.68197	8.9630430219616	7.78908403341254	10.6242025555682	52.5631463520293
4	46191	46496	305	46343.5	50.6709705373202	59.0031176999116	109.674088237232	2.94935	106.724738237232	62.5730522162458	71.1808943217372	133.753946537983	8.75135	125.002596537983	132.368613822046	148.169868462914	893.264315919207
4	47879	48016	137	47947.5	13.4498532879961	0.199496340618674	13.6493496286148	1.32479	12.3245596286148	16.0204061360882	1.52177208598245	17.5421782220706	7.12679	10.4153882220706	15.2859112231373	12.3457171738466	103.154053197944
4	49356	49436	80	49396	6.51218054642101	5.98799016169765	12.5001707081187	0.7736	11.7265707081187	11.5274885501248	10.5802059262247	22.1076944763494	6.5756	15.5320944763494	14.544237213958	18.4107247309456	98.1490077622093
4	52172	52410	238	52291	28.0661851791586	19.3824444658829	47.4486296450415	2.30146	45.1471696450415	30.5607394213007	21.7783005184557	52.3390399397564	8.10346	44.2355799397564	55.9951550372423	52.433951314466	377.872612055725
4	56732	56917	185	56824.5	11.9287811891737	13.1499587889909	25.0787399781647	1.78895	23.2897899781647	18.6673575827931	20.711120093853	39.3784776766461	7.59095	31.7875276766461	28.8858728213846	37.6788476804059	194.930797267485
4	60979	61147	168	61063	27.6694924557329	36.799224988136	64.4687174438689	1.62456	62.8441574438689	38.1754997429906	50.695670084254	88.8711698272446	7.42656	81.4446098272446	77.9443842642037	96.539091661583	525.992794508751
4	62124	62418	294	62271	42.3139238314637	61.4026736846162	103.71659751608	2.84298	100.87361751608	61.2997755720866	78.6945564978805	139.994332069967	8.64498	131.349352069967	125.111582772293	155.692895651031	844.291627537226
4	63005	63138	133	63071.5	2.99404507993169	2.34645695870536	5.34050203863704	1.28611	4.05439203863704	9.93031784718668	10.4073090976885	20.3376269448751	7.08811	13.2495169448751	5.0285834653685	15.7051072320948	33.934435358474
4	63545	63650	105	63597.5	1.84666612641857	1.92256473420282	3.76923086062139	1.01535	2.75388086062139	5.8401928727581	5.39180109765327	11.2319939704114	6.81735	4.41464397041138	3.41558478542465	5.23282903333687	23.049421752789
4	70354	70480	126	70417	7.11076956644275	9.92991785452378	17.0406874209665	1.21842	15.8222674209665	9.53122516778361	15.5459148397295	25.0771400075131	7.02042	18.0567200075131	19.6240500621291	21.4032500322658	132.42915482879
4	74141	74300	159	74220.5	14.3221372876035	10.803701826617	25.1258391142205	1.53753	23.5883091142205	21.184411412223	17.01628786853	38.2006992807529	7.33953	30.8611692807529	29.256120290638	36.580803275966	197.429341618702
4	76826	77209	383	77017.5	24.0261592857576	22.7532826342613	46.7794419200188	3.70361	43.0758319200188	31.3879242481667	31.3386251524649	62.7265494006316	9.50561	53.2209394006316	53.4261152068602	63.0846063111031	360.535937292774
4	80518	80653	135	80585.5	6.16298695171403	7.35956500276318	13.5225519544772	1.30545	12.2171019544772	10.2533119224741	11.5526880878871	21.8060000103612	7.10745	14.6985500103612	15.1526335631958	17.4226958635137	102.254654357861
4	83763	84017	254	83890	18.4635613210483	4.89001030205202	23.3535716231003	2.45618	20.8973916231003	23.0554770910781	6.86217412645377	29.9176512175319	8.25818	21.6594712175319	25.91862774587	25.6737147080206	174.906910441054
4	87290	87502	212	87396	30.0651485119743	42.8920132275121	72.9571617394864	2.05004	70.9071217394864	34.706663372203	44.5392830114777	79.2459463836807	7.85204	71.3939063836807	87.9447218123281	84.6256478737165	593.478162988137
4	88046	88227	181	88136.5	14.2464386761507	11.7515844395114	25.9980231156621	1.75027	24.2477531156621	17.9150713820541	15.7946102778842	33.7096816599383	7.55227	26.1574116599383	30.0740158395599	31.0052779088128	202.948753561652
4	89883	89992	109	89937.5	5.96349061109536	4.31632082529546	10.2798114363908	1.05403	9.22578143639082	11.4523899276663	8.15995032121525	19.6123402488815	6.85603	12.7563102488815	11.4425569959767	15.1204924057284	77.2179110458834
4	93931	94229	298	94080	36.9517221908646	36.896223208888	73.8479453997526	2.88166	70.9662853997526	44.788478440461	45.3788676108934	90.1673460513545	8.68366	81.4836860513545	88.0181013476395	96.5854100513345	593.9733507711
4	98189	98399	210	98294	16.491597492978	15.8461093332319	32.3377068262099	2.0307	30.3070068262099	20.63332152092	18.2665649345727	38.8998864554927	7.8327	31.0671864554927	37.5891901815991	36.8250025048437	253.663472661755
4	103412	103573	161	103492.5	12.825364743052	15.8932084692877	28.7185732123396	1.55687	27.1617032123396	16.2700015577344	18.9387526045671	35.2087541623015	7.35887	27.8498841623015	33.6881313802928	33.0114236609616	227.337922209182
4	104688	104915	227	104801.5	52.2684412347555	75.8971078117615	128.165549046517	2.19509	125.970459046517	56.4368647729457	79.5163414237975	135.953206196743	7.99709	127.956116196743	156.238706432332	151.670776695714	1054.347078145
4	106513	107093	580	106803	94.5086664180808	104.761478349726	199.270144767807	5.6086	193.661544767807	99.275578978127	110.998663940407	210.274242918534	11.4106	198.863642918534	240.194641420145	235.719902060929	1620.90767486673
4	111190	111339	149	111264.5	7.53656175609404	9.8805187606563	17.4170805167503	1.44083	15.9762505167503	11.4539898983179	12.8007651942839	24.2547550926018	7.24283	17.0119250926018	19.8150322962164	20.1648187564315	133.717961969386
4	114356	114604	248	114480	18.0646686379767	23.4502698493551	41.5149384873317	2.39816	39.1167784873318	21.0343141654718	27.4686961389598	48.5030103044316	8.20016	40.3028503044316	48.5157783572414	47.7723518844956	327.399466642682
4	116017	116110	93	116063.5	7.33686541914392	5.06480709573695	12.4016725148809	0.89931	11.5023625148809	15.8214097862981	11.180394916898	27.0018047031961	6.70131	20.3004947031961	14.2661561594938	24.0628731979234	96.2724308629448
4	121808	121995	187	121901.5	10.7316031491303	15.6671126165865	26.3987157657168	1.80829	24.5904257657168	15.1735216705746	19.4859425674069	34.6594642379815	7.61029	27.0491742379815	30.4990260521091	32.0623147028338	205.816853829603
4	125193	125570	377	125381.5	17.5917773122695	23.8795619748067	41.4713392870762	3.64559	37.8257492870762	22.2578917212663	27.7723905682625	50.0302822895288	9.44759	40.5826922895288	46.9145399896031	48.1040581951695	316.593815259077
4	126451	126600	149	126525.5	13.4504532769905	8.58294256222627	22.0333958392167	1.44083	20.5925658392167	18.4908608202909	10.4297086868106	28.9205695071014	7.24283	21.6777395071014	25.5405582641703	25.695368738717	172.355580732378
4	132758	133245	487	133001.5	46.0325556202289	49.3964939151724	95.4290495354013	4.70929	90.7197595354013	50.1516800627173	54.3135037219698	104.465183784687	10.51129	93.9538937846871	112.517950517504	111.366775324748	759.305904893518
4	134774	135054	280	134914	113.472418564079	121.451272207169	234.923690771247	2.7076	232.216090771247	119.012416943335	125.718393934928	244.730810878263	8.5096	236.221210878262	288.013093779987	280.001109683728	1943.60137016337
4	135557	135718	161	135637.5	14.4945341253111	12.3728730431525	26.8674071684635	1.55687	25.3105371684635	19.3354453279928	15.7414112537192	35.076856581712	7.35887	27.717986581712	31.3921661970599	32.8550809312281	211.844039561653
4	137896	138031	135	137963.5	7.46046315197834	7.98485353303314	15.4453166850115	1.30545	14.1398666850115	13.0253610744992	15.797210230193	28.8225713046922	7.10745	21.7151213046922	17.5374012027378	25.7396786665532	118.347803425853
4	139299	139460	161	139379.5	9.55592471471735	7.98485353303314	17.5407782477505	1.55687	15.9839082477505	14.9459258453876	11.4539898983179	26.3999157437055	7.35887	19.0410457437055	19.8245300308022	22.570005114925	133.782055617741
4	141736	141956	220	141846	13.3746546673719	10.3536100826949	23.7282647500668	2.1274	21.6008647500668	18.4169621758211	15.6941121213319	34.111074297153	7.9294	26.181674297153	26.7911317614866	31.0340372455324	180.794837194554
4	145533	145728	195	145630.5	18.5641594757663	26.5449130840048	45.109072559771	1.88565	43.223422559771	21.6836022555154	31.9370141761552	53.6206164316706	7.68765	45.9329664316706	53.6091690022575	54.4459217871053	361.771240878727
4	147668	148149	481	147908.5	18.6367581440817	34.1550734900714	52.791831634153	4.65127	48.140561634153	22.7290830781561	37.075319923699	59.8044030018552	10.45327	49.3511330018552	59.7078008096214	58.4975919532901	402.926693158161
4	148833	148972	139	148902.5	14.5214336318907	12.3008743638314	26.8223079957221	1.34413	25.4781779957221	27.7973901096934	24.3799527960878	52.1773429057812	7.14613	45.0312129057812	31.6000878494408	53.3770423796572	213.247159132192
4	155693	156299	606	155996	181.453671577157	242.087659361855	423.541330939012	5.86002	417.681310939012	187.941752565638	247.152666453923	435.094419019562	11.66202	423.432399019562	518.041993464308	501.908957119949	3495.90747797229
4	158744	159025	281	158884.5	120.178795548335	138.382761631165	258.5615571795	2.71727	255.8442871795	128.712839007523	145.244835759453	273.957674766975	8.51927	265.438404766975	317.318685504403	314.633252497102	2141.36456030684
4	159240	159532	292	159386	88.5985748274819	94.7837613719866	183.382336199468	2.82364	180.558696199468	102.896212564483	112.599734571809	215.495947136292	8.62564	206.870307136292	223.943433586252	245.210475991618	1511.2395018048
4	163215	163393	178	163304	50.9009663184846	48.3284135070781	99.2293798255627	1.72126	97.5081198255627	54.569599024388	55.0897894824824	109.65938850687	7.52326	102.13612850687	120.937421547135	121.065459000893	816.123097523453
4	163993	164251	258	164122	58.827820915398	75.0767228601648	133.904543775563	2.49486	131.409683775563	64.2177220479026	80.7916180312711	145.009340079174	8.29686	136.712480079174	162.98487090687	162.049995372815	1099.87228098899
4	167296	167725	429	167510.5	114.764794857891	112.545735562318	227.310530420209	4.14843	223.162100420209	118.458227108894	116.039671472702	234.497898581596	9.95043	224.547468581596	276.783605920658	266.163822231531	1867.82131550273
4	172183	172650	467	172416.5	108.161515982496	119.882000992467	228.043516974963	4.51589	223.527626974963	112.155142727001	124.424817663127	236.579960390128	10.31789	226.262070390128	277.236961386009	268.196198609883	1870.88069829698
4	174620	174807	187	174713.5	48.8551038459445	39.9432673166532	88.7983711625977	1.80829	86.9900811625977	52.4497379092125	42.6886169584302	95.1383548676426	7.61029	87.5280648676426	107.892103086399	103.750019739081	728.089256763865
4	176380	176643	263	176511.5	73.5279512694369	41.7687338319384	115.296685101375	2.54321	112.753475101375	79.4176432342282	45.7624605746093	125.180103808838	8.34521	116.834893808838	139.845938713963	138.488410056937	943.723615232131
4	178134	178247	113	178190.5	8.98203524162934	9.00453482891716	17.9865700705465	1.09271	16.8938600705465	13.3499551204382	12.6484679878868	25.998423108325	6.89471	19.103713108325	20.9531255506208	22.6442868933021	141.398166989245
4	183106	183244	138	183175	8.60984206880593	10.980298587285	19.5901406560909	1.33446	18.2556806560909	11.4538899001522	14.6490312913541	26.1029211915062	7.13646	18.9664611915062	22.6421650944062	22.4815974850453	152.796327845325
4	184715	184876	161	184795.5	15.2720198638124	13.8226464498139	29.0946663136263	1.55687	27.5377963136263	21.5873040219236	20.3104274437983	41.8977314657219	7.35887	34.5388614657219	34.1545923274697	40.9400980617215	230.485744845167
4	190685	190849	164	190767	13.820446490168	13.6231501091952	27.4435965993632	1.58588	25.8577165993632	16.366399789492	17.3677814210486	33.7341812105406	7.38788	26.3463012105406	32.070822186069	31.2291751768848	216.423819920928
4	196200	196300	100	196250	2.19615971562272	6.06398876764762	8.26014848327034	0.967	7.29314848327034	5.31570249353758	9.60722377373358	14.9229262672712	6.769	8.15392626727116	9.04554999219545	9.66512869283287	61.042166965306
4	198376	198673	297	198524.5	89.4599590270254	147.70559062158	237.165549648606	2.87199	234.293559648606	98.4671938064171	160.25766037771	258.724854184127	8.67399	250.050864184127	290.589737959176	296.393872458019	1960.98936142227
4	199731	199985	254	199858	115.693677819298	113.347620853256	229.041298672554	2.45618	226.585118672554	123.405036369077	120.135696338908	243.540732707985	8.25818	235.282552707985	281.029108778142	278.888485934513	1896.47128090029
4	202596	202870	274	202733	36.1802363423067	43.0890096139877	79.2692459562943	2.64958	76.6196659562943	42.9928113785615	49.0790997371655	92.071911115727	8.45158	83.620331115727	95.0298791232338	99.1180487877132	641.290994261075
4	211164	211253	89	211208.5	5.73919472537722	4.91690980863168	10.6561045340089	0.86063	9.7954745340089	9.63202331883304	10.9566990201742	20.5887223390072	6.66263	13.9260923390072	12.1491362472471	16.5070752706014	81.9861262088622
4	212718	213200	482	212959	173.725113342873	147.138401025596	320.863514368469	4.66094	316.202574368469	180.412690671973	153.077292087923	333.489982759897	10.46294	323.027042759897	392.179893316573	382.895041873427	2646.55112723065
4	215813	215989	176	215901	12.7261665626541	17.3919809771537	30.1181475398078	1.70192	28.4162275398078	18.9899516654176	23.8058633266684	42.7958149920859	7.50392	35.2918949920859	35.2440934653331	41.8326945488323	237.838035244726
4	219408	219558	150	219483	8.58314255855772	10.8039018229485	19.3870443815062	1.4505	17.9365443815062	13.0001615367369	14.6474313207025	27.6475928574394	7.2525	20.3950928574394	22.2463465898604	24.1750036372843	150.125222244969
4	221913	222115	202	222014	33.0789932287192	33.8587789250322	66.9377721537515	1.95334	64.9844321537515	38.3948957185883	40.4701576518511	78.8650533704394	7.75534	71.1097133704394	80.598925294005	84.2887841400319	543.906457790386
4	223840	223979	139	223909.5	11.0999963916562	11.0795967658485	22.1795931575047	1.34413	20.8354631575047	14.4191355083554	14.4234354294815	28.842570937837	7.14613	21.696440937837	25.8418190763674	25.7175361865053	174.388581800761
4	226948	227283	335	227115.5	21.9842967398464	25.1214391949287	47.1057359347751	3.23945	43.8662859347751	26.4016157125228	29.9890499078586	56.3906656203813	9.04145	47.3492156203813	54.4064999232019	56.1246505640569	367.15187635638
4	228959	229105	146	229032	14.8481276393099	14.3714363833052	29.2195640226151	1.41182	27.8077440226151	21.3359086332943	20.7336196811408	42.0695283144351	7.21382	34.8557083144351	34.4894032123074	41.3156675074527	232.745152172715
4	230689	230867	178	230778	24.3528532931767	20.9823151192955	45.3351684124722	1.72126	43.6139084124722	29.4198603485596	24.8011450701158	54.2210054186754	7.52326	46.6977454186754	54.0934809986409	55.3524405718832	365.039527911804
4	232348	232509	161	232428.5	5.91429151355933	7.36156496607766	13.275856479637	1.55687	11.718986479637	10.8559008691247	10.1070146060204	20.9629154751451	7.35887	13.6040454751451	14.5348306431141	16.1253420684207	98.0855293149593
4	234133	234649	516	234391	89.4648589371458	92.917195610589	182.382054547735	4.98972	177.392334547735	93.9068774567559	98.4079948923087	192.314872349065	10.79172	181.523152349065	220.016256910797	215.165623366566	1484.73769986548
4	238765	238898	133	238831.5	14.6205318141229	15.7946102778842	30.415142092007	1.28611	29.129032092007	20.185329738478	20.4113255930135	40.5966553314915	7.08811	33.5085453314915	36.1281710658884	39.7188289816209	243.804064126325
4	239589	240050	461	239819.5	55.0380904308033	52.7192329658377	107.757323396641	4.45787	103.299453396641	61.1517782868156	57.3854473730002	118.537225659816	10.25987	108.277355659816	128.120299759314	128.344866346454	864.595379639807
4	242058	242292	234	242175	48.7009066743987	29.8140531178422	78.5149597922409	2.26278	76.2521797922409	51.9954462423299	36.0781382151028	88.0735844574328	8.06478	80.0088044574328	94.5740931926428	94.8371822718951	638.215209936233
4	245717	245798	81	245757.5	4.44161852694719	5.56239796837782	10.004016495325	0.78327	9.220746495325	11.1782949554178	11.451789938672	22.6300848940897	6.58527	16.0448148940897	11.4363122566542	19.0184698415181	77.1757696149356
4	248028	248136	108	248082	7.23626726442593	6.88667367705606	14.122940941482	1.04436	13.078580941482	13.0498606251015	12.2787747692065	25.328635394308	6.84636	18.482275394308	16.2211091690404	21.9076754396687	109.465057969206
4	251322	251509	187	251415.5	13.621050147715	19.6603393684289	33.2813895161439	1.80829	31.4730995161439	17.2383837946022	24.3777528364419	41.6161366310441	7.61029	34.0058466310441	39.0354722292673	40.3082972821354	263.423430907396
4	255184	255573	389	255378.5	14.4458350186036	14.7441295469573	29.1899645655609	3.76163	25.4283345655609	16.8663906181102	18.2381654555072	35.1045560736174	9.56363	25.5409260736174	31.5382680139692	30.2745363821223	212.829979776389
4	258645	258844	199	258744.5	27.319898868363	25.1482387033426	52.4681375717056	1.92433	50.5438075717056	31.36282470857	28.4921773651413	59.8550020737113	7.72633	52.1286720737113	62.6884999303836	61.7899043557967	423.04137204003
4	264162	264427	265	264294.5	50.3972755577346	78.9686514701291	129.365927027864	2.56255	126.803377027864	53.3421215401303	83.4105699915734	136.752691531704	8.36455	128.388141531704	157.271758379231	152.182871154762	1061.31843195775
4	265004	265230	226	265117	30.6405379575481	63.4296365038345	94.0701744613826	2.18542	91.8847544613827	35.1584550849425	67.9723531763283	103.130808261271	7.98742	95.1433882612708	113.962871029926	112.776723957929	769.056675078523
4	266829	267326	497	267077.5	18.8893535106996	25.673129075226	44.5624825859256	4.80599	39.7564925859256	32.8643971650763	34.2072725325791	67.0716696976554	10.60799	56.4636796976554	49.3092032920026	66.9283376941022	332.753743318386
4	267540	267741	201	267640.5	16.8413910766793	9.7325214753853	26.5739125520646	1.94367	24.6302425520646	28.6201750172676	19.5864407239591	48.2066157412267	7.74567	40.4609457412267	30.5484100365795	47.9597478324462	206.150112219425
4	271999	272398	399	272198.5	83.9825594995127	100.247161156298	184.229720655811	3.85833	180.371390655811	86.9520050306763	105.41286640125	192.364871431926	9.66033	182.704541431926	223.711122169192	216.565964398346	1509.67179256431
4	273565	273722	157	273643.5	6.36238329416698	4.99070845493573	11.3530917491027	1.51819	9.83490174910271	11.2546935540306	9.90761826356741	21.1623118175981	7.32019	13.8421218175981	12.19803705408	16.4075421292384	82.3161239666556
4	276604	276782	178	276693	9.08093342753003	7.78515719608302	16.866090623613	1.72126	15.144830623613	14.4215354643328	10.8553008801304	25.2768363444632	7.52326	17.7535763444632	18.78383839894	21.0439234428711	126.759146849746
4	281877	282117	240	281997	37.3523148427535	56.3050671905219	93.6573820332754	2.3208	91.3365820332754	40.9716484529552	61.6456692273247	102.61731768028	8.1228	94.4945176802799	113.282983445824	112.007595385422	764.468583534925
4	283205	283367	162	283286	17.5893773562922	9.97911695205982	27.568494308352	1.56654	26.001954308352	22.9299793930949	13.6726492012284	36.6026285943234	7.36854	29.2340885943234	32.249717406756	34.6521686878551	217.631060159487
4	285216	285312	96	285264	14.2460386834878	13.5467515105823	27.7927901940701	0.92832	26.8644701940701	20.485324235649	19.037550792302	39.522875027951	6.73032	32.792555027951	33.319479057876	38.8701410980529	224.850142401815
4	286746	287010	264	286878	90.4221413776183	114.340802635223	204.762944012841	2.55288	202.210064012841	94.3151699674056	118.507326208264	212.82249617567	8.35488	204.46761617567	250.797203313349	242.362483922236	1692.45703935019
4	289631	289823	192	289727	21.2331105189304	21.1057128557985	42.3388233747289	1.85664	40.4821833747289	24.6530477866791	25.0975396333207	49.7505874199998	7.65864	42.0919474199998	50.2092634407921	49.8930301073722	338.827627375036
4	292578	292689	111	292633.5	8.7822389065135	9.53092517328643	18.3131640797999	1.07337	17.2397940797999	13.3990542198085	14.8469276613212	28.2459818811297	6.87537	21.3706118811297	21.3821807634524	25.3313198213193	144.29356416925
4	294846	295021	175	294933.5	9.05853383840793	10.7772023127002	19.8357361511082	1.69225	18.1434861511082	14.2737381753932	16.2927011413537	30.5664393167469	7.49425	23.0721893167469	22.5030124354416	27.3482579633862	151.857282696106
4	296329	296623	294	296476	20.9068165041741	18.7390562676169	39.6458727717911	2.84298	36.8028927717911	24.2260556190391	23.6046670172324	47.8307226362715	8.64498	39.1857426362715	45.6459109790902	46.4482058200585	308.032714613614
4	301031	301113	82	301072	14.5235335933709	17.2644833158561	31.788016909227	0.79294	30.995076909227	26.726109760296	28.6195750282732	55.3456847885692	6.59494	48.7507447885692	38.4425901018589	57.7859311954095	259.422479075475
4	302710	303077	367	302893.5	191.078095035395	205.153736844489	396.231831879884	3.54889	392.682941879884	200.833616088896	216.905821274829	417.739437363726	9.35089	408.388547363726	487.037003292177	484.076963363375	3286.67622188749
4	304851	305069	218	304960	44.0622917609759	53.0701265293619	97.1324182903379	2.10806	95.0243582903379	48.9793015677733	56.7881583291328	105.767459896906	7.91006	97.8573998969062	117.856860499035	115.993735109667	795.334519492581
4	307930	308306	376	308118	7.63555994016045	11.1045963072795	18.7401562474399	3.63592	15.1042362474399	13.7987468882059	14.9973249025696	28.7960717907755	9.43792	19.3581517907755	18.7334899849569	22.9458817973656	126.419380191505
4	310216	310442	226	310329	30.363043047665	40.9654485666803	71.3284916143453	2.18542	69.1430716143453	32.234508719183	45.2079707456717	77.4424794648548	7.98742	69.4550594648548	85.7568048060715	82.3274660687899	578.713422832218
4	312538	312937	399	312737.5	107.039036572248	111.145661244021	218.184697816269	3.85833	214.326367816269	113.675214844166	117.00875369673	230.683968540896	9.66033	221.023638540896	265.824818893361	261.986905526785	1793.86803371947
4	313951	314380	429	314165.5	73.574250420167	79.0085507382528	152.58280115842	4.14843	148.43437115842	82.455787505244	88.4658772615666	170.921664766811	9.95043	160.971234766811	184.100259024414	190.80472999986	1242.36544592871
4	314741	315245	504	314993	221.830330944056	165.838158014083	387.668488958139	4.87368	382.794808958139	229.21699544973	175.669777671701	404.886773121431	10.67568	394.211093121431	474.77294465162	467.271940200665	3203.91456385065
4	316470	316670	200	316570	18.2129659177448	18.4366618144686	36.6496277322135	1.934	34.7156277322135	28.6658741790033	30.5880389205432	59.2539130995465	7.736	51.5179130995465	43.057116810732	61.065950779064	290.562731472724
4	320313	320406	93	320359.5	1.8467661245843	3.11954277791486	4.96630890249916	0.89931	4.06699890249916	5.49079928171968	8.48484436165137	13.9756436433711	6.70131	7.27433364337106	5.04421951303312	8.6225173631984	34.0399522405922
4	321812	322093	281	321952.5	8.50924391408794	6.76137597540433	15.2706198894923	2.71727	12.5533498894923	20.0867315470745	13.4505532751562	33.5372848222307	8.51927	25.0180148222307	15.5696753268357	29.6547117266224	105.068981069844
4	323681	323903	222	323792	15.6958120901492	8.35904666917103	24.0548587593202	2.14674	21.9081187593202	18.6160585237769	11.9784802775384	30.5945388013153	7.94874	22.6457988013153	27.1722129238104	26.842842649344	183.366490654871
4	326222	326392	170	326307	8.38364621793904	12.4753711630192	20.8590173809582	1.6439	19.2151173809582	10.9542990641968	16.8432910418281	27.7975901060249	7.4459	20.3516901060249	23.8321357742908	24.1235568662081	160.826617765562
4	330876	330985	109	330930.5	7.33486545582944	7.68435904503359	15.019224500863	1.05403	13.965194500863	11.5773876348209	14.8449276980067	26.4223153328276	6.85603	19.5662853328276	17.3207586953783	23.1925896290641	116.885832830651
4	334400	334773	373	334586.5	27.5156952768499	42.5630192622813	70.0787145391312	3.60691	66.4718045391312	30.760735752748	49.1497984403321	79.9105341930801	9.40891	70.5016241930801	82.4436842893588	83.5679951650952	556.355461632307
4	337315	337448	133	337381.5	3.64383316080394	3.39313775933476	7.0369709201387	1.28611	5.7508609201387	6.93837272873519	7.96035398243085	14.898726711166	7.08811	7.81061671116603	7.13268077163177	9.25819209168234	48.1335342735195
4	340306	340437	131	340371.5	8.26004848510462	8.60994206697165	16.8699905520763	1.26677	15.6032205520763	14.0754418127633	14.1745399949954	28.2499818077586	7.06877	21.1812118077586	19.3523704977097	25.1068174130855	130.595777162793
4	341277	341452	175	341364.5	11.4270903917382	8.50894391959077	19.936034311329	1.69225	18.243784311329	16.9672887673254	13.6766491278574	30.6439378951827	7.49425	23.1496878951827	22.6274102897406	27.4401196885898	152.69675786332
4	345035	345558	523	345296.5	26.0740217216121	20.1831297788321	46.2571515004442	5.05741	41.1997415004442	29.2449635567089	24.1767565233374	53.4217200800463	10.85941	42.5623100800463	51.099236805979	50.4505671137957	344.833442698515
4	351219	351410	191	351314.5	9.10743294144679	14.9452258582275	24.0526587996743	1.84697	22.2056887996743	14.3986358843821	19.4384434386881	33.8370793230702	7.64897	26.1881093230702	27.5412832481534	31.0416649026381	185.857091268424
4	352638	352742	104	352690	3.91732814405811	7.85895584238707	11.7762839864452	1.00568	10.7706039864452	9.55792467803182	12.751166104085	22.3090907821168	6.80768	15.5014107821168	13.3585703114387	18.3743542949361	90.147761061758
4	356934	357365	431	357149.5	40.9938480457458	50.045782005216	91.0396300509618	4.16777	86.8718600509618	45.4357665671902	56.4845638979958	101.920330465186	9.96977	91.950560465186	107.745475744602	108.992155575569	727.099770144765
4	361381	361507	126	361444	5.01530800370375	5.71479517294065	10.7301031766444	1.21842	9.5116831766444	9.03363429514274	9.68362237234644	18.7172566674892	7.02042	11.6968366674892	11.7971553550053	13.8646620026605	79.6108503647885
4	362431	362584	153	362507.5	11.7269848907434	8.78433886799369	20.5113237587371	1.47951	19.0318137587371	14.6471313262053	15.4203171435806	30.0674484697859	7.28151	22.7859384697859	23.6047878624314	27.0089550087574	159.292403792182
4	363642	363837	195	363739.5	16.9378893066026	13.0738601848752	30.0117494914778	1.88565	28.1260994914778	20.6806206533073	15.4944157843818	36.175036437689	7.68765	28.487386437689	34.8842532987265	33.7670769906129	235.409722588251
4	366097	366579	482	366338	48.103017641537	64.8926096683715	112.995627309908	4.66094	108.334687309908	59.2321134994188	73.1245586689077	132.356672168326	10.46294	121.893732168326	134.365402294842	144.484824811993	906.739261661145
4	369169	369474	305	369321.5	24.0752583851279	13.6212501440465	37.6965085291743	2.94935	34.7471585291743	33.3822876653591	27.3205988555231	60.7028865208821	8.75135	51.9515365208821	43.0962238439779	61.5799395047479	290.826637819488
4	372062	372167	105	372114.5	6.21208605108434	8.93243615143041	15.1445222025148	1.01535	14.1291722025148	11.0284977031638	13.3249555790073	24.353453282171	6.81735	17.536103282171	17.5241370444272	20.7861451572476	118.258292786152
4	375351	375484	133	375417.5	7.00997141539332	5.56449792985801	12.5744693452513	1.28611	11.2883593452513	10.5040073239432	10.2821113942025	20.7861187181457	7.08811	13.6980087181457	14.0007321970155	16.236719925692	94.4812679322028
4	378499	378642	143	378570.5	2.095461562739	2.46985469520834	4.56531625794734	1.38281	3.18250625794734	9.50862558233006	7.58616084629297	17.094786428623	7.18481	9.90997642862303	3.94720051604226	11.746635226521	26.6369290041714
4	381528	381708	180	381618	9.43022702040272	8.60764210916001	18.0378691295627	1.7406	16.2972691295627	13.5492514647254	12.4262720636489	25.9755235283743	7.5426	18.4329235283743	20.2131854281979	21.8491769789461	136.404822357217
4	385790	386258	468	386024	103.412003103286	103.432902719922	206.844905823208	4.52556	202.319345823208	112.046744715357	110.868866321298	222.915611036655	10.32756	212.588051036655	250.932743413921	251.987914101586	1693.37170583888
4	386517	387610	1093	387063.5	310.111111600868	280.378756984422	590.48986858529	10.56931	579.92055858529	324.435248851786	300.487888120619	624.923136972405	16.37131	608.551826972405	719.26417187559	721.337369403915	4853.81692762454
4	407456	407795	339	407625.5	11.0031981672357	13.9975432416645	25.0007414089002	3.27813	21.7226114089002	13.9481441477971	17.8903718351204	31.8385159829174	9.08013	22.7583859829174	26.9421317707948	26.9762961003171	181.813831925434
4	411476	411579	103	411527.5	37.2246171851244	11.626186739694	48.8508039248184	0.99601	47.8547939248184	50.2497782632922	22.107494480018	72.3572727433102	6.79801	65.5592627433102	59.3533686865306	77.7096444892669	400.534875650741
4	413246	413737	491	413491.5	12.6508679438642	14.6230317682659	27.2738997121301	4.74797	22.5259297121301	17.4670795996122	18.1169676786501	35.5840472782623	10.54997	25.0340772782623	27.9384718135323	29.6737511071097	188.537442462712
4	417010	417157	147	417083.5	5.08930664633925	5.58909747862603	10.6784041249653	1.42149	9.25691412496527	9.28242973146317	13.6728491975599	22.955278929023	7.22349	15.731788929023	11.4811702631462	18.6474294203272	77.4784853065611
4	421754	421939	185	421846.5	11.0773968062026	12.0501789623623	23.1275757685649	1.78895	21.3386257685649	15.9942066166686	16.2926011431879	32.2868077598565	7.59095	24.6958577598565	26.4658818611837	29.2728479023627	178.599950345565
4	423626	423705	79	423665.5	4.24222218449424	5.3898011343388	9.63202331883304	0.76393	8.86809331883304	11.0798967603457	12.4784711061566	23.5583678665023	6.56593	16.9924378665023	10.9989233915869	20.1417198784255	74.2241343740451
4	432071	432236	165	432153.5	8.15945033038663	6.88857364220481	15.0480239725914	1.59555	13.4524739725914	10.8040018211142	9.78402053073298	20.5880223518472	7.39755	13.1904723518472	16.6848414120343	15.6351196492389	112.59446646603
4	442432	442822	390	442627	6.43638193680248	7.90885492708317	14.3452368638857	3.7713	10.5739368638857	10.8290013625451	11.9271812185222	22.7561825810673	9.5733	13.1828825810673	13.1146479104326	15.6261232334102	88.5016973131035
4	444251	444406	155	444328.5	1.69656887966738	2.22085926255646	3.91742814222384	1.49885	2.41857814222384	6.13838740294602	7.46266311162426	13.6010505145703	7.30085	6.30020051457028	2.99971535554241	7.46784392794763	20.2430063113243
4	452744	452940	196	452842	5.26650339600155	6.26358510643202	11.5300885024336	1.89532	9.63476850243357	8.8592374941207	8.08565168408258	16.9448891782033	7.69732	9.24756917820328	11.9498156868613	10.9614611750863	80.6410494653603
4	453930	454020	90	453975	2.67125100097576	2.64465148889327	5.31590248986903	0.8703	4.44560248986903	5.74159468135459	5.7149951692721	11.4565898506267	6.6723	4.78428985062669	5.51379416719442	5.67098298346477	37.2087871336304
4	461496	461583	87	461539.5	6.33758374906752	5.813093369847	12.1506771189145	0.84129	11.3093871189145	12.9017633416648	14.4211354716699	27.3228988133347	6.64329	20.6796088133347	14.0268125350658	24.5122501659818	94.6572661137565
4	465325	465820	495	465572.5	43.437003230706	32.5388031374801	75.9758063681861	4.78665	71.1891563681861	55.9128743845538	43.4173035920584	99.3301779766122	10.58865	88.7415279766122	88.2945238682283	105.188379214965	595.838735371187
4	471539	471761	222	471650	8.80733844611013	11.3260922443573	20.1334306904675	2.14674	17.9866906904675	12.0277793732402	14.0467423392006	26.0745217124407	7.94874	18.1257817124407	22.3085420800076	21.4851112416995	150.544936634623
4	477597	477767	170	477682	5.86279245821165	5.49029929089107	11.3530917491027	1.6439	9.70919174910271	8.88173708140852	8.11025123285059	16.9919883142591	7.4459	9.54608831425912	12.0421213899293	11.3153061538954	81.2639568776664
4	482366	482582	216	482474	17.1390856160386	15.2702198968294	32.409305512868	2.08872	30.320585512868	21.9799968187203	19.0890498476497	41.06904666637	7.89072	33.17832666637	37.6060315621464	39.3274094629057	253.777123502686
4	485416	485652	236	485534	30.3877425945988	28.7920718641465	59.1798144587453	2.28212	56.8976944587453	37.1266189827153	36.7031267508756	73.8297457335909	8.08412	65.7456257335909	70.5691020617281	77.9305469386641	476.222110801491
4	489256	489334	78	489295	5.01540800186947	4.51551717141696	9.53092517328643	0.75426	8.77666517328643	7.16236861995615	10.1069146078546	17.2692832278108	6.55626	10.7130232278108	10.8855268436992	12.6985141626442	73.4588994225579
4	504904	505076	172	504990	12.9484624850578	10.2283123810431	23.1767748661009	1.66324	21.5135348661009	14.371536381471	13.123859267737	27.495395649208	7.46524	20.030155649208	26.6828182076027	23.7424310376869	180.063903857555
4	507355	507670	315	507512.5	43.1863078292368	27.6471928647765	70.8335006940133	3.04605	67.7874506940133	56.3859657065923	44.1185907282783	100.504556434871	8.84805	91.6565064348707	84.0754545862785	108.643603239861	567.367151910902
4	512113	512503	390	512308	28.8680704700965	26.4480148614185	55.316085331515	3.7713	51.544785331515	31.6135201100392	28.2947809860028	59.908301096042	9.5733	50.335001096042	63.9299931466813	59.6638045771713	431.41935195954
4	521448	521608	160	521528	21.8540991280742	13.5985505604272	35.4526496885014	1.5472	33.9054496885014	29.9891499060243	21.0836132611735	51.0727631671978	7.3492	43.7235631671979	42.0522687655033	51.8270402586805	283.781706305152
4	538832	539067	235	538949.5	53.0479269365713	63.5926335139641	116.640560450535	2.27245	114.368110450535	92.4465042445278	110.071480947818	202.517985192345	8.07445	194.443535192345	141.848539484192	230.480596650323	957.237784153497
4	543720	543806	86	543763	29.1641650388042	21.2065110068479	50.3706760456521	0.83162	49.5390560456521	44.6358812395667	37.7497075533393	82.385588792906	6.63362	75.7519687929061	61.4423261853269	89.7914088403847	414.63180646589
4	546000	546502	502	546251	159.7567695656	151.960812567619	311.717582133219	4.85434	306.863242133219	167.842321251517	162.54061850118	330.382939752697	10.65634	319.726599752697	380.596501476757	378.982913487378	2568.38281913212
4	548520	548675	155	548597.5	42.9634119178388	21.6832022628525	64.6466141806913	1.49885	63.1477641806913	49.8750851363257	28.9936681662454	78.8687533025711	7.30085	71.5679033025711	78.3209417855807	84.8318923942222	528.533921041882
4	550698	551960	1262	551329	1184.93216467081	1281.98518441756	2466.91734908837	12.20354	2454.71380908837	1191.04615252132	1287.52738275646	2478.57353527778	18.00554	2460.56799527778	3044.53371922639	2916.59570522269	20545.4544810287
4	553030	553164	134	553097	16.0452056811876	13.746247851201	29.7914535323886	1.29578	28.4956735323886	21.9593971965812	18.8628539967828	40.8222511933641	7.09778	33.7244711933641	35.3426287823116	39.9747733174786	238.502982017025
4	556633	556903	270	556768	46.0319556312346	49.8520855582093	95.8840411894439	2.6109	93.2731411894439	54.6401977293889	59.7845033668762	114.424701096265	8.4129	106.011801096265	115.684860042763	125.659426755806	780.677189135125
4	560798	560977	179	560887.5	51.2199604671431	61.9471636969815	113.167124164125	1.73093	111.436194164125	58.0818345990997	67.4110634721215	125.492898071221	7.53293	117.959968071221	138.212140828317	139.821999198965	932.698242158166
4	562540	563146	606	562843	315.286716664227	361.752664334702	677.039380998929	5.86002	671.179360998929	350.11427781879	394.285467582239	744.399745401029	11.66202	732.737725401029	832.450686774337	868.53917756417	5617.63451158921
4	565676	565862	186	565769	27.6940920045009	25.148438699674	52.8425307041749	1.79862	51.0439107041749	33.7092816672754	29.5658576705161	63.2751393377915	7.60062	55.6745193377915	63.3087681035028	65.9929188311696	427.22713337234
4	568837	568952	115	568894.5	4.26692173142798	9.70592196330282	13.9728436947308	1.11205	12.8607936947308	12.1778766199913	19.2641466358318	31.4420232558232	6.91405	24.5279732558232	15.9509918894225	29.0738486369992	107.642223083889
4	569884	570069	185	569976.5	60.5057901362408	77.8954711555829	138.401261291824	1.78895	136.612311291824	71.0362969741008	84.459350753683	155.495647727784	7.59095	147.904697727784	169.437588467339	175.316515131058	1143.41721336414
4	570340	570499	159	570419.5	51.1534616869368	27.1507019719586	78.3041636588954	1.53753	76.7666336588954	63.6804319034694	40.3237603372317	104.004192240701	7.33953	96.6646622407011	95.2121603018175	114.579942224357	642.521083989985
4	573881	574029	148	573955	20.7045202149152	27.7700906104509	48.4746108253661	1.43116	47.0434508253661	30.9326325996269	37.9015047689078	68.8341373685347	7.23316	61.6009773685347	58.3470756453627	73.01775296411	393.744099203981
4	575914	576323	409	576118.5	86.9246055332681	68.0650514759541	154.989657009222	3.95503	151.034627009222	93.7621801109538	74.1784393374692	167.940619448423	9.75703	158.183589448423	187.325305702798	187.500438316437	1264.12905764748
4	579179	579355	176	579267	20.1352306574505	14.3198373297918	34.4550679872423	1.70192	32.7531479872423	29.6419562746318	24.1267574404755	53.7687137151073	7.50392	46.2647937151073	40.6230914124382	54.8392480563263	274.13717582507
4	587761	588030	269	587895.5	70.0589149023179	52.3445398388712	122.403454741189	2.60123	119.802224741189	77.2214835186055	56.9859547009342	134.20743821954	8.40323	125.80420821954	148.588365581545	149.120046304848	1002.7202136693
4	589469	589711	242	589590	247.693556532323	279.995464015203	527.689020547526	2.34014	525.348880547526	252.011977319098	284.935273403786	536.947250722884	8.14214	528.805110722884	651.579982669662	626.810849281187	4397.06310038525
4	591547	592400	853	591973.5	626.435709227141	665.644390018388	1292.08009924553	8.24851	1283.83158924553	629.555352003221	670.4114025766	1299.96675457982	14.05051	1285.91624457982	1592.31131091311	1524.24066451949	10745.4088458266
4	593011	593090	79	593050.5	20.4826242851744	26.9948048315954	47.4774291167699	0.76393	46.7134991167699	36.1274373108046	36.7772253916768	72.9046627024814	6.56593	66.3387327024814	57.9378429686987	78.6335769876299	390.982470624387
4	593301	593773	472	593537	411.178557710597	277.930301896679	689.108859607276	4.56424	684.544619607276	438.297060273193	310.339707407712	748.636767680905	10.36624	738.270527680905	849.027356669067	875.097398023147	5729.49900322498
4	598278	598389	111	598333.5	21.3341086663113	22.0783950137924	43.4125036801037	1.07337	42.3391336801037	28.7967717779355	27.3941975054957	56.1909692834312	6.87537	49.3155992834312	52.5124027308834	58.4554726171267	354.369923112876
4	599633	600555	922	600094	250.756200353941	224.579780510628	475.335980864568	8.91574	466.420240864568	269.892949326641	243.716129490665	513.609078817305	14.71774	498.891338817305	578.491938809455	591.353028633978	3903.84239182339
4	602890	603046	156	602968	31.1403287898349	27.4944956657165	58.6348244555514	1.50852	57.1263044555514	40.0733649302597	42.0411288353696	82.1144937656292	7.31052	74.8039737656293	70.8526425874104	88.6677177940758	478.135529899839
4	610160	610388	228	610274	53.816612836489	61.2995755757551	115.116188412244	2.20476	112.911428412244	62.7253494226429	65.8422922482489	128.567641670892	8.00676	120.560881670892	140.04184512848	142.904951366519	945.045652264134
4	611881	611987	106	611934	17.7416745626893	8.85853750696064	26.6002120696499	1.02502	25.5751920696499	25.2267372634357	19.2904461534171	44.5171834168528	6.82702	37.6901634168528	31.720412515485	44.6754444346596	214.059147166204
4	614074	614191	117	614132.5	22.3843894009067	24.426551941315	46.8109413422218	1.13139	45.6795513422218	28.8229712973551	30.4415416077581	59.2645129051132	6.93339	52.3311229051132	56.6554576853813	62.0298762754992	382.328538398525
4	616197	616651	454	616424	517.403409217523	431.930577054231	949.333986271754	4.39018	944.943806271754	531.974941930442	450.444337454473	982.419279384914	10.19218	972.227099384914	1171.99539527458	1152.41415315858	7908.98714424735
4	617220	617671	451	617445.5	173.14782393215	148.195481635461	321.343305567611	4.36117	316.982135567611	183.277438123624	157.65080819546	340.928246319084	10.16317	330.765076319084	393.146767885902	392.067198663611	2653.07589564677
4	619925	620144	219	620034.5	33.1309922748955	24.4765510241769	57.6075432990724	2.11773	55.4898132990724	55.4624826461345	39.9196677495424	95.3821503956769	7.91973	87.4624203956769	68.8229344851178	103.672209093175	464.438432323917
4	621304	622022	718	621663	178.388327805064	199.898233246717	378.286561051781	6.94306	371.343501051781	188.742537876753	208.381077645054	397.123615521807	12.74506	384.378555521807	460.570110528526	455.617095876289	3108.06944965964
4	623172	623385	213	623278.5	13.1994578810241	15.7164117122883	28.9158695933124	2.05971	26.8561595933124	17.591977308601	19.4592430571586	37.0512203657596	7.86171	29.1895103657596	33.3091715816479	34.5993285833651	224.780584366599
4	626056	626364	308	626210	119.181013850745	117.589543043253	236.770556893997	2.97836	233.792196893997	124.996807171066	122.529252433669	247.526059604736	8.78036	238.745699604736	289.967907501255	282.993472825752	1956.79305730928
4	628638	629133	495	628885.5	1043.75385431867	600.217890143218	1643.97174446189	4.78665	1639.18509446189	1059.62276323369	613.944438355772	1673.56720158946	10.58865	1662.97855158946	2033.04934109444	1971.18555989985	13719.6452879999
4	629584	629804	220	629694	204.333051898395	186.751874391692	391.084926290088	2.1274	388.957526290088	253.264654341118	218.166398151942	471.43105249306	7.9294	463.50165249306	482.416442907796	549.404418662393	3255.49525238314
4	630692	631140	448	630916	550.909094619385	510.153942195222	1061.06303681461	4.33216	1056.73087681461	559.992228006561	518.26449342257	1078.25672142913	10.13416	1068.12256142913	1310.64272124031	1266.0823359868	8844.62215021111
4	636213	636993	780	636603	374.700726827097	373.767243950067	748.467970777164	7.5426	740.925370777164	396.906919496684	392.376902591237	789.283822087921	13.3446	775.939222087921	918.955304039756	919.747394503511	6201.39440401605
4	643928	644171	243	644049.5	101.696634568462	125.193903555707	226.89053812417	2.34981	224.54072812417	105.21527002578	129.810518872671	235.025788898451	8.15181	226.873978898451	278.49349100601	268.921514768912	1879.36014851583
4	645038	645133	95	645085.5	46.925939232804	76.3899987706134	123.315938003417	0.91865	122.397288003417	60.1027975283745	94.6790632924739	154.781860820848	6.72065	148.061210820848	151.806971993472	175.50203547267	1024.44036447959
4	651400	651515	115	651457.5	0.923283064126425	105.164970948421	106.088254012548	1.11205	104.976204012548	6.68957729241475	115.820975484264	122.510552776679	6.91405	115.596502776679	130.199940884874	137.020502658031	878.629440689042
4	652347	652635	288	652491	87.4015967837699	115.666878310884	203.068475094654	2.78496	200.283515094654	93.0403933507605	120.982780800753	214.023174151514	8.58696	205.436214151514	248.407742219578	243.51059635069	1676.3322174025
4	654758	654983	225	654870.5	136.900188826146	121.432972542841	258.333161368987	2.17575	256.157411368987	144.835743263477	125.825491970418	270.661235233895	7.97775	262.683485233895	317.707047336919	311.367751810336	2143.98534597978
4	657539	657779	240	657659	105.089272336968	99.576273462458	204.665545799426	2.3208	202.344745799426	111.653451929566	103.343904352428	214.997356281994	8.1228	206.874556281994	250.96424650963	245.215512649873	1693.58429846507
4	664950	665160	210	665055	73.2526563191997	84.6788467274464	157.931503046646	2.0307	155.900803046646	78.5687588054002	90.1449464622324	168.713705267633	7.8327	160.881005267633	193.36072904819	190.697777877304	1304.85795969032
4	666855	666985	130	666920	52.1451434964182	52.8380307867174	104.983174283136	1.2571	103.726074283136	64.3723192121113	67.9830529800607	132.355372192172	7.0591	125.296272192172	128.649429334195	148.517972296412	868.166109543912
4	668449	668567	118	668508	34.8064615415952	39.3980773171279	74.2045388587231	1.14106	73.0634788587231	43.8891949361083	49.5521910592041	93.4413859953124	6.94306	86.4983259953124	90.6192095411637	102.529434907325	611.526432759584
4	668842	668937	95	668889.5	7.58556085729862	11.6508862866277	19.2364471439264	0.91865	18.3177971439264	16.9440891928775	22.4816876161558	39.4257768090333	6.72065	32.7051268090333	22.7192069642303	38.7665094291456	153.31623019346
4	671044	671228	184	671136	49.5520910610384	50.6194714819726	100.171562543011	1.77928	98.3922825430109	61.729867682864	56.0856712149242	117.815538897788	7.58128	110.234258897788	122.034031341966	130.664450926258	823.523359337232
4	674261	674369	108	674315	15.319218998034	17.7640741518114	33.0832931498454	1.04436	32.0389331498454	26.2981176109988	33.3078890300607	59.6060066410595	6.84636	52.7596466410595	39.7372646626248	62.5378201690415	268.159343143685
4	674596	674994	398	674795	95.3064517842241	104.565581943074	199.872033727298	3.84866	196.023373727298	118.635623854888	132.286473455988	250.922097310876	9.65066	241.271437310876	243.123971869826	285.987316426249	1640.67570208014
4	675626	676073	447	675849.5	237.001152664156	205.307934016035	442.309086680191	4.32249	437.986596680191	245.212502042553	209.848650725214	455.061152767768	10.12449	444.936662767768	543.226243819141	527.398699086991	3665.85858281193
4	679718	680463	745	680090.5	266.891304386114	292.408836315474	559.300140701588	7.20415	552.095990701588	278.791686096222	306.65537498979	585.447061086013	13.00615	572.440911086013	684.753902356107	678.533861275695	4620.93096316206
4	681737	682087	350	681912	158.927384779088	164.959574130035	323.886958909123	3.3845	320.502458909123	170.704368752693	176.063570448321	346.767939201014	9.1865	337.581439201014	397.512956349963	400.146867563161	2682.54028481661
4	687897	688082	185	687989.5	35.7770437381089	43.8334959578002	79.6105396959092	1.78895	77.8215896959092	42.1910260857893	50.0725815136299	92.2636075994193	7.59095	84.6726575994193	96.5206017238269	100.365407490549	651.350851092652
4	690476	690948	472	690712	428.749835398893	480.332789207613	909.082624606507	4.56424	904.518384606507	437.384577010965	485.922186680737	923.306763691701	10.36624	912.940523691701	1121.85653227633	1082.13973994341	7570.63460081655
4	693291	693420	129	693355.5	32.860897229276	38.3742960964492	71.2351933257252	1.24743	69.9877633257252	50.5270731768439	58.4377280709101	108.964801247754	7.04943	101.915371247754	86.8044594809772	120.803787844041	585.783320366669
4	694220	694392	172	694306	82.3843888149174	75.0062241533296	157.390612968247	1.66324	155.727372968247	86.6270109920745	77.8770714930897	164.504082485164	7.46524	157.038842485164	193.145627100395	186.143530446784	1303.40638526718
4	699447	700140	693	699793.5	1516.29528644393	1855.28836825993	3371.58365470386	6.70131	3364.88234470386	1529.07175208394	1866.14396913456	3395.2157212185	12.50331	3382.7124112185	4173.39802373339	4009.64513457778	28163.3796946801
4	703097	703219	122	703158	53.3189219656824	53.6726154778469	106.991537443529	1.17974	105.811797443529	81.8397988043864	77.7259742646813	159.565773069068	6.98174	152.584033069068	131.236311139838	180.863091931975	885.623187470161
4	704092	704437	345	704264.5	483.645228447209	422.561048920423	906.206277367632	3.33615	902.870127367632	498.590954296265	436.585691664998	935.176645961264	9.13815	926.038495961264	1119.81223093125	1097.66521607	7556.83902352809
4	709275	709555	280	709415	185.512197131216	234.381200722197	419.893397853413	2.7076	417.185797853413	191.303090908273	238.749220599171	430.052311507444	8.5096	421.542711507444	517.427418236908	499.669045647219	3491.76013439715
4	715425	715651	226	715538	236.162168053735	254.547030818358	490.709198872093	2.18542	488.523778872093	241.576968729504	258.464658956914	500.041627686418	7.98742	492.054207686418	605.906526420018	583.248742416056	4088.84450177279
4	716636	716863	227	716749.5	117.686441265839	145.803225516854	263.489666782693	2.19509	261.294576782693	124.799610788259	149.371360066205	274.170970854464	7.99709	266.173880854464	324.0785735268	315.505037549245	2186.98237389319
4	720436	720648	212	720542	80.0669313242719	81.2824090286428	161.349340352915	2.05004	159.299300352915	87.9268871483162	89.1934639153719	177.120351063688	7.85204	169.268311063688	197.575819053928	200.639539336493	1333.30268976489
4	721597	722201	604	721899	444.531245918902	454.424564444771	898.955810363673	5.84068	893.115130363673	484.26931699949	479.273008647274	963.542325646764	11.64268	951.899645646764	1107.71329817601	1128.31932449114	7475.19168599923
4	722427	722833	406	722630	142.482886422166	69.6275228153861	212.110409237552	3.92602	208.184389237552	191.180293160764	104.882976121081	296.063269281845	9.72802	286.335249281845	258.207042508824	339.402999596854	1742.4609243264
4	727652	728154	502	727903	155.491547802989	146.803807163085	302.295354966074	4.85434	297.441014966074	164.101789864458	153.16669044808	317.268480312538	10.65634	306.612140312538	368.910296667717	363.43789455155	2489.52069734189
4	730330	730531	201	730430.5	98.9478849890507	96.6220276524844	195.569912641535	1.94367	193.626242641535	104.163089326036	102.962111355695	207.125200681731	7.74567	199.379530681731	240.150856880621	236.331401534792	1620.61220326197
4	731507	731651	144	731579	65.1159055724324	70.3882088620459	135.504114434478	1.39248	134.111634434478	70.8821998007207	75.404116854744	146.286316655465	7.19448	139.091836655465	166.336047674726	164.870328395483	1122.48705753329
4	741763	742145	382	741954	42.2919242350045	57.26104965484	99.5529738898444	3.69394	95.8590338898444	47.3590312885531	62.9264457339131	110.285477022466	9.49594	100.789537022466	118.8920923855	119.469297891897	802.320584211244
4	744004	744236	232	744120	124.052224497641	128.715738954329	252.767963451969	2.24344	250.524523451969	128.843836604621	133.731546948861	262.575383553481	8.04544	254.529943553481	310.720686182926	301.703078981506	2096.83922170764
4	746256	746691	435	746473.5	141.185510220067	138.450960380188	279.636470600256	4.20645	275.430020600256	144.730845187633	141.221009568899	285.951854756532	10.00845	275.943404756532	341.6104891332	327.085189574926	2305.29315881957
4	750989	751554	565	751271.5	235.388982236359	277.087817350457	512.476799586816	5.46355	507.013249586816	244.297418828016	283.600797882204	527.89821671022	11.26555	516.63266671022	628.838656769881	612.382433566793	4243.59760477861
4	755187	755531	344	755359	162.774414212642	160.645953255215	323.420367467857	3.32648	320.093887467857	167.642024925572	165.338867172625	332.980892098198	9.12848	323.852412098197	397.006213150392	383.873380481395	2679.12062509183
4	765270	765606	336	765438	407.680221880921	497.716070344349	905.39629222527	3.24912	902.14717222527	412.422334895868	504.379048124681	916.801383020549	9.05112	907.750263020549	1118.91556375145	1075.98754581119	7550.78803627483
4	768112	768402	290	768257	107.561326991823	193.903843202413	301.465170194236	2.8043	298.660870194236	111.779049625715	203.137173834506	314.916223460221	8.6063	306.309923460221	370.423259344248	363.07966654273	2499.73063707941
4	769069	769469	400	769269	444.374248798716	448.166279241122	892.540528039838	3.868	888.672528039838	452.285203687279	457.749203460585	910.034407147864	9.67	900.364407147864	1102.20322505631	1067.23283732152	7438.00800964408
4	769976	770303	327	770139.5	379.016447663398	227.361129492065	606.377577155463	3.16209	603.215487155463	409.382090663372	244.677811850429	654.059902513801	8.96409	645.095812513801	748.156417992541	764.654209859576	5048.79073386024
4	771618	771783	165	771700.5	28.5164769194122	32.0101128352992	60.5265897547113	1.59555	58.9310397547113	32.9832949841217	36.9024230951628	69.8857180792846	7.39755	62.4881680792846	73.0910206224495	74.0693705668962	493.24079667347
4	775827	775939	112	775883	22.9539789528686	19.7610375213126	42.7150164741812	1.08304	41.6319764741812	30.5651393405925	26.6481111910316	57.2132505316241	6.88504	50.3282105316241	51.6353294239042	59.6557554880766	348.451161369075
4	781259	781371	112	781315	17.7129750891266	20.2339288470197	37.9469039361463	1.08304	36.8638639361463	24.3511533243594	30.0921480167197	54.4433013410791	6.88504	47.5582613410791	45.7215323265128	56.3724396324152	308.543030837557
4	784242	784820	578	784531	377.564774291588	373.437050006847	751.001824298435	5.58926	745.412564298435	385.776023671819	378.878250198368	764.654273870187	11.39126	753.263013870187	924.520682753	892.868506529065	6238.95129960915
4	787361	787568	207	787464.5	56.5374629276637	83.0529765509457	139.590439478609	2.00169	137.588749478609	65.2958022725692	89.8905511286314	155.186353401201	7.80369	147.382663401201	170.64864572925	174.697729924629	1151.58980205691
4	789289	789437	148	789363	32.4560046562609	57.405047013482	89.8610516697429	1.43116	88.4298916697429	39.9908664435377	67.3127652752151	107.303631718753	7.23316	100.070471718753	109.677872010691	118.616965105073	740.140177374787
4	790095	790328	233	790211.5	90.0436483203543	96.5749285164285	186.618576836783	2.25311	184.365466836783	96.7312256494546	103.58539992265	200.316625572105	8.05511	192.261515572105	228.664897051261	227.894173895366	1543.10139648233
4	793950	794702	752	794326	774.573591919145	865.82171814564	1640.39531006478	7.27184	1633.12347006478	796.555688699345	892.167434883523	1688.72312358287	13.07384	1675.64928358287	2025.53122643604	1986.20461346184	13668.9107267363
4	802514	802647	133	802580.5	22.5549862716313	80.1409299669074	102.695916238539	1.28611	101.409806238539	26.9720052498104	93.2175901004228	120.189595350233	7.08811	113.101485350233	125.776607199724	134.063072859548	848.779417905997
4	803751	803903	152	803827	8.80713844977868	25.8210263623313	34.62816481211	1.46984	33.15832481211	10.4029091783966	29.2140641235003	39.6169733018969	7.27184	32.345133301897	41.1256243354174	38.3397967681515	277.528423302175
4	806012	806575	563	806293.5	581.10564072112	929.26245444587	1510.36809516699	5.44421	1504.92388516699	589.61508463154	933.904069304264	1523.5191539358	11.24621	1512.2729439358	1866.52777863407	1792.5490300908	12595.9063193579
4	807839	808271	432	808055	284.154487725816	252.727364196685	536.881851922501	4.17744	532.704411922501	287.6484236362	256.669691882174	544.318115518374	9.97944	534.338675518374	660.702904947211	633.369973576094	4458.6273994448
4	811695	812123	428	811909	310.670201345429	377.883668442081	688.55386978751	4.13876	684.41510978751	315.636510247928	384.696643470998	700.333153718927	9.94076	690.392393718927	848.866728162481	818.345802393367	5728.41503241869
4	814207	814456	249	814331.5	108.227414773708	105.706761010312	213.93417578402	2.40783	211.52634578402	116.711659146365	114.290103565201	231.001762711566	8.20983	222.791932711566	262.352006111603	264.082925305	1770.43241976053
4	816598	816804	206	816701	78.7616552670811	74.4210348875148	153.182690154596	1.99202	151.190670154596	84.9987408595964	77.890371249131	162.889112108727	7.79402	155.095092108727	187.518842976261	183.839536405237	1265.43510698344
4	817578	817886	308	817732	190.601803772053	230.122478840358	420.724282612411	2.97836	417.745922612411	202.878678576111	241.175476094124	444.054154670235	8.78036	435.273794670235	518.12213006418	515.944969847448	3496.44826451524
4	819222	819332	110	819277	20.83231787071	16.0166062057907	36.8489240765007	1.0637	35.7852240765007	25.9735235650598	20.8840169223892	46.857540487449	6.8657	39.991840487449	44.3837163206574	47.4037012728343	299.515034964587
4	820939	821252	313	821095.5	99.6632718666376	119.89550074484	219.558772611478	3.02671	216.532062611478	104.029291780298	124.537015605069	228.566307385367	8.82871	219.737597385367	268.5604991806	260.462516801029	1812.32924978719
4	826343	826567	224	826455	28.7139732967164	37.6772088831897	66.391182179906	2.16608	64.225102179906	35.9752401025732	43.4167036030641	79.3919437056373	7.96808	71.4238637056373	79.6571431193041	84.661157315734	537.551020608274
4	827371	827606	235	827488.5	99.8712680513428	68.1076506945524	167.978918745895	2.27245	165.706468745895	104.960974690345	73.9707431472612	178.931717837606	8.07445	170.857267837606	205.522505199159	202.522984342478	1386.92938387598
4	831431	832035	604	831733	347.447226740774	476.665056485201	824.112283225976	5.84068	818.271603225976	381.703498374558	511.72141344294	893.424911817498	11.64268	881.782231817498	1014.88632943004	1045.20674705852	6848.76661179546
4	832537	832768	231	832652.5	263.606664636589	340.031462768875	603.638127405464	2.23377	601.404357405464	285.689459569674	372.541766429123	658.231225998797	8.03577	650.195455998797	745.910109044691	770.698992330555	5033.63194683583
4	834959	837014	2055	835986.5	9584.09219803838	8542.7323998053	18126.8245978437	19.87185	18106.9527478437	9590.15458683538	8549.59467392992	18139.7492607653	25.67385	18114.0754107653	22457.7007670488	21471.235360498	151551.505553765
4	838143	838388	245	838265.5	329.308259465665	262.758080202258	592.066339667924	2.36915	589.697189667924	336.0946349825	270.718334186524	606.812969169024	8.17115	598.641819169024	731.389936957169	709.590696987816	4935.64533798438
4	842034	842332	298	842183	327.43649379965	385.178534631621	712.615028431271	2.88166	709.73336843127	334.173370224452	390.918129349661	725.091499574113	8.68366	716.407839574113	880.268471154937	849.182803360749	5940.32369915548
4	844924	845396	472	845160	379.242343519768	298.250629158884	677.492972678652	4.56424	672.928732678651	394.611461602498	316.813188663998	711.424650266496	10.36624	701.058410266496	834.620398390679	830.98859792439	5632.27639614743
4	847930	848518	588	848224	1044.85603410128	1032.57975928622	2077.43579338749	5.68596	2071.74983338749	1055.66063591139	1042.13788396058	2097.79851987197	11.48796	2086.31055987197	2569.55096035915	2472.97552043319	17340.1240260059
4	851005	851206	201	851105.5	65.1687046039344	74.5956316848683	139.764336288803	1.94367	137.820666288803	71.2332933605764	82.0089957007908	153.242289061367	7.74567	145.496619061367	170.936287631159	172.462136829061	1153.53089850961
4	854064	854148	84	854106	19.7115384292794	26.2707181135905	45.9822565428699	0.81228	45.1699765428699	32.0130127821052	40.1941627144538	72.207175496559	6.61428	65.592895496559	56.0234419883372	77.7495105461564	378.06350114408
4	856065	856370	305	856217.5	186.597777218312	111.56285359142	298.160630809732	2.94935	295.211280809732	199.847034185867	127.281665259686	327.128699445553	8.75135	318.377349445553	366.144800829157	377.383600784522	2470.85827671905
4	857948	858169	221	858058.5	206.076519917787	165.549763304136	371.626283221923	2.13707	369.489213221923	228.410110250506	183.863927365594	412.2740376161	7.93907	404.3349676161	458.270273454953	479.272116147044	3092.54943829945
4	859141	859340	199	859240.5	149.138764332732	177.089251634148	326.22801596688	1.92433	324.30368596688	156.87492242761	188.418143827146	345.293066254756	7.72633	337.566736254756	402.227544221236	400.129439656274	2714.35578086264
4	861485	861827	342	861656	668.500837622284	404.123187127965	1072.62402475025	3.30714	1069.31688475025	678.130760979637	411.209857136469	1089.34061811611	9.10914	1080.23147811611	1326.2529017056	1280.43545058145	8949.96447247378
4	866731	866925	194	866828	26.822008001225	73.8262457977905	100.648253799016	1.87598	98.7722737990155	39.248580059371	119.661405038881	158.909985098252	7.67798	151.232005098252	122.505327094503	179.260486769025	826.703808734032
4	867604	868044	440	867824	239.4849071044	220.598753535004	460.083660639404	4.2548	455.828860639404	246.445879418589	226.439046405927	472.884925824516	10.0568	462.828125824516	565.355656237827	548.606064382975	3815.19469713013
4	870719	871014	295	870866.5	175.981771948759	143.801162240901	319.782934189659	2.85265	316.930284189659	183.816728231372	151.362423543928	335.1791517753	8.65465	326.5245017753	393.082457631901	387.040700096689	2652.64191017704
4	884374	884622	248	884498	108.95320146053	37.1510185351518	146.104219995682	2.39816	143.706059995682	121.480871664223	43.5628009231863	165.043672587409	8.20016	156.843512587409	178.235826797467	185.911999214163	1202.79044479966
4	889047	889523	476	889285	110.576871677385	104.131789900164	214.708661577549	4.60292	210.105741577549	117.840138446556	108.647907060576	226.488045507132	10.40492	216.083125507132	260.590058387897	256.130745841896	1758.54225197334
4	892469	892686	217	892577.5	87.3974968589752	74.5175331174381	161.915029976413	2.09839	159.816639976413	94.1365732434231	78.3591626500434	172.495735893467	7.90039	164.595345893467	198.217465311101	195.100513317996	1337.63271701551
4	893800	894744	944	894272	1437.09913914678	1138.10712358722	2575.206262734	9.12848	2566.077782734	1460.5743085394	1167.17309042728	2627.74739896668	14.93048	2612.81691896668	3182.65628635248	3097.06158050353	21477.5482521606
4	905113	905233	120	905173	33.5585844315298	31.5615210638629	65.1201054953927	1.1604	63.9597054953927	37.0526203400798	38.3230970355987	75.3757173756784	6.9624	68.4133173756784	79.3279767814687	81.0926534120894	535.329704428402
4	907103	907267	164	907185	39.0715833060402	39.0443838049633	78.1159671110035	1.58588	76.5300871110035	42.8905132550262	43.3116055308885	86.2021187859147	7.38788	78.8142387859147	94.9187762264287	93.421222577287	640.541237575969
4	909472	909968	496	909720	376.534993180966	213.220688871582	589.755682052547	4.79632	584.959362052547	381.425403475681	219.209179024108	600.634582499789	10.59832	590.036262499789	725.513701659396	699.39023527706	4895.99068608554
4	911427	911664	237	911545.5	94.5426657944269	127.924053476294	222.466719270721	2.29179	220.174929270721	103.175707437681	138.230664421099	241.40637185878	8.09379	233.31258185878	273.078675734481	276.553411866561	1842.81930156057
4	915001	915156	155	915078.5	60.0265989260931	68.3833456374525	128.409944563546	1.49885	126.911094563546	111.100962063943	123.198040166029	234.299002229972	7.30085	226.998152229972	157.405358340384	269.068701681085	1062.22000578601
4	916145	916419	274	916282	189.098431348564	184.79891021511	373.897341563673	2.64958	371.247761563673	195.286317843543	190.563004483752	385.849322327295	8.45158	377.397742327295	460.451366706445	447.342498376382	3107.26812964927
4	923924	924146	222	924035	252.461669070358	258.301161955956	510.762831026313	2.14674	508.616091026313	265.139536518967	272.051709728283	537.19124624725	7.94874	529.24250624725	630.826629783702	627.329309210072	4257.01306107888
4	924484	924685	201	924584.5	186.774073984483	204.078556566629	390.852630551112	1.94367	388.908960551112	198.952150600806	215.133553783709	414.085704384515	7.74567	406.340034384515	482.356207767812	481.648790612724	3255.08876704226
4	925904	926487	583	926195.5	172.580034347172	324.314351069426	496.894385416598	5.63761	491.256775416598	182.611150345408	340.033062739526	522.644213084934	11.43961	511.204603084934	609.296208794992	605.948363430317	4111.71912605447
4	926912	927619	707	927265.5	544.565410982209	596.445059348631	1141.01047033084	6.83669	1134.17378033084	551.253088309475	604.753106953283	1156.00619526276	12.63869	1143.36750526276	1406.69364587234	1355.27275073903	9492.80347512994
4	930356	931063	707	930709.5	612.00897385819	682.530980265974	1294.53995412416	6.83669	1287.70326412416	622.41438299073	689.543451635511	1311.95783462624	12.63869	1299.31914462624	1597.11327384429	1540.12758200681	10777.813975781
4	933348	933444	96	933396	27.9940865016718	27.7679906489707	55.7620771506425	0.92832	54.8337571506425	35.4550496444788	36.5509295426442	72.005979187123	6.73032	65.275659187123	68.0092408242905	77.3734794592621	458.947376020465
4	935928	936463	535	936195.5	249.244228088199	189.867817235641	439.112045323841	5.17345	433.938595323841	257.653073843901	201.821897960743	459.474971804644	10.97545	448.499521804644	538.205586592521	531.621878200598	3631.97763616221
4	940863	941058	195	940960.5	59.1838143853742	81.1117121597525	140.295526545127	1.88565	138.409876545127	62.6778502939241	84.6304476152362	147.30829790916	7.68765	139.62064790916	171.667073634175	165.497146526241	1158.46246831471
4	943461	943649	188	943555	61.2520764470364	76.3454995868664	137.597576033903	1.81796	135.779616033903	66.3435830530216	81.8361988704203	148.179781923442	7.61996	140.559821923442	168.404812759966	166.610381723061	1136.44772370109
4	946309	946662	353	946485.5	109.327594592999	108.229814729685	217.557409322685	3.41351	214.143899322685	115.266385657161	113.346020882604	228.612406539765	9.21551	219.396896539765	265.598506775282	260.058672393984	1792.34080960263
4	950269	950532	263	950400.5	148.67837277774	129.637222051472	278.315594829212	2.54321	275.772384829212	152.371905026909	136.299899837307	288.671804864216	8.34521	280.326594864216	342.035116817069	332.280735265099	2308.15867766577
4	952499	952702	203	952600.5	97.0272202199966	105.18417059624	202.211390816237	1.96301	200.248380816237	100.821250625717	106.782041286338	207.603291912056	7.76501	199.838281912056	248.364165858478	236.875175114998	1676.03815065009
4	954098	954264	166	954181	40.5414563440121	69.3066287015789	109.848085045591	1.60522	108.242865045591	46.7560423492395	75.5458142555744	122.301856604814	7.40722	114.894636604814	134.251516929121	136.188556592557	905.97072801584
4	954880	956087	1207	955483.5	3242.72291840923	3279.64724110269	6522.37015951191	11.67169	6510.69846951191	3249.18639984894	3290.37524431785	6539.56164416679	17.47369	6522.08795416679	8075.09248237218	7730.85472651611	54493.2197593894
4	959728	960572	844	960150	1183.01659980821	1133.65160531524	2316.66820512344	8.16148	2308.50672512344	1190.22656755505	1140.53867898496	2330.76524654	13.96348	2316.80176654	2863.19592112018	2746.18465944083	19321.7309751423
4	964831	965023	192	964927	64.838510660715	60.9459820617563	125.784492722471	1.85664	123.927852722471	69.9776163935846	68.3822456576295	138.359862051214	7.65864	130.701222051214	153.705301598889	154.924644892365	1037.25087935475
4	967901	967968	67	967934.5	20.4580247364064	21.2351104822449	41.6931352186513	0.64789	41.0452452186513	30.9129329609793	38.6028919032934	69.5158248642728	6.44989	63.0659348642728	50.9076180772815	74.7542173693219	343.540340295574
4	969790	970028	238	969909	122.604951045122	219.982864832312	342.587815877434	2.30146	340.286355877434	125.997988806291	226.670642157743	352.668630964035	8.10346	344.565170964035	422.050538366537	408.424924542503	2848.12747185033
4	976083	976410	327	976246.5	32.1089110230341	62.5210531700695	94.6299641931036	3.16209	91.4678741931036	69.981816316545	156.754224641582	226.736040958127	8.96409	217.771950958127	113.445822554069	258.132568618871	765.567472164418
4	979303	979498	195	979400.5	43.1386087041866	33.9569771237729	77.0955858279594	1.88565	75.2099358279594	50.175679622491	39.2729796118076	89.4486592342986	7.68765	81.7610092342986	93.2814183068102	96.9141307393569	629.491840292492
4	992766	993099	333	992932.5	633.161285859216	711.586947289466	1344.74823314868	3.22011	1341.52812314868	648.205809896007	721.891758267287	1370.09756816329	9.02211	1361.07545816329	1663.87119797623	1613.32946026347	11228.3170800295
4	998379	998816	437	998597.5	214.669662292917	239.920699110624	454.590361403541	4.22579	450.364571403541	220.483355651759	244.062423138566	464.545778790324	10.02779	454.517988790324	558.578404743744	538.755773706086	3769.45970947049
4	1002244	1002469	225	1002356.5	174.961290667549	178.462826438528	353.424117106077	2.17575	351.248367106077	186.090586521762	190.961497174161	377.052083695923	7.97775	369.074333695923	435.646507351832	437.4764764198	2939.87727253372
4	1003565	1003943	378	1003754	113.751513444614	138.727955299243	252.479468743856	3.65526	248.824208743856	117.969436074837	147.237499207828	265.206935282665	9.45726	255.749675282665	308.611818972835	303.148868868104	2082.60793400737
4	1005159	1005730	571	1005444.5	832.388731410259	1006.28234166238	1838.67107307264	5.52157	1833.14950307264	846.337275550719	1018.23362243884	1864.57089798956	11.32357	1853.24732798956	2273.61961863915	2196.7176716527	15343.0878715293
4	1009948	1010091	143	1010019.5	42.0901279365742	40.5165568007469	82.606684737321	1.38281	81.223874737321	48.8518039064757	49.5009919983536	98.3527959048292	7.18481	91.1679859048292	100.740389583677	108.064543086853	679.827283738694
4	1011392	1012253	861	1011822.5	575.077951287631	520.68214907527	1095.7601003629	8.32587	1087.4342303629	587.504423347611	532.458833054378	1119.96325640199	14.12787	1105.83538640199	1348.72349254041	1310.78464194167	9101.60296418864
4	1013727	1014180	453	1013953.5	381.085109717723	261.75159866425	642.836708381973	4.38051	638.456198381973	385.078736462228	266.917403907368	651.996140369596	10.18251	641.813630369596	791.864785632546	760.76372670125	5343.7483072045
4	1021768	1021957	189	1021862.5	58.7060231495466	54.509900119451	113.215923268998	1.82763	111.388293268998	64.8196110073932	58.3779291678074	123.197540175201	7.62963	115.567910175201	138.152730281208	136.986610866041	932.297321424847
4	1022414	1022848	434	1022631	335.086853468337	344.02928943634	679.116142904678	4.19678	674.919362904678	341.200841318847	348.197612976365	689.398454295212	9.99878	679.399674295212	837.08933828225	805.315754728984	5648.9375655864
4	1030297	1030436	139	1030366.5	13.7958469413999	20.7542193032799	34.5500662446798	1.34413	33.2059362446798	18.6880572030979	27.0430039474742	45.7310611505721	7.14613	38.5849311505721	41.1846758677561	45.7360433428572	277.926921292864
4	1031778	1032263	485	1032020.5	172.544934991003	147.87278755467	320.417722545673	4.68995	315.727772545673	180.877482146257	153.213289593307	334.090771739564	10.49195	323.598821739564	391.591005864968	383.572791124672	2642.57713270565
4	1035599	1035765	166	1035682	26.7177099143752	25.2494368470549	51.9671467614301	1.60522	50.3619267614301	39.5697741676754	40.2956608526633	79.8654350203387	7.40722	72.4582150203387	62.4629167044639	85.8872094337569	421.519066712765
4	1036998	1037150	152	1037074	47.2532332292175	41.3474415597446	88.6006747889621	1.46984	87.1308347889621	52.3697393766335	46.2378518544596	98.6075912310931	7.27184	91.3357512310931	108.066677067277	108.263401086716	729.267335940672
4	1039547	1039757	210	1039652	31.5864206071281	31.5355215407748	63.1219421479029	2.0307	61.0912421479029	36.5035304120912	40.6697539906355	77.1732844027267	7.8327	69.3405844027267	75.7702775696647	82.1917748482268	511.321250604517
4	1045138	1045380	242	1045259	101.24794279886	107.108235302929	208.356178101789	2.34014	206.016038101789	107.787222848192	114.470100263504	222.257323111696	8.14214	214.115183111696	255.517678834937	253.798076169824	1724.31226708018
4	1049500	1049727	227	1049613.5	49.825786040624	79.3722440669897	129.198030107614	2.19509	127.002940107614	57.461145984453	89.1771642143589	146.638310198812	7.99709	138.641220198812	157.519272579527	164.336197241742	1062.98873427809
4	1050213	1050477	264	1050345	148.330579157353	180.190094755073	328.520673912426	2.55288	325.967793912426	155.616345513812	190.96969702375	346.586042537562	8.35488	338.231162537562	404.29150488903	400.917006936102	2728.28402533666
4	1052321	1052450	129	1052385.5	33.0835931443425	37.3028157507203	70.3864088950629	1.24743	69.1389788950629	38.2493983874604	42.2938242001532	80.5432225876136	7.04943	73.4937925876136	85.7517286860722	87.1147150710469	578.679167605637
4	1054715	1055235	520	1054975	625.007335427944	583.214402039901	1208.22173746784	5.0284	1203.19333746784	634.115168362054	588.803999509355	1222.91916787141	10.8304	1212.08876787141	1492.29725807825	1436.73042220616	10070.4831069505
4	1055856	1056574	718	1056215	1537.60099563117	952.851021758421	2490.45201738959	6.94306	2483.50895738959	1546.73582807003	958.615316023395	2505.35114409342	12.74506	2492.60608409342	3080.24778073068	2954.57155162181	20786.4640058486
4	1059008	1059586	578	1059297	447.462992141588	386.139217009728	833.602209151316	5.58926	828.012949151316	454.923555291732	390.756032323023	845.679587614755	11.39126	834.288327614755	1026.96833101839	988.91059215127	6930.29969257743
4	1062846	1063315	469	1063080.5	165.978055447931	142.768881176135	308.746936624066	4.53523	304.211706624066	169.821584945685	146.312216180387	316.133801126072	10.33723	305.796571126072	377.307853637056	362.471172399948	2546.19000712022
4	1067484	1067690	206	1067587	54.9459921201718	41.4912389220552	96.4372310422271	1.99202	94.4452110422271	62.3573561727799	45.7318611358979	108.089217308678	7.79402	100.295197308678	117.138555449077	118.883340060647	790.487175016081
4	1071693	1071814	121	1071753.5	49.7017883151267	43.0358105898227	92.7375989049493	1.17007	91.5675289049493	79.4959417979898	71.5280879531297	151.02402975112	6.97207	144.05195975112	113.569422351883	170.749732559858	766.401561799823
4	1075211	1075397	186	1075304	37.845705792434	36.3999323124015	74.2456381048355	1.79862	72.4470181048355	55.3346849903396	51.0224640898388	106.357149080178	7.60062	98.7565290801785	89.8546252768631	117.059503793729	606.366781841646
4	1080244	1080924	680	1080584	1014.08179859616	873.056585435746	1887.1383840319	6.5756	1880.5627840319	1019.87259237505	880.292952698338	1900.16554507339	12.3776	1887.78794507339	2332.42538739524	2237.65985070883	15739.9273736082
4	1084626	1085021	395	1084823.5	88.2303815812874	66.7426757324246	154.973057313712	3.81965	151.153407313712	92.8225973458144	69.9118176005384	162.734414946353	9.62165	153.112764946353	187.472626600599	181.489815975148	1265.12322459684
4	1087063	1087192	129	1087127.5	54.787095034837	60.4561910460419	115.243286080879	1.24743	113.995856080879	70.6308044120915	79.0720495734873	149.702853985579	7.04943	142.653423985579	141.386839641077	169.092000111413	954.122090919187
4	1090130	1090399	269	1090264.5	179.468807985708	187.432561905773	366.901369891481	2.60123	364.300139891481	186.183184823222	191.999978125201	378.183162948423	8.40323	369.779932948423	451.834366887117	438.312847433891	3049.1179516982
4	1092525	1092742	217	1092633.5	84.8248440494029	72.974661418488	157.799505467891	2.09839	155.701115467891	90.2147451819075	80.2607277694443	170.475472951352	7.90039	162.575082951352	193.113060434203	192.705826306013	1303.18661533866
4	1093477	1093760	283	1093618.5	40.7433526406081	39.7444709631946	80.4878236038027	2.73661	77.7512136038027	45.9337574324939	44.8342776003625	90.7680350328564	8.53861	82.2294250328564	96.4333156277239	97.4693600640307	650.761817539505
4	1101930	1102115	185	1102022.5	29.0658668418979	9.92991785452378	38.9957846964217	1.78895	37.2068346964217	32.5105036565803	14.5958322671891	47.1063359237694	7.59095	39.5153859237694	46.1469122793614	46.8389433239264	311.413626227322
4	1103561	1103726	165	1103643.5	27.221100680628	29.5917571954385	56.8128578760666	1.59555	55.2173078760666	33.8818785013144	36.6291281082401	70.5110066095545	7.39755	63.1134566095545	68.4849513174094	74.8105465252158	462.157617451132
4	1105878	1106108	230	1105993	77.1962839808431	62.0231623029314	139.219446283775	2.2241	136.995346283775	82.4362878629279	66.7654753142096	149.201763177138	8.0261	141.175663177138	169.912659306278	167.340359500173	1146.6231382107
4	1108123	1108710	587	1108416.5	163.168306987428	158.330695724215	321.499002711643	5.67629	315.822712711643	169.779885710578	166.99013688322	336.770022593798	11.47829	325.291732593798	391.708758303372	385.579456470339	2643.37176255257
4	1110243	1110536	293	1110389.5	44.0124926744455	42.9929113767272	87.0054040511728	2.83331	84.1720940511728	48.9542020281767	49.0819996839715	98.0362017121482	8.63531	89.4008917121482	104.397008566902	105.969945683738	704.503278752274
4	1112302	1112547	245	1112424.5	49.5256915452873	61.5013718741855	111.027063419473	2.36915	108.657913419473	55.2405867163937	68.3392464463684	123.579833162762	8.17115	115.408683162762	134.766293342043	136.797873622638	909.444598347053
4	1116763	1117100	337	1116931.5	25.7981267823806	23.852662468227	49.6507892506076	3.25879	46.3919992506076	32.0640118466242	26.9230061486059	58.9870179952301	9.06079	49.9262279952301	57.5390929475623	59.1792717894057	388.291582244064
4	1125132	1125337	205	1125234.5	48.8757034680836	83.9820595086841	132.857762976768	1.98235	130.875412976768	51.3969572204739	90.0217487220608	141.418705942535	7.78435	133.634355942535	162.322225242798	158.401389175265	1095.40054325055
4	1126057	1126262	205	1126159.5	137.427779148504	107.667925036484	245.095704184988	1.98235	243.113354184988	147.431795643829	115.903473970986	263.335269614815	7.78435	255.550919614815	301.528757311757	302.913276952599	2034.80924482715
4	1127597	1127813	216	1127705	100.407158221456	78.2977637762891	178.704921997745	2.08872	176.616201997745	109.815085650902	87.6545921430507	197.469677793953	7.89072	189.578957793953	219.053634828221	224.714446080575	1478.24162854425
4	1129392	1129581	189	1129486.5	54.8691935288961	46.5066469239247	101.375840452821	1.82763	99.5482104528208	59.4119102013899	49.825786040624	109.237696242014	7.62963	101.608066242014	123.467706210858	120.439528672316	833.198240444113
4	1135500	1135722	222	1135611	102.073027664246	98.7253890703155	200.798416734562	2.14674	198.651676734562	105.84055855605	103.265805784998	209.106364341048	7.94874	201.157624341048	246.383804890007	238.439036983274	1662.67406278442
4	1140566	1140979	413	1140772.5	137.932069898248	92.6637002604796	230.595770158728	3.99371	226.602060158728	144.870442626984	94.9093590681355	239.779801695119	9.79571	229.984091695119	281.050120973421	272.608038223224	1896.61307768806
4	1144942	1145165	223	1145053.5	13.9477441551342	11.0034981617328	24.951242316867	2.15641	22.794832316867	22.8312812035257	19.0645502970474	41.8958315005731	7.95841	33.9374215005731	28.2719864759251	40.2271906262559	190.788102480591
4	1146066	1146257	191	1146161.5	37.798306661881	42.2916242405073	80.0899309023883	1.84697	78.2429609023883	46.8816400453884	49.0039011165413	95.8855411619297	7.64897	88.2365711619297	97.0432202228499	104.589836569587	654.87764224455
4	1149347	1150053	706	1149700	47.7815235387355	61.2564763663282	109.037999905064	6.82702	102.210979905064	53.0481269329027	67.0472701452189	120.095397078122	12.62902	107.466377078122	126.770287291334	127.383585596263	855.485078270984
4	1150528	1151001	473	1150764.5	92.3410061796894	137.671474678373	230.012480858062	4.57391	225.438570858062	99.3532775528943	154.391367983698	253.744645536592	10.37591	243.368735536592	279.607067858748	288.473316004164	1886.8749092802
4	1153658	1153903	245	1153780.5	40.9692484969778	46.1343537529356	87.1036022499134	2.36915	84.7344522499134	46.9595386164871	50.7759686113301	97.7355072278172	8.17115	89.5643572278172	105.094490485979	106.163706970509	709.210102305993
4	1161547	1162827	1280	1162187	715.030984115154	935.982631176996	1651.01361529215	12.3776	1638.63601529215	721.843959144072	938.577983570188	1660.42194271426	18.1796	1642.24234271426	2032.36832889635	1946.6062197377	13715.0496072136
4	1163429	1163600	171	1163514.5	25.9214245207178	22.0084962959515	47.9299208166694	1.65357	46.2763508166694	30.2399453056592	25.1281390720321	55.3680843776913	7.45557	47.9125143776913	57.3956564477972	56.7923479166521	387.32362841316
4	1166432	1166649	217	1166540.5	90.4138415298632	108.258114210585	198.671955740448	2.09839	196.573565740448	97.350214295284	114.322502970896	211.672717266179	7.90039	203.77232726618	243.806364305915	241.538334111623	1645.2806971391
4	1168765	1169110	345	1168937.5	120.881682655207	149.949149467756	270.830832122963	3.33615	267.494682122963	126.220084732363	155.215652863758	281.435737596121	9.13815	272.297587596121	331.768443401374	322.763677349907	2238.87599243824
4	1172103	1172249	146	1172176	13.3475551644608	16.6188951579442	29.966450322405	1.41182	28.554630322405	16.0435057123703	21.260410018173	37.3039157305433	7.21382	30.0900957305433	35.4157517404819	35.6668233293568	238.996438338142
4	1174321	1174483	162	1174402	24.9281427405848	20.0838316002685	45.0119743408534	1.56654	43.4454343408534	29.4954589618467	23.7279647555696	53.2234237174163	7.36854	45.8548837174163	53.8845258895118	54.3533676656653	363.629434255727
4	1174874	1175021	147	1174947.5	16.065705305161	18.8621540096227	34.9278593147837	1.42149	33.5063693147837	28.4920773669756	26.324817121247	54.8168944882226	7.22349	47.5934044882226	41.5572971521256	56.4140960110333	280.441484882136
4	1181452	1181551	99	1181501.5	6.6605778243549	3.94192769282613	10.602505517181	0.95733	9.64517551718103	12.599568884848	10.0823150590866	22.6818839439346	6.75933	15.9225539439346	11.9627233045224	18.8735497406214	80.7281540585661
4	1183089	1183158	69	1183123.5	9.40542747530326	9.35832833924742	18.7637558145507	0.66723	18.0965258145507	23.9810601130162	20.6621209926484	44.6431811056646	6.46923	38.1739511056646	22.4447684448036	45.2488945885005	151.464234246391
4	1184465	1184565	100	1184515	4.94120936290253	3.74253135037318	8.68374071327571	0.967	7.71674071327571	11.90408164224	9.43262697638009	21.3367086186201	6.769	14.5677086186201	9.57092318343218	17.2676050706765	64.5875476316268
4	1201891	1201944	53	1201917.5	3.91722814589239	4.16612358037854	8.08335172627093	0.51251	7.57084172627093	9.53142516411505	11.4765894837714	21.0080146478865	6.31451	14.6935046478865	9.38996751198388	17.4167154221874	63.3664028345281
4	1206510	1206582	72	1206546	0.199496340618674	5.26430343635563	5.4637997769743	0.69624	4.7675597769743	1.87146567151804	14.4233354313158	16.2948011028339	6.49824	9.79656110283386	5.9131115186158	11.6122001478164	39.9035040340553
4	1213636	1213796	160	1213716	13.8469460040847	5.14100569801837	18.9879517021031	1.5472	17.4407517021031	16.6169951927954	10.6318049797381	27.2488001725335	7.3492	19.8996001725335	21.631424587711	23.5876791497923	145.975538526652
4	1219114	1219318	204	1219216	20.9354159795711	25.5947305132987	46.5301464928698	1.97268	44.5574664928698	24.4292518917896	28.5149769469263	52.9442288387159	7.77468	45.1695488387159	55.2637577051079	53.5410167094255	372.936916812799
4	1222519	1222657	138	1222588	9.55582471655162	5.86249246371448	15.4183171802661	1.33446	14.0838571802661	16.4181988393368	11.1023963476335	27.5205951869704	7.13646	20.3841351869704	17.4679337050754	24.162015134349	117.879015282001
4	1229647	1229724	77	1229685.5	12.7509661077536	16.9663887838339	29.7173548915874	0.74459	28.9727648915874	19.0396507537822	25.4268335930487	44.4664843468309	6.54659	37.9198943468309	35.934355901316	44.9477523916097	242.496139495269
4	1233743	1234051	308	1233897	56.6608606641666	48.6311079547236	105.29196861889	2.97836	102.31360861889	64.1215238124764	55.7935765728455	119.915100385322	8.78036	111.134740385322	126.897575685871	131.73182254298	856.344059697072
4	1236262	1236437	175	1236349.5	20.2073293349372	18.1879663763139	38.3952957112512	1.69225	36.7030457112512	24.8240446500665	21.8073999846813	46.6314446347478	7.49425	39.1371946347478	45.522072614938	46.3906602074143	307.197015058826
4	1242221	1243075	854	1242648	295.839173392458	236.398963710168	532.238137102626	8.25818	523.979957102626	302.051559438039	240.990879480198	543.042438918238	14.06018	528.982258918238	649.882133587783	627.020829117854	4385.60549004344
4	1249953	1250135	182	1250044	16.4175988503425	12.7017670102175	29.11936586056	1.75994	27.35942586056	19.5619411733568	18.6408580688763	38.2027992422331	7.56194	30.6408592422331	33.9333629292142	36.3196622250389	228.992820492574
4	1251688	1252043	355	1251865.5	63.4691357792954	43.6572991897951	107.12643496909	3.43285	103.69358496909	69.2580295930372	49.0228007698631	118.2808303629	9.23485	109.0459803629	128.609133470882	129.255943590508	867.894180604432
4	1256900	1257070	170	1256985	23.5505680095759	33.161591713607	56.7121597231829	1.6439	55.0682597231829	32.433905061636	40.075064899077	72.508969960713	7.4459	65.063069960713	68.3000897968677	77.1214901519501	460.910114777209
4	1258081	1258631	550	1258356	52.0978443640309	51.9728466568764	104.070691020907	5.3185	98.7521910209073	56.8894564710109	56.4148651764865	113.304321647497	11.1205	102.183821647497	122.480418816031	121.121991317573	826.535719972749
4	1261408	1261552	144	1261480	33.1593917539611	38.5963920225214	71.7557837764825	1.39248	70.3633037764825	39.8469690830613	45.7833601912456	85.6303292743069	7.19448	78.4358492743069	87.2702349864682	92.9727045007394	588.926517430315
4	1263001	1263173	172	1263087	40.9179494379616	28.4954773046102	69.4134267425718	1.66324	67.7501867425718	46.1821528761515	31.5636210253431	77.7457739014946	7.46524	70.2805339014946	84.0292368332128	83.3059292534267	567.055260229154
4	1266963	1267373	410	1267168	61.9038644912231	69.1589314108051	131.062795902028	3.9647	127.098095902028	75.7021113886004	82.9057792510005	158.607890639601	9.7667	148.841190639601	157.63729245769	176.426572325096	1063.78516889116
4	1269527	1269934	407	1269730.5	160.543355137182	148.750471455227	309.293826592409	3.93569	305.358136592409	168.452510058762	154.790160668604	323.242670727366	9.73769	313.504980727366	378.729748394167	371.608214895981	2555.78539239204
4	1270783	1271003	220	1270893	31.8105164965148	40.7925517381441	72.6030682346589	2.1274	70.4756682346589	40.4679576922052	51.2515598875117	91.7195175797169	7.9294	83.7901175797169	87.4095984350683	99.319302511499	589.866985053141
4	1274046	1274127	81	1274086.5	11.0526972592689	10.9518991082194	22.0045963674883	0.78327	21.2213263674883	17.0657869605632	16.5681960879223	33.6339830484855	6.58527	27.0487130484855	26.320397699038	32.0617680390936	177.618178256066
4	1277478	1277573	95	1277525.5	29.8445525583879	40.4673577032108	70.3119102615987	0.91865	69.3932602615987	37.2043175574825	49.5504910903868	86.7548086478693	6.72065	80.0341586478693	86.0671089115482	94.8672354641168	580.807450838572
4	1278569	1278980	411	1278774.5	93.4578856926568	111.725450608887	205.183336301543	3.97437	201.208966301543	116.314066439448	126.196385167087	242.510451606535	9.77637	232.734081606535	249.555561323557	275.867695660219	1684.07805546116
4	1279218	1279668	450	1279443	154.6314635796	194.185538035257	348.817001614857	4.3515	344.465501614857	173.296821199079	212.748097540372	386.04491873945	10.1535	375.89141873945	427.233851414289	445.557001322281	2883.10607025146
4	1288032	1288245	213	1288138.5	15.9919066588569	27.0482038520919	43.0401105109488	2.05971	40.9804005109488	19.4858425692411	31.0666301416966	50.5524727109377	7.86171	42.6907627109377	50.8271924495026	50.6028264264022	342.997603302974
4	1288942	1289379	437	1289160.5	126.07378741591	110.105280327832	236.179067743742	4.22579	231.953277743742	129.941916462432	114.049607976636	243.991524439068	10.02779	233.963734439068	287.687131901609	277.325245371165	1941.40167866628
4	1293157	1293335	178	1293246	23.4026707224706	27.4719960784287	50.8746668008993	1.72126	49.1534068008993	26.5965121375182	30.0426489246864	56.6391610622046	7.52326	49.1159010622046	60.964012939564	58.2187634607498	411.404000855975
4	1294416	1294646	230	1294531	62.6257512495821	82.7111828205022	145.336934070084	2.2241	143.112834070084	67.0676697710265	85.6559288047322	152.723598575759	8.0261	144.697498575759	177.500060238076	171.514911887196	1197.82526466086
4	1295623	1295952	329	1295787.5	44.8142779672177	42.3164237856068	87.1307017528245	3.18143	83.9492717528245	56.3669660551048	52.8964297155	109.263395770605	8.98343	100.279965770605	104.120646410872	118.865285595737	702.638301510885
4	1296868	1297034	166	1296951	9.73232147905386	10.7051036352135	20.4374251142673	1.60522	18.8322051142673	14.5485331348018	15.4474166464917	29.9959497812935	7.40722	22.5887297812935	23.3572171491013	26.7751967809851	157.621720104418
4	1298235	1298338	103	1298286.5	7.53646175792831	7.11076956644275	14.6472313243711	0.99601	13.6512213243711	12.5788692645432	11.9515807709587	24.5304500355019	6.79801	17.7324400355019	16.9313438808189	21.0188698503433	114.25794130945
4	1301024	1301523	499	1301273.5	26.5000139075948	20.4852242374832	46.9852381450781	4.82533	42.1599081450781	31.3162255633428	23.8290629011163	55.1452884644591	10.62733	44.5179584644591	52.290112791131	52.7686642726023	352.86984189849
4	1304079	1304187	108	1304133	3.26964002466606	3.49383591221847	6.76347593688453	1.04436	5.71911593688453	5.56469792618946	7.487362658558	13.0520605847475	6.84636	6.20570058474746	7.09330808729856	7.35582991736389	47.8678352311159
4	1305716	1305946	230	1305831	41.1172457822488	41.7386343840555	82.8558801663044	2.2241	80.6317801663044	47.7799235680839	50.1988791969389	97.9788027650228	8.0261	89.9527027650228	100.006026221335	106.624026265944	674.871572807241
4	1311829	1311935	106	1311882	5.56459792802374	1.87136567335231	7.43596360137605	1.02502	6.41094360137605	9.55832467069471	6.0397892115425	15.5981138822372	6.82702	8.77109388223722	7.95136846266277	10.3966786514876	53.6582918362408
4	1317885	1318073	188	1317979	20.6842205872733	30.9389324840675	51.6231530713408	1.81796	49.8051930713408	25.2763363536346	35.7797436885835	61.0560800422181	7.61996	53.4361200422181	61.7724107539002	63.3396673117756	416.85931915057
4	1319242	1319447	205	1319344.5	68.0135524206065	73.4807521352154	141.494304555822	1.98235	139.511954555822	74.5015334109223	77.0241871376328	151.525720548555	7.78435	143.741370548555	173.033959522199	170.381580516904	1167.68663673688
4	1319844	1319971	127	1319907.5	8.08315172993949	8.20854942975694	16.2917011596964	1.22809	15.0636111596964	11.2273940547881	12.101278025047	23.3286720798351	7.03009	16.2985820798351	18.6831034800113	19.3192687974876	126.079356483678
4	1321979	1322153	174	1322066	14.7478294790891	12.6236684427874	27.3714979218764	1.68258	25.6889179218764	18.1161676933243	17.3143824005522	35.4305500938765	7.48458	27.9459700938765	31.8614644746052	33.1253176138627	215.01100937987
4	1325388	1325502	114	1325445	7.68635900834806	8.21054939307141	15.8969084014195	1.10238	14.7945284014195	15.0728235176909	11.7536844009916	26.8265079186825	6.90438	19.9221279186825	18.3493653766921	23.6143820605807	123.827188617371
4	1328520	1328782	262	1328651	37.2002176326879	64.0258255678789	101.226043200567	2.53354	98.6925032005668	40.194462708951	66.6458775080041	106.840340216955	8.33554	98.5048002169552	122.40638917519	116.761120931412	826.036145076752
4	1330942	1331099	157	1331020.5	25.7981267823806	18.0397690947115	43.8378958770921	1.51819	42.3197058770921	31.0893297253159	21.2602100218415	52.3495397471574	7.32019	45.0293497471574	52.4883068052646	53.3748339137863	354.207316359712
4	1333928	1334599	671	1334263.5	108.03701826617	116.496463093728	224.533481359898	6.48857	218.044911359898	121.909663798846	125.95358962071	247.863253419556	12.29057	235.572683419556	270.436856012749	279.232387825842	1824.99148559743
4	1337114	1337318	204	1337216	35.2032542631867	29.0182677150134	64.2215219782001	1.97268	62.2488419782001	40.2684613515865	33.0612935533862	73.3297549049726	7.77468	65.5550749049726	77.2060260889675	77.7046805007354	521.010125345255
4	1337879	1338241	362	1338060	99.9819660207989	72.0129790587237	171.994945079523	3.50054	168.494405079523	108.989100802025	81.8696982559378	190.858799057963	9.30254	181.556259057963	208.980328324347	215.20486588503	1410.26384299968
4	1339449	1339594	145	1339521.5	16.540796590514	11.6016871890917	28.1424837796057	1.40215	26.7403337796057	22.5288867503774	20.3352269888978	42.8641137392752	7.20415	35.6599637392752	33.1655150812114	42.2689790690484	223.81114590317
4	1342050	1342428	378	1342239	47.6790254188687	43.3897040983187	91.0687295171874	3.65526	87.4134695171874	52.1456434872468	46.5853454803492	98.7309889675961	9.45726	89.2737289675961	108.417223414929	105.819215317685	731.632931034492
4	1345280	1345616	336	1345448	31.3130256220396	54.4935004202723	85.806526042312	3.24912	82.557406042312	39.9968663334811	70.5641056355538	110.560971969035	9.05112	101.509851969035	102.394342483872	120.323111923292	690.988669079942
4	1350009	1350225	216	1350117	20.957515574196	13.672449204897	34.629964779093	2.08872	32.541244779093	25.5988304380933	17.1663851152812	42.7652155533745	7.89072	34.8744955533745	40.3602719912763	41.3379366666504	272.36358914409
4	1355689	1355969	280	1355829	16.7405929256299	15.2435203865812	31.984113312211	2.7076	29.276513312211	19.1877480372189	18.3631631626618	37.5509111998807	8.5096	29.0413111998807	36.3110891503515	34.4236630250266	245.038451892951
4	1359044	1359150	106	1359097	10.05721551949	7.93325447951974	17.9904699990097	1.02502	16.9654499990097	15.3976175599613	14.5221336190508	29.9197511790121	6.82702	23.0927311790121	21.0419171443114	27.3726069378405	141.997360105402
4	1359627	1359776	149	1359701.5	7.66165946141432	6.13818740661457	13.7998468680289	1.44083	12.3590168680289	13.9255445623435	15.5462148342266	29.4717593965702	7.24283	22.2289293965702	15.3286478659505	26.3487130346161	103.442453271836
4	1362390	1362662	272	1362526	34.1057743943696	32.8576972879728	66.9634716823425	2.63024	64.3332316823425	38.2987974813278	36.6766272369589	74.9754247182867	8.43224	66.5431847182867	79.7912540347974	78.8759209798976	538.456042514347
4	1365446	1365617	171	1365531.5	17.1390856160386	19.9867333813509	37.1258189973895	1.65357	35.4722489973895	26.1483203587448	29.0207676691565	55.1690880279013	7.45557	47.7135180279013	43.9955394268363	56.5564707125811	296.895497315119
4	1366871	1367421	550	1367146	153.658981417938	136.853289686422	290.512271104359	5.3185	285.193771104359	156.978020536471	140.248527407237	297.226547943708	11.1205	286.106047943708	353.720278684144	339.131319383292	2387.0137613613
4	1369475	1369680	205	1369577.5	16.6416947397292	15.44511668868	32.0868114284092	1.98235	30.1044614284092	19.7861370609092	17.4172805130818	37.203417573991	7.78435	29.419067573991	37.3379770703211	34.8714306219657	251.968208946919
4	1382144	1382206	62	1382175	5.98799016169765	3.29413957526835	9.282129736966	0.59954	8.682589736966	12.3258739052623	9.43462693969456	21.7605008449569	6.40154	15.3589608449569	10.7688469126343	18.205503494744	72.6715071866287
4	1383534	1383728	194	1383631	28.7179732233453	21.9569972406039	50.6749704639492	1.87598	48.7989904639492	31.8129164524922	26.898706594335	58.7116230468272	7.67798	51.0336430468272	60.5244372609271	60.491928862726	408.43760832126
4	1384899	1385045	146	1384972	24.3753528804645	20.061232014815	44.4365848952795	1.41182	43.0247648952795	28.4429782676053	26.150420320225	54.5933985878303	7.21382	47.3795785878303	53.3627777708692	56.1606408316005	360.108516699637
4	1385787	1386013	226	1385900	113.800112553155	100.347759311016	214.147871864171	2.18542	211.962451864171	118.242131072765	105.63876225762	223.880893330385	7.98742	215.893473330385	262.892899987405	255.905944606877	1774.08253880312
4	1386581	1386762	181	1386671.5	27.8934883469538	24.7513459835854	52.6448343305393	1.75027	50.8945643305393	30.0651485119743	27.7969901170305	57.8621386290048	7.55227	50.3098686290048	63.1235367055718	59.6340142013056	425.97713465148
4	1388607	1388745	138	1388676	7.68435904503359	7.83475628628195	15.5191153313155	1.33446	14.1846553313155	12.1755766621797	12.8503642844829	25.0259409466626	7.13646	17.8894809466626	17.5929516882593	21.2050158328621	118.722675270587
4	1394655	1395037	382	1394846	37.2253171722845	43.6860986615236	80.9114158338081	3.69394	77.2174758338081	41.6158366365469	48.0539185421667	89.6697551787136	9.49594	80.1738151787136	95.7713310688897	95.0327751439178	646.294541143524
4	1398831	1398928	97	1398879.5	3.51853545915221	5.08950664267069	8.6080421018229	0.93799	7.6700521018229	6.61357868646478	11.4272903880697	18.0408690745344	6.73999	11.3008790745344	9.51301620814829	13.3953198762577	64.1967734656795
4	1401452	1401547	95	1401499.5	9.25733019186654	11.2542935613678	20.5116237532343	0.91865	19.5929737532343	16.7920919809775	17.3678814192143	34.1599734001919	6.72065	27.4393234001919	24.3007836721271	32.5247718968974	163.989198620495
4	1402761	1402903	142	1402832	24.9507423260384	21.7043018758202	46.6550442018586	1.37314	45.2819042018586	34.6097651496168	28.8400709836939	63.4498361333107	7.17514	56.2746961333107	56.1622636834137	66.7043289883142	379.000312846693
4	1410170	1410539	369	1410354.5	35.9008414672748	65.6876950840402	101.588536551315	3.56823	98.020306551315	44.7101798766994	82.354489363366	127.064669240065	9.37023	117.694439240065	121.572676765613	139.507258760966	820.409996069739
4	1411157	1411609	452	1411383	114.272903880697	114.118806707316	228.391710588013	4.37084	224.020870588013	126.424180988605	131.084095511327	257.508276499933	10.17284	247.335436499933	277.848721830816	293.175182815318	1875.00904684924
4	1411866	1412210	344	1412038	19.2082476611923	27.9164879250703	47.1247355862626	3.32648	43.7982555862626	30.585938959063	47.900021365118	78.485960324181	9.12848	69.357480324181	54.3221232071831	82.2118021638889	366.582476199214
4	1416881	1417315	434	1417098	37.9014047707421	47.9489204681569	85.8503252388989	4.19678	81.6535452388989	39.7481708953264	53.0653266174072	92.8134975127336	9.99878	82.8147175127336	101.27330153674	98.1631273309321	683.423538299745
4	1420236	1421129	893	1420682.5	173.843211176593	190.118812631608	363.9620238082	8.63531	355.3267138082	177.686840672512	194.18663801508	371.873478687592	14.43731	357.436168687592	440.704801319683	423.681359948679	2974.01220354527
4	1422563	1422682	119	1422622.5	3.56783455485397	5.88709201248249	9.45492656733646	1.15073	8.30419656733647	7.38656450750857	9.03153433366255	16.4180988411711	6.95273	9.46536884117111	10.2995332354973	11.2196265917015	69.5044334472085
4	1434358	1434742	384	1434550	84.3244532281218	64.9188091877911	149.243262415913	3.71328	145.529982415913	87.9684863852572	69.3607277092354	157.329214094493	9.51528	147.813934094493	180.498002245002	175.208929881004	1218.05630386765
4	1436718	1436829	111	1436773.5	10.7029036755676	7.23606726809448	17.938970943662	1.07337	16.865600943662	15.070623558045	12.7022670010461	27.7728905590911	6.87537	20.8975205590911	20.9180763060379	24.7705484381736	141.161643854479
4	1445613	1445793	180	1445703	25.8247262944631	21.7018019216771	47.5265282161402	1.7406	45.7859282161402	29.2692631109798	25.6955286643481	54.9647917753279	7.5426	47.4221917753279	56.7873948498652	56.2111517054637	383.218891160966
4	1447042	1447761	719	1447401.5	21.9819967820348	41.9935297084851	63.9755264905199	6.95273	57.0227964905199	25.3258354456678	44.1898894204393	69.5157248661071	12.75473	56.7609948661071	70.7242636747322	67.2807555687831	477.269189320296
4	1454590	1454864	274	1454727	11.6511862811249	11.0033981635671	22.654584444692	2.64958	20.005004444692	15.7702107254476	15.6203134750279	31.3905242004755	8.45158	22.9389442004755	24.8118173123236	27.190317953354	167.437811564615
4	1459452	1459719	267	1459585.5	36.0525386846776	80.7354190621344	116.787957746812	2.58189	114.206067746812	39.770370488117	84.5027499576071	124.273120445724	8.38389	115.889230445724	141.64756107538	137.367482812197	955.881519736437
4	1466026	1466167	141	1466096.5	6.76137597540433	5.78879381557615	12.5501697909805	1.36347	11.1866997909805	11.9271812185222	11.3287921948319	23.255973413354	7.16547	16.090503413354	13.8746458321964	19.072626011687	93.6303981741478
4	1468503	1469287	784	1468895	144.725945277513	112.172142415174	256.898087692687	7.58128	249.316807692687	147.621492164207	115.267085644321	262.888577808528	13.38328	249.505297808528	309.222779853169	295.74719390614	2086.73088685146
4	1470818	1470946	128	1470882	6.78797548748682	4.63901490608567	11.4269903935725	1.23776	10.1892303935725	9.85821916969993	10.2036128341094	20.0618320038093	7.03976	13.0220720038093	12.6375039694418	15.4355089362703	85.2817825331758
4	1476555	1477128	573	1476841.5	59.4329098161918	60.9467820470821	120.379691863274	5.54091	114.838781863274	63.8501287907024	65.6127964579132	129.462925248616	11.34291	118.120015248616	142.432304068663	140.011708612043	961.17720798781
5	4904	5210	306	5057	9.55802467619754	8.0117530396128	17.5697777158103	2.95902	14.6107577158103	15.073523504851	13.1282591870289	28.2017826918798	8.76102	19.4407626918798	18.1214381752111	23.0438033341115	678.914805984862
5	16055	16200	145	16127.5	6.261785139449	4.49111761898039	10.7529027584294	1.40215	9.35075275842939	10.8291013607108	9.03383429147419	19.862935652185	7.20415	12.658785652185	11.5975564922414	15.0048931536758	434.4993338663
5	27037	27544	507	27290.5	273.020791952311	264.742943793707	537.763735746018	4.90269	532.861045746018	279.658770191212	270.83183210462	550.490602295832	10.70469	539.785912295832	660.897174827269	639.826770307968	24760.3348523177
5	33690	33856	166	33773	8.08345172443666	8.03405263056918	16.1175043550058	1.60522	14.5122843550058	13.8227464479796	13.423853764908	27.2466002128876	7.40722	19.8393802128876	17.9993035840808	23.516298364539	674.339066386297
5	42038	42417	379	42227.5	44.0597918068328	50.6689705740058	94.7287623808386	3.66493	91.0638323808386	50.8212677804029	60.9219825019826	111.743250282386	9.46693	102.276320282386	112.94469736511	121.231633124575	4231.44270102942
5	42709	42892	183	42800.5	77.5975766198922	67.7374574850435	145.335034104936	1.76961	143.565424104936	90.6717367992645	80.0612314288256	170.73296822809	7.57161	163.16135822809	178.061398841782	193.400758515769	6671.02240336691
5	46017	46611	594	46314	31.9117146402271	31.1160292355641	63.0277438757912	5.74398	57.2837638757912	39.074183258349	38.4020955865204	77.4762788448694	11.54598	65.9302988448694	71.0479364390012	78.1494463164738	2661.79182450829
5	51677	51843	166	51760	21.5601045208467	18.2868645622146	39.8469690830613	1.60522	38.2417490830613	24.7292463889605	22.3545899475211	47.0838363364816	7.40722	39.6766163364816	47.4304964328262	47.0300552664413	1776.97078852754
5	56179	56541	362	56360	25.0006414107345	28.3684796341412	53.3691210448757	3.50054	49.8685810448757	29.0928663466433	32.2862077708622	61.3790741175054	9.30254	52.0765341175054	61.8510296226684	61.7281034466403	2317.23218489797
5	58126	58327	201	58226.5	23.8036633670224	31.5867206016253	55.3903839686477	1.94367	53.4467139686477	28.9448690613723	34.3815693354355	63.3264383968077	7.74567	55.5807683968077	66.2889181854675	65.8817926227663	2483.49648596855
5	59324	59498	174	59411	13.0248610836706	11.6758858280586	24.7007469117293	1.68258	23.0181669117293	17.0185878263416	15.1698217384428	32.1884095647845	7.48458	24.7038295647844	28.5489840233421	29.2822971563806	1069.58000584004
5	60923	61083	160	61003	12.2762748150634	8.40834576487278	20.6846205799362	1.5472	19.1374205799362	16.4940974471211	11.3778912942022	27.8719887413233	7.3492	20.5227887413233	23.7357699455282	24.3263659516869	889.254235324064
5	65213	65292	79	65252.5	2.86864738011424	4.2175226375605	7.08617001767473	0.76393	6.32224001767473	9.38332788067833	12.6528679071787	22.036195787857	6.56593	15.470265787857	7.84135113575688	18.33743706417	293.774110725599
5	66835	67041	206	66938	40.6462544216904	30.5649393442611	71.2111937659515	1.99202	69.2191737659515	43.3916040634674	34.9823583151031	78.3739623785705	7.79402	70.5799423785705	85.8511928222275	83.660828398674	3216.39184235402
5	68345	69734	1389	69039.5	550.044110485876	633.596577874611	1183.64068836049	13.43163	1170.20905836049	557.155480041313	644.152084253902	1201.30756429521	19.23363	1182.07393429521	1451.38749924	1401.15280969177	54375.8421891315
5	70218	70414	196	70316	44.1398903375775	14.8956267680286	59.0355171056061	1.89532	57.1401971056061	49.0323005956068	19.6625393280748	68.6948399236817	7.69732	60.9975199236817	70.8698733706424	72.3024541406998	2655.12073955692
5	73367	73609	242	73488	35.253053349717	34.6030652725133	69.8561186222304	2.34014	67.5159786222303	38.697490168068	39.2938792284438	77.9913693965119	8.14214	69.8492293965119	83.738753063962	82.794689218894	3137.2498551248
5	77543	77938	395	77740.5	61.9008645462514	40.9445489500441	102.845413496295	3.81965	99.0257634962955	68.5884418753517	44.8621770885994	113.450618963951	9.62165	103.828968963951	122.819725428023	123.072040902398	4601.40797070644
5	80097	80441	344	80269	53.7370142965729	57.3089487762216	111.045963072795	3.32648	107.719483072795	57.2310502051229	61.07637966986	118.307429874983	9.12848	109.178949874983	133.602376463819	129.413556917434	5005.37709088278
5	82814	82978	164	82896	8.4329453136408	8.60974207064021	17.042687384281	1.58588	15.456807384281	12.5500697928148	12.9282628555816	25.4783326483963	7.38788	18.0904526483963	19.1707770978433	21.4432344893971	718.228006415375
5	84782	85499	717	85140.5	34.4078688530208	67.8604552288836	102.268324081904	6.93339	95.3349340819043	37.3774143823502	72.5777686987308	109.955183081081	12.73539	97.219793081081	118.242061603253	115.237957864647	4429.90702705017
5	86374	86795	421	86584.5	27.2955993140922	30.5919388490064	57.8875381630986	4.07107	53.8164681630986	30.8901333791943	34.5095669875617	65.3997003667561	9.87307	55.5266303667561	66.7475171099788	65.8176209574268	2500.67777129752
5	90011	90194	183	90102.5	8.55844301162398	8.06065214265167	16.6190951542756	1.76961	14.8494851542756	12.5519697579635	13.2017578388358	25.7537275967993	7.57161	18.1821175967993	18.417527166694	21.5518880991915	690.007700393312
5	94045	94145	100	94095	3.96882719940579	4.46651807021238	8.43534526961817	0.967	7.46834526961817	6.33988370687916	8.40894575386713	14.7488294607463	6.769	7.97982946074629	9.2628431534435	9.45876577208534	347.029926741179
5	97910	98112	202	98011	10.752302769435	17.5914773177724	28.3437800872074	1.95334	26.3904400872074	15.0196244935259	21.5585045501951	36.5781290437211	7.75534	28.8227890437211	32.7315487505103	34.1646412124312	1226.27866809903
5	99518	99606	88	99562	6.83707458685713	8.15945033038663	14.9965249172438	0.85096	14.1455649172438	12.8274647045322	13.3993542143057	26.2268189188378	6.65296	19.5738589188378	17.544468609173	23.2015668605298	657.298796416609
5	100198	100670	472	100434	24.0524588033429	38.7730887813551	62.825547584698	4.56424	58.261307584698	28.8439709121571	43.3404050026169	72.184375914774	10.36624	61.818135914774	72.2603648584631	73.2751584430602	2707.21512906121
5	101554	101758	204	101656	8.98213523979507	8.35924666550247	17.3413819052975	1.97268	15.3687019052975	12.7743656785329	12.5258702367096	25.3002359152425	7.77468	17.5255559152425	19.0615015885678	20.7736430011827	714.134028858993
5	106201	106338	137	106269.5	1.52167208781672	1.87146567151804	3.39313775933476	1.32479	2.06834775933476	6.26378510276347	5.51559882681915	11.7793839295826	7.12679	4.65259392958262	2.56533143418444	5.51487928771255	96.1094520250965
5	106907	107179	272	107043	40.5456562669724	35.454249659153	75.9999059261255	2.63024	73.3696659261254	44.514583464544	40.04646542368	84.561048888224	8.43224	76.128808888224	90.9989673962937	90.2380903406193	3409.25183185456
5	110593	110775	182	110684	6.88637368255889	4.76451260406884	11.6508862866277	1.75994	9.89094628662773	10.7052036333792	10.2552118876228	20.960415521002	7.56194	13.398475521002	12.2675480022165	15.8816729454673	459.600385538261
5	111125	111276	151	111200.5	7.36166496424338	7.68435904503359	15.046024009277	1.46017	13.585854009277	11.4787894434173	11.352991750937	22.8317811943543	7.26217	15.5696111943543	16.8502700732726	18.4551945845798	631.290835030822
5	115934	116101	167	116017.5	3.81862995448887	17.2914828206014	21.1101127750903	1.61489	19.4952227750903	6.91347318547	21.834299491261	28.747772676731	7.41689	21.330882676731	24.1795450381385	25.2842274316175	905.880149778942
5	117010	117138	128	117074	2.39585605257284	4.71521350836708	7.11106956093992	1.23776	5.87330956093992	6.11388785234372	9.28262972779462	15.3965175801383	7.03976	8.35675758013834	7.2845514355	9.9055516102765	272.913759752494
5	117623	118090	467	117856.5	33.1580917778066	71.0834961083224	104.241587886129	4.51589	99.725697886129	35.8294427769481	77.6209761906715	113.45041896762	10.31789	103.13252896762	123.687840416909	122.246526669041	4633.9316652142
5	122468	122573	105	122520.5	0.723886721673474	3.26734006685441	3.99122678852789	1.01535	2.97587678852789	6.46538140486234	8.98223523796079	15.4476166428231	6.81735	8.63026664282313	3.69092201029376	10.2297512906336	138.279400138983
5	123022	123602	580	123312	99.2026803153145	122.33375601968	221.536436334994	5.6086	215.927836334994	105.217769979923	129.046032895714	234.263802875637	11.4106	222.853202875637	267.811089100294	264.155550933607	10033.4704033502
5	124242	124433	191	124337.5	23.8240629928301	9.50622562635269	33.3302886191828	1.84697	31.4833186191828	37.9943030666993	26.2468185519826	64.2411216186819	7.64897	56.5921516186819	39.0481467836967	67.0806198719679	1462.92831404443
5	128369	128533	164	128451	6.33758374906752	7.01207137687351	13.349655125941	1.58588	11.763775125941	10.6788041176282	11.4293903495499	22.108194467178	7.38788	14.720314467178	14.5903811286356	17.4484940212563	546.624703702771
5	131444	131695	251	131569.5	57.7527406357031	68.5559424714915	126.308683107195	2.42717	123.881513107195	69.1038324214914	76.7667918590601	145.870624280551	8.22917	137.641454280551	153.647827476764	163.151140381285	5756.37452021204
5	132711	133001	290	132856	37.6980085016602	28.2697814445719	65.9677899462321	2.8043	63.1634899462321	44.8113780204117	31.5149219186357	76.3262999390474	8.6063	67.7199999390474	78.3404461462407	80.2708404559285	2935.00373877048
5	141257	141473	216	141365	10.3557100441751	7.43596360137605	17.7916736455511	2.08872	15.7029536455511	17.0431873751096	12.7003670358974	29.743554411007	7.89072	21.852834411007	19.4760675107313	25.9029147385502	729.665629601287
5	152797	153273	476	153035	17.3413819052975	14.9969249099067	32.3383068152042	4.60292	27.7353868152042	20.835217817516	20.1135310554885	40.9487488730045	10.40492	30.5438288730045	34.3996599774847	36.2046487977686	1288.77400644208
5	156592	156680	88	156636	3.71773180527371	3.94192769282613	7.65965949809985	0.85096	6.80869949809985	7.93555443733139	8.83423795268979	16.7697923900212	6.65296	10.1168323900212	8.44469735302594	11.9918286980167	316.378314436057
5	159117	159575	458	159346	74.6986297955636	93.5894832787491	168.288113074313	4.42886	163.859253074313	80.5882217621892	97.2088168889507	177.79703865114	10.23086	167.56617865114	203.231439585728	198.62194336122	7614.01120828876
5	160266	160475	209	160370.5	44.9645752103004	12.7513661004165	57.7159413107168	2.02103	55.6949113107168	51.8762484287873	17.2920828095958	69.1683312383831	7.82303	61.3453012383831	69.077313553621	72.7146912708103	2587.96296826843
5	162433	162642	209	162537.5	51.4173568462815	52.9943279197434	104.411684766025	2.02103	102.390654766025	58.255031422133	57.81033957916	116.065371001293	7.82303	108.242341001293	126.993134521292	128.303362269808	4757.76361960454
5	171888	172022	134	171955	12.4241721021687	13.2979560742619	25.7221281764306	1.29578	24.4263481764306	17.5138787411708	17.1413855738502	34.6552643150211	7.09778	27.5574843150211	30.295523814373	32.6648320851863	1135.01364923567
5	174399	175130	731	174764.5	207.054001987736	250.256709516151	457.310711503887	7.06877	450.241941503887	210.747434238739	254.974122984164	465.721557222903	12.87077	452.850787222903	558.426309268052	536.779582460563	20921.2914420986
5	177629	177744	115	177686.5	10.5036073312803	3.14404232851716	13.6476496597975	1.11205	12.5355996597975	12.150877115246	5.63849657249351	17.7893736877395	6.91405	10.8753236877395	15.5476600627224	12.8908944688548	582.488901429525
5	178598	178731	133	178664.5	26.696810297739	23.6021670630893	50.2989773608283	1.28611	49.0128673608283	33.9332775584963	30.2404452964878	64.1737228549842	7.08811	57.0856128549842	60.7897046097728	67.6655364136994	2277.46992882039
5	182369	182569	200	182469	28.2944809915057	34.1793730443422	62.4738540358479	1.934	60.5398540358479	31.6383196551387	37.7720071442957	69.4103267994343	7.736	61.6743267994343	75.0864016354045	73.104696562317	2813.09183661458
5	184266	184528	262	184397	80.4907235506087	59.5786071436512	140.06933069426	2.53354	137.53579069426	85.3314347569589	64.3700192542997	149.701454011259	8.33554	141.365914011259	170.582961980666	167.565870344327	6390.84477830514
5	188033	188434	401	188233.5	55.1620881563006	57.9049378439345	113.067026000235	3.87767	109.189356000235	60.0789979649323	62.3222568166109	122.401254781543	9.67967	112.721584781543	135.425431222383	133.612763675173	5073.67734695204
5	191920	192001	81	191960.5	16.3205006314248	32.3326069197579	48.6531075511828	0.78327	47.8698375511828	34.1593734111975	69.7080213387936	103.867394749991	6.58527	97.2821247499912	59.3720270032583	115.311841731377	2224.35701869317
5	192683	192792	109	192737.5	7.08597002134329	14.0978414018854	21.1838114232286	1.05403	20.1297814232286	13.2739565144882	24.6532477830105	37.9272042974988	6.85603	31.0711742974988	24.9665757681287	36.8297294308585	935.366044341458
5	194610	195262	652	194936	298.628922219816	359.986096739028	658.615018958844	6.30484	652.310178958844	303.595331120481	363.381234461677	666.976565582159	12.10684	654.869725582158	809.04760786446	776.239564514721	30310.750968827
5	196694	196919	225	196806.5	79.0385501879699	74.103640709508	153.142190897478	2.17575	150.966440897478	81.4344062405427	77.0238871431356	158.458293383678	7.97775	150.480543383678	187.240735796677	178.369753404382	7014.92379284532
5	198626	198778	152	198702	32.3370068390498	31.6626192094095	63.9996260484593	1.46984	62.5297860484593	38.5000937889295	35.8804418414672	74.3805356303967	7.27184	67.1086956303967	77.5544755464782	79.5462404755108	2905.55756170173
5	200898	201022	124	200960	23.0816766104977	29.3903608896711	52.4720375001688	1.19908	51.2729575001688	28.0994845683446	32.9088963488233	61.0083809171679	7.00108	54.0073009171679	63.5928503827087	64.0167076089676	2382.4890310671
5	201871	202184	313	202027.5	161.468038175629	90.7737349283027	252.241773103931	3.02671	249.215063103931	165.71056035462	94.39316853667	260.10372889129	8.82871	251.27501889129	309.096588021735	297.844905052238	11580.2205133156
5	204960	205222	262	205091	59.0310171881485	60.8530837657991	119.884100953948	2.53354	117.350560953948	80.2893272448412	71.509188299808	151.798515544649	8.33554	143.462975544649	145.547614745	170.051589362705	5452.90222943412
5	208555	208789	234	208672	62.1730595533512	59.2843125419265	121.457372095278	2.26278	119.194592095278	66.715776225845	61.8549653881843	128.570741614029	8.06478	120.505961614029	147.834730647594	142.839852737957	5538.5884114171
5	210338	210504	166	210421	25.1257391160548	39.3448782929629	64.4706174090177	1.60522	62.8653974090177	29.5431580868968	43.5874004719543	73.1305585588511	7.40722	65.7233385588512	77.9707277792201	77.9041291854249	2921.15233961618
5	211587	211796	209	211691.5	56.7635587803648	45.6861619741622	102.449720754527	2.02103	100.428690754527	106.462147154188	86.8096076426859	193.271754796874	7.82303	185.448724796874	124.559748777178	219.8187391365	4666.59747736032
5	212066	212138	72	212102	33.5315849267845	33.7348811977006	67.2664661244851	0.69624	66.5702261244851	84.1555563262146	69.9897161716372	154.145272497852	6.49824	147.647032497852	82.5657546644062	175.011095689512	3093.30378565973
5	213227	213477	250	213352	72.3496728827152	84.0811576909162	156.430830573631	2.4175	154.013330573631	76.9148891424968	89.1462647811503	166.061153923647	8.2195	157.841653923647	191.019733708151	187.095130401785	7156.50293292679
5	214776	214981	205	214878.5	37.8972048477817	40.1960626796026	78.0932675273843	1.98235	76.1109175273843	42.8389142015128	44.4878839542957	87.3267981558086	7.78435	79.5424481558086	94.3988883573508	94.2843941396301	3536.62895597253
5	221550	221791	241	221670.5	33.2297904626305	39.3490782159233	72.5788686785538	2.33047	70.2483986785538	42.1894261151377	48.7053065936905	90.8947327088283	8.13247	82.7622627088283	87.1277204318755	98.1009508513216	3264.21660582252
5	222327	222567	240	222447	71.6775852108866	38.9194860959745	110.597071306861	2.3208	108.276271306861	93.9559765561262	57.0317538608356	150.987730416962	8.1228	142.864930416962	134.292950064215	169.342705944612	5031.24924503512
5	223102	223272	170	223187	47.3312317984819	23.951460655962	71.2826924544439	1.6439	69.6387924544439	58.2855308626787	31.5110219901725	89.7965528528512	7.4459	82.3506528528512	86.3716377073309	97.6130555602856	3235.89016995801
5	225332	225867	535	225599.5	267.949684972133	279.84096684916	547.790651821294	5.17345	542.617201821294	275.436947632525	285.954854701504	561.39180233403	10.97545	550.41635233403	672.997545156079	652.427395781248	25213.6719712979
5	228242	228415	173	228328.5	30.1902462172946	26.9474057010424	57.137651918337	1.67291	55.464741918337	40.1721631179946	35.2571532745117	75.4293163925063	7.47491	67.9544063925063	68.7918389399859	80.5486904713505	2577.26773867044
5	229455	229736	281	229595.5	150.076447132722	210.852832305411	360.929279438134	2.71727	358.212009438134	153.570483041272	215.22075218422	368.791235225492	8.51927	360.271965225492	444.283377283506	427.042726925409	16644.9572034156
5	234684	234831	147	234757.5	34.7078633501917	27.0975029477936	61.8053662979853	1.42149	60.3838762979853	40.4967571639336	32.8372976621652	73.3340548260988	7.22349	66.1105648260988	74.8929454856028	78.3631217717591	2805.84405400818
5	237195	237473	278	237334	156.306632851803	148.771271073697	305.0779039255	2.68826	302.3896439255	162.94471108887	155.48544791488	318.43015900375	8.49026	309.93989900375	375.047984766074	367.382401155486	14051.0718492964
5	238119	238364	245	238241.5	34.7817619946615	94.2573710276173	129.039133022279	2.36915	126.669983022279	39.349178214089	98.6500904515256	137.999268665615	8.17115	129.828118665615	157.106312392639	153.889725479635	5885.94572714168
5	239815	239950	135	239882.5	18.1134677428498	13.3001560339078	31.4136237767576	1.30545	30.1081737767576	24.7516459780826	18.3672630874564	43.118909065539	7.10745	36.011459065539	37.3425814236606	42.6856185445493	1399.02976668258
5	241764	243078	1314	242421	484.821606868782	561.509700171418	1046.3313070402	12.70638	1033.6249270402	489.088728596542	566.624106357354	1055.7128349539	18.50838	1037.2044549539	1281.98486184241	1229.43404309982	48029.2179537859
5	246711	246876	165	246793.5	17.1658851244525	21.6075036513997	38.7733887758523	1.59555	37.1778387758523	20.859117379124	27.8982882589086	48.7574056380325	7.39755	41.3598556380325	46.110949203924	49.0252565887324	1727.53430659734
5	248247	248424	177	248335.5	19.1604485379764	34.056075306005	53.2165238439814	1.71159	51.5049338439814	23.577667512487	37.3752144227042	60.9528819351913	7.51359	53.4392919351912	63.8805661230061	63.3434270653938	2393.26822387256
5	250455	250641	186	250548	47.680725387686	38.9664852338646	86.6472106215507	1.79862	84.8485906215507	56.3646660972932	44.3564863645349	100.721152461828	7.60062	93.1205324618281	105.236054084889	110.378963543154	3942.64045440878
5	251423	251613	190	251518	45.6328629518315	39.4701759946146	85.1030389464461	1.8373	83.2657389464461	50.9960645740878	44.4857839928155	95.4818485669034	7.6393	87.8425485669033	103.27287398644	104.122788062649	3869.09044017895
5	254433	254642	209	254537.5	50.8949664285412	48.2281153468573	99.1230817753985	2.02103	97.1020517753985	55.0386904197976	51.9215475978602	106.960238017658	7.82303	99.1372080176578	120.433783254781	117.510735605348	4512.01928908109
5	258141	258361	220	258251	19.4568431011813	24.8729437531054	44.3297868542867	2.1274	42.2023868542867	24.7481460422823	31.7355178722221	56.4836639145043	7.9294	48.5542639145043	52.3427983066709	57.5530356710607	1961.00885666401
5	260173	260309	136	260241	50.3398766106092	61.9414638015352	112.281340412144	1.31512	110.966220412144	75.2419198299402	88.1867823810319	163.428702210972	7.11712	156.311582210972	137.629241538894	185.281483880155	5156.24250756431
5	264268	264757	489	264512.5	188.835736167208	219.942865566022	408.77860173323	4.72863	404.04997173323	197.019986042694	227.154833276177	424.174819318871	10.53063	413.644189318871	501.135308987869	490.306656175759	18774.8995297223
5	265989	266189	200	266089	26.6945103399273	22.1772931996931	48.8718035396204	1.934	46.9378035396204	34.0581752674852	25.7206282039447	59.7788034714299	7.736	52.0428034714299	58.216043374877	61.6881213540231	2181.04840305262
5	268332	268731	399	268531.5	237.118150518053	286.242049433462	523.360199951515	3.85833	519.501869951515	247.200865569802	293.603914394037	540.80477996384	9.66033	531.14444996384	644.328049328056	629.583748382664	24139.5770231171
5	271612	271719	107	271665.5	29.6905553831735	24.6012487368342	54.2918041200077	1.03469	53.2571141200077	42.0408288408724	33.9332775584963	75.9741063993688	6.83669	69.1374163993687	66.0537611866322	81.9509528399874	2474.68639227198
5	280902	281075	173	280988.5	34.0561753041707	47.5513277612396	81.6075030654104	1.67291	79.9345930654104	56.062971631305	71.9040810562506	127.967052687556	7.47491	120.492142687556	99.1413186414029	142.823472690065	3714.30283069834
5	281378	281491	113	281434.5	20.932916025428	17.6160768665404	38.5489928919684	1.09271	37.4562828919684	36.8016249441134	40.3461599263538	77.1477848704672	6.89471	70.2530748704672	46.4562980170105	83.2733811214028	1740.4727069697
5	284518	284983	465	284750.5	134.608730858589	113.845611718559	248.454342577148	4.49655	243.957792577148	140.4715233168	124.001825422116	264.473348738916	10.29855	254.174798738916	302.576097799769	301.282113642251	11335.9321013711
5	287197	287372	175	287284.5	7.53446179461384	11.0014981984184	18.5359599930322	1.69225	16.8437099930322	14.448234974581	16.1673034415362	30.6155384161172	7.49425	23.1212884161172	20.8909253864107	27.4064568112249	782.672899271365
5	291558	291817	259	291687.5	32.9353958627401	37.7227080485939	70.658103911334	2.50453	68.153573911334	35.4813491620641	41.3420416587956	76.8233908208597	8.30653	68.5168608208597	84.5295500805873	81.2153870118514	3166.87685260285
5	292653	292915	262	292784	239.293810609702	214.988456445244	454.282267054946	2.53354	451.748727054946	245.233001666527	221.353039699057	466.586041365584	8.33554	458.250501365584	560.295146034627	543.180048982195	20991.3069087812
5	294969	295316	347	295142.5	47.6503259453061	45.5572643385444	93.2075902838505	3.35549	89.8521002838505	53.4413197205281	50.1247805561377	103.566100276666	9.15749	94.4086102766658	111.441809649935	111.905766391097	4175.1374171055
5	298448	298638	190	298543	24.4988506151332	20.7092201287042	45.2080707438375	1.8373	43.3707707438375	29.1670649856102	25.8500258303911	55.0170908160013	7.6393	47.3777908160013	53.7919220845908	56.1585217242854	2015.2998891429
5	303429	303792	363	303610.5	93.8558783922369	101.172744178236	195.028622570473	3.51021	191.518412570473	98.9721845433215	107.810822415303	206.783006958625	9.31221	197.470796958625	237.536556304322	234.068913934405	8899.24317697167
5	311390	311967	577	311678.5	106.580844976902	90.2853438869084	196.866188863811	5.57959	191.286598863811	112.894029173533	101.611836123929	214.505865297462	11.38159	203.124275297462	237.249042279714	240.770175868343	8888.47154139024
5	313757	314079	322	313918	18.1903663322913	19.7591375561639	37.9495038884551	3.11374	34.8357638884551	28.4230786326263	26.2223190013803	54.6453976340066	8.91574	45.7296576340066	43.2061193450485	54.204932890542	1618.70563742719
5	316597	316750	153	316673.5	22.0516955035442	22.5986854700525	44.6503809735967	1.47951	43.1708709735967	26.4690144762205	28.1139843023745	54.582998778595	7.28151	47.301488778595	53.543990293638	56.0680783002361	2006.01119129648
5	318490	318871	381	318680.5	350.383372882752	341.693732277699	692.077105160451	3.68427	688.392835160451	360.862580661596	352.697530433929	713.560111095525	9.48627	704.073841095525	853.800223455865	834.562891592445	31987.3956720667
5	319747	319926	179	319836.5	68.8377373025007	59.9793997918716	128.817137094372	1.73093	127.086207094372	73.1810576325416	65.4186000200778	138.599657652619	7.53293	131.066727652619	157.62254700115	155.357891227902	5905.28631786585
5	321929	322566	637	322247.5	98.9982840645754	91.5352209602882	190.533505024864	6.15979	184.373715024864	103.464802134788	96.1274367248152	199.592238859603	11.96179	187.630448859603	228.675127118261	222.404811556993	8567.25211652523
5	326026	326183	157	326104.5	20.6102219446378	34.8555606409655	55.4657825856033	1.51819	53.9475925856033	24.926642768099	38.7750887446696	63.7017315127686	7.32019	56.3815415127686	66.9101481768884	66.8309764841151	2506.7707004663
5	327055	327256	201	327155.5	90.3669423901389	59.3028122025854	149.669754592724	1.94367	147.726084592724	95.7324439702068	63.695431628328	159.427875598535	7.74567	151.682205598535	183.221784994508	179.794124875402	6864.35488226903
5	328156	328406	250	328281	68.5336428805351	74.7062296561586	143.239872536694	2.4175	140.822372536694	71.1536948206604	77.5504774838363	148.704172304497	8.2195	140.484672304497	174.659245416739	166.521304300171	6543.56164058634
5	332890	333053	163	332971.5	22.5822857708738	32.986794919922	55.5690806907959	1.57621	53.9928706907959	27.4992955776712	36.1064376960026	63.6057332736739	7.37821	56.2275232736739	66.9663057287346	66.648413378551	2508.87462803803
5	334506	334644	138	334575	4.8159116612508	10.8285013717165	15.6444130329673	1.33446	14.3099530329673	9.63212331699877	13.8474459949133	23.4795693119121	7.13646	16.3431093119121	17.7483559868002	19.3720484540914	664.937382167153
5	335399	336288	889	335843.5	244.315818490509	212.281306102774	456.597124593283	8.59663	448.000494593283	250.306008611853	221.790431675932	472.096440287785	14.39863	457.697810287785	555.646286328545	542.524925276239	20817.1386305855
5	337637	337882	245	337759.5	55.3359849664941	55.5131817161564	110.84916668265	2.36915	108.48001668265	58.7046231752265	59.7062048031146	118.410827978341	8.17115	110.239677978341	134.545651484817	130.670874348451	5040.71663577316
5	339515	339602	87	339558.5	3.71773180527371	2.59505239869434	6.31278420396806	0.84129	5.47149420396806	7.68665900284523	4.865410753284	12.5520697561292	6.64329	5.90877975612923	6.78618767567002	7.00387946722348	254.242695566336
5	342363	342637	274	342500	65.5678972815032	62.5231531315497	128.091050413053	2.64958	125.441470413053	81.060513098902	76.9708881153021	158.031401214204	8.45158	149.579821214204	155.582612135022	177.302096499095	5828.86070691442
5	349457	349913	456	349685	158.250197200807	151.076428789959	309.326625990766	4.40952	304.917105990766	162.840313003854	155.343550517718	318.183863521572	10.21152	307.972343521572	378.182746730291	365.050190104981	14168.514862934
5	351354	351493	139	351423.5	24.2781546633811	13.9210446448859	38.1991993082671	1.34413	36.8550693082671	28.3457800505219	17.7893736877395	46.1351537382614	7.14613	38.9890237382614	45.7106245208748	46.2150281577571	1712.53625004711
5	355048	355199	151	355123.5	28.1932828477933	19.0638503098873	47.2571331576807	1.46017	45.7969631576807	39.0733832730232	29.6930553373166	68.7664386103398	7.26217	61.5042686103398	56.8010812728956	72.9031207534375	2128.03722857218
5	359103	359510	407	359306.5	86.6497105756938	84.80854434839	171.458254924084	3.93569	167.522564924084	90.3926419187298	89.9990491384416	180.391691057171	9.73769	170.654001057171	207.774973911146	202.282045250379	7784.23349943373
5	362245	362449	204	362347	21.558204555698	21.7309013879027	43.2891059436007	1.97268	41.3164259436007	26.8985065980036	27.3470983694398	54.2456049674434	7.77468	46.4709249674434	51.2439582477959	55.0835825052947	1919.84110948156
5	364190	364359	169	364274.5	9.25763018636371	11.5750876770092	20.8327178633729	1.63423	19.1984878633729	17.5182786604627	18.5892590153629	36.1075376758256	7.43623	28.6713076758256	23.8115105075751	33.9850851473791	892.091835104505
5	372064	372270	206	372167	29.9641503645934	27.6218933288484	57.5860436934418	1.99202	55.5940236934418	33.0344940449722	32.0640118466242	65.0985058915964	7.79402	57.3044858915964	68.9521846072204	67.9249741369395	2583.27504595524
5	374769	374914	145	374841.5	12.2494753066495	18.1386672806122	30.3881425872616	1.40215	28.9859925872616	18.4374617997944	23.0061779953764	41.4436397951708	7.20415	34.2394897951708	35.9507619545833	40.5852425445115	1346.88562471778
5	377678	378631	953	378154.5	215.331950144505	219.827967673606	435.159917818111	9.21551	425.944407818111	219.498273721215	223.770195360929	443.268469082144	15.01751	428.250959082144	528.290551557112	507.620561761989	19792.2633869458
5	382352	382480	128	382416	13.7710473963005	16.7624925239233	30.5335399202238	1.23776	29.2957799202238	18.6612576946839	21.6796023288865	40.3408600235704	7.03976	33.3011000235704	36.3349851489535	39.4729369374618	1361.28044332647
5	386865	387123	258	386994	32.8860967670383	34.9754584416682	67.8615552087065	2.49486	65.3666952087065	35.033057385125	39.2177806243281	74.2508380094532	8.29686	65.9539780094532	81.0730387145253	78.177514043056	3037.37958418601
5	394030	394237	207	394133.5	35.8571422688536	42.6430177948602	78.5001600637138	2.00169	76.4984700637138	38.5531928149288	45.9620569133937	84.5152497283225	7.80369	76.7115597283225	94.8795622185799	90.9288449146479	3554.63727286676
5	396335	396594	259	396464.5	17.7665741059545	12.6525679126815	30.419142018636	2.50453	27.914612018636	23.6809656176795	20.9869150349188	44.6678806525983	8.30653	36.3613506525983	34.6219495059678	43.1003570529219	1297.10202382367
5	399225	399431	206	399328	43.292605879401	44.2404884922954	87.5330943716964	1.99202	85.5410743716965	48.7318061076073	50.0538818566396	98.7856879642469	7.79402	90.9916679642469	106.094928190509	107.855547379666	3974.81794171111
5	400822	401139	317	400980.5	157.731406717033	141.842798163369	299.574204880402	3.06539	296.508814880402	164.593680841653	148.530275494303	313.123956335956	8.86739	304.256566335956	367.754107060853	360.645751860668	13777.8086833578
5	402143	402251	108	402197	16.8430910454966	12.973362028323	29.8164530738196	1.04436	28.7720930738196	35.3563514549096	31.4127237932661	66.7690752481757	6.84636	59.9227152481757	35.685466554855	71.0284512655303	1336.94640393996
5	404399	404640	241	404519.5	45.7105615265988	27.521095177799	73.2316567043977	2.33047	70.9011867043977	50.6028717864624	30.9162329004482	81.5191046869107	8.13247	73.3866346869107	87.937360703923	86.9876971330868	3294.54956079552
5	406401	406971	570	406686	80.9575149882067	53.9677100648974	134.925225053104	5.5119	129.413325053104	87.2461996342353	58.8846198735291	146.130819507764	11.3139	134.816919507764	160.508826072765	159.80312236131	6013.41998678205
5	409379	409723	344	409551	274.868058067723	372.800461683851	647.668519751574	3.32648	644.342039751574	279.634870629604	376.020902610981	655.655773240584	9.12848	646.527293240585	799.164880026206	766.350993101437	29940.4972291383
5	414229	414487	258	414358	116.016971889083	89.7208542413984	205.737826130481	2.49486	203.242966130481	121.007980338516	95.7360439041729	216.744024242688	8.29686	208.447164242688	252.078291688773	247.079578846363	9444.04538095583
5	415690	415860	170	415775	32.7624990342039	38.9212860629575	71.6837850971614	1.6439	70.0398850971614	37.6034102368856	43.7621972656393	81.3656075025249	7.4459	73.9197075025249	86.8691050987498	87.6195666394671	3254.5276519428
5	416511	416879	368	416695	108.628107423763	81.5293044998145	190.157411923577	3.55856	186.598851923577	114.492999843454	87.7190909599424	202.212090803397	9.36056	192.851530803397	231.434921067742	228.59353920163	8670.64705436922
5	422603	422816	213	422709.5	50.3704760493207	40.2929609021888	90.6634369515095	2.05971	88.6037269515095	56.3585662091841	47.5293281647804	103.887894373964	7.86171	96.0261843739645	109.893476524329	113.823132492792	4117.12953310604
5	424449	424566	117	424507.5	6.16478691869706	2.94454598789848	9.10933290659554	1.13139	7.97794290659554	15.6490129485906	8.13505077795006	23.7840637265406	6.93339	16.8506737265406	9.89488717554965	19.9736819771928	370.709285989225
5	430774	431351	577	431062.5	55.0397903996206	70.9832979462673	126.023088345888	5.57959	120.443498345888	66.3930821450548	77.5474775388646	143.940559683919	11.38159	132.558969683919	149.383724741348	157.126696929673	5596.62105841041
5	432262	432432	170	432347	21.3112090863606	22.183093093305	43.4943021796656	1.6439	41.8504021796656	25.9773234953573	25.526931756938	51.5042552522954	7.4459	44.0583552522954	51.9062385714516	52.2238808090786	1944.65326363262
5	432874	433062	188	432968	67.2895657007673	26.7233098116557	94.012875512423	1.81796	92.194915512423	70.7589020623834	29.244563564046	100.003465626429	7.61996	92.3835056264295	114.347557739549	109.505340336284	4284.00048754322
5	435623	435763	140	435693	11.6509862847935	4.36771988247741	16.0187061672709	1.3538	14.6649061672709	13.473052862444	4.91680981046596	18.38986267291	7.1558	11.23406267291	18.1885974447378	13.3161201019006	681.430909949677
5	438977	439466	489	439221.5	94.7363622414336	72.4363712923976	167.172733533831	4.72863	162.444103533831	99.8754679743032	75.7554104109311	175.630878385234	10.53063	165.100248385234	201.47625717799	195.698991572559	7548.25377158334
5	442214	442558	344	442386	47.9262208845376	34.5315665840209	82.4577874685585	3.32648	79.1313074685585	63.5461343669026	46.2591514637587	109.805285830661	9.12848	100.676805830661	98.1450191637491	119.335673740687	3676.97673880463
5	451362	451566	204	451464	26.324817121247	22.7054835110454	49.0303006322924	1.97268	47.0576206322924	30.6165383977745	28.4697777760192	59.0863161737937	7.77468	51.3116361737937	58.3646501808635	60.8214436583944	2186.6159170589
5	453141	453387	246	453264	140.69601919885	97.0066205978575	237.702639796707	2.37882	235.323819796707	147.408296074884	102.27122402871	249.679520103594	8.18082	241.498700103594	291.867549551247	286.256698815384	10934.739222184
5	456055	456286	231	456170.5	33.8073798678503	26.9229061504401	60.7302860182904	2.23377	58.4965160182904	36.6781272094447	30.4908407034598	67.1689679129045	8.03577	59.1331979129045	72.5520892967529	70.0926092673941	2718.14450665849
5	460284	460434	150	460359	16.6419947342264	18.1156677024957	34.7576624367221	1.4505	33.3071624367221	20.0372324550413	22.9072798094757	42.944512264517	7.2525	35.692012264517	41.310224741845	42.3069672861017	1547.67645617477
5	461003	461104	101	461053.5	7.95995398976795	9.92981785635806	17.889771846126	0.97667	16.913101846126	12.0275793769087	15.0938231324929	27.1214025094016	6.77867	20.3427325094016	20.9769907500394	24.1129391194558	785.897314965366
5	461386	462269	883	461827.5	342.70131379553	425.21590022222	767.91721401775	8.53861	759.37860401775	359.067413590525	443.552363874633	802.619777465158	14.34061	788.279167465158	941.842489756359	934.374355334914	35285.8754928147
5	462981	463125	144	463053	13.5467515105823	18.0889681922475	31.6357197028299	1.39248	30.2432397028299	28.1180842271692	37.4250135092346	65.5430977364038	7.19448	58.3486177364038	37.5101010606638	69.1626194530193	1405.30584481474
5	463474	463647	173	463560.5	33.2334903947623	32.485304118818	65.7187945135802	1.67291	64.0458845135802	46.2604514399131	41.0955461802868	87.3559976201999	7.47491	79.8810876201999	79.4348629389467	94.6857951207686	2976.00576947591
5	464976	465069	93	465022.5	5.73919472537722	5.38970113617308	11.1288958615503	0.89931	10.2295858615503	18.2399654224902	11.7049852942842	29.9449507167744	6.70131	23.2436407167744	12.6875560702442	27.5514851930074	475.335874811249
5	467551	468168	617	467859.5	165.868957449126	126.20168506987	292.070642518997	5.96639	286.104252518997	170.860065896725	128.772237917962	299.632303814687	11.76839	287.863913814687	354.849531046407	341.214978139927	13294.3422147224
5	472558	472711	153	472634.5	13.3719547168974	17.6675759218881	31.0395306387855	1.47951	29.5600206387855	19.0374507941363	21.410207270427	40.4476580645633	7.28151	33.1661480645633	36.6627177647374	39.3129737481466	1373.55885760621
5	474004	474979	975	474491.5	237.27464764741	247.781554918159	485.05620256557	9.42825	475.62795256557	243.439634562439	253.846043676636	497.285678239075	15.23025	482.055428239075	589.912084264629	571.39684592323	22100.8975316597
5	482899	483299	400	483099	87.3585975725087	94.5861649965167	181.944762569025	3.868	178.076762569025	91.3275247700802	98.9541848734912	190.281709643571	9.67	180.611709643571	220.865139652845	214.085259041947	8274.6530372711
5	484287	484759	472	484523	78.5144598014123	87.3771972313333	165.891657032746	4.56424	161.327417032746	82.2078920524151	89.5734569451217	171.781348997537	10.36624	161.415108997537	200.091252663911	191.330869361779	7496.3649500741
5	490861	491676	815	491268.5	246.978569647399	202.639382965534	449.617952612933	7.88105	441.736902612933	261.074611082301	215.861840424674	476.936451506975	13.68305	463.253401506975	547.87767521101	549.110158247228	20526.0897050732
5	503874	504020	146	503947	17.7910736565568	14.1228409433163	31.913914599873	1.41182	30.502094599873	23.5798674721329	17.8408727430872	41.4207402152201	7.21382	34.2069202152201	37.8311537469351	40.5466367034263	1417.3339973324
5	509933	510132	199	510032.5	12.77396568587	12.9502624520408	25.7242281379108	1.92433	23.7998981379108	15.1203226464096	16.3948992667232	31.5152219131329	7.72633	23.7888919131329	29.5185500349358	28.1977901521138	1105.90453561997
5	512301	512421	120	512361	9.6314233298387	9.58242422863411	19.2138475584728	1.1604	18.0534475584728	15.1961212560282	14.3491367923489	29.545258048377	6.9624	22.582858048377	22.391339322961	26.7682368144085	838.88550374464
5	517613	517786	173	517699.5	19.0883498604896	13.7257482272277	32.8140980877173	1.67291	31.1411880877173	23.9044615180719	19.0414507207652	42.9459122388371	7.47491	35.4710022388371	38.6238089502732	42.0449965163663	1447.03061127573
5	522705	523109	404	522907	67.9663532863849	61.90066454992	129.867017836305	3.90668	125.960337836305	71.9845795796582	65.7935931415415	137.7781727212	9.70868	128.0694927212	156.226153292468	151.805165781867	5852.97080324487
5	525800	525884	84	525842	8.63274164875665	5.03990755247176	13.6726492012284	0.81228	12.8603692012284	16.9426892185574	10.6294050237607	27.5720942423181	6.61428	20.9578142423181	15.9504653984007	24.8420166105181	597.57989496313
5	526804	526914	110	526859	8.68164075179551	7.38446454602837	16.0661052978239	1.0637	15.0024052978239	13.9729436928965	12.4245720948316	26.3975157877281	6.8657	19.5318157877281	18.60719104183	23.1517316940707	697.113406449603
5	541456	541592	136	541524	6.38898280624947	7.00997141539332	13.3989542216428	1.31512	12.0838342216428	14.5753326432158	13.7982468973773	28.3735795405931	7.11712	21.2564595405931	14.9873441902362	25.1960111337361	561.496818009814
5	546594	546653	59	546623.5	5.98789016353193	7.28536636379624	13.2732565273282	0.57053	12.7027265273282	12.0768784726105	15.3466184954422	27.4234969680527	6.37253	21.0509669680527	15.7549442608647	24.9524337338526	590.254748146815
5	559155	559265	110	559210	3.59233410545626	5.7390947272115	9.33142883266776	1.0637	8.26772883266776	8.70684028955787	10.9294995190973	19.6363398086552	6.8657	12.7706398086552	10.2543030145846	15.1374777247986	384.174703704254
5	570500	570689	189	570594.5	50.551272732949	72.9315622090611	123.48283494201	1.82763	121.65520494201	68.6430408738368	84.7843447922849	153.427385666122	7.62963	145.797755666122	150.886580828296	172.819084383365	5652.92515739131
5	571643	571960	317	571801.5	4.01632632812452	8.93263614776186	12.9489624758864	3.06539	9.88357247588638	6.03788924639375	12.6507679456985	18.6886571920922	8.86739	9.82126719209222	12.2584024083969	11.6414851234651	459.257748326269
6	4171	4493	322	4332	4.26902169290818	46.7601422740342	51.0291639669423	3.11374	47.9154239669423	10.7570026832241	86.1812191692785	96.9382218525025	8.91574	88.0224818525025	59.4285669466948	104.336069162384	2850.69246730454
6	16562	16695	133	16628.5	4.79111211615133	4.61661531696357	9.4077274331149	1.28611	8.1216174331149	12.552169754295	9.90791825806458	22.4600880123595	7.08811	15.3719780123595	10.0730838919907	18.2209331900881	483.189581185445
6	27455	27758	303	27606.5	19.2349471714405	20.4129255636651	39.6478727351056	2.93001	36.7178627351055	57.3835474078514	55.9228742011261	113.306421608978	8.73201	104.574411608978	45.5404498809868	123.955639657298	2184.50190040481
6	27961	28190	229	28075.5	56.1894693109454	48.9061029104636	105.095572221409	2.21443	102.881142221409	73.3294549104755	66.4751806391139	139.804635549589	8.01643	131.788205549589	127.601476557437	156.213083744326	6120.83694303944
6	30706	31532	826	31119	169.297294562796	181.920963005583	351.218257568379	7.98742	343.230837568379	175.661977814774	185.439598462901	361.101576277675	13.78942	347.312156277675	425.70252164888	411.681020526622	20420.2630843432
6	32041	32331	290	32186	57.3101487542103	63.8511287723597	121.16127752657	2.8043	118.35697752657	67.1418684099934	72.2865740401436	139.428442450137	8.6063	130.822142450137	146.795853614881	155.067975991871	7041.56023999085
6	36057	36263	206	36160	11.3281922058375	10.9044999776664	22.232692183504	1.99202	20.240672183504	16.3438002040384	18.6902571627438	35.0340573667822	7.79402	27.2400373667822	25.1041114179299	32.2885513208887	1204.2037187546
6	36509	36830	321	36669.5	140.177528709573	146.246617383672	286.424146093245	3.10407	283.320076093245	145.86762433558	155.428648956749	301.296273292329	8.90607	292.390203292329	351.396371261714	346.58014442528	16855.9169446644
6	40206	40429	223	40317.5	23.5283684167852	44.3376867093788	67.8660551261641	2.15641	65.7096451261641	27.3718979145393	49.3040956100437	76.675993524583	7.95841	68.717583524583	81.4983928164331	81.4533105224975	3909.34640419011
6	42648	42761	113	42704.5	14.6222317829402	12.8478643303398	27.4700961132799	1.09271	26.3773861132799	21.4846059057254	18.3877627114298	39.8723686171551	6.89471	32.9776586171551	32.7153581609414	39.0895507361244	1569.3029441248
6	44453	44697	244	44575	27.3731978906937	47.2039341335157	74.5771320242094	2.35948	72.2176520242094	33.8611788810096	51.197560878021	85.0587397590305	8.16148	76.8972597590305	89.5701469951475	91.1489615353071	4296.53542821343
6	47745	47920	175	47832.5	27.5479946843787	37.0991194871413	64.6471141715199	1.69225	62.9548641715199	46.5095468707307	52.6945334189039	99.2040802896346	7.49425	91.7098302896347	78.0816916619259	108.706809835285	3745.452762721
6	48940	49183	243	49061.5	122.606751012105	106.463147135846	229.069898147951	2.34981	226.720088147951	143.589566122229	122.757548246017	266.347114368246	8.15181	258.195304368246	281.196508789252	306.047756970877	13488.54281068
6	54497	54594	97	54545.5	26.0242226350817	29.6658558362397	55.6900784713215	0.93799	54.7520884713215	33.0612935533862	37.4020139311182	70.4633074845043	6.73999	63.7233174845043	67.9079487522465	75.5334355541212	3257.43473087228
6	54867	55261	394	55064	61.3280750529864	60.6313878323897	121.959462885376	3.80998	118.149482885376	71.233793351405	74.0553415954634	145.289134946868	9.61198	135.677154946868	146.538502053434	160.822788955359	7029.21550082992
6	56053	56272	219	56162.5	80.1406299724102	105.870658003933	186.011287976343	2.11773	183.893557976343	83.235573201557	108.067017715887	191.302590917444	7.91973	183.382860917444	228.079597684511	217.369999768239	10940.6102901367
6	64087	64180	93	64133.5	11.6529862481079	10.0288160404245	21.6818022885324	0.89931	20.7824922885324	15.6713125395469	14.8451276943382	30.5164402338851	6.70131	23.8151302338851	25.7761203394613	28.2288913343469	1236.43890242123
6	65027	65262	235	65144.5	23.102576227134	27.8953883121026	50.9979645392366	2.27245	48.7255145392366	24.7251464641658	33.4352866931926	58.1604331573584	8.07445	50.0859831573584	60.4333065028278	59.3686350667648	2898.88820264577
6	74484	75058	574	74771	669.647116595974	908.001544436868	1577.64866103284	5.55058	1572.09808103284	680.402019317718	921.250901402589	1601.65292072031	11.35258	1590.30034072031	1949.84262520327	1885.037581835	93530.8046226651
6	75585	75689	104	75637	29.5630577218758	11.9285811928423	41.4916389147181	1.00568	40.4859589147181	42.4360215918123	20.3125274052785	62.7485489970908	6.80768	55.9408689970908	50.2139461694927	66.3086322249432	2408.68197658887
6	76216	76911	695	76563.5	922.889871338799	782.058654619891	1704.94852595869	6.72065	1698.22787595869	957.526535994996	800.872109522806	1758.3986455178	12.52265	1745.8759955178	2106.27895282285	2069.44674569083	101034.802845572
6	80250	80432	182	80341	23.3533716267689	21.9325976881673	45.2859693149362	1.75994	43.5260293149362	30.8408342834926	28.8462708699687	59.6871051534613	7.56194	52.1251651534613	53.9844862658647	61.7857474828473	2589.54870117334
6	81960	82407	447	82183.5	23.0802766361776	27.5729942258096	50.6532708619872	4.32249	46.3307808619872	32.0399122886848	38.4044955424977	70.4444078311826	10.12449	60.3199178311826	57.4631649726995	71.4992691213768	2756.41530582563
6	87327	87519	192	87423	39.7953700295479	56.8126578797351	96.6080279092831	1.85664	94.7513879092831	46.8572404929518	68.791338153605	115.648578646557	7.65864	107.989938646557	117.518300652916	128.004181094883	5637.16326429659
6	90404	90837	433	90620.5	55.8670752246523	53.1487250876207	109.015800312273	4.18711	104.828690312273	64.9482086485138	61.45847266109	126.406681309604	9.98911	116.417571309604	130.016982516012	137.993743373759	6236.70486640728
6	93789	93890	101	93839.5	4.3410203722292	7.35966500092891	11.7006853731581	0.97667	10.7240153731581	9.7312214992309	18.9122530906503	28.6434745898812	6.77867	21.8648045898812	13.3007873619318	25.9171034024531	638.017308677291
6	95073	96568	1495	95820.5	937.884196296397	672.421465705811	1610.30566200221	14.45665	1595.84901200221	943.14879972725	678.111661329984	1621.26046105723	20.25865	1601.00181105723	1979.30044221295	1897.72240195952	94943.8485738687
6	98812	99018	206	98915	19.5824407973302	20.7807188171966	40.3631596145268	1.99202	38.3711396145268	22.5766858735933	26.5203135352367	49.09699940883	7.79402	41.30297940883	47.5909769884562	48.9578392419492	2282.86237718545
6	103246	103671	425	103458.5	54.4665009155269	64.8957096115089	119.362210527036	4.10975	115.252460527036	59.7575038621308	71.2829924489411	131.040496311072	9.91175	121.128746311072	142.945381656806	143.578060816807	6856.8593129721
6	106314	106871	557	106592.5	119.759503239456	117.715440733899	237.474943973355	5.38619	232.088753973355	125.299601616877	125.252002489993	250.55160410687	11.18819	239.36341410687	287.855160430101	283.72567102854	13807.9475860299
6	107808	107958	150	107883	6.78807548565255	9.87851879734183	16.6665942829944	1.4505	15.2160942829944	12.6775674541124	14.645431357388	27.3229988115004	7.2525	20.0704988115004	18.8722253274441	23.7902511727545	905.270198261293
6	109999	110180	181	110089.5	30.2129458009138	33.4329867353809	63.6459325362948	1.75027	61.8956625362948	33.1578917814752	38.8988864738354	72.0567782553106	7.55227	64.5045082553106	76.7679845071598	76.459407789583	3682.43635019847
6	111863	112067	204	111965	26.3227171597668	22.1072944836865	48.4300116434533	1.97268	46.4573316434533	30.2650448452558	25.1262391068834	55.3912839521392	7.77468	47.6166039521392	57.6201234417242	56.4415951319487	2763.94435032926
6	114015	114248	233	114131.5	57.9564368992822	69.3621276835555	127.318564582838	2.25311	125.065454582838	65.4664991414595	78.2436647686326	143.710163910092	8.05511	135.655053910092	155.11624702565	160.796591837837	7440.6760867917
6	114520	114801	281	114660.5	63.1897409042635	68.4554443149392	131.645185219203	2.71727	128.927915219203	75.6163129624096	81.8545985329135	157.470911495323	8.51927	148.951641495323	159.906781711633	176.557493515673	7670.47030605902
6	115725	116238	513	115981.5	113.975009345006	108.855003261789	222.830012606795	4.96071	217.869302606795	118.042834728478	116.167569126663	234.210403855141	10.76271	223.447693855141	270.21905189716	264.86022149786	12961.9719159029
6	118937	119376	439	119156.5	89.270862495642	71.0588965595544	160.329759055196	4.24513	156.084629055196	99.7276706853636	82.1859924541216	181.913663139485	10.04713	171.866533139485	193.588724865637	203.719301148411	9286.1387726977
6	123223	123294	71	123258.5	5.5889974804603	5.16540525045494	10.7544027309152	0.68657	10.0678327309152	13.6253500688411	13.6766491278574	27.3019991966985	6.48857	20.8134291966985	12.4869368132923	24.670872059845	598.978211022468
6	129950	130146	196	130048	37.2266171484389	35.1766547511042	72.4032718995431	1.89532	70.5079518995431	41.4177402702484	42.7630155937286	84.1807558639769	7.69732	76.4834358639769	87.4496392357336	90.6584418677554	4194.81809247413
6	131245	131795	550	131520	65.3245017461319	43.7106982102916	109.035199956423	5.3185	103.716699956423	69.1434316951179	48.1279171848022	117.27134887992	11.1205	106.15084887992	128.637802539388	125.824244866668	6170.54782826185
6	137090	137597	507	137343.5	29.8681521254987	46.88324001604	76.7513921415387	4.90269	71.8487021415387	32.8377976529938	50.7268695119598	83.5646671649536	10.70469	72.8599771649536	89.1125456428689	86.3634318944869	4274.58502969315
6	144187	144346	159	144266.5	2.64455149072755	1.82186658131911	4.46641807204665	1.53753	2.92888807204665	10.0804150939379	4.71741346801301	14.7978285619509	7.33953	7.45829856195088	3.63264282058919	8.84057729589332	174.252014765055
6	155925	156228	303	156076.5	19.861835672362	20.883716927892	40.745552600254	2.93001	37.815542600254	24.6287482324082	23.8038633633539	48.4326115957621	8.73201	39.7006015957621	46.9018808347652	47.0584858175744	2249.8075465627
6	157824	158013	189	157918.5	11.4764894856057	20.7087201378756	32.1852096234813	1.82763	30.3575796234813	23.3274721018464	31.1633283679514	54.4908004697978	7.62963	46.8611704697978	37.6519146368893	55.546153894638	1806.10159304781
6	160171	160503	332	160337	43.1673081777493	49.3017956522321	92.4691038299813	3.21044	89.2586638299813	48.8577037982534	52.5696357099151	101.427339508168	9.01244	92.4148995081685	110.705781976431	109.542552581922	5310.37773551466
6	162112	162444	332	162278	36.4331317034218	39.3204787405263	75.7536104439481	3.21044	72.5431704439481	40.0770648623914	43.4643027299485	83.54136759234	9.01244	74.52892759234	89.9738811500027	88.341696123757	4315.90190418906
6	164798	165001	203	164899.5	17.988570033861	19.460543033313	37.449113067174	1.96301	35.486103067174	22.8045816932775	24.4517514790774	47.2563331723549	7.76501	39.4913231723549	44.0127223597107	46.8104209187068	2111.21927622674
6	167308	167758	450	167533	45.5079652428427	37.8236061978091	83.3315714406517	4.3515	78.9800714406517	49.326795193663	42.0414288298667	91.3682240235297	10.1535	81.2147240235297	97.9574440644364	96.2666001274766	4698.86053556312
6	169291	169855	564	169573	91.795816180164	63.7776301205528	155.573446300717	5.45388	150.119566300717	98.4094948647946	67.6705587121744	166.080053576969	11.25588	154.824173576969	186.190373731556	183.518407370109	8931.25180617675
6	173368	174158	790	173763	105.419866272851	99.8057692527938	205.225635525645	7.6393	197.586335525645	109.911283886328	104.747578604691	214.658862491019	13.4413	201.217562491019	245.06248294159	238.510083729847	11755.2518937089
6	176488	176962	474	176725	44.8064781102913	42.9207127010748	87.7271908113661	4.58358	83.1436108113661	48.874103497432	47.6364262002705	96.5105296977025	10.38558	86.1249496977025	103.121400839574	102.086859165411	4946.56720992355
6	181954	182246	292	182100	18.439061770446	35.9256410123743	54.3647027828203	2.82364	51.5410627828203	23.829162899282	46.5077469037477	70.3369098030296	8.62564	61.7112698030296	63.925376142051	73.1484863725685	3066.39714871821
6	183991	184448	457	184219.5	58.1845327152978	29.8429525877363	88.0274853030342	4.41919	83.6082953030342	66.0952876075298	38.7510891848959	104.846376792426	10.22119	94.6251867924256	103.697739962468	112.162481969342	4974.21326771457
6	191417	191787	370	191602	147.007203432166	151.917213367363	298.92441679953	3.5779	295.34651679953	155.940539567088	157.531510383752	313.47204995084	9.3799	304.09214995084	366.312531392885	360.450863475702	17571.4210786473
6	192321	192783	462	192552	999.310069555461	552.021874207558	1551.33194376302	4.46754	1546.86440376302	1013.25681372894	563.099971000921	1576.35678472986	10.26954	1566.08724472986	1918.54578684125	1856.336968029	92029.5457844859
6	194149	194847	698	194498	72.2271751297037	72.6792668369403	144.906441966644	6.74966	138.156781966644	85.0775394141866	84.1827558272914	169.260295241478	12.55166	156.708635241478	171.353165358803	185.752124466288	8219.53486065504
6	196280	196808	528	196544	115.515381089813	89.1997637998125	204.715144889625	5.10576	199.609384889625	125.073605762342	99.0316834519271	224.105289214269	10.90776	213.197529214269	247.571631658436	252.710349506203	11875.6117090966
6	199029	199930	901	199479.5	52.4668375955512	43.7605972949877	96.2274348905389	8.71267	87.5147648905389	59.4030103646405	50.8965663991928	110.299576763833	14.51467	95.7849067638332	108.542858093248	113.53713785951	5206.6257667574
6	203285	204252	967	203768.5	379.854232295831	433.389050301311	813.243282597141	9.35089	803.892392597141	388.063281716416	443.7184608279	831.781742544317	15.15289	816.628852544317	997.052074596232	967.978210178582	47826.9792558059
6	204649	205167	518	204908	66.0684880991158	89.8243523429224	155.892840442038	5.00906	150.883780442038	72.6819667874149	97.4332127728346	170.115179560249	10.81106	159.304119560249	187.138213644033	188.828641120829	8976.71815742046
6	205723	205980	257	205851.5	20.4355251491186	28.1711832531684	48.606708402287	2.48519	46.121518402287	28.1222841501295	34.6840637867495	62.806347936879	8.28719	54.519157936879	57.2036208203969	64.6234293042196	2743.96539161913
6	206321	206569	248	206445	90.2739440960159	112.177442317958	202.451386413973	2.39816	200.053226413973	98.7340889107335	119.214213241765	217.948302152498	8.20016	209.748142152498	248.122119654987	248.62167261968	11902.0177300682
6	207113	207460	347	207286.5	124.556415249219	94.9567581986885	219.513173447908	3.35549	216.157683447908	134.912525286057	104.687579705256	239.600104991314	9.15749	230.442614991314	268.096163996985	273.15154162528	12860.1404086516
6	209946	211219	1273	210582.5	321.347405492406	324.952239368577	646.299644860983	12.30991	633.989734860983	325.489229518513	328.197379842641	653.686609361155	18.11191	635.574699361155	786.325117934828	753.368507622028	37718.7471567298
6	212974	213234	260	213104	121.356673942394	112.5971346195	233.953808561894	2.5142	231.439608561894	130.688702764056	118.237531157142	248.926233921198	8.3162	240.610033921198	287.050038021714	285.203332285409	13769.3271631799
6	220157	220328	171	220242.5	28.2640815491257	23.6021670630893	51.866248612215	1.65357	50.212678612215	38.1470002657593	33.0102944888671	71.1572947546264	7.45557	63.7017247546264	62.2778071323682	75.5078409502139	2987.36592170781
6	221540	221855	315	221697.5	21.7557009330022	18.4125622565292	40.1682631895314	3.04605	37.1222131895314	34.1082743485127	29.541658114411	63.6499324629237	8.84805	54.8018824629237	46.0419578728048	64.9585523896233	2208.55842957959
6	223863	224171	308	224017	23.9518606486249	21.8337995004323	45.7856601490572	2.97836	42.8073001490572	28.918169551124	24.8281445748612	53.7463141259853	8.78036	44.9659541259852	53.0930604823749	53.2996889079196	2546.78844467186
6	224907	225562	655	225234.5	29.717854882416	116.307766555007	146.025621437423	6.33385	139.691771437423	36.1814363202954	124.391718270272	160.573154590568	12.13585	148.437304590568	173.25698289759	175.947832327555	8310.85791614465
6	225971	226956	985	226463.5	302.739146825555	329.400357776297	632.139504601852	9.52495	622.614554601852	308.552740186231	337.03771768344	645.590457869671	15.32695	630.263507869671	772.216703449611	747.072970037451	37041.9892780703
6	228992	229637	645	229314.5	125.000907095861	92.9635947594848	217.964501855346	6.23715	211.727351855346	130.393008188011	97.1815173897082	227.574525577719	12.03915	215.535375577719	262.601310026241	255.48147904873	12596.5611297269
6	233604	234166	562	233885	105.81155908799	93.7844797019102	199.5960387899	5.43454	194.1614987899	112.050744641986	97.0789192716757	209.129663913661	11.23654	197.893123913661	240.81472465457	234.569512570827	11551.4937825197
6	237419	237580	161	237499.5	34.2041725894417	42.6144183194632	76.818590908905	1.55687	75.2617209089049	40.5668558781059	50.0506819153365	90.6175377934423	7.35887	83.2586677934423	93.3456463339259	98.6893568375064	4477.6400396543
6	238248	238437	189	238342.5	19.4877425343899	13.3720547150631	32.859797249453	1.82763	31.032167249453	23.929761054	18.1389672751093	42.0687283291093	7.62963	34.4390983291093	38.4885925283159	40.8218453914673	1846.23568150378
6	239758	239877	119	239817.5	4.88981030572057	3.7426313485389	8.63244165425947	1.15073	7.48171165425947	19.4366434717051	20.6109219317979	40.047565403503	6.95273	33.094835403503	9.27942121993498	39.2284444031435	445.118863396819
6	241464	241978	514	241721	79.9091342187599	79.8336356036386	159.742769822399	4.97038	154.772389822399	84.3016536463368	88.2691808695882	172.570834515925	10.77238	161.798454515925	191.961180107811	191.785261963282	9208.06807673936
6	244083	244286	203	244184.5	31.8110164873434	32.3348068794039	64.1458233667473	1.96301	62.1828133667473	38.998184652399	41.3418416624641	80.3400263148631	7.76501	72.5750163148631	77.1241320884296	86.0256580174287	3699.52017502106
6	245183	245403	220	245293	83.6058664092317	86.0484216051975	169.654288014429	2.1274	167.526888014429	91.9651130747342	94.9818577382851	186.946970813019	7.9294	179.017570813019	207.780335755887	212.195671566356	9966.88744866761
6	245880	246117	237	245998.5	64.4719173851721	52.6918334684294	117.163750853601	2.29179	114.871960853601	70.7831016184886	61.5736705480036	132.356772166492	8.09379	124.262982166492	142.473455324035	147.293178160695	6834.22176825123
6	248103	248354	251	248228.5	160.781050777107	130.314109635255	291.095160412362	2.42717	288.667990412362	166.82083998865	134.007641884424	300.828481873074	8.22917	292.599311873074	358.029285213558	346.82800800381	17174.087124601
6	251919	252057	138	251988	29.090066398003	33.3340885494803	62.4241549474833	1.33446	61.0896949474833	50.5724723440824	55.2667862358133	105.839258579896	7.13646	98.7027985798957	75.768358607124	116.995815187414	3634.48590868925
6	253538	253622	84	253580	5.78869381741043	8.75793935224265	14.5466331696531	0.81228	13.7343531696531	14.547033162316	21.3099091102062	35.8569422725221	6.61428	29.2426622725221	17.0344506891016	34.6623313629206	817.115114144502
6	255290	256297	1007	255793.5	95.2113535286209	130.360408785985	225.571762314606	9.73769	215.834072314606	99.677971596999	135.524214065789	235.202185662788	15.53969	219.662495662788	267.694795412344	260.373496151346	12840.8874052623
6	261111	261270	159	261190.5	18.0625686764965	23.0016780779188	41.0642467544153	1.53753	39.5267167544153	22.4302885589739	28.9139696281637	51.3442581871375	7.33953	44.0047281871375	49.0242168042474	52.160314807967	2351.61257858911
6	261593	261750	157	261671.5	19.5590412265508	29.6620559059423	49.2210971324931	1.51819	47.7029071324931	24.6734474124867	35.5001488172202	60.1735962297069	7.32019	52.8534062297069	59.1649864567866	62.6489566278174	2838.0489364958
6	262836	264117	1281	263476.5	130.276410326777	197.740472826732	328.01688315351	12.38727	315.62961315351	133.920443483913	203.455267999673	337.375711483586	18.18927	319.186441483586	391.469260683028	378.342645349756	18778.148791832
6	268444	268575	131	268509.5	3.41773730810278	7.88435537648088	11.3020926845837	1.26677	10.0353226845837	9.73092150473373	16.1181043440002	25.8490258487339	7.06877	18.7802558487339	12.4466152361277	22.2608819006511	597.044050025518
7	20533	20665	132	20599	10.653904574363	3.66863270590341	14.3225372802664	1.27644	13.0460972802664	24.0800582970826	13.1772582882335	37.2573165853161	7.07844	30.1788765853161	16.1808203168212	35.7720583239731	139.486791189942
7	23470	23575	105	23522.5	25.2243373074583	12.2740748554175	37.4984121628758	1.01535	36.4830621628758	40.2459617642987	25.276536349966	65.5224981142647	6.81735	58.7051481142647	45.2492313051999	69.5852271480094	390.07108137851
7	38868	38984	116	38926	6.48568103250424	4.71521350836709	11.2008945408713	1.12172	10.0791745408713	9.70392199998834	8.65754119385611	18.3614631938445	6.92372	11.4377431938445	12.5010038392407	13.557549614816	107.76492650228
7	41222	41435	213	41328.5	24.075558379625	22.3561899181727	46.4317482977977	2.05971	44.3720382977977	29.0173677315219	25.0769400111816	54.0943077427035	7.86171	46.2325977427035	55.0337747269285	54.8010850650907	474.418755874144
7	43245	43325	80	43285	2.04606246887152	4.44161852694719	6.48768099581871	0.7736	5.71408099581871	6.5125805390839	7.16236861995615	13.6749491590401	6.5756	7.09934915904005	7.08706334797602	8.41510224747721	61.094042577146
7	45237	45435	198	45336	9.58252422679984	5.26410344002418	14.846627666824	1.91466	12.931967666824	13.1012596822835	8.40844576303851	21.509705445322	7.71666	13.793045445322	16.0392675805303	16.3493702206047	138.266535567374
7	53636	53796	160	53716	13.8719455455156	13.3228556175271	27.1948011630427	1.5472	25.6476011630427	20.9602155246706	19.0132512380312	39.9734667627017	7.3492	32.6242667627018	31.8102201034803	38.670663240661	274.220060689232
7	56151	56389	238	56270	20.1106311086825	19.960633860097	40.0712649687795	2.30146	37.7698049687795	23.9788601533703	25.0010414033974	48.9799015567677	8.10346	40.8764415567677	46.8451533414232	48.4522492847412	403.828730216047
7	67258	67303	45	67280.5	1.84666612641857	4.86531075511828	6.71197688153685	0.43515	6.27682688153685	7.41136405260803	14.1747399913268	21.5861040439349	6.23715	15.3489540439349	7.78502610765963	18.1936420900033	67.1108318259045
7	74490	74733	243	74611.5	7.46046315197834	20.5587228892901	28.0191860412685	2.34981	25.6693760412685	10.4548082264072	25.3997340901376	35.8545423165448	8.15181	27.7027323165448	31.8372270607659	32.836999527114	274.452874213998
7	75675	76836	1161	76255.5	125.917790277381	153.015593219672	278.933383497053	11.22687	267.706513497053	128.81133720076	157.634308498115	286.445645698876	17.02887	269.416775698876	332.031173728151	319.348952122568	2862.27534151795
7	79017	79200	183	79108.5	12.823164783406	10.0801150994407	22.9032798828467	1.76961	21.1336698828467	15.9429075576523	12.7760656473502	28.7189732050025	7.57161	21.1473632050025	26.2116790686982	25.0666955023658	225.957827440455
7	80404	80660	256	80532	2.095461562739	11.976080321561	14.0715418843	2.47552	11.5960218843	5.2646034308528	15.7188116682657	20.9834150991185	8.27752	12.7058950991185	14.3823200508861	15.0607335981851	123.982816351982
7	81224	81452	228	81338	42.1164274541595	35.7789437032577	77.8953711574172	2.20476	75.6906111574172	45.8344592539304	41.717834765585	87.5522940195154	8.00676	79.5455340195154	93.8775905543105	94.2880519198059	809.271941389218
7	82286	82447	161	82366.5	17.1905846713863	16.6393947819175	33.8299794533038	1.55687	32.2731094533038	21.1595118689578	21.9058981779191	43.0654100468769	7.35887	35.7065400468769	40.0277089700155	42.3241875652074	345.058938520442
7	84294	84656	362	84475	41.366141216735	35.9766400768933	77.3427812936283	3.50054	73.8422412936283	45.4091670551077	40.093864554233	85.5030316093407	9.30254	76.2004916093407	91.5850934187699	90.3230583305099	789.509465631653
7	87285	87481	196	87383	16.9399892680828	10.6044054823298	27.5443947504126	1.89532	25.6490747504126	20.1089311398652	15.5708143829947	35.6797455228598	7.69732	27.9824255228598	31.8120477651895	33.1685294851903	274.235816050344
7	91308	91446	138	91377	7.23636726259165	8.80703845161296	16.0434057142046	1.33446	14.7089457142046	9.55802467619754	12.3009743619972	21.8589990381947	7.13646	14.7225390381947	18.2432188369028	17.451130881642	157.265701411324
7	92369	92486	117	92427.5	16.5940956128447	9.83111966678882	26.4252152796335	1.13139	25.2938252796335	22.9341793160553	14.9210263021224	37.8552056181777	6.93339	30.9218156181777	31.3714387668941	36.6526894614362	270.437545373193
7	93548	93752	204	93650	21.7311013842342	22.5819857763767	44.3130871606108	1.97268	42.3404071606108	25.9489240162918	26.6250116147494	52.5739356310412	7.77468	44.7992556310412	52.5139822039489	53.1020954598402	452.696879812679
7	94679	94877	198	94778	8.78273889734211	10.9289995282687	19.7117384256108	1.91466	17.7970784256108	23.654366105597	25.0498405082705	48.7042066138676	7.71666	40.9875466138676	22.0733696815807	48.583945922667	190.283523786013
7	97092	97326	234	97209	9.73052151207083	12.2269757193617	21.9574972314325	2.26278	19.6947172314325	14.0471423318635	16.8684905795904	30.9156329114539	8.06478	22.8508529114539	24.4269741261584	27.0859003246922	210.572775213101
7	98658	98862	204	98760	12.22467576155	10.9538990715339	23.1785748330839	1.97268	21.2058948330839	16.7673924340438	14.4726345270176	31.2400269610614	7.77468	23.4653469610614	26.3012582675248	27.8142812145558	226.730045088079
7	107621	107950	329	107785.5	28.2207823433673	31.9365141853266	60.1572965286939	3.18143	56.9758665286939	33.1869912477008	36.304234067804	69.4912253155048	8.98343	60.5077953155048	70.666057357282	71.7219667525473	609.176876932784
7	114789	114962	173	114875.5	47.6064267505534	45.3079689113954	92.9143956619487	1.67291	91.2414856619487	51.2505599058545	50.6999700053801	101.950529911235	7.47491	94.4756199112346	113.165037268959	111.985195211096	975.539411134032
7	115330	115919	589	115624.5	142.362388632469	165.17437019001	307.536758822479	5.69563	301.841128822479	148.052784252973	169.867184109255	317.919968362228	11.49763	306.422338362228	374.367672168952	363.212915784786	3227.23720390179
7	120967	121214	247	121090.5	24.8254446243867	40.846150754972	65.6715953793587	2.38849	63.2831053793587	28.1446837392516	44.864477046411	73.0091607856626	8.19049	64.8186707856626	78.4888028378214	76.8317954206198	676.612868681712
7	121856	122583	727	122219.5	154.720061954431	150.581337871461	305.301399825892	7.03009	298.271309825892	162.057227368072	155.995838552734	318.053065920806	12.83209	305.220975920806	369.940095208084	361.788899645508	3189.0692685978
7	123337	123597	260	123467	235.207685561902	222.598416854979	457.806102416882	2.5142	455.291902416882	239.42340823248	226.343248163164	465.766656395644	8.3162	457.450456395644	564.689677414459	542.231728217319	4867.90839885555
7	124240	124510	270	124375	87.4793953567029	75.6767118545066	163.156107211209	2.6109	160.545207211209	89.9245505049774	79.3701441055095	169.294694610487	8.4129	160.881794610487	199.121093059822	190.698713512484	1716.52374757999
7	129558	129751	193	129654.5	16.444198362425	22.7037835422281	39.147981904653	1.86631	37.281671904653	26.4506148137274	29.3418617792951	55.7924765930225	7.66831	48.1241665930225	46.239731410891	57.0432265525689	398.609689354555
7	131286	131461	175	131373.5	9.43032701856845	9.37912795771794	18.8094549762864	1.69225	17.1172049762864	14.3720363722996	12.8730638681021	27.2451002404017	7.49425	19.7508502404017	21.2301358864183	23.411360749309	183.014425309724
7	141763	142182	419	141972.5	56.0415720238401	84.235354862462	140.276926886302	4.05173	136.225196886302	60.3084937552681	88.0294852663486	148.337979021617	9.85373	138.484249021617	168.957458011216	164.150133917286	1456.49807637341
7	144445	144764	319	144604.5	119.154814331325	139.590239482278	258.745053813603	3.08473	255.660323813603	140.834416660211	160.894048704375	301.728465364586	8.88673	292.841735364586	317.090519325314	347.115360889627	2733.47940286192
7	147776	148077	301	147926.5	33.7562808051655	34.8579605969429	68.6142414021084	2.91067	65.7035714021084	50.4741741471761	52.4251383604444	102.899312507621	8.71267	94.1866425076205	81.4908596948039	111.642660375276	702.492105318123
7	150654	150730	76	150692	5.23970388758761	5.61359702922832	10.8533009168159	0.73492	10.1183809168159	13.0994597153005	14.5977322323379	27.6971919476383	6.53692	21.1602719476383	12.5496307435789	25.0819966781121	108.184114820228
7	152935	153042	107	152988.5	2.46965469887689	2.769949190545	5.23960388942189	1.03469	4.20491388942189	4.66591441266533	9.0605338017224	13.7264482143877	6.83669	6.88975821438773	5.21527278470916	8.16666690645038	44.9582685967449
7	159226	159559	333	159392.5	34.8084615049097	26.9704052791589	61.7788667840686	3.22011	58.5587567840686	40.4474580682318	30.439741640775	70.8871997090069	9.02211	61.8650897090069	72.6292853060883	73.3308143870806	626.100887062772
7	165175	165610	435	165392.5	56.6056616766872	100.220761640547	156.826423317234	4.20645	152.619973317234	62.9208458366326	103.490501663379	166.411347500011	10.00845	156.402897500011	189.291579845846	185.389723026703	1631.78841090789
7	165970	166846	876	166408	202.961777051827	164.362985073328	367.324762125155	8.47092	358.853842125155	208.801969924585	168.231214118016	377.033184042601	14.27292	362.760264042601	445.079429862224	429.992192925624	3836.80804066471
7	167528	167715	187	167621.5	23.8778620059894	23.0778766802002	46.9557386861896	1.80829	45.1474486861896	29.9667503169022	28.9180695529583	58.8848198698605	7.61029	51.2745298698605	55.9955011265426	60.777460282647	482.709320064229
7	173170	173692	522	173431	7.01017141172476	275.752941836212	282.763113247937	5.04774	277.715373247937	8.63274164875665	280.968146173197	289.600887821954	10.84974	278.751147821954	344.444967503113	330.413303807775	2969.28847350132
7	174302	174429	127	174365.5	30.9365325280901	0	30.9365325280901	1.22809	29.7084425280901	40.7165531321942	2.29495790335768	43.0115110355518	7.03009	35.9814210355518	36.8468025427617	42.6500134365328	317.637928835795
7	180459	180671	212	180565	54.9434921660287	62.3976554335665	117.341147599595	2.05004	115.291107599595	62.0568616847803	67.4134634280989	129.470325112879	7.85204	121.618285112879	142.993314868051	144.158327962291	1232.67413283259
7	185785	185954	169	185869.5	12.4756711575164	12.5249702532181	25.0006414107345	1.63423	23.3664114107345	16.0436057105361	16.119604316486	32.1632100270221	7.43623	24.7269800270221	28.9809048916042	29.3097381939239	249.829943720982
7	190239	190358	119	190298.5	15.3931176425037	18.014969549612	33.4080871921158	1.15073	32.2573571921158	21.4080073107811	23.2814729456136	44.6894802563946	6.95273	37.7367502563946	40.0081717473203	44.7306654146887	344.890517856399
7	190858	191115	257	190986.5	85.4501325796729	129.93331662018	215.383449199853	2.48519	212.898259199853	92.01221221079	138.168965552848	230.181177763638	8.28719	221.893987763638	264.053563596186	263.018560335741	2276.27422881716
7	191801	191991	190	191896	48.7257062194981	40.3439599667078	89.069666186206	1.8373	87.232366186206	54.6398977348917	44.6605807865005	99.3004785213922	7.6393	91.6611785213922	108.192604481432	108.649141224387	932.674545177963
7	196530	198058	1528	197294	2087.95000052434	1659.58255811117	3747.53255863552	14.77576	3732.75679863552	2098.47880739338	1665.64494690817	3764.12375430155	20.57776	3743.54599430155	4629.66554269637	4437.35356642762	39910.0402939414
7	200205	200488	283	200346.5	128.111950029689	113.291821876782	241.403771906471	2.73661	238.667161906471	131.13079465472	117.709240847624	248.840035502344	8.53861	240.301425502344	296.014231641191	284.837528133379	2551.79122626199
7	202523	202636	113	202579.5	10.0287160422587	10.2547118967942	20.2834279390529	1.09271	19.1907179390529	14.719629996355	17.0922864744799	31.8119164708349	6.89471	24.9172064708349	23.8018736218003	29.535220127408	205.184095169885
7	205689	205767	78	205728	16.0946047750551	20.9576155723618	37.0522203474169	0.75426	36.2979603474169	35.2537533368771	43.9867931458546	79.2405464827316	6.55626	72.6842864827317	45.0196531292967	86.155179698165	388.092002292471
7	206082	206779	697	206430.5	124.49911630026	130.109213393688	254.608329693947	6.73999	247.868339693947	132.507069409575	138.914951869146	271.422021278721	12.54199	258.880031278721	307.426273210702	306.85938728151	2650.1687515227
7	208762	208863	101	208812.5	26.8670071758006	13.147758829345	40.0147660051456	0.97667	39.0380960051456	36.7478259309541	27.2989992517268	64.0468251826809	6.77867	57.2681551826809	48.4181900073322	67.8819101005893	417.389095676856
7	210096	210340	244	210218	117.311948135204	107.935620126126	225.24756826133	2.35948	222.88808826133	125.245902601884	113.975509335834	239.221411937718	8.16148	231.059931937718	276.443753977798	273.883268591615	2383.08388770491
7	213821	213958	137	213889.5	20.1597302080528	12.325273916268	32.4850041243208	1.32479	31.1602141243208	27.5217951649591	15.1200226519125	42.6418178168715	7.12679	35.5150278168715	38.6474065728425	42.0971815452139	333.160039176427
7	216052	216253	201	216152.5	55.1390885781842	63.0497434722504	118.188832050435	1.94367	116.245162050435	60.2041956684183	69.5377244625663	129.741920130985	7.74567	121.996250130985	144.176610018306	144.60634287212	1242.87473084356
7	217286	217478	192	217382	50.9975645465737	44.3597863040038	95.3573508505774	1.85664	93.5007108505774	55.9640734454043	48.5775089378957	104.5415823833	7.65864	96.8829423833	115.967110260377	114.838677169972	999.694686490899
7	225469	226458	989	225963.5	727.274259535528	626.736003718809	1354.01026325434	9.56363	1344.44663325434	734.759522232606	633.098587009307	1367.85810924191	15.36563	1352.49247924191	1667.49096920727	1603.15576073224	14374.6089554638
7	229779	230152	373	229965.5	148.188381765694	150.79533394611	298.983715711804	3.60691	295.376805711804	161.214942818182	158.580691138524	319.795633956706	9.40891	310.386723956706	366.350098140746	367.91203810975	3158.12169230071
7	234520	234734	214	234627	60.9336822873723	66.2878840747135	127.221566362086	2.06938	125.152186362086	69.9410170649297	76.217901927403	146.158918992333	7.87138	138.287538992333	155.223818761904	163.916966767391	1338.10721406
7	235846	236143	297	235994.5	51.2508599003517	35.7583440811186	87.0092039814703	2.87199	84.1372139814703	58.8620202880755	39.8014699176571	98.6634902057326	8.67399	89.9895002057326	104.353747495919	106.667643535511	899.581671500246
7	238139	238368	229	238253.5	37.3278152921512	40.5930553975255	77.9208706896767	2.21443	75.7064406896767	41.2701429776403	45.8084597308422	87.0786027084825	8.01643	79.0621727084825	93.8972236148104	93.7151071661819	809.441188223232
7	245046	245413	367	245229.5	155.739043263155	139.223946201232	294.962989464387	3.54889	291.414099464387	163.448701844117	145.985622171134	309.434324015251	9.35089	300.083434015251	361.435230776176	355.699194875755	3115.75306917872
7	249516	249994	478	249755	181.907263256879	173.195023066372	355.102286323251	4.62226	350.480026323251	185.750892752799	179.333510467484	365.084403220283	10.42426	354.660143220283	434.693549246285	420.390841673597	3747.27653778453
7	253923	254534	611	254228.5	238.588923539516	237.005152590785	475.594076130301	5.90837	469.685706130301	243.905026025717	242.395353717787	486.300379743503	11.71037	474.590009743503	582.5420317668	562.547829125621	5021.80465226151
7	255315	255547	232	255431	190.095413060828	157.057019087393	347.152432148221	2.24344	344.908992148221	196.408697255625	162.198224781743	358.606922037368	8.04544	350.561482037368	427.78390408356	415.532557884571	3687.71192899844
7	257223	257538	315	257380.5	82.4549875199182	96.2536344099585	178.708621929877	3.04605	175.662571929877	88.4186781273451	101.44413920001	189.862817327355	8.84805	181.014767327355	217.870866031897	214.563017149724	1878.15619984175
7	265936	266038	102	265987	12.6256684061018	7.33496545399517	19.960633860097	0.98634	18.974293860097	18.490460827628	11.8263830674727	30.3168438951007	6.78834	23.5285038951007	23.5334470526442	27.8891432963709	202.870123438625
7	269112	269345	233	269228.5	95.0098572246877	174.474099604143	269.483956828831	2.25311	267.230846828831	103.194307096505	186.748674450389	289.942981546895	8.05511	281.887871546895	331.441213625612	334.131370108804	2857.18958937301
7	270836	270951	115	270893.5	69.559524062694	73.4003536099735	142.959877672668	1.11205	141.847827672668	76.24720138996	86.7478087762687	162.995010166229	6.91405	156.080960166229	175.931097445871	185.008119654285	1516.61434789794
7	271315	271670	355	271492.5	139.647038440409	171.950745890273	311.597784330682	3.43285	308.164934330682	321.300506352681	244.173821095182	565.474327447863	9.23485	556.239477447863	382.210964952115	659.329745860814	3294.85032371063
7	271895	272401	506	272148	1056.32792367126	400.154459926725	1456.48238359799	4.89302	1451.58936359799	1145.24409267308	451.948809857785	1597.19290253087	10.69502	1586.49788253087	1800.37801049635	1880.53039762148	15520.1619383908
7	272869	273191	322	273030	90.4734404366345	50.1486801177456	140.62212055438	3.11374	137.50838055438	103.74909691994	59.8779016536621	163.626998573602	8.91574	154.711258573602	170.548965718127	183.384565340745	1470.21767147702
7	277094	277412	318	277253	97.629909164813	132.332872604884	229.962781769697	3.07506	226.887721769697	107.062736137525	139.046949447901	246.109685585426	8.87706	237.232625585426	281.404421504776	281.199974253523	2425.84733121086
7	280581	280760	179	280670.5	32.2856077818678	42.6412178278772	74.926825609745	1.73093	73.195895609745	36.3287336184063	45.0123743335163	81.3411079519226	7.53293	73.8081779519226	90.7834434579584	87.4873668348219	782.598840675581
7	281318	281457	139	281387.5	13.1974579177096	14.3198373297918	27.5172952475015	1.34413	26.1731652475015	18.6386581092304	22.0311958795708	40.6698539888012	7.14613	33.5237239888012	32.4620669993689	39.7368207651463	279.839308049645
7	284027	284330	303	284178.5	27.3244987839863	24.375552876796	51.7000516607823	2.93001	48.7700416607823	35.5581477533399	32.0378123272046	67.5959600805445	8.73201	58.8639500805445	60.4885326242861	69.7734605696102	521.441506323294
7	287123	287476	353	287299.5	55.4860822132452	76.8917895662147	132.37787177946	3.41351	128.96436177946	67.9105543099111	91.1406281983427	159.051182508254	9.21551	149.835672508254	159.951985670335	177.605365820176	1378.86638555775
7	288166	288428	262	288297	165.321867484452	133.283555166419	298.605422650871	2.53354	296.071882650871	173.781612306507	141.94309632359	315.724708630097	8.33554	307.389168630097	367.21218852807	364.358932888299	3165.55334406428
7	289398	289594	196	289496	33.7348811977006	36.2026359314288	69.9375171291294	1.89532	68.0421971291294	41.4959388358443	40.8193512465581	82.3152900824023	7.69732	74.6179700824023	84.391411627255	88.4472412436629	727.496318566619
7	291695	291849	154	291772	25.5493313460601	29.1165659119198	54.6658972579799	1.48918	53.1767172579799	35.9548404767656	36.5772290602295	72.5320695369951	7.29118	65.2408895369951	65.9540465248018	77.3322657994771	568.556978917376
7	293015	293246	231	293130.5	56.0579717230188	59.0315171789771	115.089488901996	2.23377	112.855718901996	69.5353245065889	67.689158370999	137.224482877588	8.03577	129.188712877588	139.972749708148	153.131815851113	1206.63534533694
7	295701	295862	161	295781.5	32.2112091465694	28.7384728473187	60.9496819938881	1.55687	59.3928119938881	37.4510130323228	32.8326977465419	70.2837107788647	7.35887	62.9248407788647	73.6637477353093	74.5869737067516	635.01847232936
7	299766	299925	159	299845.5	24.2743547330836	23.278772995139	47.5531277282227	1.53753	46.0155977282227	27.9430874371528	27.7454910616828	55.6885784988356	7.33953	48.3490484988356	57.0722494717052	57.3097867947307	491.991431146674
7	303470	303670	200	303570	37.3502148812733	39.4951755360455	76.8453904173189	1.934	74.9113904173189	56.2641679407409	54.3689027057807	110.633070646522	7.736	102.897070646522	92.9111382497012	121.9674298388	800.940637526463
7	304120	304272	152	304196	45.6327629536658	55.8604753457146	101.49323829938	1.46984	100.02339829938	51.0226640861703	61.6267695740029	112.649433660173	7.27184	105.377593660173	124.057072440216	124.907678912269	1069.43422028578
7	306314	306549	235	306431.5	86.3220165866174	89.196663856675	175.518680443292	2.27245	173.246230443292	91.4385227340335	93.3402878497658	184.778810583799	8.07445	176.704360583799	214.873924756774	209.453744079382	1852.32106208814
7	307145	307398	253	307271.5	129.209429898506	81.0806127302125	210.290042628719	2.44651	207.843532628719	134.776227786176	85.2983353641044	220.07456315028	8.24851	211.82605315028	257.784284696825	251.084691850848	2222.22989857777
7	310239	310382	143	310310.5	24.8479442116745	22.528686754046	47.3766309657204	1.38281	45.9938209657204	74.4988334604478	60.6810869207544	135.179920381202	7.18481	127.995110381202	57.0452401773883	151.716997841051	491.758597475524
7	310601	310793	192	310697	58.2314318550222	39.6494727057571	97.8809045607794	1.85664	96.0242645607794	76.0449051007011	58.8841198827005	134.929024983402	7.65864	127.270384983402	119.097024767943	150.857955950419	1026.67612023844
7	313030	313136	106	313083	11.2294940162683	10.2035128359437	21.433006852212	1.02502	20.407986852212	20.2119292505605	16.6421947305578	36.8541239811183	6.82702	30.0271039811183	25.3116285422141	35.5921570465351	218.198940227698
7	320903	321119	216	321011	70.6267044872968	69.2283301378173	139.855034625114	2.08872	137.766314625114	77.6882749562035	78.7616552670811	156.449930223285	7.89072	148.559210223285	170.868876321465	176.092331258495	1472.97546141928
7	321491	321658	167	321574.5	51.7689503969659	70.4089084823507	122.177858879317	1.61489	120.562968879317	57.2328501721059	77.4212798537214	134.654130025827	7.41689	127.237240025827	149.531901716656	150.818668094487	1289.04003274191
7	324741	325051	310	324896	98.4272945382934	96.3528325903563	194.78012712865	2.9977	191.78242712865	119.806902370009	123.570133340687	243.377035710696	8.7997	234.577335710696	237.864008417786	278.052568020645	2050.50712041357
7	326385	326651	266	326518	37.9219043947154	23.1802748019012	61.1021791966167	2.57222	58.5299591966167	44.3854858325947	30.7663356500285	75.1518214826232	8.37422	66.7776014826232	72.5935682193529	79.1537832171567	625.792987851123
7	330655	330908	253	330781.5	92.6105012363146	99.1743808344147	191.784882070729	2.44651	189.338372070729	95.7567435244777	103.591599808925	199.348343333403	8.24851	191.099833333403	234.83269454	226.517192062418	2024.37567357571
7	334603	334887	284	334745	87.1181019839433	99.5211744731443	186.639276457088	2.74628	183.892996457088	93.4314861769057	103.16520763028	196.596693807185	8.54828	188.048413807185	228.078901243117	222.900239756251	1966.15458608468
7	337634	337757	123	337695.5	18.2392654353302	25.4978322907125	43.7370977260426	1.18941	42.5476877260426	22.4817876143216	28.4427782712738	50.9245658855954	6.99141	43.9331558855954	52.771068251398	52.0754777021884	454.913090555783
7	343123	343312	189	343217.5	56.5596625204543	46.4821473733224	103.041809893777	1.82763	101.214179893777	64.5200165028852	51.9728466568764	116.492863159762	7.62963	108.863233159762	125.533975655146	129.039327057724	1082.16586715627
7	345721	345955	234	345838	100.765351651078	94.9088590773069	195.674210728385	2.26278	193.411430728385	108.851103333326	104.989674163908	213.840777497234	8.06478	205.775997497234	239.884429849308	243.913353213632	2067.9241670661
7	346937	347187	250	347062	90.3194432614201	72.3516728460297	162.67111610745	2.4175	160.25361610745	93.6878814738212	76.9931877062584	170.68106918008	8.2195	162.46156918008	198.759438294066	192.571274536498	1713.40610200912
7	352333	353000	667	352666.5	264.853841759495	230.780766765317	495.634608524811	6.44989	489.184718524811	269.844950207093	235.621677967998	505.466628175092	12.25189	493.214738175092	606.726276996083	584.624359040161	5230.28498257433
7	355564	355748	184	355656	126.01788844127	127.165467391115	253.183355832385	1.77928	251.404075832385	135.277818585446	132.705565768536	267.983384353982	7.58128	260.402104353982	311.811577866547	308.663552743656	2687.97227834379
7	357047	357312	265	357179.5	98.8470868380012	111.920647028379	210.76773386638	2.56255	208.20518386638	106.807440820432	121.626768988014	228.434209808446	8.36455	220.069659808446	258.232833681878	260.856121789339	2226.09661592531
7	357670	357776	106	357723	42.889513273369	33.5311849341216	76.4206982074905	1.02502	75.3956782074905	58.4358281057614	47.4527295698361	105.888557675597	6.82702	99.0615376755975	93.5117909618537	117.421040951476	806.118565332175
7	358344	358570	226	358457	174.523298701679	114.914592110145	289.437890811824	2.18542	287.252470811824	189.717419994393	125.81959207864	315.537012073033	7.98742	307.549592073033	356.27364382754	364.549088301839	3071.25759943021
7	364127	364214	87	364170.5	14.2194391714053	22.1296940728086	36.3491332442139	0.84129	35.5078432442139	33.7830803135794	40.4678576940395	74.2509380076189	6.64329	67.6076480076189	44.0396862777915	80.1376658550612	379.644196253436
7	368279	368684	405	368481.5	107.376530381565	94.8068609482687	202.183391329834	3.91635	198.267041329834	112.118643396512	101.344341030618	213.46298442713	9.71835	203.74463442713	245.906749090277	241.505508838925	2119.83958111782
7	371185	371607	422	371396	492.556064994843	487.822651820314	980.378716815158	4.08074	976.297976815158	522.494115838183	502.422684010464	1024.91679984865	9.88274	1015.03405984865	1210.88336221571	1203.15471276993	10438.4222427321
7	374926	375044	118	374985	35.8077431749861	34.3806693519439	70.18841252693	1.14106	69.04735252693	55.2684862046306	49.751587401657	105.020073606288	6.94306	98.0770136062876	85.6380862865722	116.254050777765	738.243279751596
7	375919	375983	64	375951	14.8196281620786	13.7996468716974	28.6192750337761	0.61888	28.0003950337761	27.9434874298157	30.2915443591726	58.2350317889883	6.42088	51.8141517889883	34.7283445085803	61.4170926662237	299.375757470396
7	377242	377415	173	377328.5	55.936673947996	52.7903316616672	108.727005609663	1.67291	107.054095609663	61.8777649699693	56.1094707783665	117.987235748336	7.47491	110.512325748336	132.777109355143	130.994053109018	1144.60531448899
7	381347	381437	90	381392	32.7853986141546	45.7313611450693	78.5167597592239	0.8703	77.6464597592239	51.2757594436168	73.5512508420505	124.827010285667	6.6723	118.154710285667	96.3033914749131	140.052833830388	830.183562670167
7	381980	382099	119	382039.5	35.8759419240096	44.2632880740804	80.1392299980901	1.15073	78.9884999980901	46.0815547214335	63.1775411280452	109.259095849479	6.95273	102.306365849479	97.9678978400376	121.267247166582	844.532442840667
7	383038	383457	419	383247.5	194.407733959495	369.916114591718	564.323848551212	4.05173	560.272118551212	218.185297805263	402.076824664597	620.26212246986	9.85373	610.40839246986	694.894594455823	723.538020215733	5990.34012479048
7	383727	384226	499	383976.5	294.784692734902	492.536665350693	787.321358085595	4.82533	782.496028085595	353.239320495819	569.458354368459	922.697674864278	10.62733	912.070344864278	970.514580496887	1081.10828710987	8366.32271948734
7	384559	385220	661	384889.5	737.82506600103	255.784608117354	993.609674118385	6.39187	987.217804118385	807.631885527559	299.619104056812	1107.25098958437	12.19387	1095.05711958437	1224.42701130006	1298.0087923125	10555.1752944803
7	391995	392185	190	392090	63.5780337817684	71.5314878907643	135.109521672533	1.8373	133.272221672533	67.9954527526105	78.3199633690798	146.31541612169	7.6393	138.67611612169	165.294940377969	164.377560576953	1424.92533640503
7	393679	393922	243	393800.5	295.189785304249	322.616682209936	617.806467514185	2.34981	615.456657514184	302.153057576249	329.2550604415	631.408118017749	8.15181	623.256308017749	763.338903128665	738.76709552678	6580.36441311804
7	395814	395946	132	395880	48.1557166748734	48.1802162254757	96.335932900349	1.27644	95.059492900349	54.8185944570399	58.8096212492363	113.628215706276	7.07844	106.549775706276	117.900437271405	126.297106527342	1016.36093553198
7	397582	398546	964	398064	3282.40279055737	3149.42382980374	6431.82662036111	9.32188	6422.50474036111	3299.49147709788	3167.96188975825	6467.45336685613	15.12388	6452.32948685613	7965.70751813325	7648.16762071304	68668.3962559624
7	401371	401503	132	401437	12.4506716160855	49.1262988713871	61.5769704874725	1.27644	60.3005304874725	24.5520496392982	56.4140651911607	80.9661148304589	7.07844	73.8876748304589	74.7895733004124	87.5815972137273	644.723653676227
7	404328	404819	491	404573.5	7.13566910970794	28.7902718971635	35.9259410068714	4.74797	31.1779710068714	7.70945858463022	31.5355215407748	39.244980125405	10.54997	28.695010125405	38.6694300883634	34.0131804744658	333.34989293233
7	405529	405703	174	405616	197.330480347266	7.85925583688424	205.18973618415	1.68258	203.50715618415	207.883886765076	10.8781004619154	218.761987226992	7.48458	211.277407226992	252.405961465877	250.434363005385	2175.86605331046
7	409803	409921	118	409862	41.6684356717175	56.7628587932048	98.4312944649223	1.14106	97.2902344649223	50.4513745653911	65.2951022854091	115.7464768508	6.94306	108.8034168508	120.667182578771	128.968424733482	1040.21166852376
7	411343	411486	143	411414.5	47.3599312720446	80.9079158980077	128.267847170052	1.38281	126.885037170052	52.8999296513003	87.3710973432242	140.271026994524	7.18481	133.086216994524	157.373039862836	157.751661265002	1356.6345784987
7	413263	413636	373	413449.5	718.511720267663	598.885514583116	1317.39723485078	3.60691	1313.79032485078	763.021003829423	654.0211032255	1417.04210705492	9.40891	1407.63319705492	1629.46854708373	1668.51594629304	14046.8365958778
7	417250	417487	237	417368.5	92.8916960783295	122.606551015774	215.498247094103	2.29179	213.206457094103	98.0575013214473	127.622159013975	225.679660335422	8.09379	217.585870335422	264.435815440685	257.912000869454	2279.56943154308
7	418667	418780	113	418723.5	22.5060871685924	20.6819206294617	43.1880077980541	1.09271	42.0952977980541	27.9226878113452	27.7436910946998	55.666378906045	6.89471	48.771668906045	52.2099778363362	57.8107332700859	450.076209604633
7	420641	420951	310	420796	249.056031540307	200.973113530081	450.029145070388	2.9977	447.031445070388	266.076119339135	216.44302976386	482.519149102995	8.7997	473.719449102995	554.444393082526	561.515923715929	4779.58890649927
7	421906	422017	111	421961.5	18.7143567206832	17.0652869697346	35.7796436904177	1.07337	34.7062736904178	31.389624216984	30.1415471105871	61.5311713275711	6.87537	54.6558013275711	43.0455151749108	64.7853974055703	371.073942439393
7	423159	423398	239	423278.5	97.8519050927195	75.7000114271202	173.55191651984	2.31113	171.24078651984	112.550935466935	87.9764862385151	200.52742170545	8.11313	192.41429170545	212.386611724859	228.07526469035	1830.8791755389
7	426950	427194	244	427072	48.7544056930608	53.8150128658374	102.569418558898	2.35948	100.209938558898	53.3711210081901	59.3302116999936	112.701332708184	8.16148	104.539852708184	124.288434690265	123.914675805933	1071.42867898626
7	428056	428608	552	428332	707.449723178981	554.60552681536	1262.05524999434	5.33784	1256.71740999434	713.46271288211	560.943410558925	1274.40612344103	11.13984	1263.26628344103	1558.68212257606	1497.39288810867	13436.6220937045
7	433150	434081	931	433615.5	540.480385914232	528.959197248548	1069.43958316278	9.00277	1060.43681316278	546.596173731725	538.166028366724	1084.76220209845	14.80477	1069.95743209845	1315.23912190076	1268.25727117414	11338.0212603124
7	435417	435553	136	435485	21.7555009366707	24.7263464421545	46.4818473788253	1.31512	45.1667273788253	30.0158494162725	33.8568789598835	63.872728376156	7.11712	56.755608376156	56.0194121134668	67.2743707773497	482.915444770822
7	438552	438919	367	438735.5	21.7331013475486	25.0251409613368	46.7582423088854	3.54889	43.2093523088854	26.0002230753081	31.4145237602491	57.4147468355572	9.35089	48.0638568355572	53.5917179441746	56.971739326878	461.987502736074
7	439850	439942	92	439896	6.13798741028312	8.10765128054178	14.2456386908249	0.88964	13.3559986908249	14.6225317774373	15.3212189613484	29.9437507387858	6.69164	23.2521107387858	16.5651849994119	27.5615250008358	142.800207640503
7	443160	443638	478	443399	247.582158575707	246.003487533427	493.585646109134	4.62226	488.963386109134	254.343834545608	254.661128725449	509.004963271057	10.42426	498.580703271057	606.451762712506	590.984821658265	5227.91853168975
7	446174	446347	173	446260.5	66.4939802942699	72.1543764650569	138.648356759327	1.67291	136.975446759327	71.8096827878075	79.3415446301125	151.15122741792	7.47491	143.67631741792	169.887978313751	170.304470808176	1464.51962834645
7	448446	448778	332	448612	151.901813649842	205.022839245557	356.924652895399	3.21044	353.714212895399	157.742206518931	216.400830537925	374.143037056856	9.01244	365.130597056856	438.70484784929	432.801830010473	3781.85594474181
7	449882	450166	284	450024	238.569623893531	284.53298078308	523.102604676611	2.74628	520.356324676611	251.421888143163	305.443897212048	556.865785355212	8.54828	548.317505355212	645.387812878689	649.939560413119	5563.56682349147
7	451736	452718	982	452227	1064.06628172579	1020.95137258688	2085.01765431266	9.49594	2075.52171431266	1069.95607368874	1027.81374670966	2097.7698203984	15.29794	2082.4718803984	2574.22915079384	2468.42540188828	22191.1471112846
7	454598	454767	169	454682.5	75.5741137364742	55.5929802524038	131.167093988878	1.63423	129.532863988878	79.2922455344108	61.1328786334938	140.425124167905	7.43623	132.988894167905	160.65708788617	157.636301177947	1384.94472050134
7	457834	458321	487	458077.5	128.847336540421	128.195848490731	257.043185031152	4.70929	252.333895031152	147.2121996719	140.248127414574	287.460327086474	10.51129	276.949037086474	312.964814505763	328.277200094517	2697.91375690527
7	459602	459932	330	459767	165.352066930501	137.502177783802	302.854244714303	3.1911	299.663144714303	187.259865073569	159.159680518064	346.419545591633	8.9931	337.426445591633	371.666360907032	399.963148317716	3203.95054521869
7	461358	461651	293	461504.5	213.700780065221	183.9056266007	397.606406665921	2.83331	394.773096665921	238.255429656828	202.795180107731	441.050609764559	8.63531	432.415299764559	489.629381556776	512.556697716259	4220.85098087832
7	464981	465162	181	465071.5	38.0532019863106	30.6117384858197	68.6649404721303	1.75027	66.9146704721303	48.80610474474	40.7662522205588	89.5723569652988	7.55227	82.0200869652988	82.992962278964	97.2212244669044	715.44098339724
7	465499	465813	314	465656	162.872612411383	109.605289499214	272.477901910597	3.03638	269.441521910597	172.502835763233	118.063334352451	290.566170115684	8.83838	281.727790115684	334.183070865251	333.941620093503	2880.82577473133
7	472166	472866	700	472516	706.44704157127	534.968487019545	1241.41552859082	6.769	1234.64652859082	720.919576100122	545.547092975118	1266.46666907524	12.571	1253.89566907524	1531.30803831528	1486.28557724913	13200.6437501758
7	475230	475499	269	475364.5	97.1355182334753	100.201361996397	197.336880229872	2.60123	194.735650229872	103.899294164857	105.492664937498	209.391959102355	8.40323	200.988729102355	241.526833501012	238.238839659424	2082.08251075506
7	478734	479194	460	478964	433.731244024417	435.952003288808	869.683247313224	4.4482	865.235047313224	443.188470549565	444.83364037205	888.022110921615	10.2502	877.771910921615	1073.13417427666	1040.45317604405	9250.95511569996
7	482764	484597	1833	483680.5	526.448843296221	488.225344433684	1014.6741877299	17.72511	996.949077729905	532.11223941198	492.967357450465	1025.07959686244	23.52711	1001.55248686244	1236.49652039379	1187.17454154659	10659.2205197383
7	484969	485508	539	485238.5	236.535461206381	302.674948003161	539.210409209542	5.21213	533.998279209542	241.674266944753	307.591857811792	549.266124756546	11.01413	538.251994756546	662.307663338603	638.008565196046	5709.42442538409
7	492003	492143	140	492073	26.0735217307835	18.2660649437441	44.3395866745276	1.3538	42.9857866745276	31.3893242224868	25.8008267328551	57.1901509553419	7.1558	50.0343509553419	53.314433842972	59.3074336454094	459.597174633578
7	494285	494418	133	494351.5	21.0316142149973	24.2003560904481	45.2319703054454	1.28611	43.9458603054454	26.0985212722144	31.2868261026201	57.3853473748345	7.08811	50.2972373748345	54.5051944650239	59.6190419421624	469.862128757856
7	499939	500089	150	500014	14.3240372527522	12.502570664096	26.8266079168483	1.4505	25.3761079168483	17.6678759163852	16.8950900916729	34.5629660080581	7.2525	27.3104660080581	31.4734923189537	32.3720328068968	271.317298205719
7	516407	516525	118	516466	14.4208354771727	6.86197413012232	21.2828096072951	1.14106	20.1417496072951	26.7220098355013	11.9782802812069	38.7002901167083	6.94306	31.7572301167083	24.9814196736843	37.6429349426304	215.352374071482
7	523470	523579	109	523524.5	13.6230501110295	14.8196281620786	28.4426782731081	1.05403	27.3886482731081	28.5728758848803	24.8504441658176	53.4233200506979	6.85603	46.5672900506979	33.9696069182407	55.1978073462635	292.835058682607
7	524802	524925	123	524863.5	20.3863260515826	19.3126457462078	39.6989717977903	1.18941	38.5095617977903	30.020749326393	26.025222616739	56.0459719431319	6.99141	49.0545619431319	47.7626593258735	58.1460560974123	411.738092236185
7	527450	527547	97	527498.5	10.855100883799	7.31006591072998	18.1651667945289	0.93799	17.2271767945289	15.5212152927957	13.0249610818364	28.5461763746321	6.73999	21.8061863746321	21.3665317903174	25.8476212198141	184.190226449209
7	528664	528984	320	528824	50.8987663588387	53.2941224205829	104.192888779422	3.0944	101.098488779422	71.6347859959568	71.1328952021899	142.767681198147	8.8964	133.871281198147	125.390486219691	158.682224813338	1080.92891621501
7	532655	532850	195	532752.5	10.0041164934907	11.7043853052899	21.7085017987806	1.88565	19.8228517987806	14.9704253959899	15.1243225730386	30.0947479690285	7.68765	22.4070979690285	24.58589693396	26.5599023592903	211.942769568956
7	544992	545139	147	545065.5	29.5632577182073	3.59233410545626	33.1555918236635	1.42149	31.7341018236636	34.8789602117449	6.61117873048742	41.4901389422323	7.22349	34.2666489422323	39.3591883069206	40.617435213777	339.295954919274
7	546216	546332	116	546274	28.6663741698319	30.9898315504208	59.6562057202527	1.12172	58.5344857202527	33.9310775988504	37.4287134413664	71.3597910402168	6.92372	64.4360710402168	72.5991823784414	76.3782868093853	625.841384719833
7	547225	548215	990	547720	530.703265256934	403.724794435722	934.428059692656	9.5733	924.854759692656	548.770233852722	421.240673140208	970.01090699293	15.3753	954.63560699293	1147.0793421401	1131.56235338821	9888.39957075959
7	557661	557931	270	557796	39.7666705559852	60.7334859595936	100.500156515579	2.6109	97.8892565155788	46.4560478520686	69.1439316859466	115.599979538015	8.4129	107.187079538015	121.410137959163	127.052524634925	1046.61631674177
7	559022	559169	147	559095.5	8.38374621610477	10.5304068396943	18.914153055799	1.42149	17.492663055799	13.0745601720353	16.3194006516019	29.3939608236372	7.22349	22.1704708236372	21.6958092284593	26.2794200814943	187.02876320806
7	560099	560285	186	560192	42.735716094486	43.4367032362088	86.1724193306948	1.79862	84.3737993306948	61.0265805833296	63.6709320777257	124.697512661055	7.60062	117.096892661055	104.647179695844	138.798966289733	902.111204317374
7	576584	576851	267	576717.5	155.767942733049	139.423342543685	295.191285276734	2.58189	292.609395276734	159.985865363273	146.037021228316	306.022886591588	8.38389	297.638996591588	362.917732887692	352.801719290759	3128.53298134749
7	581631	582024	393	581827.5	219.063581694814	184.10392296333	403.167504658144	3.80031	399.367194658144	237.37544579846	207.060601866673	444.436047665133	9.60231	434.833737665133	495.327351802826	515.42335517409	4269.97034382502
7	582245	582432	187	582338.5	14.244138718339	21.9321976955044	36.1763364138435	1.80829	34.3680464138435	46.9289391777757	66.8947729424903	113.823712120266	7.61029	106.213422120266	42.6260184724928	125.898415076313	367.457670347538
7	584163	584768	605	584465.5	227.008435961558	237.618041348505	464.626477310063	5.85035	458.776127310063	231.425654936068	242.284255755668	473.709910691736	11.65235	462.057560691736	569.011093676258	547.692687080997	4905.1611756587
7	589504	589742	238	589623	75.3440179571441	102.167625929021	177.511643886165	2.30146	175.210183886165	80.2856273127095	107.608826120541	187.894453433251	8.10346	179.790993433251	217.309777953867	213.112435946295	1873.31933903699
7	591034	591160	126	591097	35.0306574291476	36.4002323068987	71.4308897360463	1.21842	70.2124697360463	47.3566313325757	46.106354266533	93.4629855991087	7.02042	86.4425655991087	87.0831584643846	102.463340195697	750.700527108293
7	592792	593235	443	593013.5	295.833873489675	195.825807947622	491.659681437296	4.28381	487.375871437296	361.70056529036	268.27877893553	629.97934422589	10.08581	619.89353422589	604.482799190045	734.781084322133	5210.94507803657
7	596002	596448	446	596225	65.6219962891597	86.850806886964	152.472803176124	4.31282	148.159983176124	74.5058333320485	95.2596526426654	169.765485974714	10.11482	159.650665974714	183.75994095509	189.2394144813	1584.10290771428
7	598820	599367	547	599093.5	660.277788458497	715.593073804686	1375.87086226318	5.28949	1370.58137226318	665.992583631438	722.479847479908	1388.47243111135	11.09149	1377.38094111135	1699.90537689138	1632.65690889693	14654.0374162989
7	601390	601650	260	601520	116.935455041254	114.79289434246	231.728349383714	2.5142	229.214149383714	131.656785006427	131.411989496735	263.068774503162	8.3162	254.752574503162	284.289844355289	301.966971088098	2450.72112418079
7	605597	606115	518	605856	170.748367945612	185.331400447588	356.0797683932	5.00906	351.0707083932	174.567297894598	190.423007051739	364.990304946337	10.81106	354.179244946337	435.426160711069	419.820816442377	3753.5920162591
7	609153	610682	1529	609917.5	3696.93988666196	4128.51057031775	7825.45045697971	14.78543	7810.66502697971	3702.65478183306	4134.47446092151	7837.12924275457	20.58743	7816.54181275457	9687.41568005982	9265.21531797778	83510.3846206073
7	616067	616362	295	616214.5	65.3956004419614	104.209588473097	169.605188915059	2.85265	166.752538915059	74.5550324295845	110.298676780342	184.853709209926	8.65465	176.199059209926	206.819925652372	208.854793016168	1782.89154805096
7	617317	617449	132	617383	30.7617357344052	32.8060982344594	63.5678339688646	1.27644	62.2913939688646	47.0295373324937	48.849503948664	95.8790412811577	7.07844	88.8006012811577	77.2588024940697	105.258400830569	666.00964846462
7	617860	618012	152	617936	79.5405409799026	76.8468903898047	156.387431369707	1.46984	154.917591369707	85.1793375468933	85.181237512042	170.360575058935	7.27184	163.088735058935	192.141270758391	193.314675780538	1656.35417664109
7	619971	620259	288	620115	111.698551102307	104.793477762758	216.492028865065	2.78496	213.707068865065	122.478153370985	113.300721713531	235.778875084516	8.58696	227.191915084516	265.056714468217	269.298375443598	2284.92189274763
7	621956	622072	116	622014	9.53062517878926	12.3993725570692	21.9299977358585	1.12172	20.8082777358585	17.68857553669	20.7832187713397	38.4717943080298	6.92372	31.5480743080298	25.8081015274756	37.3950153832096	222.478786506853
7	624899	626251	1352	625575	964.339911016576	1302.66000517726	2266.99991619383	13.07384	2253.92607619383	975.892799100795	1319.7768912005	2295.6696903013	18.87584	2276.7938503013	2795.50060549186	2698.76190302822	24098.6180919537
7	627098	627720	622	627409	363.376934540551	86.9020059478145	450.278940488366	6.01474	444.264200488366	372.384069321777	90.9448317898558	463.328901111633	11.81674	451.512161111633	551.012233533775	535.19286298176	4750.00196882037
7	634159	634265	106	634212	14.6963304237414	16.6169951927954	31.3133256165368	1.02502	30.2883056165368	20.8862168820351	24.1024578862047	44.9886747682398	6.82702	38.1616547682398	37.565995435544	45.234319317672	323.837732485831
7	635501	635686	185	635593.5	85.2078370241245	57.4850455460609	142.692882570185	1.78895	140.903932570185	98.0067022532597	66.7182761799881	164.724978433248	7.59095	157.134028433248	174.760402737478	186.25635761836	1506.52237201913
7	639566	639923	357	639744.5	25.0501405027677	30.2665448177417	55.3166853205094	3.45219	51.8644953205094	32.1367105131053	38.151100190554	70.2878107036593	9.25419	61.0336207036593	64.3265232180334	72.3452456343875	554.526911269201
7	640406	640820	414	640613	668.498037673644	544.91100464295	1213.40904231659	4.00338	1209.40566231659	676.830984821561	548.328841949218	1225.15982677078	9.80538	1215.35444677078	1500.00228357115	1440.6013435019	12930.7724340412
7	641816	641936	120	641876	56.0621716459792	54.645597630338	110.707769276317	1.1604	109.547369276317	66.7447756939048	64.7526122363584	131.497387930263	6.9624	124.534987930263	135.869468114556	147.615595929248	1171.26299884077
7	643798	644006	208	643902	64.5214164772053	65.4657991542994	129.987215631505	2.01136	127.975855631505	69.1381317923346	70.7075030052015	139.845634797536	7.81336	132.032274797536	158.725960751271	156.502387401736	1368.29743549647
7	648187	648250	63	648218.5	8.06075214081739	15.6934121341719	23.7541642749892	0.60921	23.1449542749892	18.4165621831582	26.7480093585895	45.1645715417477	6.41121	38.7533615417477	28.7062359201569	45.9356896669882	247.462159349334
7	650745	651549	804	651147	325.774424287157	356.507360549834	682.281784836991	7.77468	674.507104836991	333.286386494483	365.615093485778	698.901479980261	13.57668	685.324799980261	836.578022631746	812.33900958684	7211.72237699341
7	653258	653417	159	653337.5	44.5841821878876	42.1622266140609	86.7464088019485	1.53753	85.2088788019485	49.3015956559006	46.8304409845379	96.1320366404385	7.33953	88.7925066404385	105.68291249657	105.248805975071	911.039740823841
7	656510	656613	103	656561.5	7.86125580019872	10.281211410711	18.1424672109097	0.99601	17.1464572109097	13.6747491627086	18.9404525733844	32.615201736093	6.79801	25.817191736093	21.2664168631838	30.6020035548332	183.327185536409
7	661786	662013	227	661899.5	48.42541172783	17.3159823712037	65.7413940990338	2.19509	63.5463040990338	55.6866785336869	19.7118384237766	75.3985169574634	7.99709	67.4014269574634	78.8152430826846	79.8932249656551	679.426947410706
7	666178	666273	95	666225.5	4.7398130571351	9.40742743861773	14.1472404957528	0.91865	13.2285904957528	9.18173157857946	15.3465184972765	24.528250075856	6.72065	17.807600075856	16.4071630969944	21.1079596260868	141.437979541162
7	667839	668046	207	667942.5	44.6624807516492	27.7454910616828	72.4079718133321	2.00169	70.4062818133321	49.9516837312701	32.2882077341766	82.2398914654467	7.80369	74.4362014654467	87.3235398083544	88.2317846626724	752.772734924445
7	670145	670301	156	670223	17.4889791979056	18.3400635863796	35.8290427842852	1.50852	34.3205227842852	23.5286684112824	21.210810927974	44.7394793392564	7.31052	37.4289593392564	42.5670758405191	44.3658302755036	366.949555280605
7	671945	672214	269	672079.5	35.9007414691091	42.5632192586127	78.4639607277218	2.60123	75.8627307277218	39.3945773813276	47.1554350231397	86.5500124044673	8.40323	78.1467824044673	94.0910671044448	92.6300636175309	811.112216380813
7	676456	676551	95	676503.5	16.8924901393641	11.9263812331964	28.8188713725605	0.91865	27.9002213725605	26.6236116404293	23.9027615492546	50.5263731896838	6.72065	43.8057231896838	34.6041010679723	51.9244273535234	298.304716662978
7	677039	678575	1536	677807	597.09304746252	543.262934873658	1140.35598233618	14.85312	1125.50286233618	607.9960474677	557.760568942107	1165.75661640981	20.65512	1145.10149640981	1395.93927519432	1357.32810996588	12033.6970796498
7	687698	687808	110	687753	11.3261922425231	10.8796004344012	22.2057926769243	1.0637	21.1420926769243	15.3198189870283	14.6736308401221	29.9934498271504	6.8657	23.1277498271504	26.2221256961154	27.4141157435142	226.047882611246
7	693169	693289	120	693229	16.9664887819996	20.5586228911244	37.525111673124	1.1604	36.364711673124	21.9574972314325	26.2981176109988	48.2556148424313	6.9624	41.2932148424313	45.1024434982456	48.9462649662224	388.805696819696
7	695125	695351	226	695238	52.1450434982525	43.2372068955901	95.3822503938426	2.18542	93.1968303938426	58.9086194333028	47.8786217576531	106.787241190956	7.98742	98.7998211909559	115.590213249524	117.110819418661	996.445645118244
7	699856	700077	221	699966.5	19.5139420538095	80.130930150335	99.6448722041445	2.13707	97.5078022041445	22.010496259266	83.2751724751836	105.28566873445	7.93907	97.3465987344496	120.937027607477	115.388264958262	1042.53786808816
7	701600	701717	117	701658.5	8.93283614409331	5.96339061292964	14.8962267570229	1.13139	13.7648367570229	15.5932139721168	8.18434987365182	23.7775638457686	6.93339	16.8441738457686	17.0722588886917	19.9659774454015	147.171439032172
7	702657	703221	564	702939	136.69479259375	141.292508257391	277.987300851141	5.45388	272.533420851141	143.63116535917	150.501039344385	294.132204703555	11.25588	282.876324703555	338.017892890562	335.30301756462	2913.88386502723
7	706800	707024	224	706912	14.4228354404872	79.7360373938923	94.1588728343795	2.16608	91.9927928343795	18.990151661749	93.9329769780098	112.923128639759	7.96808	104.955048639759	114.096868919351	124.40682179547	983.572267583668
7	712573	712701	128	712637	126.297383314468	0	126.297383314468	1.23776	125.059623314468	132.234174415315	3.61923361203592	135.853408027351	7.03976	128.813648027351	155.109014617085	152.687238609809	1337.11754471923
7	713470	713646	176	713558	48.651207586034	63.4484361589906	112.099643745025	1.70192	110.397723745025	66.9630716896796	75.49891511585	142.46198680553	7.50392	134.95806680553	136.924146197064	159.970429098314	1180.35485318355
7	726616	726845	229	726730.5	15.4468166574973	16.8945901008443	32.3414067583416	2.21443	30.1269767583416	26.67691066276	32.3397067895243	59.0166174522843	8.01643	51.0001874522843	37.3659023954343	60.4522727981317	322.112830066927
7	729844	729933	89	729888.5	13.3718547187317	19.3599448785951	32.7317995973267	0.86063	31.8711695973267	24.2522551384587	31.8111164855091	56.0633716239679	6.66263	49.4007416239679	39.5291907964946	58.5563947559249	340.76146169215
7	730938	731096	158	731017	36.655227629494	36.5995286511859	73.2547562806799	1.52786	71.7268962806799	70.1154138659518	82.5579856306136	152.673399496565	7.32986	145.343539496565	88.9614722064419	172.280686366357	766.89253416341
7	732434	732686	252	732560	68.9077360185073	74.0277421017237	142.935478120231	2.43684	140.498638120231	106.207151831593	118.686222926744	224.893374758337	8.23884	216.654534758337	174.257723926395	256.808056841302	1502.18902840711
7	733038	733883	845	733460.5	971.642677061208	1003.05400088015	1974.69667794136	8.17115	1966.52552794136	981.248500860622	1011.93763792671	1993.18613878733	13.97315	1979.21298878733	2439.04330409925	2346.02909324049	21025.7772721473
7	738304	738452	148	738378	36.6488277468877	41.717834765585	78.3666625124727	1.43116	76.9355025124727	39.5423746702671	46.908539551968	86.4509142222352	7.23316	79.2177542222352	95.4216050513193	93.8995232748584	822.582121189844
7	739003	739368	365	739185.5	527.664520996924	74.8541269432639	602.518647940188	3.52955	598.989097940188	554.910321224486	93.9675763433502	648.877897567836	9.33155	639.546347567836	742.914509779519	758.076238570529	6404.29589282726
7	739579	739867	288	739723	197.871670420162	181.678967444532	379.550637864694	2.78496	376.765677864694	239.863200165333	200.693818653215	440.557018818547	8.58696	431.970058818547	467.29513080478	512.028938339798	4028.31853134676
7	742002	742241	239	742121.5	17.5672777616673	14.0962414312338	31.663519192901	2.31113	29.352389192901	37.7274079623829	25.9740235558885	63.7014315182714	8.11313	55.5883015182714	36.405196527098	65.8907218902159	313.831063368593
7	745585	745670	85	745627.5	11.1759949976061	18.3152640412801	29.4912590388863	0.82195	28.6693090388863	23.7036652012988	31.3159255688456	55.0195907701444	6.62395	48.3956407701444	35.5579855185754	57.3650142132197	306.527679317243
7	746522	746739	217	746630.5	57.5329446674426	38.2451984645	95.7781431319425	2.09839	93.6797531319425	65.0942059704703	48.3526130631832	113.446819033654	7.90039	105.546429033654	116.189172914184	125.107805275827	1001.60897800494
7	754103	754527	424	754315	84.5048499190873	73.7776466892489	158.282496608336	4.10008	154.182416608336	93.2132901792967	81.7381006698454	174.951390849142	9.90208	165.049310849142	191.229447823175	195.638613562568	1648.49380535729
7	756548	756890	342	756719	62.8022480120844	64.4193183500014	127.221566362086	3.30714	123.914426362086	65.722494445712	69.0115341145284	134.73402856024	9.10914	125.62488856024	153.688649145651	148.90749255743	1324.87328157014
7	761208	761296	88	761252	15.946307495287	19.6354398251637	35.5817473204507	0.85096	34.7307873204507	25.6790289670037	26.6476112002029	52.3266401672066	6.65296	45.6736801672066	43.0759189527115	54.1385808776851	371.336038261634
7	762196	762388	192	762292	62.1321603035702	29.166065003953	91.2982253075232	1.85664	89.4415853075232	66.7241760717658	32.4359050249505	99.1600810967162	7.65864	91.5014410967162	110.932655921689	108.459798971839	956.295163639403
7	765725	766957	1232	766341	1596.73791087682	2133.83185890882	3730.56976978565	11.91344	3718.65632978565	1607.14132004605	2142.8656932003	3750.00701324635	17.71544	3732.29157324635	4612.17700586109	4424.01331483637	39759.2803301078
7	767225	767452	227	767338.5	116.267367296055	65.1201054953927	181.387472791447	2.19509	179.192382791447	128.268347160881	72.2826741116804	200.551021272561	7.99709	192.553931272561	222.248821682269	228.240784262455	1915.89637454769
7	772040	772255	215	772147.5	26.2485185207999	47.0042377965656	73.2527563173654	2.07905	71.1737063173654	32.7630990231982	51.5960535684297	84.3591525916279	7.88105	76.4781025916279	88.2753614711647	90.6521201569725	760.977915312764
7	774440	774858	418	774649	110.304576672119	124.048624563675	234.353201235794	4.04206	230.311141235794	114.746395195398	130.386508307239	245.132903502637	9.84406	235.288843502637	285.650421979862	278.89594262935	2462.44998608646
7	784042	784133	91	784087.5	9.98141690987146	14.2974377406697	24.2788546505412	0.87997	23.3988846505412	20.4875241952949	25.9755235283743	46.4630477236692	6.68197	39.7810777236692	29.021180818353	47.1538769343723	250.177142421319
7	785195	785888	693	785541.5	665.006301722906	644.272882038096	1309.279183761	6.70131	1302.577873761	672.66656121	650.71156393271	1323.37812514271	12.50331	1310.87481514271	1615.56196241727	1553.82491492506	13926.954857279
7	787020	787203	183	787111.5	82.3123901355963	58.0362354355297	140.348625571126	1.76961	138.579015571126	87.7784898703823	62.9779447892608	150.756434659643	7.57161	143.184824659643	171.876853473269	169.721887571017	1481.66473030337
7	788383	788905	522	788644	223.540099581599	221.642334392496	445.182433974094	5.04774	440.134693974094	231.70014990098	230.501371890285	462.201521791265	10.84974	451.351781791265	545.890487047518	535.002759868214	4705.84994385081
7	793007	793303	296	793155	81.5210046520594	113.47261856041	194.99362321247	2.86232	192.13130321247	86.2385181182381	119.561706867655	205.800224985893	8.66432	197.135904985893	238.296712628391	233.671954983765	2054.23724785395
7	794327	794414	87	794370.5	0.549089927988541	43.0662100322027	43.6152999601912	0.84129	42.7740099601912	7.21156771749219	46.8582404746091	54.0698081921012	6.64329	47.4265181921012	53.0517713096221	56.2162799557719	457.332891783548
7	795652	795874	222	795763	172.843729510185	220.347258148209	393.190987658394	2.14674	391.044247658393	180.553388091147	227.084334569342	407.637722660489	7.94874	399.688982660489	485.004562771266	473.765070703037	4180.98272206358
7	798037	798498	461	798267.5	334.171670255635	278.915983816217	613.087654071851	4.45787	608.629784071851	342.681114166054	288.795202600719	631.476316766773	10.25987	621.216446766773	754.871664986638	736.34917796658	6507.37257119982
7	800150	800396	246	800273	119.168214085532	158.580891134856	277.749105220387	2.37882	275.370285220387	122.836946789601	163.072208750167	285.909155539768	8.18082	277.728335539768	341.536400505203	329.200929301078	2944.21516636635
7	801853	802343	490	802098	1022.10005151654	1064.96206529434	2087.06211681088	4.7383	2082.32381681088	1035.92319795719	1083.30102890089	2119.22422685808	10.5403	2108.68392685808	2582.66566601642	2499.4954403006	22263.8741062195
7	807914	808029	115	807971.5	31.3870242646751	37.2267171466046	68.6137414112798	1.11205	67.5016914112798	41.8929315537671	45.6845620035106	87.5774935572777	6.91405	80.6634435572777	83.721032914537	95.6131484678072	721.71731764527
7	809555	810139	584	809847	376.085201431541	364.030222557224	740.115423988765	5.64728	734.468143988765	383.072773257812	372.687463756583	755.760237014395	11.44928	744.310957014395	910.946531441832	882.257326253364	7852.81624345925
7	810857	811086	229	810971.5	38.3724961294662	29.6907553795049	68.0632515089711	2.21443	65.8488215089711	42.5903187615238	41.9404306824859	84.5307494440097	8.01643	76.5143194440097	81.6710105728522	90.695049235265	704.045096292436
7	823714	823886	172	823800	47.6770254555543	12.5515697653006	60.2285952208549	1.66324	58.5653552208549	56.2111689129074	16.1954029261046	72.4065718390119	7.46524	64.941331839012	72.6374692186958	76.9771897775664	626.171436496401
7	832224	832372	148	832298	21.6317032075048	21.6568027471015	43.2885059546063	1.43116	41.8573459546063	29.8429525877363	28.6690741203064	58.5120267080428	7.23316	51.2788667080428	51.9148508002448	60.7826008858089	447.532066449235
7	834548	834668	120	834608	30.0650485138085	35.7297446057216	65.7947931195302	1.1604	64.6343931195302	42.3948223475341	51.9998461616218	94.3946685091559	6.9624	87.4322685091559	80.1647786986723	103.636469027101	691.060621661137
7	836768	837031	263	836899.5	91.7102177503046	101.296141914739	193.006359665044	2.54321	190.463149665044	98.9959841067637	114.269803937559	213.265788044323	8.34521	204.920578044323	236.227734279395	242.899395173329	2036.40161620535
7	840457	840594	137	840525.5	40.0662650604933	24.2541551036075	64.3204201641008	1.32479	62.9956301641008	47.4772291204384	33.0637935075292	80.5410226279677	7.12679	73.4142326279677	78.1322529283964	87.020409919937	673.539229534194
7	843636	843777	141	843706.5	28.942069112732	36.3754327617992	65.3175018745312	1.36347	63.9540318745312	33.3346885384746	42.538519711679	75.8732082501536	7.16547	68.7077382501536	79.3209399000371	81.4416405807716	683.786307751302
7	846350	846458	108	846404	36.6037285741463	33.6570826247676	70.260811198914	1.04436	69.216451198914	44.3892857628922	40.6943535394035	85.0836393022958	6.84636	78.2372793022957	85.8478160753669	92.7373326968854	740.051255780197
7	848150	849584	1434	848867	2352.83354173906	2939.30428404758	5292.13782578664	13.86678	5278.27104578664	2359.99431038836	2948.0891229064	5308.08343329476	19.66878	5288.41465329476	6546.53675659314	6268.53941644274	56434.4321057007
7	856380	856854	474	856617	94.5636654092288	102.122726752611	196.68639216184	4.58358	192.10281216184	133.18905689981	139.54974022516	272.73879712497	10.38558	262.35321712497	238.261375733304	310.976273684182	2053.9326260851
7	866166	866308	142	866237	34.5046670774413	42.593518702827	77.0981857802683	1.37314	75.7250457802683	41.3669412020608	50.004882755435	91.3718239574958	7.17514	84.1966839574958	93.9202991462412	99.8012195947064	809.640110884213
7	867572	867691	119	867631.5	20.7827187805111	17.4373801443922	38.2200989249033	1.15073	37.0693689249033	26.6229116532692	23.7277647592382	50.3506764125074	6.95273	43.3979464125074	45.9764161608007	51.4410755423624	396.339779758668
7	871543	871665	122	871604	11.0544972262519	16.8165915315798	27.8710887578317	1.17974	26.6913487578318	16.4691979038559	22.0832949239128	38.5524928277687	6.98174	31.5707528277687	33.1047599129405	37.4218970111095	285.379643488722
7	875173	875316	143	875244.5	18.3153640394458	17.266683275502	35.5820473149478	1.38281	34.1992373149478	22.7326830121222	21.5337050050957	44.2663880172179	7.18481	37.0815780172179	42.4166478355586	43.9540672704264	365.652790388208
7	875824	875921	97	875872.5	4.93930939775378	10.1786132926785	15.1179226904323	0.93799	14.1799326904323	9.93021784902095	15.8442093680831	25.7744272171041	6.73999	19.0344372171041	17.5870942887695	22.5621718015028	151.609578541896
7	878492	878739	247	878615.5	28.8431709268313	60.6003884010154	89.4435593278467	2.38849	87.0550693278467	33.8586789268665	68.462044193877	102.320723120744	8.19049	94.1302331207435	107.972706641778	111.575796392726	930.778915448296
7	879436	879624	188	879530	47.181034553565	40.8706503055743	88.0516848591393	1.81796	86.2337248591393	53.6957150541291	43.2911059069151	96.9868209610442	7.61996	89.3668609610442	106.954009097151	105.929607866329	921.997231398239
7	879966	880128	162	880047	78.970851429775	45.3063689407438	124.277220370519	1.56654	122.710680370519	85.1091388345553	53.5136183943463	138.622757228902	7.36854	131.254217228902	152.195666441459	155.580129058357	1312.003021433
7	882266	882489	223	882377.5	15.2434203884154	11.3528917527713	26.5963121411867	2.15641	24.4399021411867	19.5352416631086	15.5460148378952	35.0812565010038	7.95841	27.1228465010038	30.3123345328268	32.1496409650372	261.307535382775
7	887895	888654	759	888274.5	126.527379095632	135.743410045055	262.270789140687	7.33953	254.931259140687	132.441570611026	144.602247546513	277.043818157539	13.14153	263.902288157539	316.186274613784	312.812440751845	2725.68435966929
7	894331	894648	317	894489.5	304.17902041381	229.314793655808	533.493814069618	3.06539	530.428424069618	307.821153605797	235.379082417953	543.20023602375	8.86739	534.33284602375	657.880041549858	633.363063676015	5671.25610364131
7	897326	897414	88	897370	2.49455424214208	3.61923361203592	6.113787854178	0.85096	5.262827854178	14.2961377645153	10.6316049834066	24.927742747922	6.65296	18.274782747922	6.52738286687659	21.6617272836021	56.2693159643027
7	902333	902522	189	902427.5	47.5818272017854	61.0054809703619	108.587308172147	1.82763	106.759678172147	62.4762539918253	74.3059369987669	136.782190990592	7.62963	129.152560990592	132.411949142687	153.088963778523	1141.45745020841
7	904693	905868	1175	905280.5	763.775689986139	774.250097853028	1538.02578783917	11.36225	1526.66353783917	773.655208765139	780.014392118002	1553.66960088314	17.16425	1536.50535088314	1893.49104635174	1821.27253383686	16322.843034597
7	906201	906284	83	906242.5	16.6168951946297	16.2425020621604	32.8593972567901	0.80261	32.0567872567901	30.0390489907204	25.0765400185187	55.1155890092391	6.60461	48.5109790092391	39.7594087636678	57.5017285870704	342.746056100004
7	908830	909132	302	908981	237.223048593897	186.72527487961	423.948323473507	2.92034	421.027983473507	249.251127961634	198.502558847712	447.753686809347	8.72234	439.031346809347	522.192806215169	520.398925378088	4501.5640428133
7	910258	910409	151	910333.5	25.2264372689385	16.2427020584918	41.4691393274303	1.46017	40.0089693274303	29.9687502802167	20.4605246905495	50.4292749707662	7.26217	43.1671049707662	49.6223452762069	51.1674512577005	427.769518378613
7	911650	911855	205	911752.5	41.6887352993594	35.5511478817392	77.2398831810987	1.98235	75.2575331810987	46.8051414486098	39.2691796815101	86.0743211301199	7.78435	78.2899711301199	93.3404523767053	92.7997901290828	804.641540744952
7	913276	914002	726	913639	190.565204443398	179.180413275761	369.745617719159	7.02042	362.725197719159	199.823134624259	186.990770009606	386.813904633865	12.82242	373.991484633865	449.88099679089	443.304944210594	3878.19995717139
7	914822	915258	436	915040	284.209986707792	251.135693392862	535.345680100654	4.21612	531.129560100654	291.722048913284	260.418323120657	552.140372033941	10.01812	542.122252033941	658.74964691092	642.596113995762	5678.75253824975
7	916860	917064	204	916962	59.409310249081	49.4225934364262	108.831903685507	1.97268	106.859223685507	65.9221907826621	56.6858602055975	122.60805098826	7.77468	114.83337098826	132.535413503746	136.115936354277	1142.52177495915
7	919723	920429	706	920076	73.1258586450621	56.6654605797899	129.791319224852	6.82702	122.964299224852	80.6892199095701	60.6590873242952	141.348307233865	12.62902	128.719287233865	152.510224965956	152.575389522302	1314.7146737698
7	921933	922056	123	921994.5	14.3960359320733	12.4753711630192	26.8714070950925	1.18941	25.6819970950925	19.9607338582627	18.0172695074237	37.9780033656864	6.99141	30.9865933656864	31.8528807079638	36.7294727490919	274.58781650835
7	924503	924712	209	924607.5	13.7488478035098	13.5471515032452	27.2959993067551	2.02103	25.2749693067551	17.6910754908331	16.7902920139945	34.4813675048277	7.82303	26.6583375048277	31.3480520710501	31.5990425073296	270.235940318817
7	932067	932217	150	932142	24.6773473409499	0.549089927988541	25.2264372689385	1.4505	23.7759372689385	27.5973937782461	3.91742814222384	31.51482192047	7.2525	24.26232192047	29.4888318359107	28.7589629905693	254.208528875072
7	936892	937084	192	936988	24.7516459780826	31.0108311652228	55.7624771433054	1.85664	53.9058371433054	28.9447690632065	35.5021487805346	64.4469178437412	7.65864	56.7882778437412	66.8583597152085	67.3130950186768	576.352612432287
7	939180	939346	166	939263	23.6530661294426	19.8326362079707	43.4857023374134	1.60522	41.8804823374134	28.8209713340407	23.4500698530236	52.2710411870643	7.40722	44.8638211870643	51.9435464051403	53.1786272296444	447.779436963816
7	939667	939843	176	939755	24.5455497585262	24.4758510370168	49.021400795543	1.70192	47.319480795543	29.5364582097934	30.3387434933942	59.8752017031875	7.50392	52.3712817031875	58.6894302402687	62.0774778773307	505.932340925302
7	942472	942641	169	942556.5	22.7280830964989	25.5515313057061	48.279614402205	1.63423	46.645384402205	32.0600119199953	37.9532038205869	70.0132157405822	7.43623	62.5769857405822	57.8533616151085	74.17464918955	498.725009810145
7	944850	945030	180	944940	11.875482166843	12.5516697634663	24.4271519303094	1.7406	22.6865519303094	15.3201189815255	15.5213152909615	30.8414342724869	7.5426	23.2988342724869	28.1376884217956	27.6169080091441	242.560994597937
7	947142	947270	128	947206	15.1178226922665	7.73375813890107	22.8515808311676	1.23776	21.6138208311676	22.5785858387421	11.3531917472684	33.9317775860105	7.03976	26.8920175860105	26.8072009364896	31.8760315287596	231.091524792949
7	951062	951546	484	951304	230.254276422782	252.201773837642	482.456050260423	4.68028	477.775770260423	238.589023537682	257.517576329345	496.106599867027	10.48228	485.624319867027	592.575980711752	575.627175674112	5108.30232752709
7	951813	951962	149	951887.5	18.7125567537002	13.4234537722451	32.1360105259453	1.44083	30.6951805259453	24.1025578843704	20.1624301585273	44.2649880428977	7.24283	37.0221580428977	38.0706344597002	43.8836347352397	328.187974118241
7	953584	953822	238	953703	20.2855279005331	20.8572174139752	41.1427453145083	2.30146	38.8412853145083	27.9207878461964	26.9216061742857	54.8423940204821	8.10346	46.7389340204821	48.174089541636	55.4012628354273	415.284827165046
7	958540	958748	208	958644	38.3437966559035	32.1563101535872	70.5001068094906	2.01136	68.4887468094906	42.6871169859443	38.619691595135	81.3068085810794	7.81336	73.4934485810793	84.9452584969536	87.1143073082937	732.270756521692
7	959111	959729	618	959420	136.917188514319	123.569533351693	260.486721866012	5.97606	254.510661866012	142.930378213779	130.707502419212	273.637880632991	11.77806	261.859820632991	315.664616007301	310.39143388612	2721.18740069624
7	962189	962293	104	962241	5.56449792985801	3.94192769282613	9.50642562268414	1.00568	8.50074562268414	15.1475221474865	11.7522844266715	26.899806574158	6.80768	20.092126574158	10.5433092000406	23.8158873022179	90.8886162778903
7	968656	969113	457	968884.5	128.585141349893	121.965762769817	250.55090411971	4.41919	246.13171411971	137.592176132954	134.367635281029	271.959811413983	10.22119	261.738621413983	305.272370340697	310.247772291596	2631.60102788514
7	969468	969641	173	969554.5	43.3607046302588	48.351613081526	91.7123177117848	1.67291	90.0394077117848	51.6192531428776	58.9069194644854	110.526172607363	7.47491	103.051262607363	111.674123404026	122.150198862714	962.686985429513
7	970132	970430	298	970281	153.356186972126	101.861631541906	255.217818514033	2.88166	252.336158514033	158.721588554029	107.276132223179	265.997720777207	8.68366	257.314060777207	312.967621859486	305.003188693223	2697.93795770319
7	974106	974313	207	974209.5	5.66329611759297	5.9365911045157	11.5998872221087	2.00169	9.59819722210867	13.3746546673719	13.4731528606097	26.8478075279817	7.80369	19.0441175279817	11.9044570402883	22.5736462062683	102.622393728833
7	976954	977233	279	977093.5	34.9800583572915	32.5324032548738	67.5124616121653	2.69793	64.8145316121653	40.7195530771659	40.7431526442766	81.4627057214425	8.49993	72.9627757214425	80.3882009619632	86.4852825521132	692.986633691223
7	979469	979625	156	979547	4.96650889883061	7.93545443916566	12.9019633379963	1.50852	11.3934433379963	10.730603167473	12.0278793714059	22.7584825388789	7.31052	15.4479625388789	14.1310658261654	18.3110002575843	121.816878847394
7	984316	984773	457	984544.5	14.0694419228198	19.0130512416997	33.0824931645196	4.41919	28.6633031645196	18.3119641018112	22.0072963179629	40.3192604197741	10.22119	30.0980704197741	35.5505365495937	35.6762760022379	306.463465466488
7	986763	987103	340	986933	24.3488533665478	29.762754058826	54.1116074253737	3.2878	50.8238074253737	41.414240334448	44.9303758376229	86.3446161720709	9.0898	77.2548161720709	63.0357782944498	91.5727854250146	543.400042290363
7	987459	987803	344	987631	23.902261558426	18.3608632048501	42.2631247632761	3.32648	38.9366447632761	37.3751144245385	29.1381655157161	66.5132799402546	9.12848	57.3847999402546	48.2923620083265	68.0201731356402	416.304395180867
7	989735	989832	97	989783.5	13.0698602582463	7.16026865847596	20.2301289167222	0.93799	19.2921389167222	23.6748657295704	18.0136695734576	41.688535303028	6.73999	34.948545303028	23.927664084708	41.4257103767152	206.268472085872
7	993759	994327	568	994043	32.009112853642	50.0687815833324	82.0778944369744	5.49256	76.5853344369744	35.9780400512135	56.5073634797808	92.4854035309943	11.29456	81.1908435309943	94.9872984086043	96.2382937599626	818.838179980521
7	1004135	1004382	247	1004258.5	11.2275940511195	15.1221226133927	26.3497166645122	2.38849	23.9612266645122	15.4945157825475	18.940952564213	34.4354683467605	8.19049	26.2449783467605	29.7186426637761	31.1090737084803	256.189613537777
7	1007505	1007584	79	1007544.5	2.59515239686006	1.94526431782209	4.54041671468215	0.76393	3.77648671468215	4.79151210881423	6.06418876397907	10.8557008727933	6.56593	4.2897708727933	4.68390290570382	5.08481266438884	40.3775935811284
7	1010887	1011494	607	1011190.5	27.4947956602137	16.6170951909612	44.1118908511748	5.86969	38.2422008511748	33.2093908368229	21.3077091505602	54.5170999873831	11.67169	42.8454099873831	47.4310567520169	50.7861351515301	408.879511640645
7	1011755	1012424	669	1012089.5	41.1901444450613	26.6931103656072	67.8832548106685	6.46923	61.4140248106686	47.6779254390458	30.1868462796599	77.8647717187057	12.27123	65.5935417187057	76.1706186184393	77.7502765354489	656.628957370825
7	1016808	1016953	145	1016880.5	6.98727183177405	6.93607277092354	13.9233446026976	1.40215	12.5211946026976	12.3523734191791	12.3012743564943	24.6536477756734	7.20415	17.4494977756734	15.529793751014	20.6834886776118	133.874615486498
7	1017817	1017960	143	1017888.5	7.06147047074099	3.81852995632315	10.8800004270641	1.38281	9.49719042706415	11.4541898946493	8.18654983329774	19.6407397279471	7.18481	12.4559297279471	11.7791802800218	14.7644410635296	101.542445187406
7	1021984	1022522	538	1022253	35.6313464106496	24.9060431459599	60.5373895566095	5.20246	55.3349295566095	39.7997699488398	29.4731593708903	69.2729293197301	11.00446	58.2684693197301	68.6308351964992	69.0676167835952	591.632240566534
7	1043122	1043205	83	1043163.5	1.49707253904871	0.573789474922281	2.07086201397099	0.80261	1.26825201397099	5.76439426313958	4.26712172775943	10.031515990899	6.60461	3.42690599089901	1.57298826719251	4.06202930154328	13.5599482395844
7	1046599	1046673	74	1046636	2.37095650930765	2.04606246887152	4.41701897817917	0.71558	3.70143897817917	5.88969196479131	5.39000113067025	11.2796930954616	6.51758	4.76211309546156	4.59082266006012	5.64469611433759	39.5751951530021
7	1050166	1050580	414	1050373	16.0231060865627	16.6664942848287	32.6896003713914	4.00338	28.6862203713914	23.2595733473201	22.3811894596036	45.6407628069237	9.80538	35.8353828069237	35.5789603148462	42.4769093112931	306.708492586929
7	1058853	1058956	103	1058904.5	5.13880573837245	3.59223410729054	8.73103984566299	0.99601	7.73502984566299	9.90551830208721	8.05865217933719	17.9641704814244	6.79801	11.1661604814244	9.59360683805714	13.2356333035508	82.7017053262334
7	1065150	1065417	267	1065283.5	14.3718363759681	18.837454462689	33.2092908386572	2.58189	30.6274008386572	21.1868113682003	26.8986065961693	48.0854179643696	8.38389	39.7015279643696	37.986568633915	47.059583874083	327.463284513022
7	1076241	1076412	171	1076326.5	9.23273064309852	0	9.23273064309852	1.65357	7.57916064309852	10.0060164586395	0.199496340618674	10.2055127992582	7.45557	2.74994279925815	9.40028530247142	3.25960159333818	81.0351766744856
7	1085917	1086026	109	1085971.5	1.87146567151804	7.41096405994514	9.28242973146317	1.05403	8.22839973146317	3.89302858978727	9.78202056741851	13.6750491572058	6.85603	6.81901915720578	10.2055238964972	8.08281747381355	87.9767374497568
8	10675	10815	140	10745	2.44505515010887	2.8439478331805	5.28900298328937	1.3538	3.93520298328937	8.93313613859048	5.21500434065387	14.1481404792443	7.1558	6.99234047924435	4.8807556018411	8.28826118618051	158.591474800484
8	17483	17568	85	17525.5	1.67176933456792	1.62247023886616	3.29423957343407	0.82195	2.47228957343407	7.93545443916566	4.91680981046596	12.8522642496316	6.62395	6.22831424963162	3.06633259736589	7.38263467057821	99.6350254992524
8	21148	21683	535	21415.5	21.2581100603613	29.2431635897259	50.5012736500872	5.17345	45.3278236500872	25.2250372946183	32.3135072701047	57.5385445647231	10.97545	46.5630945647231	56.219216680534	55.1928342927251	1826.74348253182
8	25567	26144	577	25855.5	17.9151713802198	15.2228207662764	33.1379921464962	5.57959	27.5584021464962	20.8846169113835	19.0663502640304	39.9509671754139	11.38159	28.5693771754139	34.1801493405735	33.8642634264178	1110.62317702972
8	32847	33091	244	32969	9.90541830392149	15.4182171821004	25.3236354860219	2.35948	22.9641554860219	13.2491569693888	19.9609338545942	33.2100908239829	8.16148	25.0486108239829	28.4819947041877	29.6909782177247	925.471774020568
8	34225	34381	156	34303	2.91994643913047	2.24545881132447	5.16540525045494	1.50852	3.65688525045494	6.98757182627122	6.01498966644304	13.0025614927143	7.31052	5.69204149271426	4.53556353947692	6.74697216393143	147.37507252066
8	48045	48588	543	48316.5	16.5414965776741	21.1351123165212	37.6766088941953	5.25081	32.4257988941953	18.838554442512	22.9818784411055	41.8204328836175	11.05281	30.7676228836175	40.2170867091405	36.4699195204071	1306.78272253084
8	50582	50930	348	50756	18.4394617631089	16.9176896771265	35.3571514402353	3.36516	31.9919914402353	21.0100146112009	20.7117200828473	41.7217346940483	9.16716	32.5545746940483	39.6790437746269	38.5880548394654	1289.29997406904
8	54406	54746	340	54576	9.03143433549682	12.1981762476332	21.2296105831301	3.2878	17.9418105831301	13.5989505530901	18.7622558420648	32.3612063951549	9.0898	23.2714063951549	22.2528781571481	27.5843968046647	723.067707829166
8	65935	66140	205	66037.5	5.98799016169765	7.75855768400053	13.7465478456982	1.98235	11.7641978456982	10.9047999721636	11.2772931394842	22.1820931116478	7.78435	14.3977431116478	14.5909054197158	17.0661391210979	474.10552749542
8	67523	67743	220	67633	27.8690887945173	20.7583192280745	48.6274080225918	2.1274	46.5000080225918	34.0837747979104	26.2737180585622	60.3574928564727	7.9294	52.4280928564727	57.6730541234275	62.1448180873953	1873.98334516736
8	69567	69662	95	69614.5	4.51571716774841	4.74001305346655	9.25573022121496	0.91865	8.33708022121496	10.0309160019047	11.9026816679199	21.9335976698245	6.72065	15.2129476698245	10.3403181908244	18.0324290662729	335.990253470289
8	70082	70235	153	70158.5	8.45764486057454	8.33424712407156	16.7918919846461	1.47951	15.3123819846461	14.622631775603	15.7725106832593	30.3951424588623	7.28151	23.1136324588623	18.9916490881041	27.3973819422954	617.099868028543
8	74558	74765	207	74661.5	4.04292584020701	4.96610890616771	9.00903474637473	2.00169	7.00734474637473	5.91429151355933	9.88311871296512	15.7974102265244	7.80369	7.99372022652444	8.69107318482264	9.47523097357076	282.400969526119
8	75094	75258	164	75176	3.24504047589804	4.11882444799126	7.3638649238893	1.58588	5.7779849238893	6.5641795925973	10.1092145656663	16.6733941582636	7.38788	9.28551415826358	7.16632214510406	11.0064386624352	232.856895653351
8	78388	78546	158	78467	2.39555605807567	7.2361672662602	9.63172332433587	1.52786	8.10386332433587	5.29110294476956	10.0803150957721	15.3714180405417	7.32986	8.04155804054171	10.0510638167247	9.53193477658607	326.591446907703
8	81883	81977	94	81930	2.27025835642394	3.34373866546728	5.61399702189122	0.90898	4.70501702189122	4.09232493407449	8.70904024920379	12.8013651832783	6.71098	6.09038518327828	5.83554095782832	7.2191426137346	189.615527237529
8	98169	98357	188	98263	9.83131966312027	10.6043054841641	20.4356251472843	1.81796	18.6176651472843	13.1009596877863	14.7481294735862	27.8490891613725	7.61996	20.2291291613725	23.0911274073224	23.9782811715364	750.305126720902
8	98911	99018	107	98964.5	6.93607277092354	6.3129842002995	13.249056971223	1.03469	12.214366971223	11.6514862756221	12.6775674541124	24.3290537297345	6.83669	17.4923637297345	15.1492414167435	20.7342991643591	492.247662940478
8	113270	113446	176	113358	15.9939066221714	16.4648979827298	32.4588046049012	1.70192	30.7568846049012	21.0093146240409	21.2070109976765	42.2163256217174	7.50392	34.7124056217174	38.1471648268247	41.1458059068266	1239.52429149724
8	116975	117149	174	117062	23.5755675510068	22.0044963693226	45.5800639203294	1.68258	43.8974839203294	29.5906572156156	27.4950956547108	57.0857528703264	7.48458	49.6011728703264	54.4451941769436	58.7939727921522	1769.09977567063
8	117620	117702	82	117661	12.5495698019861	4.99070845493573	17.5402782569219	0.79294	16.7473382569219	28.8440709103228	14.649431284017	43.4935021943398	6.59494	36.8985621943398	20.7713973994486	43.737132333445	674.929624831633
8	121738	122803	1065	122270.5	968.824528754785	1115.2358431174	2084.06037187219	10.29855	2073.76182187219	974.788119364046	1122.04871814816	2096.8368375122	16.10055	2080.7362875122	2572.04639048288	2466.36814406504	83574.0740978866
8	123727	123917	190	123822	17.4890791960714	17.6386764519939	35.1277556480653	1.8373	33.2904556480653	23.2551734280282	22.4301885608082	45.6853619888364	7.6393	38.0460619888364	41.2895036373247	45.0973032284561	1341.62900374549
8	125956	126101	145	126028.5	30.8113348246041	28.9194695272785	59.7308043518826	1.40215	58.3286543518826	41.0173476146909	37.0032212462123	78.0205688609032	7.20415	70.8164188609032	72.3438937418772	83.941132090375	2350.68619231948
8	138449	138746	297	138597.5	87.3768972368361	82.7837814888176	170.160678725654	2.87199	167.288688725654	92.143909795048	89.0477665879125	181.191676382961	8.67399	172.517686382961	207.484901818176	204.491135439114	6741.85295526082
8	141432	141877	445	141654.5	534.670192491191	606.224679960072	1140.89487245126	4.30315	1136.59172245126	542.379651075821	614.160734388232	1156.54038546405	10.10515	1146.43523546405	1409.69257238244	1358.90903664824	45805.453562372
8	143361	144079	718	143720	229.841383996509	282.061626115385	511.903010111894	6.94306	504.959950111894	237.452244389735	286.703140975614	524.15538536535	12.74506	511.41032536535	626.291989429711	606.19221311083	20350.2445854737
8	151231	151532	301	151381.5	140.741018373426	150.896832084319	291.637850457745	2.91067	288.727180457745	150.870932559397	158.332795685695	309.203728245092	8.71267	300.491058245092	358.102697473814	356.182365867323	11635.9104112857
8	159202	159439	237	159320.5	67.8916546565893	56.1894693109454	124.081123967535	2.29179	121.789333967535	76.999487590699	62.7266493987973	139.726136989496	8.09379	131.632346989496	151.052938445801	156.028339243113	4908.19664726296
8	160469	160740	271	160604.5	197.986468314413	213.32898688506	411.315455199473	2.62057	408.694885199473	209.115764168626	218.694088472465	427.809852641091	8.42257	419.387282641091	506.896304676453	497.114141825588	16470.6941071235
8	161429	161561	132	161495	15.7204116389172	11.328392202169	27.0488038410862	1.27644	25.7723638410862	26.7980084414513	18.8650539564287	45.66306239788	7.07844	38.58462239788	31.9649608226623	45.7356773676932	1038.64456497135
8	167448	167673	225	167560.5	42.7930150434457	61.3056754638643	104.09869050731	2.17575	101.92294050731	47.8846216475966	71.2111937659515	119.095815413548	7.97775	111.118065413548	126.41303763735	131.712057126558	4107.56688274947
8	170534	170721	187	170627.5	52.2186421482251	61.2726760691755	113.491318217401	1.80829	111.683028217401	57.1357519531882	69.1589314108051	126.294683363993	7.61029	118.684393363993	138.518284296232	140.680685364805	4500.90534856643
8	172977	173225	248	173101	110.976664343948	110.692369558796	221.669033902744	2.39816	219.270873902744	117.688941219982	116.781557864206	234.470499084188	8.20016	226.270339084188	271.95739347271	268.20599977678	8836.77193290797
8	175242	175507	265	175374.5	52.8194311278928	66.9662716309827	119.785702758875	2.56255	117.223152758875	89.993449241161	96.9328219515535	186.926271192715	8.36455	178.561721192715	145.389592842582	211.655337364107	4724.17630189256
8	175746	175856	110	175801	25.5472313845799	21.9567972442724	47.5040286288524	1.0637	46.4403286288524	61.8021663566822	57.7363409365244	119.538507293207	6.8657	112.672807293207	57.5990349339359	133.554946043932	1871.5782232185
8	176109	176374	265	176241.5	100.048464801005	41.1461452521429	141.194610053148	2.56255	138.632060053148	133.210356509109	61.0822795616376	194.292636070747	8.36455	185.928086070747	171.942643511007	220.386942508775	5586.97046933027
8	176763	177066	303	176914.5	27.4202970267496	15.4944157843818	42.9147128111313	2.93001	39.9847028111313	46.4312483069691	34.2585715915954	80.6898198985645	8.73201	71.9578098985644	49.5922479887566	85.2940620662226	1611.41191831885
8	180090	180199	109	180144.5	37.1013194467872	33.3590880909112	70.4604075376984	1.05403	69.4063775376984	44.5866821420307	38.2245988423609	82.8112809843916	6.85603	75.9552509843916	86.0833780135681	90.0323661997314	2797.12630352349
8	181707	181932	225	181819.5	101.698934526274	77.1740843880525	178.873018914326	2.17575	176.697268914326	116.743058570402	93.8426786343613	210.585737204763	7.97775	202.607987204763	219.154180545661	240.158201870181	7121.0254183425
8	186885	187144	259	187014.5	106.405648190554	121.128578126378	227.534226316933	2.50453	225.029696316933	111.223959807783	125.270502150652	236.494461958434	8.30653	228.187931958434	279.099948730322	270.478988433109	9068.8565658122
8	187580	187925	345	187752.5	384.226152101269	361.64046639276	745.866618494029	3.33615	742.530468494029	392.562899179483	369.524921767407	762.08782094689	9.13815	752.94967094689	920.946075470445	892.497090406404	29924.5051863449
8	189091	191136	2045	190113.5	2855.6370187646	2969.5233297366	5825.1603485012	19.77515	5805.3851985012	2868.28758671396	2986.36472081328	5854.65230752725	25.57715	5829.07515752725	7200.30617194382	6909.40287059409	233961.146178443
8	194941	195462	521	195201.5	257.680873333972	223.698896668768	481.37977000274	5.03807	476.34170000274	266.81540577833	227.91661930266	494.73202508099	10.84007	483.89195508099	590.797331307046	573.573744228799	19196.9087829006
8	198396	198581	185	198488.5	21.1819114580799	19.7610375213126	40.9429489793925	1.78895	39.1539989793925	24.9001432541822	23.9295610576685	48.8297043118507	7.59095	41.2387543118507	48.5619422084837	48.8817110299361	1577.93396397766
8	201248	201725	477	201486.5	169.586289261737	142.638683564363	312.2249728261	4.61259	307.6123828261	173.678814192143	147.728590199697	321.40740439184	10.41459	310.99281439184	381.525646084767	368.630457906919	12396.9974780066
8	204289	204463	174	204376	26.3696162994912	36.2255355113795	62.5951518108707	1.68258	60.9125718108707	30.5132402925819	39.7687705174654	70.2820108100474	7.48458	62.7974308100474	75.5486762311682	74.4359502972916	2454.81990087881
8	206133	206385	252	206259	75.7225110144081	82.2382914947951	157.960802509203	2.43684	155.523962509203	83.1586746121155	86.1557196370189	169.314394249134	8.23884	161.075554249134	192.893341070509	190.928383463085	6267.72613404886
8	207291	207508	217	207399.5	66.2450848597838	62.9031461612995	129.148231021083	2.09839	127.049841021083	71.1355951526644	68.0421518960034	139.177747048668	7.90039	131.277357048668	157.577442868867	155.607557481014	5120.19881725605
8	209321	209548	227	209434.5	69.635522668644	74.0997407810447	143.735263449689	2.19509	141.540173449689	76.4976967950978	77.295482161241	153.793178956339	7.99709	145.796088956339	175.54951990626	172.817108775048	5704.16950439985
8	210605	210749	144	210677	30.9634320346698	22.5554862624599	53.5189182971297	1.39248	52.1264382971297	36.7523258484117	28.4963772881017	65.2487031365134	7.19448	58.0542231365134	64.6514059892478	68.8136634285043	2100.73248082572
8	217681	218122	441	217901.5	150.196044938928	142.311789560613	292.50783449954	4.26447	288.24336449954	171.356056798714	165.815458430464	337.171515229178	10.06647	327.105045229178	357.50262996566	387.728838180061	11616.4122845895
8	218876	218978	102	218927	32.8366976731708	44.1851895066503	77.0218871798211	0.98634	76.0355471798211	44.3626862508097	54.0642082948207	98.4268945456305	6.78834	91.6385545456305	94.3054079834937	108.622324249336	3064.28654778821
8	219907	220048	141	219977.5	58.3094304242867	55.5132817143221	113.822712138609	1.36347	112.459242138609	64.7728118658345	62.2006590470909	126.973470912925	7.16547	119.808000912925	139.481007301945	142.012535961034	4532.18732081737
8	222657	222880	223	222768.5	125.623095682993	107.861621483491	233.484717166484	2.15641	231.328307166484	136.776591093312	119.788502707516	256.565093800827	7.95841	248.606683800827	286.911993069155	294.682035877367	9322.69505599084
8	223809	223916	107	223862.5	32.610501822304	36.9553221248307	69.5658239471346	1.03469	68.5311339471346	38.3252969952446	41.8967314840646	80.2220284793092	6.83669	73.3853384793092	84.9978304380658	86.9861606937238	2761.85336527187
8	225243	225432	189	225337.5	64.5710155674042	67.2419665738828	131.812982141287	1.82763	129.985352141287	71.0837961028196	77.9227706548254	149.006566757645	7.62963	141.376936757645	161.218300127067	167.578935983981	5238.50200004567
8	227189	227387	198	227288	81.3625075593874	86.1387199488459	167.501227508233	1.91466	165.586567508233	94.7103627183454	104.328686288474	199.03904900682	7.71666	191.32238900682	205.373794029781	226.780994941471	6673.25626144192
8	229075	229267	192	229171	42.9392123617336	64.5484159819507	107.487628343684	1.85664	105.630988343684	47.5558276786972	69.3152285438312	116.871056222528	7.65864	109.212416222528	131.012057135488	129.453225727932	4257.00384381566
8	231823	232055	232	231939	129.213729819632	131.685684476321	260.899414295953	2.24344	258.655974295953	135.851708058534	136.178802058616	272.030510117149	8.04544	263.985070117149	320.805966262861	312.910565050111	10424.0194479785
8	236055	236588	533	236321.5	433.211053566322	294.185303729555	727.396357295877	5.15411	722.242247295877	438.652253757843	304.216319729625	742.868573487468	10.95611	731.912463487468	895.782989935909	867.560966290435	29106.8754644331
8	238806	239042	236	238924	61.0997792406393	68.6629405088158	129.762719749455	2.28212	127.480599749455	69.3354281733073	79.0929491901235	148.428377363431	8.08412	140.344257363431	158.111704528423	166.354865650701	5137.5586999116
8	241399	241622	223	241510.5	142.84407979676	127.638358716822	270.482438513582	2.15641	268.326028513582	150.230944298765	132.90306214584	283.134006444606	7.95841	275.175596444606	332.799546134908	326.175080027335	10813.7295001122
8	242306	242505	199	242405.5	42.9334124681217	46.7763419768814	89.7097544450031	1.92433	87.7854244450031	51.7925499640766	54.2617046721249	106.054254636202	7.72633	98.3279246362016	108.878551866162	116.551464234188	3537.81494571911
8	245729	245880	151	245804.5	27.8953883121026	32.3368068427183	60.2321951548209	1.46017	58.7720251548209	40.0729649375968	47.1589349589401	87.2318998965368	7.26217	79.9697298965368	72.8937979118332	94.7908658536083	2368.5543505365
8	249694	249868	174	249781	28.5697759417429	38.152200170377	66.7219761121198	1.68258	65.0393961121198	36.0820381435661	45.0392738400959	81.121311983662	7.48458	73.636731983662	80.6670960208633	87.2841460436606	2621.13385087244
8	255594	256291	697	255942.5	92.2920070784848	88.8010711130723	181.093078191557	6.73999	174.353088191557	96.982921032581	92.9693946530968	189.952315685678	12.54199	177.410325685678	216.246738860195	210.290548747299	7026.5532705012
8	261849	262070	221	261959.5	33.2789895601665	39.8961681805974	73.1751577407639	2.13707	71.0380877407639	39.4173769631125	45.2363702247372	84.6537471878498	7.93907	76.7146771878498	88.1071563924757	90.9325401464341	2862.88538346169
8	262542	262727	185	262634.5	46.9267392181298	56.8374574248346	103.764196642964	1.78895	101.975246642964	55.211887242831	66.0189890070826	121.230876249914	7.59095	113.639926249914	126.477911918471	134.701305340235	4109.67485716141
8	267034	267479	445	267256.5	105.783059610759	84.8336438879866	190.616703498746	4.30315	186.313553498746	109.277095519309	90.6472372486622	199.924332767971	10.10515	189.819182767971	231.081070989079	224.99919298814	7508.5685160735
8	272389	272571	182	272480	74.6257311327511	76.9225890012575	151.548320134009	1.75994	149.788380134009	81.9874960951602	85.257236117992	167.244732213152	7.56194	159.682792213152	185.779609980543	189.277494814472	6036.57809121996
8	273669	273780	111	273724.5	9.77972060960687	10.0039164971593	19.7836371067661	1.07337	18.7102671067661	15.2950194419288	14.1456405251013	29.4406599670301	6.87537	22.5652899670301	23.2059798137679	26.7474127645535	754.037051449055
8	276650	276720	70	276685	4.14122403711336	7.18476820907825	11.3259922461916	0.6769	10.6490922461916	9.45732652331383	15.293519469443	24.7508459927568	6.4789	18.2719459927568	13.2078616670688	21.6583647803316	429.165979946032
8	277725	277934	209	277829.5	53.8928114387704	52.643134361722	106.535945800492	2.02103	104.514915800492	63.2024406713104	65.9682899370607	129.170730608371	7.82303	121.347700608371	129.627814101424	143.837594861128	4212.02532774908
8	280130	280459	329	280294.5	53.1219255792068	47.2078340619789	100.329759641186	3.18143	97.1483296411857	60.5331896336491	51.5756539426221	112.108843576271	8.98343	103.125413576271	120.491180790218	122.238092551436	3915.14667416747
8	281262	281432	170	281347	38.7958883631401	26.3224171652696	65.1183055284097	1.6439	63.4744055284097	45.783560187577	33.9087780078941	79.6923381954711	7.4459	72.2464381954711	78.7260686861344	85.6361830938793	2558.06361897503
8	286696	286942	246	286819	10.0042164916565	9.05833384207648	19.0625503337329	2.37882	16.6837303337329	17.5923773012639	15.4458166758401	33.038193977104	8.18082	24.857373977104	20.6925057314091	29.4642986188037	672.366180356121
8	290633	290733	100	290683	6.26148514495183	6.31288420213378	12.5743693470856	0.967	11.6073693470856	15.4943157862161	14.8737271697351	30.3680429559512	6.769	23.5990429559512	14.3963940879288	27.972755666491	467.785227629993
8	296724	297259	535	296991.5	36.3033340843125	30.8857334599025	67.189067544215	5.17345	62.015617544215	40.4204585634864	34.6799638619548	75.1004224254413	10.97545	64.1249724254413	76.916762366742	76.0095309426519	2499.27342725758
8	298832	298924	92	298878	4.56511626161589	2.24565880765592	6.81077506927181	0.88964	5.92113506927181	9.23323063392714	8.40844576303851	17.6416763969657	6.69164	10.9500363969657	7.34386848183611	12.9794540076576	238.625948169961
8	302061	302247	186	302154	34.8063615434295	42.2416251576455	77.047986701075	1.79862	75.249366701075	41.4196402353971	47.3066322497139	88.726272485111	7.60062	81.125652485111	93.3303236506162	96.1610205755568	3032.60291619077
8	314759	314859	100	314809	19.1586485709934	15.5434148855864	34.7020634565797	0.967	33.7350634565797	25.9223245042093	19.884635254147	45.8069597583564	6.769	39.0379597583564	41.8409420411997	46.2730337021329	1359.54701416567
8	316002	316416	414	316209	65.1983040609886	84.4267513516571	149.625055412646	4.00338	145.621675412646	71.2112937641172	91.9636131022483	163.174906866366	9.80538	153.369526866366	180.611727282657	181.794164692441	5868.65693197477
8	319949	320176	227	320062.5	37.0519203529197	33.3345885403089	70.3865088932286	2.19509	68.1914188932286	40.7948516959558	37.7520075111509	78.5468592071067	7.99709	70.5497692071067	84.5764884744053	83.6250631028264	2748.16260735171
8	323127	323328	201	323227.5	40.6141550104931	43.0091110795745	83.6232660900676	1.94367	81.6795960900676	45.8294593456442	47.1258355660855	92.9552949117297	7.74567	85.2096249117297	101.30561189997	101.001893277544	3291.74572697746
8	324520	324601	81	324560.5	13.3473551681294	13.7194483427871	27.0668035109165	0.78327	26.2835335109165	21.6303032331847	23.3760712103881	45.0063744435729	6.58527	38.4211044435729	32.5989546064925	45.5418539236045	1059.24506567129
8	325438	325613	175	325525.5	51.9420472218335	34.0563753005022	85.9984225223357	1.69225	84.3061725223357	62.593951832882	40.4456581012488	103.039609934131	7.49425	95.5453599341308	104.563303482817	113.25319477968	3397.59862245412
8	328029	328390	361	328209.5	112.726532245946	112.09904375603	224.825576001976	3.49087	221.334706001976	118.84042009829	117.139251302999	235.979671401289	9.29287	226.686801401289	274.517124221636	268.69964685655	8919.94583213192
8	330174	330264	90	330219	9.5574246872032	13.2220574664777	22.7794821536809	0.8703	21.9091821536809	15.4964157476963	17.8881718754744	33.3845876231707	6.6723	26.7122876231707	27.1735318311207	31.6629914344706	882.955599540722
8	332093	332278	185	332185.5	63.0001443820515	81.9591966142604	144.959340996312	1.78895	143.170390996312	68.4395446065892	88.1737826194879	156.613327226077	7.59095	149.022377226077	177.571446972459	176.641339005381	5769.86842922341
8	332861	333024	163	332942.5	54.7132963885329	28.4160787610256	83.1293751495585	1.57621	81.5531651495585	61.0286805448098	35.5541478267109	96.5828283715207	7.37821	89.2046183715207	101.14880206735	105.737296155896	3286.65047029034
8	335739	336343	604	336041	200.389324238586	211.288724309801	411.678048548387	5.84068	405.837368548387	207.726589650393	217.252414917227	424.97900456762	11.64268	413.33632456762	503.352182438955	489.941733518466	16355.5341568269
8	337823	337991	168	337907	33.1326922437128	33.7309812692374	66.8636735129502	1.62456	65.2391135129502	40.2681613570893	40.3691595044702	80.6373208615595	7.42656	73.2107608615595	80.914801622589	86.7792278509273	2629.18260395469
8	341521	342319	798	341920	344.944672645375	290.471171858247	635.415844503621	7.71666	627.699184503621	355.348181812765	302.89594394941	658.244125762175	13.51866	644.725465762175	778.523070867438	764.215225142508	25296.7228944009
8	345701	345904	203	345802.5	13.4728528661126	14.4700345747088	27.9428874408213	1.96301	25.9798774408213	17.3904810046678	20.5838224288868	37.9743034335546	7.76501	30.2092934335546	32.2223358980184	35.8081124582662	1047.00751040591
8	349358	349550	192	349454	18.6421580450307	17.287282897641	35.9294409426718	1.85664	34.0728009426718	23.0345774744419	19.9830334492191	43.017610923661	7.65864	35.358970923661	42.2598312660238	41.9122019529484	1373.15807469856
8	352555	352665	110	352610	12.1010780287156	13.098559731809	25.1996377605245	1.0637	24.1359377605245	17.9412709014737	17.1413855738502	35.0826564753239	6.8657	28.2169564753239	29.9353334327624	33.4465270735567	972.69543182109
8	353403	353566	163	353484.5	23.7521643116748	22.1050945240406	45.8572588357154	1.57621	44.2810488357154	26.3228171579325	25.099239602138	51.4220567600705	7.37821	44.0438467600705	54.9209222695959	52.2066833952321	1784.55771414828
8	354594	354789	195	354691.5	39.4456764440123	41.2139440085036	80.6596204525159	1.88565	78.7739704525159	47.0813363823385	45.2815693956443	92.3629057779828	7.68765	84.6752557779828	97.7018210237291	100.368487200784	3174.64695036181
8	356306	356390	84	356348	0.398992681237348	8.60574214401126	9.00473482524861	0.81228	8.19245482524861	2.42045560134085	15.5172153661668	17.9376709675076	6.61428	11.3233909675076	10.1609421295313	13.4220039957326	330.161747307505
8	359904	359974	70	359939	5.58909747862603	6.96057232152584	12.5496698001519	0.6769	11.8727698001519	15.0959230939731	19.9345343388431	35.0304574328162	6.4789	28.5515574328162	14.725565099827	33.8431410738437	478.481054361988
8	360512	360864	352	360688	55.5054818573956	39.8925682466313	95.3980501040269	3.40384	91.9942101040269	62.9414454587717	47.077536452041	110.018981910813	9.20584	100.813141910813	114.098626731286	119.497277576305	3707.4319966357
8	361795	361997	202	361896	35.2511533845683	25.6499295007781	60.9010828853464	1.95334	58.9477428853464	38.7204897461845	29.0185677095106	67.739057455695	7.75534	59.9837174556951	73.1117371899967	71.1007592760391	2375.63589986215
8	364297	364445	148	364371	7.41096405994514	9.63212331699877	17.0430873769439	1.43116	15.6119273769439	12.8275647026979	13.6749491590401	26.5025138617379	7.23316	19.2693538617379	19.3631694029828	22.8406265640371	629.171760059507
8	368007	368307	300	368157	24.9488423608896	19.286146232291	44.2349885931806	2.901	41.3339885931806	32.208109203432	25.5007322375184	57.7088414409504	8.703	49.0058414409504	51.2657408599469	58.0883060138171	1665.78909352715
8	369825	370060	235	369942.5	54.1868060459979	75.7717101119441	129.958516157942	2.27245	127.686066157942	58.5548259229725	80.4871236166426	139.041949539615	8.07445	130.967499539615	158.366540512353	155.240272739495	5145.83914208504
8	371610	371771	161	371690.5	18.3646631351476	26.3721162536343	44.7367793887819	1.55687	43.1799093887819	25.0028413703804	34.2809711807175	59.2838125510979	7.35887	51.9249425510979	53.5552004639226	61.5484167595092	1740.18101246562
8	374447	374624	177	374535.5	44.3866858105834	34.4777675708616	78.864453381445	1.71159	77.152863381445	48.9540020318452	38.720289749853	87.6742917816982	7.51359	80.1607017816982	95.6911935028839	95.0172313843105	3109.31518417278
8	375049	375641	592	375345	143.07347558893	194.846025919862	337.919501508791	5.72464	332.194861508791	146.742108294833	201.50910369836	348.251211993193	11.52664	336.724571993193	412.01481552461	399.131193449268	13387.6888261009
8	377816	377999	183	377907.5	21.6301032368533	23.5011689157084	45.1312721525617	1.76961	43.3616621525617	27.6700924447272	28.8664704994449	56.5365629441721	7.57161	48.9649529441721	53.7806248762681	58.0398394750645	1747.50577791718
8	379589	379789	200	379689	19.1605485361421	22.5535862973111	41.7141348334533	1.934	39.7801348334533	28.3939791664007	30.1150475966704	58.5090267630711	7.736	50.7730267630711	49.3385263110567	60.1830114357852	1603.16768354502
8	380330	380454	124	380392	12.6994670524059	9.03123433916537	21.7307013915713	1.19908	20.5316213915713	19.8867352156272	13.6478496561289	33.5345848717562	7.00108	26.5335048717562	25.4649700529624	31.4510741023976	827.438922556597
8	384816	384994	178	384905	21.0298142480142	20.8347178266874	41.8645320747016	1.72126	40.1432720747016	26.2204190362315	25.4781326520649	51.6985516882964	7.52326	44.1752916882964	49.7889183574102	52.3624895805814	1617.80237224828
8	387003	387092	89	387047.5	5.96339061292964	7.80755678520512	13.7709473981348	0.86063	12.9103173981348	15.4455166813429	15.6442130366358	31.0897297179787	6.66263	24.4270997179787	16.0124151740254	28.9542797700497	520.294959372363
8	389796	390231	435	390013.5	31.6850187985316	30.1865462851628	61.8715650836944	4.20645	57.6651150836944	36.1514368705783	34.4536680129222	70.6051048835005	10.00845	60.5966548835005	71.5209189133859	71.8272950486486	2323.94508860085
8	393380	393476	96	393428	8.05855218117147	5.91389152089643	13.9724437020679	0.92832	13.0441237020679	13.3990542198085	10.6809040791084	24.0799582989169	6.73032	17.3496382989169	16.1783725262272	20.565121812078	525.68744844306
8	396885	397173	288	397029	34.7283629741651	34.3051707368226	69.0335337109877	2.78496	66.2485737109877	40.0442654640341	38.6977901625652	78.7420556265993	8.58696	70.1550956265993	82.1668154417817	83.1572429604519	2669.86456680107
8	401043	401294	251	401168.5	26.6991102555506	26.3719162573028	53.0710265128535	2.42717	50.6438565128535	29.8435525767307	32.8847967908839	62.7283493676146	8.22917	54.4991793676146	62.8125886831212	64.5997480202945	2040.98338206788
8	402677	402900	223	402788.5	31.4636228596195	21.4042073804836	52.867830240103	2.15641	50.711420240103	36.4545313108866	26.5207135278996	62.9752448387863	7.95841	55.0168348387863	62.8963866578775	65.2133428190978	2043.70624825624
8	406832	406936	104	406884	4.34302033554367	5.68979563150974	10.0328159670534	1.00568	9.02713596705342	9.13243248287771	8.95953565434152	18.0919681372192	6.80768	11.2842881372192	11.1961808900005	13.3756540687645	363.799990068829
8	412474	412909	435	412691.5	15.5683144288516	16.5413965795084	32.1097110083599	4.20645	27.9032610083599	19.9856334015279	21.7587008779739	41.7443342795018	10.00845	31.7358842795018	34.6078710690418	37.6176329890814	1124.52123406343
8	417292	417487	195	417389.5	12.0996780543955	10.3535100845291	22.4531881389246	1.88565	20.5675381389246	14.4708345600346	13.0248610836706	27.4956956437052	7.68765	19.8080456437052	25.5095168950412	23.4791564241099	828.88639298112
8	420133	420272	139	420202.5	27.8438892567549	29.2421636080687	57.0860528648236	1.34413	55.7419228648236	33.0590935937402	34.0582752656509	67.1173688593911	7.14613	59.9712388593911	69.1356210683876	71.085967967505	2246.43907643053
8	422409	422930	521	422669.5	709.236190409634	621.140506357577	1330.37669676721	5.03807	1325.33862676721	715.948467285668	630.548533785189	1346.49700107086	10.84007	1335.65693107086	1643.79168098806	1583.20000759516	53412.0878444163
8	423506	423633	127	423569.5	11.6778857913731	8.38354621977332	20.0614320111464	1.22809	18.8333420111464	16.6687942426403	13.8494459582278	30.5182402008681	7.03009	23.4881502008681	23.3586272201535	27.8413106774331	758.997057496896
8	429299	429462	163	429380.5	5.6629961230958	4.86531075511828	10.5283068782141	1.57621	8.95209687821408	11.1287958633846	9.53132516594933	20.6601210293339	7.37821	13.2819110293339	11.1031113698855	15.7435050523495	360.775861499795
8	439144	439274	130	439209	10.2039128286066	8.18404987915465	18.3879627077612	1.2571	17.1308627077612	14.1212409726647	11.4537899019864	25.5750308746511	7.0591	18.5159308746511	21.247075304712	21.9475684357632	690.385932559326
8	443542	443674	132	443608	16.6150952276467	11.1779949609206	27.7930901885673	1.27644	26.5166501885673	24.5754492100775	17.9148713857226	42.4903205958002	7.07844	35.4118805958002	32.8880846806357	41.9749176034901	1068.63983332781
8	445496	445676	180	445586	19.6623393317434	11.7004853768267	31.36282470857	1.7406	29.62222470857	24.3530532895082	15.2684199298464	39.6214732193545	7.5426	32.0788732193545	36.7398682607468	38.0241895527826	1193.79669189939
8	452752	452900	148	452826	10.9048999703293	13.0741601793724	23.9790601497017	1.43116	22.5479001497017	15.3470184881051	17.5408782459162	32.8878967340214	7.23316	25.6547367340214	27.965721319265	30.4094400645158	908.696388364248
8	453988	454077	89	454032.5	12.2779747838807	9.75512106083885	22.0330958447196	0.86063	21.1724658447196	19.2391470944009	15.3692180808958	34.6083651752967	6.66263	27.9457351752967	26.2597969444581	33.1250391568063	853.265409112457
8	455505	456486	981	455995.5	128.916035280273	109.982982571152	238.899017851425	9.48627	229.412747851425	138.42076093414	116.52236261865	254.94312355279	15.28827	239.65485355279	284.536162166064	284.071124207616	9245.49665526462
8	459094	459200	106	459147	7.68655900467951	9.50612562818697	17.1926846328665	1.02502	16.1676646328665	13.9010450117412	13.0001615367369	26.9012065484781	6.82702	20.0741865484781	20.0524394956601	23.7946223739778	651.568366128519
8	461515	461706	191	461610.5	26.3452167470546	37.6256098296763	63.9708265767309	1.84697	62.1238565767309	32.9320959232712	45.03707388045	77.9691698037212	7.64897	70.3201998037212	77.0510091302592	83.352946608891	2503.63553713363
8	461993	462445	452	462219	382.826377777469	293.356418933871	676.18279671134	4.37084	671.81195671134	387.118299050328	300.120194865253	687.238493915581	10.17284	677.065653915581	833.235282913383	802.549160256408	27074.4989409397
8	464698	464931	233	464814.5	17.3141824042207	15.243220392084	32.5574027963047	2.25311	30.3042927963047	18.7619558475677	16.516197041746	35.2781528893137	8.05511	27.2230428893137	37.5858240231775	32.2684071833999	1221.28452020394
8	466901	467156	255	467028.5	13.1213593135939	9.03143433549682	22.1527936490908	2.46585	19.6869436490908	15.8419094102715	13.6482496487918	29.4901590590633	8.26785	21.2223090590633	24.4173327034105	25.1555313957438	793.397809688983
8	470648	470863	215	470755.5	21.7861003753822	14.8196281620786	36.6057285374608	2.07905	34.5266785374608	26.2280188968265	20.6353214842344	46.863340381061	7.88105	38.982290381061	42.8227668052383	46.2070468783411	1391.44966408852
8	475552	475680	128	475616	1.87146567151804	2.42045560134085	4.29192127285889	1.23776	3.05416127285889	3.59283409628488	8.05925216833153	11.6520862646164	7.03976	4.61232626461641	3.78801673121624	5.46714864221721	123.084868200711
8	483899	483996	97	483947.5	4.09202493957732	4.86501076062111	8.95703570019843	0.93799	8.01904570019843	12.0526789165053	9.63192332066732	21.6846022371727	6.73999	14.9446122371727	9.94586616976685	17.7143618671816	323.173236421954
8	484591	484788	197	484689.5	9.53102517145216	4.31632082529546	13.8473459967476	1.90499	11.9423559967476	14.3227372765978	6.63807823706708	20.9608155136649	7.70699	13.2538255136649	14.8118715039154	15.7102143265754	481.285427501249
8	488290	488437	147	488363.5	3.34373866546728	3.71793180160516	7.06167046707244	1.42149	5.64018046707244	11.178594949915	10.2326123021693	21.4112072520842	7.22349	14.1877172520842	6.99540596176518	16.817188260498	227.303278182164
8	498556	498659	103	498607.5	4.91670981230023	3.66843270957196	8.58514252187219	0.99601	7.58913252187219	17.515978702651	16.5203969647064	34.0363756673574	6.79801	27.2383656673574	9.41265322946073	32.2865697981784	305.847430033707
8	498867	499010	143	498938.5	10.7524027676008	11.5048889646712	22.257291732272	1.38281	20.874481732272	21.4824059460794	19.5410415567206	41.0234475028	7.18481	33.8386375028	25.8902130545637	40.1100985628776	841.256437768195
8	501231	501310	79	501270.5	3.74253135037318	3.84122953994242	7.5837608903156	0.76393	6.8198308903156	9.63022335185001	8.65754119385611	18.2877645457061	6.56593	11.7218345457061	8.45850340194998	13.8942928457776	274.844027964471
8	502010	502283	273	502146.5	7.31256586487307	6.5641795925973	13.8767454574704	2.63991	11.2368354574704	12.778665599659	10.4323086391194	23.2109742387784	8.44191	14.7690642387784	13.9368281226937	17.5062787988983	452.852448744843
8	508822	508885	63	508853.5	2.84404783134622	1.87126567518659	4.71531350653281	0.60921	4.10610350653281	7.58606084812724	6.08888831091281	13.6749491590401	6.41121	7.26373915904005	5.09272019165262	8.60995935725906	165.478887251747
8	512054	512412	358	512233	20.2610283499308	18.2889645236948	38.5499928736256	3.46186	35.0881328736256	24.5283500740217	21.6081036403941	46.1364537144158	9.26386	36.8725937144158	43.5191276811706	43.706351002808	1414.07667255127
8	516516	516716	200	516616	12.9753619916374	16.5654961374478	29.5408581290852	1.934	27.6068581290852	17.6928754578162	21.7312013823999	39.424076840216	7.736	31.688076840216	34.240248351849	37.5609651902779	1112.57598753894
8	517250	517481	231	517365.5	36.7273263069807	43.6117000262252	80.3390263332059	2.23377	78.1052563332059	40.8216512043697	47.8540222088851	88.6756734132548	8.03577	80.6399034132548	96.8724279281982	95.5852455270678	3147.69729646807
8	531454	532168	714	531811	39.6211732248573	75.7042113500806	115.325384574938	6.90438	108.421004574938	42.2164256198831	78.67375687941	120.890182499293	12.70638	108.183802499293	134.472459917185	128.23397457402	4369.44347925778
8	540660	540986	326	540823	22.954578941863	57.2423499978496	80.1969289397126	3.15242	77.0445089397126	33.0846931241655	70.816601004006	103.901294128171	8.95442	94.9468741281715	95.5568035995637	112.543789010505	3104.94842322335
8	541319	541422	103	541370.5	15.5436148819178	17.8648723028608	33.4084871847787	0.99601	32.4124771847787	23.9524606376192	29.6933553318138	53.645815969433	6.79801	46.847805969433	40.2005640524599	55.5303124936114	1306.24584818097
8	554026	554096	70	554061	2.57065284625777	1.97216382440175	4.54281667065952	0.6769	3.86591667065952	15.9497074329216	11.1560953626271	27.1058027955487	6.4789	20.6269027955487	4.79482113799386	24.4497759139355	155.799187198011
9	5292	5642	350	5467	14.14754049025	8.2337489675193	22.3812894577693	3.3845	18.9967894577693	20.4362251362787	15.1456221823377	35.5818473186164	9.1865	26.3953473186164	23.5613479042196	31.2873112123231	1430.07767739308
9	6657	6808	151	6732.5	15.3440185431334	30.961532069521	46.3055506126545	1.46017	44.8453806126545	18.8133549047496	35.179254703413	53.9926096081626	7.26217	46.7304396081626	55.6208519792674	55.3911941169294	3375.95875823768
9	21765	22440	675	22102.5	45.7588606406433	49.8733851675084	95.6322458081517	6.52725	89.1049958081517	51.7492507583183	54.8644936151071	106.613744373425	12.32925	94.2844943734254	110.515190522431	111.758647550636	6707.82111538993
9	32961	33177	216	33069	15.1690217531171	28.0706850966161	43.2397068497332	2.08872	41.1509868497332	18.113767737347	32.8129981078943	50.9267658452413	7.89072	43.0360458452413	51.0387673624499	51.0121023775356	3097.84491886504
9	36001	36228	227	36114.5	29.6181567111896	24.1492570277634	53.7674137389529	2.19509	51.5723237389529	34.1339738771037	31.5628210400173	65.696794917121	7.99709	57.699704917121	63.9641484969743	68.3934408140155	3882.36281263846
9	36555	37405	850	36980	193.250755182072	186.686275594978	379.93703077705	8.2195	371.71753077705	198.564657708627	193.875643719679	392.440301428306	14.0215	378.418801428306	461.034012310623	448.552794777255	27982.8833309792
9	39216	39408	192	39312	8.65694120486177	14.9698254069955	23.6267666118573	1.85664	21.7701266118573	14.1723400353495	22.0317958685652	36.2041359039146	7.65864	28.5454959039146	27.0010639514194	33.8359561355712	1638.85440594308
9	41564	41784	220	41674	16.7920919809775	17.7890736932423	34.5811656742198	2.1274	32.4537656742198	20.1358306464448	21.9574972314325	42.0933278778773	7.9294	34.1639278778773	40.2517733616079	40.4956764102371	2443.11839857057
9	45959	46173	214	46066	14.7929286518304	14.4698345783773	29.2627632302077	2.06938	27.1933832302077	17.7377746342261	16.9663887838339	34.7041634180599	7.87138	26.8327834180599	33.7274234893231	31.8058192362407	2047.11698346537
9	47571	47681	110	47626	3.31903911853354	6.91337318730427	10.2324123058378	1.0637	9.16871230583781	9.8564192027169	14.9498257738508	24.8062449765677	6.8657	17.9405449765677	11.3717752650669	21.2655437803111	690.220356874849
9	47930	48131	201	48030.5	7.98475353486742	9.878818791839	17.8635723267064	1.94367	15.9199023267064	14.5468331659845	18.1147677190042	32.6616008849887	7.74567	24.9159308849887	19.745144733776	29.5337081317193	1198.44971669094
9	53661	54124	463	53892.5	113.604716137331	153.889177195433	267.493893332765	4.47721	263.016683332765	128.77463787394	183.90142667774	312.67606455168	10.27921	302.39685455168	326.214468733966	358.441371647082	19799.8871573702
9	54848	55416	568	55132	68.0362520042257	63.4462361993446	131.48248820357	5.49256	125.98992820357	82.0112956586024	77.8923712124455	159.903666871048	11.29456	148.609106871048	156.262853648563	176.15147546782	9484.51759708243
9	56395	56535	140	56465	12.251475269964	13.3988542234771	25.650329493441	1.3538	24.296529493441	19.7370379615389	19.5642411311685	39.3012790927074	7.1558	32.1454790927074	30.1345122307481	38.1031397807529	1829.04193068699
9	60929	61030	101	60979.5	7.13536911521077	4.6658144144996	11.8011835297104	0.97667	10.8245135297104	15.8442093680831	12.9508624410351	28.7950718091182	6.77867	22.0164018091182	13.4254332677847	26.096796790077	814.869017835391
9	68407	68530	123	68468.5	2.2455588094902	1.14747895167884	3.39303776116904	1.18941	2.20362776116904	4.81621165574797	5.73949471987439	10.5557063756224	6.99141	3.56429637562236	2.73311658518517	4.22488284056031	165.889024434215
9	73678	73849	171	73763.5	2.22095926072218	3.44253685320224	5.66349611392442	1.65357	4.00992611392442	5.49079928171968	7.8104567320111	13.3012560137308	7.45557	5.84568601373079	4.97343324515019	6.9290922886294	301.867104242375
9	76154	76263	109	76208.5	3.81652999300868	3.3683382142353	7.18486820724397	1.05403	6.13083820724397	8.90833659349101	8.33464711673446	17.2429837102255	6.85603	10.3869537102255	7.60395919881502	12.3120127709255	461.529295957031
9	77411	77534	123	77472.5	4.4171189763449	4.54041671468215	8.95753569102705	1.18941	7.76812569102705	7.9605539787623	8.25854851261876	16.2191024913811	6.99141	9.22769249138106	9.63465497035025	10.9379006559172	584.784243180529
9	83097	83300	203	83198.5	8.4845443671542	12.751166104085	21.2357104712392	1.96301	19.2727004712392	12.3528734100077	15.1964212505253	27.5492946605331	7.76501	19.7842846605331	23.9035549594392	23.4509917151465	1450.84824929353
9	84878	85124	246	85001	25.3500350017729	22.3291904134273	47.6792254152002	2.37882	45.3004054152002	29.2924626854277	26.5717125924187	55.8641752778463	8.18082	47.6833552778463	56.1852103779149	56.5207177695872	3410.21301021155
9	88694	88881	187	88787.5	10.0060164586395	13.3514550929241	23.3574715515635	1.80829	21.5491815515635	15.420517139912	16.9708887012914	32.3914058412035	7.61029	24.7811158412035	26.7270300971793	29.3739072327162	1622.22166916622
9	89741	89880	139	89810.5	8.4845443671542	8.05875217750292	16.5432965446571	1.34413	15.1991665446571	12.8031651502613	12.3012743564943	25.1044395067556	7.14613	17.9583095067556	18.8512301833392	21.2866006877206	1144.19275103374
9	92853	92989	136	92921	7.56116130486205	10.2055127992582	17.7666741041202	1.31512	16.4515541041202	15.7437112115308	18.4415617245891	34.1852729361199	7.11712	27.0681529361199	20.4045420766475	32.0848108051921	1238.4724447796
9	93262	93548	286	93405	15.1468221603264	17.1145860654363	32.2614082257627	2.76562	29.4957882257627	23.3047725182272	27.1233024745503	50.4280749927775	8.56762	41.8604549927775	36.5830515541221	49.6186341872741	2220.44195481282
9	96456	96848	392	96652	54.764995440212	43.3403050044512	98.1053004446632	3.79064	94.3146604446632	61.0289805393069	51.5247548762687	112.553735415576	9.59264	102.961095415576	116.976636086063	122.043320595247	7100.00449563644
9	99707	99769	62	99738	0.349593587369867	0.723886721673474	1.07348030904334	0.59954	0.473940309043341	6.7121768778683	7.18716816505562	13.8993450429239	6.40154	7.49780504292392	0.587818932879553	8.88740568387348	35.6782106727232
9	102354	102668	314	102511	21.5583045538637	16.4156988851937	37.9740034390574	3.03638	34.9376234390574	26.3497166645122	20.3578265743513	46.7075432388635	8.83838	37.8691632388635	43.3324537614215	44.8876190679613	2630.10312834347
9	113343	113700	357	113521.5	12.6755674907979	12.050278960528	24.7258464513259	3.45219	21.2736564513259	14.7978285619509	14.7195299981893	29.5173585601401	9.25419	20.2631685601401	26.385301682624	24.0186292393177	1601.48014880104
9	114593	114740	147	114666.5	7.41116405627658	7.21166771565791	14.6228317719345	1.42149	13.2013417719345	10.6563045303403	11.4048907989476	22.0611953292879	7.22349	14.8377053292879	16.3733670356517	17.5876414396244	993.796568712258
9	122271	122487	216	122379	4.79121211431706	13.1973579195439	17.988570033861	2.08872	15.899850033861	9.88291871663367	20.1091311361966	29.9920498528303	7.89072	22.1013298528303	19.7202742655814	26.1974649154931	1196.94018075369
9	127272	127418	146	127345	3.0186446286997	4.78941214733403	7.80805677603374	1.41182	6.39623677603374	6.9629722775032	8.98243523429224	15.9454075117954	7.21382	8.73158751179544	7.93312787368182	10.3498503945239	481.508491372238
9	129965	130266	301	130115.5	13.6252500706754	16.2696015650715	29.8948516357469	2.91067	26.9841816357469	18.7168566748263	20.6106219373007	39.327478612127	8.71267	30.614808612127	33.4679548269912	36.2887835189712	2031.36829440512
9	131884	132141	257	132012.5	20.6059220235117	14.8219281198903	35.427850143402	2.48519	32.942660143402	24.7230465026856	21.2093109554882	45.9323574581738	8.28719	37.6451674581738	40.8581396479983	44.6221091803251	2479.92235792025
9	134061	134222	161	134141.5	11.1778949627549	10.9537990733682	22.1316940361231	1.55687	20.5748240361231	17.4664796106178	15.8953084307679	33.3617880413857	7.35887	26.0029180413857	25.5185534514061	30.8221513196596	1548.87206787021
9	136036	136268	232	136152	16.6168951946297	9.10553297629804	25.7224281709278	2.24344	23.4789881709278	20.6353214842344	15.7437112115308	36.3790326957653	8.04544	28.3335926957653	29.1205316542601	33.5847799892516	1767.4974471693
9	138174	138318	144	138246	16.0163062112935	16.6392947837518	32.6556009950453	1.39248	31.2631209950453	22.078895004621	21.9036982182732	43.9825932228942	7.19448	36.7881132228942	38.7750399599612	43.6062133763657	2353.48670679552
9	141767	142208	441	141987.5	105.655561949461	149.856751162627	255.512313112089	4.26447	251.247843112089	114.239104500682	156.319832609678	270.55893711036	10.06647	260.49246711036	311.617805466999	308.770662820545	18913.9292577046
9	142570	142814	244	142692	19.6337398563464	16.2429020548233	35.8766419111697	2.35948	33.5171619111697	27.2692997965068	20.98501506977	48.2543148662769	8.16148	40.0928348662769	41.5706829991818	47.5234133767495	2523.17083185496
9	148945	149108	163	149026.5	8.53164350321004	12.5003707044501	21.0320142076601	1.57621	19.4558042076601	12.4244720966659	16.5927956366903	29.0172677333562	7.37821	21.6390577333562	24.1306549568344	25.6495179045225	1464.63229247013
9	150063	150477	414	150270	30.5916388545093	37.6510093637701	68.2426482182793	4.00338	64.2392682182793	37.5794106771119	45.7862601380516	83.3656708151635	9.80538	73.5602908151635	79.674712980742	87.193537702752	4835.92997096971
9	151383	151473	90	151428	5.09150660598517	5.9365911045157	11.0280977105009	0.8703	10.1577977105009	10.5575063426054	12.3007743656657	22.8582807082711	6.6723	16.1859807082711	12.5985186249413	19.1857985266655	764.678673180789
9	154932	155226	294	155079	15.0954231031444	17.1661851189497	32.2616082220942	2.84298	29.4186282220942	19.3378452839701	20.9851150679358	40.3229603519059	8.64498	31.6779803519059	36.4873515046602	37.5489974761161	2214.63335230769
9	160243	160864	621	160553.5	111.005563813842	105.894457567375	216.900021381217	6.00507	210.894951381217	114.674196519746	108.315013166882	222.989209686627	11.80707	211.182139686627	261.568899933463	250.321439119678	15876.1649127943
9	165980	166306	326	166143	24.5501496741495	29.2200640134437	53.7702136875932	3.15242	50.6177936875932	28.8174713982403	32.0148127490882	60.8322841473285	8.95442	51.8778641473285	62.7802634686586	61.492613111528	3810.50582217778
9	169792	169987	195	169889.5	28.9177695584612	19.1890480133733	48.1068175718345	1.88565	46.2211675718345	33.1354921923531	23.1580752091106	56.2935674014637	7.68765	48.6059174014637	57.3272137442062	57.6142623221894	3479.52795468247
9	173234	173406	172	173320	9.38322788251261	11.3776912978707	20.7609191803833	1.66324	19.0976791803833	16.8460909904683	21.5072054911789	38.3532964816472	7.46524	30.8880564816472	23.6864794618311	36.6126735981047	1437.67265234974
9	173652	173810	158	173731	12.1528770785604	12.6233684482902	24.7762455268506	1.52786	23.2483855268506	21.3367086186201	18.8111549451037	40.1478635637238	7.32986	32.8180035637238	28.8345196869846	38.9003061210401	1750.13768780704
9	177359	177912	553	177635.5	118.032334921077	136.896688890346	254.929023811423	5.34751	249.581513811423	125.143404482017	141.538103752409	266.681508234426	11.14951	255.531998234426	309.551089695723	302.890848790936	18788.4880434738
9	180237	180357	120	180297	4.19082312731229	6.51028058127226	10.7011037085845	1.1604	9.54070370858454	9.63022335185001	14.145740523267	23.775963875117	6.9624	16.813563875117	11.8331489554464	19.9296943964832	718.22385727858
9	183198	183760	562	183479	37.1025194247759	23.9044615180719	61.0069809428477	5.43454	55.5724409428477	39.29887913673	26.874107045567	66.172986182297	11.23654	54.936446182297	68.9254159420938	65.118055385174	4183.49150246065
9	187732	187952	220	187842	15.5456148452323	18.1141677300099	33.6597825752422	2.1274	31.5323825752422	18.2909644870093	23.6790656525308	41.9700301395401	7.9294	34.0406301395401	39.1089998526242	40.3495273687197	2373.75670958073
9	188829	189001	172	188915	17.6410764079713	15.0191245026973	32.6602009106686	1.66324	30.9969609106686	22.6814839512717	20.5840224252182	43.2655063764899	7.46524	35.8002663764899	38.4449267921463	42.4352846009082	2333.4501845123
9	193195	193441	246	193318	36.3260336679318	41.9666302019055	78.2926638698372	2.37882	75.9138438698372	39.9700668250671	46.558645970101	86.5287127951682	8.18082	78.3478927951682	94.154461738919	92.8684466668592	5714.79163701305
9	197654	197789	135	197721.5	26.3448167543917	28.2428819379923	54.587698692384	1.30545	53.282248692384	35.3767510807172	36.2525350161249	71.6292860968421	7.10745	64.5218360968421	66.0849351071254	76.4799470749384	4011.08590615672
9	199485	199611	126	199548	13.4997523726922	17.4166805240874	30.9164328967797	1.21842	29.6980128967797	19.8892351697703	25.8028266961696	45.6920618659399	7.02042	38.6716418659399	36.8338668742181	45.8388245301781	2235.6654213087
9	202130	202252	122	202191	13.8717455491842	16.942089229563	30.8138347787472	1.17974	29.6340947787472	21.858899040029	22.8068816510891	44.6657806911181	6.98174	37.6840406911181	36.7545904775568	44.6681869576802	2230.85366751301
9	203337	203470	133	203403.5	10.9027000106834	10.3289105357611	21.2316105464445	1.28611	19.9455005464445	15.0693235818906	16.0705052171157	31.1398287990063	7.08811	24.0517187990063	24.738015786472	28.5093278816244	1501.49661653676
9	204796	205012	216	204904	19.937834278312	62.2475581868153	82.1853924651273	2.08872	80.0966724651273	26.2530184382574	77.168484490772	103.421502929029	7.89072	95.5307829290294	99.3423425635413	113.23591615517	6029.67483429139
9	212060	212456	396	212258	44.4875839597986	45.8614587586758	90.3490427184743	3.82932	86.5197227184743	47.4818290360617	52.001946123102	99.4837751591637	9.63132	89.8524551591637	107.308726670804	106.505199337662	6513.20184334233
9	216001	216176	175	216088.5	35.2260538449716	39.5975736577466	74.8236275027182	1.69225	73.1313775027182	43.8363959046062	45.5120651676373	89.3484610722435	7.49425	81.8542110722435	90.7034229066353	97.02460607708	5505.32766161028
9	220749	220944	195	220846.5	14.6468313317082	11.3013926974236	25.9482240291318	1.88565	24.0625740291318	17.717175012087	14.4210354735042	32.1382104855912	7.68765	24.4505604855912	29.8443418258522	28.9820886232051	1811.42977112937
9	222680	222821	141	222750.5	10.3307105027442	13.9972432471674	24.3279537499115	1.36347	22.9644837499115	13.9993432086476	18.8647539619316	32.8640971705791	7.16547	25.6986271705791	28.4824018434954	30.4614649055323	1728.76557149889
9	231192	231298	106	231245	4.54051671284788	5.01540800186947	9.55592471471735	1.02502	8.53090471471735	7.26126680585684	9.43472693786029	16.6959937437171	6.82702	9.86897374371712	10.5807149343858	11.6980333366611	642.206222667545
9	232688	232792	104	232740	1.52167208781672	1.99676337316977	3.51843546098649	1.00568	2.51275546098649	7.76085764181217	7.1625686162876	14.9234262580998	6.80768	8.11574625809978	3.11652164941572	9.61987261741113	189.160147376097
9	237828	238026	198	237927	25.7492276793417	22.9543789455315	48.7036066248732	1.91466	46.7889466248732	31.6880187435033	26.923306143103	58.6113248866064	7.71666	50.8946648866064	58.0314190432707	60.3271932789106	3522.27034287638
9	240919	241121	202	241020	26.9164062696681	23.4026707224706	50.3190769921387	1.95334	48.3657369921387	30.7353362186541	28.1200841904836	58.8554204091378	7.75534	51.1000804091378	59.9870814196819	60.5706793487737	3640.97106918425
9	241875	241976	101	241925.5	16.2446020236406	22.8552807632994	39.09988278694	0.97667	38.12321278694	25.0274409191484	33.5623843618273	58.5898252809758	6.77867	51.8111552809758	47.2834781738514	61.4135408024196	2869.91418830575
9	244547	244636	89	244591.5	15.6442130366358	27.4697961187828	43.1140091554186	0.86063	42.2533791554186	26.2981176109988	39.6457727736254	65.9438903846242	6.66263	59.2812603846242	52.4060430644273	70.2681127974534	3180.83297490447
9	248566	248769	203	248667.5	60.6555873884949	52.821531089373	113.477118477868	1.96301	111.514108477868	78.5189597188698	71.8834814341116	150.402441152981	7.76501	142.637431152981	138.308776433871	169.073043257972	8394.77837047711
9	249053	249902	849	249477.5	258.721754240989	250.184210846002	508.905965086991	8.20983	500.696135086991	277.631807371994	269.92054882038	547.552356192374	14.01183	533.540526192374	621.003662714067	632.423899783049	37692.3883657642
9	254071	254316	245	254193.5	63.2736393653056	60.4051919815228	123.678831346828	2.36915	121.309681346828	98.0538013893155	99.1534812177785	197.207282607094	8.17115	189.036132607094	150.458034644043	224.071016753802	9132.18876965636
9	254554	254997	443	254775.5	77.7951729953621	69.1154322087153	146.910605204077	4.28381	142.626795204077	118.090333857197	124.332419357998	242.422753215195	10.08581	232.336943215195	176.897235700676	275.396953892959	10736.9403905273
9	258360	258711	351	258535.5	53.2622230057171	60.004199336971	113.266422342688	3.39417	109.872252342688	65.0638065280903	69.911617604207	134.975424132297	9.19617	125.779254132297	136.272414253006	149.090467368676	8271.1794953287
9	260938	261137	199	261037.5	30.7642356885483	31.1633283679514	61.9275640564996	1.92433	60.0032340564996	34.157373447883	38.7513891793931	72.9087626272761	7.72633	65.1824326272761	74.4208423284549	77.2629748178199	4517.04146041889
9	267579	268635	1056	268107	1152.75645487307	1202.2951461799	2355.05160105297	10.21152	2344.84008105297	1165.97901233038	1209.20671940022	2375.1857317306	16.01352	2359.1722117306	2908.25947470046	2796.40780251529	176519.483169773
9	268856	268980	124	268918	13.8227464479796	3.46693640563881	17.2896828536184	1.19908	16.0906028536184	64.8946096316859	35.179254703413	100.073864335099	7.00108	93.0727843350989	19.9568612720336	110.32236604956	1211.300046669
9	270674	271054	380	270864	86.2545178247539	77.270882612473	163.525400437227	3.6746	159.850800437227	92.6665002091198	83.5348677115679	176.201367920688	9.4766	166.724767920688	198.259833865197	197.624590340504	12033.5629305615
9	273872	274045	173	273958.5	40.9901481136141	89.0202670923385	130.010415205953	1.67291	128.337505205953	44.484184022164	94.6342641142297	139.118448136394	7.47491	131.643538136394	159.174507673472	156.041604493673	9661.24311559867
9	274943	275106	163	275024.5	62.5718522382571	79.5878401122899	142.159692350547	1.57621	140.583482350547	71.3052920398974	92.7406988480868	164.045990887984	7.37821	156.667780887984	174.362954572477	185.703698398743	10583.1198669983
9	276280	276537	257	276408.5	138.122666402118	131.064295874514	269.186962276632	2.48519	266.701772276632	147.579892927266	139.622838884304	287.202731811569	8.28719	278.915541811569	330.78501276497	330.608165646585	20077.3005302744
9	277544	277802	258	277673	115.843275075221	113.571216751814	229.414491827035	2.49486	226.919631827035	141.594802712374	132.907562063298	274.502364775672	8.29686	266.205504775672	281.443998927279	315.542522468562	17082.5023228006
9	282919	283057	138	282988	12.3233739511193	11.8277830417929	24.1511569929121	1.33446	22.8166969929121	16.1668034507076	17.6164768592033	33.7832803099109	7.13646	26.6468203099109	28.2991048076968	31.5853907808603	1717.64018935634
9	285243	285528	285	285385.5	59.4793089650876	57.9846363820163	117.463945347104	2.75595	114.707995347104	62.9238457816043	62.1777594671402	125.101605248745	8.55795	116.543655248744	142.270092100398	138.143194994727	8635.2140675704
9	289104	289225	121	289164.5	16.7402929311327	18.6647576304843	35.405050561617	1.17007	34.234980561617	20.9066165078427	23.2566734005141	44.1632899083568	6.97207	37.1912199083568	42.4609794881187	44.0840295675147	2577.20819594236
9	291820	292188	368	292004	133.414552763517	129.217829744427	262.632382507944	3.55856	259.073822507944	150.605337431235	141.920096745473	292.525434176708	9.36056	283.164874176708	321.324215260449	335.645045159776	19503.0687258569
9	300095	300419	324	300257	25.8988249352643	33.0340940523093	58.9329189875736	3.13308	55.7998389875736	31.7370178447079	36.5032304175941	68.240248262302	8.93508	59.305168262302	69.2074533072199	70.2964516255166	4200.61001969053
9	301349	301579	230	301464	80.1614295908807	82.4071883967024	162.568617987583	2.2241	160.344517987583	87.6489922457702	88.4716771551786	176.120669400949	8.0261	168.094569400949	198.872182125214	199.248263054286	12070.7299713013
9	307992	308172	180	308082	15.1448221970119	17.5404782532533	32.6853004502652	1.7406	30.9447004502652	24.2522551384587	23.1790748239126	47.4313299623713	7.5426	39.8887299623713	38.3801091611495	47.2814808281312	2329.51601879449
9	310858	311052	194	310955	58.2336318146681	54.1681063890076	112.401738203676	1.87598	110.525758203676	67.9645533194019	65.6219962891597	133.586549608562	7.67798	125.908569608562	137.082944841999	149.243749441521	8320.37539476853
9	312624	312797	173	312710.5	26.8755070198871	16.3680997583093	43.2436067781964	1.67291	41.5706967781964	33.5133852606228	20.6847205781019	54.1981058387247	7.47491	46.7231958387247	51.5593254107117	55.382607828368	3129.44066829469
9	314915	314981	66	314948	2.59495240052862	2.91994643913047	5.51489883965908	0.63822	4.87667883965908	8.78273889734211	8.6841407059386	17.4668796032807	6.44022	11.0266596032807	6.04844976640836	13.0702781242387	367.116220554806
9	321129	321399	270	321264	33.7356811830264	29.7443543963328	63.4800355793592	2.6109	60.8691355793592	46.9374390218622	39.6518726617345	86.5893116835967	8.4129	78.1764116835967	75.4948031193687	92.6651842191252	4582.22649820725
9	325816	325903	87	325859.5	11.1266959019044	14.295537775521	25.4222336774254	0.84129	24.5809436774254	24.7764455231821	27.8201896914784	52.5966352146605	6.64329	45.9533452146605	30.4872656027138	54.4700774580967	1850.45262098043
9	332357	333785	1428	333071	708.066511865165	704.67197413151	1412.73848599667	13.80876	1398.92972599667	712.582329031079	708.515503629264	1421.09783266034	19.61076	1401.48707266034	1735.06528779693	1661.23073407887	105311.383159604
9	334613	334839	226	334726	52.4189384741696	31.5864206071281	84.0053590812977	2.18542	81.8199390812977	58.3084304426294	39.0737832656861	97.3822137083155	7.98742	89.3947937083155	101.47967657809	105.962717510478	6159.40228773611
9	337164	339371	2207	338267.5	1329.35721546766	1298.233886366	2627.59110183365	21.34169	2606.24941183365	1340.21061638264	1301.22803144409	2641.43864782673	27.14369	2614.29495782673	3232.48037537555	3098.81355069889	196198.368880581
9	342321	342473	152	342397	17.8136732420103	17.4640796546405	35.2777528966508	1.46984	33.8079128966508	24.1514569874093	22.8291812420455	46.9806382294548	7.27184	39.7087982294548	41.931295782602	47.0682015688445	2545.05855635393
9	343698	344046	348	343872	41.4403398557019	34.8578605987772	76.2982004544791	3.36516	72.9330404544791	48.9030029673262	37.7039083934379	86.606911360764	9.16716	77.439751360764	90.4574293293391	91.7919954521799	5490.39685522758
9	345407	345554	147	345480.5	18.7880553688215	15.3443185376306	34.1323739064521	1.42149	32.7108839064521	24.2786546542098	20.5860223885327	44.8646770427424	7.22349	37.6411870427424	40.5706720963447	44.6173910572842	2462.47425052564
9	348527	348667	140	348597	19.386744387009	15.6195134897021	35.0062578767111	1.3538	33.6524578767111	25.027240922817	21.1595118689578	46.1867527917748	7.1558	39.0309527917748	41.7384879496574	46.2647281041256	2533.35590763275
9	348972	349044	72	349008	10.754502729081	11.2521935998876	22.0066963289685	0.69624	21.3104563289685	20.137930607925	16.9424892222259	37.0804198301509	6.49824	30.5821798301509	26.4309438539971	36.2501075036931	1604.25044236378
9	353755	353851	96	353803	1.9719638280703	0.573789474922281	2.54575330299258	0.92832	1.61743330299258	5.09170660231661	3.99372674267098	9.08543334498759	6.73032	2.35511334498759	2.00607101786315	2.79159668844185	121.760325155147
9	370440	370578	138	370509	3.01894462319688	3.04334417563345	6.06228879883032	1.33446	4.72782879883032	6.46358143787931	7.73405813339824	14.1976395712776	7.13646	7.06117957127755	5.86383396038912	8.36985852490913	355.910794441016
9	378299	378398	99	378348.5	3.07004368588166	2.42045560134085	5.49049928722251	0.95733	4.53316928722251	10.4565081952245	9.58282422129701	20.0393324165215	6.75933	13.2800024165215	5.62240156013786	15.7412427080687	341.256832893386
9	394042	395428	1386	394735	110.119680063696	181.418372224656	291.538052288353	13.40262	278.135432288352	122.569151701793	195.666910862287	318.23606256408	19.20462	299.03144256408	344.965958548129	354.452233298467	20938.0260749784
9	407983	408167	184	408075	3.11954277791486	2.99414507809741	6.11368785601228	1.77928	4.33440785601228	7.06377042855264	5.36530158373651	12.4290720122891	7.58128	4.84779201228915	5.37588162890971	5.74625427543172	326.294078974765
9	410483	410628	145	410555.5	2.44495515194315	3.94192769282613	6.38688284476928	1.40215	4.98473284476928	6.76357593505025	9.2085310869934	15.9721070220437	7.20415	8.76795702204365	6.18246704403862	10.3929604234256	375.250522459058
10	5297	5620	323	5458.5	9.60712377556785	9.2085310869934	18.8156548625613	3.12341	15.6922448625613	19.3157456893452	17.9670704282304	37.2828161175756	8.92541	28.3574061175756	19.4627856157976	33.6130068555328	202.416208279033
10	6624	6801	177	6712.5	13.8716455510185	30.165846664858	44.0374922158764	1.71159	42.3259022158764	17.8653722936894	33.9598770705788	51.8252493642683	7.51359	44.3116593642683	52.4959920035533	52.5241308678103	545.967050193509
10	21673	21872	199	21772.5	39.3677778729136	31.2120274746588	70.5798053475724	1.92433	68.6554753475724	43.8858949966394	33.5584844333641	77.4443794300035	7.72633	69.7180494300035	85.15204865484	82.6391971017635	885.595472105191
10	31184	31689	505	31436.5	48.3044139473044	39.2978791550728	87.6022931023772	4.88335	82.7189431023772	52.997027870218	47.8814217062934	100.878449576511	10.68535	90.1930995765114	102.594693752705	106.908976858361	1067.0018829224
10	36439	36720	281	36579.5	22.4053890157087	17.6390764446568	40.0444654603655	2.71727	37.3271954603655	27.9968864503121	21.9061981724163	49.9030846227284	8.51927	41.3838146227284	46.2961933902356	49.0536559956984	481.488113201943
10	54170	54317	147	54243.5	15.5436148819178	11.4761894911085	27.0198043730263	1.42149	25.5983143730264	19.9856334015279	16.4424983936077	36.4281317951356	7.22349	29.2046417951356	31.7490906579369	34.6172643859994	330.195824695852
10	58895	59140	245	59017.5	1.1227794047451	6.66257778766937	7.78535719241447	2.36915	5.41620719241447	2.79474873564446	10.6048054749927	13.3995542106371	8.17115	5.22840421063713	6.71761627223922	6.19740697886748	69.8643267897122
10	60181	60323	142	60252	12.3523734191791	11.2293940181026	23.5817674372817	1.37314	22.2086274372817	23.0331775001218	22.535186634818	45.5683641349397	7.17514	38.3932241349397	27.5449279831327	45.5088064367739	286.471833463509
10	60542	60771	229	60656.5	20.137230620765	19.0886498549868	39.2258804757518	2.21443	37.0114504757518	32.2389086384749	30.7932351566081	63.032143795083	8.01643	55.015713795083	45.9045810365779	65.2120140075159	477.415279574352
10	63608	63719	111	63663.5	2.81914828808103	2.59515239686006	5.41430068494109	1.07337	4.3409306849411	5.73939472170867	5.96359060926108	11.7029853309698	6.87537	4.82761533096975	5.38397176656446	5.72233816248758	55.9942020624616
10	68899	69162	263	69030.5	20.0591320533348	18.8603540426397	38.9194860959745	2.54321	36.3762760959745	24.7004469172321	26.4463148926012	51.1467618098333	8.34521	42.8015518098333	45.1167866266305	50.7341485482231	469.22208665157
10	73604	73675	71	73639.5	0.873983968424667	1.87136567335231	2.74534964177698	0.68657	2.05877964177698	4.56731622126181	8.03645258654654	12.6037688078084	6.48857	6.11519880780836	2.55346428436587	7.24855505463211	26.556453357722
10	75649	75766	117	75707.5	1.6471697857999	1.27287665149629	2.92004643729619	1.13139	1.78865643729619	6.48808098848161	6.61327869196761	13.1013596804492	6.93339	6.16796968044922	2.21843573588808	7.31110618136406	23.0721007174167
10	79489	79628	139	79558.5	15.8207097991381	17.8135732438446	33.6342830429826	1.34413	32.2901530429826	25.9997230844794	27.1205025259101	53.1202256103895	7.14613	45.9740956103895	40.0488478022825	54.4946736144236	416.514679764143
10	79869	80046	177	79957.5	16.8409910840164	20.3860260570854	37.2270171411018	1.71159	35.5154271411018	25.5001322485241	30.6678374567907	56.1679697053148	7.51359	48.6543797053148	44.0490924373661	57.6717063544408	458.117889459107
10	83072	83373	301	83222.5	27.3691979640648	27.6452928996278	55.0144908636925	2.91067	52.1038208636925	35.5289482889486	32.6115018039612	68.1404500929098	8.71267	59.4277800929098	64.6233540271467	70.4417876370581	672.093632775316
10	85451	85597	146	85524	6.8618741319566	6.68747733093456	13.5493514628912	1.41182	12.1375314628912	10.3558100423408	9.65692286209823	20.012732904439	7.21382	12.798912904439	15.0539438325264	15.1709907957215	156.563520267736
10	94552	94978	426	94765	58.5074267924195	74.0730412707965	132.580468063216	4.11942	128.461048063216	61.8265659091187	79.7633368931349	141.589902802254	9.92142	131.668482802254	159.327735472703	156.071172262357	1657.03495505248
10	96552	96699	147	96625.5	9.85561921739111	15.6689125835696	25.5245318009607	1.42149	24.1030418009607	12.751166104085	19.9361343094947	32.6873004135797	7.22349	25.4638104135797	29.8945332149334	30.1831285432399	310.908118760082
10	97318	97644	326	97481	24.8772436742315	11.8775821283232	36.7548258025547	3.15242	33.6024058025547	28.2703814335663	14.9458258472219	43.2162072807881	8.95442	34.2617872807881	41.6764093371031	40.6116725195879	433.441590491237
10	100942	101123	181	101032.5	17.5874773911434	28.6933736745773	46.2808510657207	1.75027	44.5305810657207	29.9873499390413	38.1240006876429	68.1113506266842	7.55227	60.5590806266842	55.230412233547	71.7827569922862	574.405475490017
10	104542	104911	369	104726.5	24.5254501272157	20.9331160217595	45.4585661489752	3.56823	41.8903361489752	28.8438709139914	25.8234263183086	54.6672972323	9.37023	45.2970672323	51.9557678956667	53.6921686384834	540.348629598536
10	106149	106330	181	106239.5	20.9597155338419	32.7110999770219	53.6708155108639	1.75027	51.9205455108639	25.5025322045015	37.4534129883001	62.9559451928016	7.55227	55.4036751928016	64.3960411772641	65.6718779692311	669.729541320238
10	109631	109820	189	109725.5	11.5256885831417	14.3202373224547	25.8459259055965	1.82763	24.0182959055965	15.0443240404597	22.1077944745151	37.1521185149748	7.62963	29.5224885149748	29.7894245317757	34.9940190132974	309.814970969114
10	111372	111565	193	111468.5	26.9703052809931	33.5852839417781	60.5555892227712	1.86631	58.6892792227712	30.7870352703333	36.2566349409195	67.0436702112528	7.66831	59.3753602112528	72.7911697442149	70.3796525519873	757.040275049836
10	123164	123718	554	123441	100.895149270187	91.0687295171874	191.963878787375	5.35718	186.606698787375	108.806104158751	100.750151929888	209.556256088639	11.15918	198.397076088639	231.444653380052	235.166864382278	2407.06289882879
10	129041	129191	150	129116	13.3494551296096	12.827164710035	26.1766198396446	1.4505	24.7261198396446	16.4444983569222	19.1156493597322	35.5601477166543	7.2525	28.3076477166544	30.6673247686612	33.5540265149349	318.94527948227
10	134031	134256	225	134143.5	23.0531771332665	46.7784419383616	69.8316190716281	2.17575	67.6558690716281	29.0659668400636	64.8682101159349	93.9341769559985	7.97775	85.9564269559985	83.9122564632635	101.887103375028	872.701427058054
10	136032	136474	442	136253	75.0786228253135	105.396066709409	180.474689534722	4.27414	176.200549534722	78.1736660526261	113.407719750856	191.581385803482	10.07614	181.505245803482	218.538109175304	215.144398123434	2272.8326919364
10	136950	137308	358	137129	69.5390244387207	46.5584459737696	116.09747041249	3.46186	112.63561041249	78.7472555312169	54.2452049747805	132.992460505997	9.26386	123.728600505997	139.69975343636	146.659757235551	1452.90067651731
10	140120	140380	260	140250	32.7111999751877	41.1688448357622	73.8800448109499	2.5142	71.3658448109499	37.2540166458472	44.7120798418482	81.9660964876954	8.3162	73.6498964876954	88.5136671018714	87.2997503821705	920.556863201061
10	142638	143179	541	142908.5	193.897343321641	191.074595099594	384.971938421236	5.23147	379.740468421236	201.135510551216	195.31701728042	396.452527831636	11.03347	385.419057831636	470.984705582701	456.850438979973	4898.31929218216
10	144920	145124	204	145022	43.5146018073075	39.6968718363101	83.2114736436176	1.97268	81.2387936436176	48.955901996994	43.9146944683678	92.8705964653618	7.77468	85.0959164653618	100.758893212534	100.867110752956	1047.90925189654
10	146027	146343	316	146185	189.778418875484	223.653597499695	413.43201637518	3.05572	410.37629637518	202.106292744061	234.733794254538	436.840086998599	8.85772	427.982366998599	508.981726203545	507.302190345785	5293.49462791255
10	146821	147071	250	146946	212.994993011543	197.470977770107	410.465970781651	2.4175	408.048470781651	222.802013120393	206.529611606681	429.331624727074	8.2195	421.112124727074	506.094569466276	499.158656356305	5263.46771753077
10	150534	150865	331	150699.5	137.882570806215	145.357333695892	283.239904502107	3.20077	280.039134502107	140.827216792279	149.89995037022	290.727167162499	9.00277	281.724397162499	347.32708331945	333.937598309628	3612.25944867181
10	154748	154988	240	154868	93.30908842206	183.116841069472	276.425929491532	2.3208	274.105129491532	100.971247874303	190.079913345141	291.051161219444	8.1228	282.928361219444	339.967252500124	335.364698233087	3535.71598375207
10	156198	156367	169	156282.5	41.4195402372314	49.3794942269993	90.7990344642307	1.63423	89.1648044642307	53.4472196123058	61.1069791085714	114.554198720877	7.43623	107.117968720877	110.589370033485	126.970605211102	1150.14784625564
10	157441	157572	131	157506.5	35.0057578858825	25.7506276536618	60.7563855395443	1.26677	59.4896155395443	61.7564671949465	48.884603304833	110.641070499779	7.06877	103.572300499779	73.7838112872394	122.767802961522	767.363912235471
10	157975	158093	118	158034	34.1835729673026	43.6423994631023	77.825972430405	1.14106	76.684912430405	49.855085503181	59.8873014812401	109.742386984421	6.94306	102.799326984421	95.1108030540623	121.851570921005	989.168174618881
10	159886	160472	586	160179	764.155283023226	746.21081218045	1510.36609520368	5.66662	1504.69947520368	796.96408120816	775.081282606523	1572.04536381468	11.46862	1560.57674381468	1866.24944732811	1849.80518214311	19409.3047258546
10	161666	161925	259	161795.5	129.067432503179	125.398699799109	254.466132302288	2.50453	251.961602302288	135.454815338776	130.215011453023	265.6698267918	8.30653	257.3632967918	312.50306708647	305.061549831373	3250.08388644367
10	165393	165579	186	165486	14.4455350241065	12.4507716142512	26.8963066383577	1.79862	25.0976866383577	22.1816931189849	20.6350214897373	42.8167146087222	7.60062	35.2160946087222	31.1281718309292	41.7428457525392	323.738165597457
10	172497	172803	306	172650	291.034961516597	283.946791535608	574.981753052204	2.95902	572.022733052204	376.668090739544	361.995059888416	738.66315062796	8.76102	729.90213062796	709.468652717706	865.178049746221	7378.59201713591
10	173025	173530	505	173277.5	237.569042247301	213.276087855392	450.845130102693	4.88335	445.961780102693	251.118393710192	228.820102729973	479.938496440165	10.68535	469.253146440165	553.117708460325	556.221861861254	5752.51618594876
10	177552	177867	315	177709.5	162.469519805351	131.37399019376	293.843509999111	3.04605	290.797459999111	167.709523687436	139.309844625589	307.019368313024	8.84805	298.171318313024	360.670424859621	353.432698499428	3751.03242051924
10	180151	180763	612	180457	244.592713411398	269.366258987774	513.958972399172	5.91804	508.040932399172	263.009375592722	288.251512573679	551.260888166401	11.72004	539.540848166401	630.113271742634	639.536287383386	6553.28285324756
10	181769	182002	233	181885.5	112.288040289248	144.075457209481	256.363497498729	2.25311	254.110387498729	119.800302491071	153.333487388507	273.133789879578	8.05511	265.078679879578	315.168163506963	314.206858240306	3277.8013325885
10	184250	184439	189	184344.5	31.2903260384204	37.3993139806436	68.689640019064	1.82763	66.862010019064	36.8551239627756	42.9886114556011	79.8437354183767	7.62963	72.2141054183767	82.9276485448593	85.597857943348	862.461340904965
10	186703	186919	216	186811	46.6076450713056	52.8441306748265	99.4517757461321	2.08872	97.3630557461321	52.0242457140583	59.2826125731092	111.306858287168	7.89072	103.416138287168	120.757501395287	122.582698530555	1255.8981040126
10	187820	187972	152	187896	46.4593477915374	41.5715374491313	88.0308852406688	1.46984	86.5610452406688	51.4255566958709	46.3877491048793	97.8133058007502	7.27184	90.5414658007502	107.359978190113	107.321907301823	1116.56163383536
10	189389	189720	331	189554.5	173.25072204468	196.890788412579	370.141510457259	3.20077	366.940740457259	180.135595754753	204.376251105988	384.511846860741	9.00277	375.509076860741	455.109452329563	445.103798369341	4733.2140173051
10	190204	190276	72	190240	7.88595534713246	10.7050036370478	18.5909589841802	0.69624	17.8947189841802	23.4794693137464	27.6244932811572	51.1039625949036	6.49824	44.6057225949036	22.1944713643219	52.8726941089728	230.826194513344
10	191131	191663	532	191397	305.26590047706	337.958300797092	643.224201274152	5.14444	638.079761274152	321.634500226198	349.761984280945	671.396484507144	10.94644	660.450044507144	791.397898020766	782.854108084182	8230.66979822945
10	192243	192489	246	192366	213.357386364126	98.0095022019	311.366888566026	2.37882	308.988068566026	217.400312204333	103.224806537051	320.625118741384	8.18082	312.444298741384	383.231882309436	370.350952129473	3985.67533137438
10	195159	196138	979	195648.5	408.108914017378	401.626432926177	809.735346943556	9.46693	800.268416943556	412.301937104337	408.215212067543	820.517149171879	15.26893	805.248219171879	992.557328188668	954.488354795408	10322.761337331
10	204681	205244	563	204962.5	83.4827686672259	55.3695843501772	138.852353017403	5.44421	133.408143017403	87.2499995645328	59.0630166011801	146.313016165713	11.24621	135.066806165713	165.463520974244	160.099321594481	1720.8481450322
10	207574	207812	238	207693	72.0745779288094	50.7979682077893	122.872546136599	2.30146	120.571086136599	76.7404923414748	53.5187183007982	130.259210642273	8.10346	122.155750642273	149.541969392738	144.795404303097	1555.26135983781
10	211664	211911	247	211787.5	47.2035341408528	53.9134110609095	101.116945201762	2.38849	98.7284552017623	54.0658082654723	57.9565368974479	112.02234516292	8.19049	103.83185516292	122.450979741923	123.075462013107	1273.51056054865
10	220268	220423	155	220345.5	17.0155878813699	27.323898794992	44.3394866763619	1.49885	42.8406366763619	33.610283483209	54.0749080985531	87.6851915817621	7.30085	80.3843415817621	53.1344071277904	95.2823193158918	552.606673693815
10	220795	220926	131	220860.5	16.6371948222716	14.7454295231117	31.3826243453833	1.26677	30.1158543453833	30.809934850284	28.8173714000746	59.6273062503586	7.06877	52.5585362503586	37.3521074833084	62.2994371197132	388.468131810757
10	224027	224090	63	224058.5	13.2979560742619	8.15905033772373	21.4570064119856	0.60921	20.8477964119856	35.4818491528927	24.2027560464255	59.6846051993183	6.41121	53.2733951993183	25.8571157716465	63.1467839698621	268.918305675647
10	224392	224724	332	224558	21.482205949748	15.8668089535367	37.3490149032847	3.21044	34.1385749032847	40.8713502927344	29.0436672491072	69.9150175418416	9.01244	60.9025775418416	42.3414094280855	72.1899156765526	440.357702068431
10	227097	227259	162	227178	19.6372397921467	21.3052091964171	40.9424489885639	1.56654	39.3759089885639	24.3794528052592	25.0747400515357	49.4541928567949	7.36854	42.0856528567949	48.8371728700193	49.8855689455409	507.914722515009
10	228537	228646	109	228591.5	13.6721492103998	10.7028036774018	24.3749528878016	1.05403	23.3209228878016	21.1820114562456	19.8597357108818	41.0417471671275	6.85603	34.1857171671275	28.9244863627337	40.5215040027152	300.819470117932
10	231019	231300	281	231159.5	30.2688447755533	35.13185557286	65.4007003484133	2.71727	62.6834303484133	33.7628806841033	38.6504910301779	72.4133717142812	8.51927	63.8941017142812	77.7450375786976	75.7358719639431	808.561324665548
10	236435	237237	802	236836	1037.42127047789	1354.89804696963	2392.31931744752	7.75534	2384.56397744752	1043.86005237067	1360.93583621786	2404.79588858853	13.55734	2391.23854858853	2957.52824957128	2834.41713228856	30758.7858168889
10	239137	239320	183	239228.5	41.2386435554373	33.9534771879725	75.1921207434098	1.76961	73.4225107434098	46.1804529073342	38.3954957075826	84.5759486149168	7.57161	77.0043386149168	91.0645097937468	91.2758857787327	947.086051560747
10	241592	241969	377	241780.5	322.236289187523	340.779549046653	663.015838234176	3.64559	659.370248234176	329.450056864661	348.491307589095	677.941364453756	9.44759	668.493774453756	817.804074255467	792.388617295586	8505.29842406386
10	246250	246449	199	246349.5	50.2755777900489	52.7206329401578	102.996210730207	1.92433	101.071880730207	56.3400665485252	58.3841290540822	114.724195602607	7.72633	106.997865602607	125.357484774578	126.828242862408	1303.73869642128
10	246951	247156	205	247053.5	66.8204743053576	63.4050369550665	130.225511260424	1.98235	128.243161260424	70.9621983332996	71.3163918362928	142.278590169592	7.78435	134.494240169592	159.057494715667	159.42063946562	1654.22440622142
10	254477	254706	229	254591.5	148.002085182951	136.470696704363	284.472781887314	2.21443	282.258351887314	157.735106649165	148.54577520999	306.280881859155	8.01643	298.264451859155	350.079535411641	353.54309288852	3640.88540833499
10	256774	257237	463	257005.5	195.483314230018	244.357817720113	439.841131950132	4.47721	435.363921950132	200.17432818228	250.572503723506	450.746831905787	10.27921	440.467621905787	539.973391441538	522.101391550872	5615.81310223391
10	262598	262709	111	262653.5	16.6168951946297	19.6622393335776	36.2791345282074	1.07337	35.2057645282074	20.7093201268699	24.4783509911599	45.1876711180298	6.87537	38.3123011180298	43.6650239308663	45.4128856071012	454.12351309697
10	265160	265620	460	265390	141.049912707346	173.546616617056	314.596529324402	4.4482	310.148329324402	191.350590036992	210.87063197891	402.221222015902	10.2502	391.971022015902	384.670931126	464.616707027544	4000.64167847019
10	268433	268800	367	268616.5	287.389428386976	115.940773286801	403.330201673777	3.54889	399.781311673777	298.24322929462	123.352037341244	421.595266635864	9.35089	412.244376635864	495.840973070255	488.647410153211	5156.82860919977
10	270927	271097	170	271012	17.914371394894	16.6187951597785	34.5331665546725	1.6439	32.8892665546725	25.7002285781371	22.3829894265866	48.0832180047237	7.4459	40.6373180047237	40.7919166200122	48.1688079304492	424.242719087205
10	272536	272784	248	272660	33.4332867298781	29.1170659027484	62.5503526326265	2.39816	60.1521926326265	40.2710613038953	34.5565661254518	74.8276274293472	8.20016	66.6274674293472	74.6055927486901	78.9758241703703	775.910576148052
10	278205	278758	553	278481.5	125.92389016549	134.498932872624	260.422823038114	5.34751	255.075313038114	131.938979830099	139.364443624074	271.303423454173	11.14951	260.153913454173	316.364941856572	308.369363550816	3290.24802652329
10	280728	281141	413	280934.5	612.802659299539	416.506959971182	1029.30961927072	3.99371	1025.31590927072	618.416856317762	422.59594828026	1041.01280459802	9.79571	1031.21709459802	1271.67934896381	1222.33701935039	13225.6767887876
10	285370	285434	64	285402	12.5758693195715	4.46621807571521	17.0420873952867	0.61888	16.4232073952867	17.3425818832862	12.8254647412177	30.1680466245039	6.42088	23.7471666245039	20.3693842058793	28.1483317352572	211.844984439754
10	289462	289698	236	289580	31.1875279240565	50.4714741967016	81.659002120758	2.28212	79.376882120758	33.8321794129497	54.7879950183285	88.6201744312782	8.08412	80.5360544312782	98.4496006210418	95.4621497640545	1023.89222476567
10	290767	291469	702	291118	178.130032543	471.071059096455	649.201091639455	6.78834	642.412751639455	196.718991563865	481.250072381796	677.969063945662	12.59034	665.378723945662	796.772021563561	788.69624100243	8286.56157712634
10	294370	294573	203	294471.5	89.0462666154267	73.1389584047719	162.185225020199	1.96301	160.222215020199	106.812840721381	88.8101709461531	195.623011667534	7.76501	187.858001667534	198.720492137247	222.674537711116	2066.72617783528
10	294922	295164	242	295043	93.6591820002585	53.1179256525779	146.777107652836	2.34014	144.436967652836	104.913875554289	60.0808979300811	164.99477348437	8.14214	156.85263348437	179.142357326447	185.922810526411	1863.11031873846
10	302788	303211	423	302999.5	255.778408231079	238.853418687855	494.631826918935	4.09041	490.541416918935	261.217908453783	245.89048960616	507.108398059942	9.89241	497.215988059943	608.40896358563	589.367177873892	6327.55443763502
10	305876	306083	207	305979.5	50.0496819336792	63.3700375970632	113.419719530742	2.00169	111.418029530742	62.0528617581514	78.9390520130749	140.991913771226	7.80369	133.188223771226	138.189611587383	157.872573398868	1437.19495005721
10	310679	310895	216	310787	61.7724669014623	72.2782741923885	134.050741093851	2.08872	131.962021093851	80.1872291176374	94.7579618452299	174.945190962867	7.89072	167.054470962867	163.66992412313	198.015398673648	1702.19443939363
10	312699	312934	235	312816.5	176.39866430166	161.281041605725	337.679705907386	2.27245	335.407255907386	186.25478350988	173.459118222048	359.713901731928	8.07445	351.639451731928	415.999085719271	416.810312365467	4326.4596980656
10	313955	314145	190	314050	198.940850808079	223.180406179491	422.12125698757	1.8373	420.28395698757	218.901784662673	247.133366807939	466.035151470612	7.6393	458.395851470612	521.270004658407	543.352337450912	5421.29476814999
10	314892	315792	900	315342	765.99434928905	922.795173075859	1688.78952236491	8.703	1680.08652236491	781.939956797177	952.313731613988	1734.25368841116	14.505	1719.74868841116	2083.77858535672	2038.4771517424	21671.6439500106
10	316035	317249	1214	316642	1918.04261715247	1780.62373784071	3698.66635499318	11.73938	3686.92697499318	1939.10193085937	1806.34836597128	3745.45029683065	17.54138	3727.90891683065	4572.82370520448	4418.81840174963	47558.1272798208
10	319783	319914	131	319848.5	78.5450592401237	59.7551039061534	138.300163146277	1.26677	137.033393146277	93.2908887558983	69.4633258272679	162.754214583166	7.06877	155.685444583166	169.959848088681	184.53930145738	1767.61069504189
10	322508	322728	220	322618	148.127482882768	123.953026317243	272.080509200011	2.1274	269.953109200011	156.863022645889	134.707929038987	291.570951684876	7.9294	283.641551684876	334.817582614516	336.210067372438	3482.15856023057
10	323099	323371	272	323235	484.132619506946	448.713069211299	932.845688718245	2.63024	930.215448718245	492.243070736128	457.747003500939	949.990074237067	8.43224	941.557834237067	1153.72810031153	1116.06082043857	11998.9641801571
10	324735	324911	176	324823	94.3926685458414	79.1459482179571	173.538616763798	1.70192	171.836696763798	100.782251341085	84.9347420335332	185.716993374618	7.50392	178.213073374618	213.125707592021	211.242073137779	2216.54281505042
10	327959	328051	92	328005	25.5221318449833	28.9668686578315	54.4890005028148	0.88964	53.5993605028148	34.580765681557	44.1138908144893	78.6946564960463	6.69164	72.0030164960463	66.4782427082179	85.3476469979604	691.384783642096
10	330198	330359	161	330278.5	51.9150477170881	70.1063140328709	122.021361749959	1.55687	120.464491749959	56.881456617753	80.3142267881064	137.195683405859	7.35887	129.836813405859	149.409762451463	153.900031653699	1553.8863856543
10	332780	333473	693	333126.5	478.606020881897	428.892732777713	907.49875365961	6.70131	900.79744365961	484.56981148749	437.10408215611	921.6738936436	12.50331	909.1705836436	1117.24152170437	1077.67110059902	11619.4976926496
10	334124	334237	113	334180.5	48.1763162970124	36.2030359240917	84.3793522211041	1.09271	83.2866422211041	59.9533002706177	41.0685466755414	101.021846946159	6.89471	94.1271369461591	103.298799910799	111.572126390713	1074.32470410334
10	335576	335851	275	335713.5	109.455092254297	65.3667009720673	174.821793226364	2.65925	172.162543226364	116.617460874253	73.7505471863378	190.368008060591	8.46125	181.906758060591	213.529848612005	215.620324383926	2220.7459488921
10	337188	338146	958	337667	694.8254547472	707.047130563778	1401.87258531098	9.26386	1392.60872531098	705.855852415512	716.430258448125	1422.28611086364	15.06586	1407.22025086364	1727.22547378048	1668.02646699789	17963.4322726045
10	339360	339663	303	339511.5	109.177397348082	103.019410304655	212.196807652737	2.93001	209.266797652737	115.241986104724	106.762141651359	222.004127756084	8.73201	213.272117756084	259.549532580703	252.798761865111	2699.3583181093
10	341701	341840	139	341770.5	68.8415372327982	48.0058194244536	116.847356657252	1.34413	115.503226657252	87.5335943625251	65.7724935285738	153.306087891099	7.14613	146.159957891099	143.256402003152	173.248415113431	1489.89041330436
10	342208	342459	251	342333.5	91.6397190434694	72.1571764136972	163.796895457167	2.42717	161.369725457167	104.218788304344	85.157737943097	189.376526247441	8.22917	181.147356247441	200.143726978546	214.720179347893	2081.52805695748
10	345788	345859	71	345823.5	13.7977469065487	10.9023000180205	24.7000469245692	0.68657	24.0134769245692	20.2589283884506	17.4642796509719	37.7232080394225	6.48857	31.2346380394225	29.783447643482	37.0234886151482	309.752810336531
10	348735	349547	812	349141	291.754348320813	350.807765098083	642.562113418896	7.85204	634.710073418896	299.988397282829	360.363789810966	660.352187093796	13.65404	646.698147093796	787.218539815906	766.553512038306	8187.20377761106
10	352216	352329	113	352272.5	16.0906048484262	15.2701198986637	31.3607247470898	1.09271	30.2680147470898	20.3331270274176	20.1357306482791	40.4688576756967	6.89471	33.5741476756967	37.540829065438	39.7965896920457	390.43086766107
10	355684	355881	197	355782.5	40.3667595484928	35.7792436977549	76.1460032462477	1.90499	74.2410132462477	53.3423215364617	49.451992897149	102.794314433611	7.70699	95.0873244336107	92.0796825034675	112.71026957858	957.644016628359
10	359696	360059	363	359877.5	247.304963660321	424.103620624876	671.408584285196	3.51021	667.898374285196	253.219055177548	432.812460877748	686.031516055296	9.31221	676.719306055296	828.381342867398	802.138622249022	8615.30377728719
10	360399	361167	768	360783	734.157833269447	573.324083459004	1307.48191672845	7.42656	1300.05535672845	742.317883588828	581.20853883365	1323.52642242248	13.22856	1310.29786242248	1612.4333336808	1553.14103306153	16769.5749184777
10	361685	361877	192	361781	35.1316555765285	14.3981358935535	49.529791470082	1.85664	47.673151470082	56.0158724952491	20.7608191822176	76.7766916774667	7.65864	69.1180516774667	59.1280810883428	81.9279991704116	614.94188000524
10	365530	365690	160	365610	39.4737759285807	42.712916512701	82.1866924412817	1.5472	80.6394924412817	48.0822180230665	48.7279061791441	96.8101242022105	7.3492	89.4609242022105	100.015591605753	106.041104254859	1040.17879152861
10	374004	374701	697	374352.5	183.940925953201	183.513933785561	367.454859738762	6.73999	360.714869738762	197.192082885904	199.008449568108	396.200532454012	12.54199	383.658542454012	447.387626158288	454.763639672166	4652.9057405027
10	376208	376301	93	376254.5	5.33810208265968	9.7325214753853	15.070623558045	0.89931	14.171313558045	12.3010743601629	18.766155770528	31.0672301306909	6.70131	24.3659201306909	17.5764041467715	28.8817615052127	182.797527178308
10	378466	378716	250	378591	88.6682735489913	82.0412951083195	170.709568657311	2.4175	168.292068657311	100.895349266519	90.451940831004	191.347290097523	8.2195	183.127790097523	208.729374401421	217.067655569933	2170.82021848386
10	380576	381451	875	381013.5	240.821782581959	195.607111959184	436.428894541144	8.46125	427.967644541144	248.383243881319	202.417987026622	450.80123090794	14.26325	436.53798090794	530.799932651742	517.443453188924	5520.40760470188
10	383586	383795	209	383690.5	42.4888206233143	49.0482003039569	91.5370209272712	2.02103	89.5159909272712	46.8567405021232	51.5694540563472	98.4261945584704	7.82303	90.6031645584704	111.02493976243	107.395040957195	1154.67784389907
10	387481	387661	180	387571	28.0665851718215	34.0331757260543	62.0997608978757	1.7406	60.3591608978757	35.5271483219655	45.9352574049798	81.4624057269453	7.5426	73.9198057269454	74.8622914563065	87.6196830682443	778.580285412263
10	390195	390348	153	390271.5	25.0743400588728	33.5583844351984	58.6327244940712	1.47951	57.1532144940712	32.2369086751604	41.4448397731595	73.6817484483199	7.28151	66.4002384483199	70.886018583975	78.7064818593925	737.226386037919
10	390931	392452	1521	391691.5	1411.41731023113	1180.45504679503	2591.87235702616	14.70807	2577.16428702616	1417.10740585714	1185.69475068262	2602.80215653976	20.51007	2582.29208653976	3196.40666165932	3060.87944884536	33243.1610429783
10	393656	393926	270	393791	129.78551933124	178.964517235964	308.750036567204	2.6109	306.139136567204	135.699710846634	183.108141229054	318.807852075688	8.4129	310.394952075688	379.698407448911	367.921791181614	3948.92660498774
10	396646	396977	331	396811.5	30.540339795493	31.83541603978	62.375755835273	3.20077	59.174985835273	36.6047285558036	37.4763125682509	74.0810411240544	9.00277	65.0782711240544	73.3935821940646	77.1395086126474	763.305464747024
10	402533	402771	238	402652	32.3657063126125	31.9116146420614	64.2773209546739	2.30146	61.9758609546739	38.6315913768561	36.2794345227045	74.9110258995607	8.10346	66.8075658995607	76.8674530431984	79.1893010690986	799.434299499331
10	407333	407510	177	407421.5	28.6421746137268	32.7833986508401	61.4255732645669	1.71159	59.7139832645669	32.6852004520995	37.9244043488585	70.609604800958	7.51359	63.096014800958	74.0620902058687	74.7898721507862	770.25805928435
10	411032	411212	180	411122	17.3884810413534	17.2150842219886	34.6035652633419	1.7406	32.8629652633419	19.9590338894454	21.9818967838691	41.9409306733145	7.5426	34.3983306733145	40.7592956407279	40.7735220896803	423.903455475746
10	413450	413680	230	413565	56.2141688578791	56.261967981095	112.476136838974	2.2241	110.252036838974	58.9330189857393	60.0806979337496	119.013716919489	8.0261	110.987616919489	136.743453565492	131.55743204883	1422.15466604329
10	421799	421884	85	421841.5	7.95975399343651	8.38334622344187	16.3431002168784	0.82195	15.5211502168784	14.5238335878681	12.4756711575164	26.9995047453844	6.62395	20.3755547453844	19.250580259706	24.1518444424086	200.209237272698
10	424248	424673	425	424460.5	52.5709356860695	54.3436031698526	106.914538855922	4.10975	102.804788855922	66.0706880587617	67.5185615002744	133.589249559036	9.91175	123.677499559036	127.506776965598	146.599185529048	1326.09169276918
10	448953	449053	100	449003	18.4140622290151	18.4634613228826	36.8775235518977	0.967	35.9105235518977	29.2201640116095	26.1500203275621	55.3701843391715	6.769	48.6011843391715	44.53912281914	57.6086520609894	463.214286952161
10	454828	455404	576	455116	139.522540724083	137.900370479714	277.422911203797	5.56992	271.852991203797	145.087338648438	143.763162937926	288.850501586364	11.37192	277.478581586364	337.173969253831	328.904887367158	3506.66537329346
10	455735	456010	275	455872.5	58.0592350136461	68.0876510614077	126.146886075054	2.65925	123.487636075054	63.6486324867693	73.0786595108406	136.72729199761	8.46125	128.26604199761	153.159309466582	152.038142385864	1592.88229839498
10	458427	458586	159	458506.5	66.3677826091267	53.0230273933061	119.390810002433	1.53753	117.853280002433	74.352936136657	57.8145395021203	132.167475638777	7.33953	124.827945638777	146.171127387795	147.962848757093	1520.20404220521
10	459475	459594	119	459534.5	25.224437305624	21.9797968223889	47.2042341280129	1.15073	46.0535041280129	38.998184652399	36.3787327012681	75.3769173536671	6.95273	68.4241873536671	57.1192640409428	81.1055379701177	594.049848520757
10	460193	460368	175	460280.5	49.4777924239057	52.846130638141	102.323923062047	1.69225	100.631673062047	56.3153670015914	57.8370390894082	114.152406091	7.49425	106.658156091	124.81150377907	126.425573517574	1298.0604032373
10	461587	461790	203	461688.5	71.9857795576469	63.524634761272	135.510414318919	1.96301	133.547404318919	79.7222376470225	68.3161468700862	148.038384517109	7.76501	140.273374517109	165.636244053684	166.270845779861	1722.64449379299
10	462478	462662	184	462570	55.4430830019841	41.3699411470325	96.8130241490165	1.77928	95.0337441490165	64.3783191020547	53.5251181834045	117.903437285459	7.58128	110.322157285459	117.868501596717	130.768639902328	1225.85202548668
10	466059	466696	637	466377.5	287.103633629337	620.598916292017	907.702549921355	6.15979	901.542759921355	300.57928644409	634.598559495162	935.177845939252	11.96179	923.216055939252	1118.16592294494	1094.31968103002	11629.1116193372
10	466952	467249	297	467100.5	148.577674624856	194.315835645195	342.893510270051	2.87199	340.021520270051	171.659751228017	228.324711816978	399.984463044995	8.67399	391.310473044995	421.722067921737	463.833735658603	4385.97966506
10	468097	468525	428	468311	238.275329291807	132.661966568281	370.937295860088	4.13876	366.798535860088	262.254389441509	161.583536057039	423.837925498548	9.94076	413.897165498548	454.933078737858	490.606517525084	4731.37970260945
10	469547	469773	226	469660	65.9711898838667	53.5431178532348	119.514307737102	2.18542	117.328887737102	76.0003059187883	62.2765576548752	138.276863573663	7.98742	130.289443573664	145.520733876343	154.43654972839	1513.43984148512
10	471733	472074	341	471903.5	53.4430196893454	65.1451050368237	118.588124726169	3.29747	115.290654726169	56.762058807879	71.059396550383	127.821455358262	9.09947	118.721985358262	142.992753177962	140.725244445979	1487.14842166115
10	486283	486500	217	486391.5	58.3841290540822	56.0185724457237	114.402701499806	2.09839	112.304311499806	62.7766484816591	58.4143285001308	121.19097698179	7.90039	113.29058698179	139.288849848709	134.287221514455	1448.62721084686
10	490870	491108	238	490989	52.7206329401578	38.4482947390847	91.1689276792425	2.30146	88.8674676792425	59.560207481158	43.5895004334345	103.149707914593	8.10346	95.0462479145925	110.220589011228	112.661580170613	1146.31246227289
10	496468	496657	189	496562.5	47.6503259453061	40.5212567145359	88.1715826598419	1.82763	86.3439526598419	60.9752815243133	59.3307116908223	120.305993215136	7.62963	112.676363215136	107.090722491109	133.559161000254	1113.76132977171
10	497186	497254	68	497220	13.0719602197265	19.7094384677992	32.7813986875257	0.65756	32.1238386875257	33.1831913174033	46.9265392217983	80.1097305392016	6.45956	73.6501705392016	39.8425713470373	87.3000752248278	414.369370312957
10	503499	504133	634	503816	171.735549837635	165.842757929707	337.578307767342	6.13078	331.447527767342	179.019616225277	176.223267518981	355.242883744259	11.93278	343.310103744259	411.087912043261	406.937250285994	4275.3826748007
10	507534	507679	145	507606.5	17.4145805626072	20.186429718301	37.6010102809082	1.40215	36.1988602809082	24.5252501308843	28.9445690668751	53.4698191977594	7.20415	46.2656691977594	44.89674124729	54.8402857959652	466.933578099162
10	513826	514052	226	513939	19.3866443888433	17.8877718828115	37.2744162716548	2.18542	35.0889962716548	24.7274464219775	21.7560009274993	46.4834473494768	7.98742	38.4960273494768	43.520198536927	45.6306626157446	452.617304906509
10	517606	517711	105	517658.5	25.7980267842148	21.9302977303557	47.7283245145705	1.01535	46.7129745145705	44.436784891611	44.9340757697547	89.3708606613656	6.81735	82.5535106613656	57.9371923148101	97.8535098839293	602.556438641446
10	517907	517994	87	517950.5	10.6517046147171	15.5927139812881	26.2444185960052	0.84129	25.4031285960052	45.0103743702018	46.3304501559196	91.3408245261215	6.64329	84.6975345261215	31.5070055409452	100.394894965684	327.678099205289
10	519325	519408	83	519366.5	9.05593388609912	6.38678284660355	15.4427167327027	0.80261	14.6401067327027	18.1387672787779	13.9729436928965	32.1117109716744	6.60461	25.5071009716744	18.1578391891395	30.234442327723	188.844548347835
10	521741	521955	214	521848	51.3532580220527	68.3439463601574	119.69720438221	2.06938	117.62782438221	54.3229035495478	73.9333438332806	128.256247382828	7.87138	120.384867382828	145.891499173942	142.696315589085	1517.29586226153
10	524580	524710	130	524645	18.7885553596501	24.2744547312494	43.0630100908995	1.2571	41.8059100908995	23.0556770874096	30.1641466960407	53.2198237834503	7.0591	46.1607237834503	51.8510559004674	54.7158903940726	539.259607428331
10	525660	526289	629	525974.5	626.227713042436	569.403355377311	1195.63106841975	6.08243	1189.54863841975	633.139486259088	576.888918068886	1210.02840432797	11.88443	1198.14397432797	1475.37400364964	1420.20117975602	15344.1350846415
10	528471	528737	266	528604	142.689282636219	140.34432565	283.033608286219	2.57222	280.461388286219	152.072710515063	150.45134025602	302.524050771084	8.37422	294.149830771084	347.850796462318	348.66589127608	3617.70615248379
10	529648	529837	189	529742.5	37.6013102754054	36.2276354728597	73.8289457482651	1.82763	72.0013157482651	43.0672100138599	43.2893059399321	86.356515953792	7.62963	78.726885953792	89.3018293263562	93.3176802669355	928.753881456221
10	538450	538656	206	538553	30.5359398762012	24.9261427772704	55.4620826534716	1.99202	53.4700626534716	42.2384252163423	33.3836876396792	75.6221128560215	7.79402	67.8280928560215	66.3178771044187	80.3989667007698	689.716954683785
10	542728	542841	113	542784.5	11.2276940492853	26.8714070950925	38.0991011443777	1.09271	37.0063911443777	15.8691089113483	50.9509654013464	66.8200743126947	6.89471	59.9253643126947	45.8983060464312	71.0315912926354	477.350018632904
10	545185	545771	586	545478	635.032451536237	706.331843684357	1341.36429522059	5.66662	1335.69767522059	642.343117435961	717.460839544073	1359.80395698003	11.46862	1348.33533698003	1656.639806989	1598.22815731292	17229.3295951758
10	548402	548881	479	548641.5	257.711172778186	305.208301533604	562.91947431179	4.63193	558.28754431179	262.477985340067	309.975314091815	572.453299431882	10.43393	562.019369431882	692.433165686465	666.180850227607	7201.42011794737
10	549995	550270	275	550132.5	186.048887286655	157.651908175283	343.700795461938	2.65925	341.041545461938	195.979505128339	164.713678640521	360.69318376886	8.46125	352.23193376886	422.987185296993	417.512601661131	4399.13709623057
10	554890	555161	271	555025.5	238.312028618627	228.927100767297	467.239129385925	2.62057	464.618559385925	242.655148952337	235.065588168409	477.720737120746	8.42257	469.298167120746	576.257348368514	556.275226419307	5993.17229055878
10	555649	555861	212	555755	110.832266992643	104.647080448138	215.479347440782	2.05004	213.429307440782	116.746658504368	109.613589346969	226.360247851337	7.85204	218.508207851337	264.712212384512	259.005279186837	2753.05104694445
10	559016	559605	589	559310.5	409.802682948406	513.532180227864	923.334863176269	5.69563	917.639233176269	414.818290946607	519.395172682407	934.213463629013	11.49763	922.715833629013	1138.13006516135	1093.72675035527	11836.7420196694
10	567403	567652	249	567527.5	64.7702119135257	60.3022938689932	125.072505782519	2.40783	122.664675782519	75.5274145930812	70.7550021339202	146.282416727001	8.20983	138.072586727001	152.138607847139	163.662176468933	1582.26683174645
10	569403	569600	197	569501.5	118.167232446638	140.245627460431	258.412859907069	1.90499	256.507869907069	136.431997414228	161.226242610909	297.658240025137	7.70699	289.951250025137	318.141714234718	343.689169399196	3308.72675484403
10	570472	571116	644	570794	728.615634930545	917.638567663988	1646.25420259453	6.22748	1640.02672259453	761.87432486307	970.886290935675	1732.76061579874	12.02948	1720.73113579874	2034.09319607231	2039.64168035397	21154.9076356747
10	571324	571390	66	571357	14.7434295597972	26.698610264722	41.4420398245192	0.63822	40.8038198245192	43.3632045844019	72.0379786001546	115.401183184556	6.44022	108.960963184556	50.6081828639417	129.155169810753	526.333521081185
10	572038	572369	331	572203.5	542.594247139464	678.98794525622	1221.58219239568	3.20077	1218.38142239568	579.521369781561	715.020684304084	1294.54205408565	9.00277	1285.53928408565	1511.13474394812	1523.79384030636	15716.0527329865
10	572658	573967	1309	573312.5	7059.24501156281	5253.43603569744	12312.6810472603	12.65803	12300.0230172603	7086.24021638707	5281.86051430439	12368.1007306915	18.46003	12349.6407006915	15255.4789420511	14638.4530310912	158659.518934647
10	576649	577056	407	576852.5	273.503283101927	325.002238451439	598.505521553366	3.93569	594.569831553366	277.396211693549	330.741833169479	608.138044863028	9.73769	598.400354863028	737.433379767903	709.304481057517	7669.42983073565
10	578142	579862	1720	579002	2014.16335400018	1670.07616562588	3684.23951962606	16.6324	3667.60711962606	2021.72481529954	1676.01535668271	3697.74017198224	22.4344	3675.30577198224	4548.86166494627	4356.46608852743	47308.9180747541
10	580240	580367	127	580303.5	23.8778620059894	11.4268903954068	35.3047524013962	1.22809	34.0766624013962	41.8951315134131	24.1783564939889	66.073488007402	7.03009	59.043398007402	42.2646205580578	69.9861663569683	439.559085045367
10	581596	581803	207	581699.5	72.4035718940402	70.653403997545	143.056975891585	2.00169	141.055285891585	78.9922510372398	77.9885694478716	156.980820485111	7.80369	149.177130485111	174.948123313625	176.824773355309	1819.48958724249
10	582401	582550	149	582475.5	80.5048232919757	64.9202091621112	145.425032454087	1.44083	143.984202454087	99.5426740787749	80.6144212816088	180.157095360384	7.24283	172.914265360384	178.58080147037	204.961214113856	1857.27004441351
10	583590	583705	115	583647.5	22.8801803065646	20.8611173424384	43.741297649003	1.11205	42.629247649003	28.8952699711733	27.5732942203067	56.4685641914801	6.91405	49.5545141914801	52.8722254350465	58.7386666585295	549.879940472116
10	585471	585978	507	585724.5	127.844754930876	112.003045516936	239.847800447811	4.90269	234.945110447811	138.15136587568	123.533034021203	261.684399896884	10.70469	250.979709896884	291.397843723125	297.494865164516	3030.58605235034
10	587416	587598	182	587507	56.3620661449844	43.9857931641973	100.347859309182	1.75994	98.5879193091817	60.855283725445	50.299077358994	111.154361084439	7.56194	103.592421084439	122.276675812015	122.79165258117	1271.69777068
10	594615	594773	158	594694	17.9616705272813	20.9082164784943	38.8698870057756	1.52786	37.3420270057756	22.5536862954769	26.7733088945176	49.3269951899944	7.32986	41.9971351899944	46.3145886670871	49.7806459166622	481.67942714148
10	598346	598713	367	598529.5	377.297079201946	277.340212720743	654.637291922689	3.54889	651.088401922689	383.086173012019	282.331421166508	665.417594178527	9.35089	656.066704178527	807.532261606913	777.65838433198	8398.46986367602
10	604280	604484	204	604382	34.3276703241104	58.5379262329652	92.8655965570756	1.97268	90.8929165570756	39.5429746592614	66.5972783994625	106.140253058724	7.77468	98.3655730587239	112.732713798363	116.596090201708	1172.43897798207
10	605915	606402	487	606158.5	209.365559586604	266.825305596736	476.19086518334	4.70929	471.48157518334	219.295777435624	280.174960722677	499.470738158302	10.51129	488.959448158302	584.769413169491	579.580417717968	6081.69918057604
10	606806	606912	106	606859	21.8292995829748	15.5681144325201	37.3974140154949	1.02502	36.3723940154949	54.3377032780749	42.7384160449606	97.0761193230354	6.82702	90.2490993230354	45.1119717578351	106.975355280139	469.172011215085
10	609247	609471	224	609359	47.5058285958354	44.4379848695996	91.943813465435	2.16608	89.777733465435	73.8041462031656	71.4848887455371	145.289034948703	7.96808	137.320954948703	111.349573933731	162.77124152192	1158.05409328751
10	615217	615433	216	615325	49.2519965657017	35.29975249311	84.5517490588117	2.08872	82.4630290588117	55.740177552349	40.6650540768465	96.4052316291955	7.89072	88.5145116291955	102.277288549714	104.919288945905	1063.70081600702
10	617410	617508	98	617459	15.144422204349	19.4358434863793	34.5802656907283	0.94766	33.6326056907283	33.3574881202596	29.6166567387037	62.9741448589633	6.74966	56.2244848589633	41.7138656701066	66.6448118412992	433.831142585796
10	617795	618106	311	617950.5	94.4360677497655	85.514131405736	179.950199155502	3.00737	176.942829155501	109.829985377595	97.4922116906115	207.322197068207	8.80937	198.512827068207	219.458744129241	235.304067991579	2282.40744861634
10	620309	620638	329	620473.5	142.215291330689	145.630628682815	287.845920013504	3.18143	284.664490013504	161.154143933422	167.588125914247	328.742269847669	8.98343	319.758839847669	353.06382165763	379.021128778608	3671.92248176615
10	621896	621978	82	621937	23.7807637870717	16.7972918855952	40.5780556726669	0.79294	39.7851156726669	42.4213218614509	33.7908801705059	76.2122020319568	6.59494	69.6172620319568	49.3447039489059	82.5197303392729	513.193130169493
10	622884	623895	1011	623389.5	1179.33966725455	1570.19809769927	2749.53776495382	9.77637	2739.76139495382	1201.472161276	1582.9231642821	2784.3953255581	15.57837	2768.8169555581	3398.07268720642	3281.97377866684	35340.5212583019
10	624155	624311	156	624233	74.101440749862	47.1297354945488	121.231176244411	1.50852	119.722656244411	110.802467539257	66.7928748116179	177.595342350875	7.31052	170.284822350875	148.489678324996	201.844445057534	1544.31735767169
10	624615	624729	114	624672	21.6096036128799	13.7960469377314	35.4056505506113	1.10238	34.3032705506113	42.3169237764354	24.5265501070387	66.8434738834741	6.90438	59.9390938834741	42.5456782311693	71.0478654241556	442.482131603141
10	628747	628863	116	628805	20.1103311141853	15.4944157843818	35.6047468985671	1.12172	34.4830268985671	29.8679521291672	24.0801582952483	53.9481104244156	6.92372	47.0243904244156	42.7686265278588	55.7396241094659	444.800830978914
10	633000	633512	512	633256	616.674388280027	733.299649011207	1349.97403729123	4.95104	1345.02299729123	625.284730339662	742.607078284101	1367.89180862376	10.75304	1357.13876862376	1668.20582229457	1608.66316702312	17349.6180785032
10	636771	637039	268	636905	114.895992451321	108.130816545619	223.026808996939	2.59156	220.435248996939	121.15987755225	112.548035520129	233.707913072379	8.39356	225.314353072379	273.401545219843	267.07283674221	2843.42155400972
10	637626	637812	186	637719	104.139789753422	81.3399079739339	185.479697727356	1.79862	183.681077727356	120.111496782803	93.8161791204446	213.927675903248	7.60062	206.327055903248	227.81606257084	244.566541657679	2369.32495075209
10	638569	638704	135	638636.5	3.34363866730156	11.7533844064945	15.097023073796	1.30545	13.791573073796	8.55884300428687	23.7300647170498	32.2889077213367	7.10745	25.1814577213367	17.105419421558	29.8484462052048	177.899207681962
10	638999	640006	1007	639502.5	1002.82060516136	843.827521587387	1846.64812674874	9.73769	1836.91043674874	1018.04162596065	853.831738079043	1871.87336403969	15.53969	1856.33367403969	2278.28423141408	2200.37602356654	23694.5350274234
10	640385	640779	394	640582	463.70499421292	227.694123383925	691.399117596845	3.80998	687.589137596845	483.740326702812	239.294010606034	723.034337308846	9.61198	713.422357308846	852.803413023871	845.644008753322	8869.29736982748
10	641706	641977	271	641841.5	159.422275701254	101.121145124723	260.543420825977	2.62057	257.922850825977	169.728886646059	108.209415103878	277.938301749937	8.42257	269.515731749937	319.896687504403	319.466248126614	3326.97876881024
10	647075	647351	276	647213	22.553286302814	18.6382581165675	41.1915444193815	2.66892	38.5226244193815	31.7104183326254	27.7706905994452	59.4811089320706	8.47092	51.0101889320706	47.7788606409712	60.4641278954291	496.9080992696
10	649481	649609	128	649545	27.9197878645392	19.0390507647879	46.958838629327	1.23776	45.721078629327	34.6316647479103	24.778645482828	59.4103102307383	7.03976	52.3705502307383	56.7069631706203	62.0766108379284	589.761850878062
10	654268	654514	246	654391	19.1606485343078	20.9352159832397	40.0958645175475	2.37882	37.7170445175475	25.3505349926015	25.4780326538992	50.8285676465007	8.18082	42.6477476465007	46.7797155815415	50.551839194008	486.516824431412
10	656049	656133	84	656091	16.9172896844636	8.35884667283958	25.2761363573031	0.81228	24.4638563573031	22.8068816510891	17.1190859828939	39.925967633983	6.61428	33.311687633983	30.3420444804444	39.4854867955097	315.562310370421
10	662859	663227	368	663043	67.4664624559324	75.4567158899146	142.923178345847	3.55856	139.364618345847	96.7092260529954	98.0164020753349	194.72562812833	9.36056	185.36506812833	172.851221291098	219.719578015712	1797.68145736266
10	663515	663764	249	663639.5	69.9831162926994	63.8762283119563	133.859344604656	2.40783	131.451514604656	109.204896843656	97.3117150014804	206.516611845137	8.20983	198.306781845137	163.036752869323	235.059835516053	1695.60935301818
10	667221	667619	398	667420	38.5302932349781	31.4332234172395	69.9635166522175	3.84866	66.1148566522176	43.4719025905435	37.4236135349145	80.895516125458	9.65066	71.244856125458	82.0009687786171	84.4489734864088	852.823717171423
10	669321	669424	103	669372.5	10.6537045780315	7.60846043724934	18.2621650152809	0.99601	17.2661550152809	16.8434910381595	12.1759766548426	29.0194676930021	6.79801	22.2214576930021	21.4148757182146	26.3398565679064	222.718270098464
10	676809	676951	142	676880	8.33234715892281	9.45672653431949	17.7890736932423	1.37314	16.4159336932423	12.9985615660853	11.6036871524062	24.6022487184915	7.17514	17.4271087184915	20.3603627749265	20.6569501596167	211.751160057018
10	683473	683603	130	683538	8.33414712590584	6.01268970863139	14.3468368345372	1.2571	13.0897368345372	14.6473313225368	15.7436112133651	30.3909425359019	7.0591	23.3318425359019	16.2349456058784	27.6560338367976	168.846135184826
10	696975	697084	109	697029.5	7.85935583504997	5.43920022820628	13.2985560632562	1.05403	12.2445260632562	15.8463093295633	14.247038665145	30.0933479947083	6.85603	23.2373179947083	15.1866471510887	27.5439906535113	157.94365685762
10	700661	700860	199	700760.5	16.5944956055076	15.5950139390998	32.1895095446074	1.92433	30.2651795446074	18.9903516580805	18.3897626747442	37.3801143328247	7.72633	29.6537843328247	37.5373126190292	35.1496484529998	390.394296033415
10	703595	704033	438	703814	7.7588576784977	11.1538954029812	18.9127530814789	4.23546	14.6772930814789	15.9905066845368	20.3356269815607	36.3261336660975	10.03746	26.2886736660975	18.2039606931311	31.1608672703576	189.32421966223
10	705190	705654	464	705422	558.751950757091	386.927402551961	945.679353309052	4.48688	941.192473309052	570.031143861724	395.983636432558	966.014780294282	10.28888	955.725900294282	1167.34269007746	1132.85471546325	12140.5581786778
10	706748	706819	71	706783.5	5.01550800003519	1.69656887966738	6.71207687970257	0.68657	6.02550687970257	16.3932992960716	10.2556118802857	26.6489111763573	6.48857	20.1603411763573	7.47331880513517	23.8967444117105	77.7237588522787
10	707048	707167	119	707107.5	7.23596726992876	5.41440068310682	12.6503679530356	1.15073	11.4996379530356	18.141267232921	11.7525844211687	29.8938516540897	6.95273	22.9411216540897	14.2627769385119	27.1928989638653	148.335252949602
10	715974	716147	173	716060.5	14.7708290572055	30.0135494584609	44.7843785156664	1.67291	43.1114685156664	18.9639521423294	34.8297611142088	53.7937132565383	7.47491	46.3188032565383	53.4703145822357	54.9032674196931	556.100167102399
10	716937	717039	102	716988	13.4233537740794	9.70572196697137	23.1290757410507	0.98634	22.1427357410507	22.9054798424927	18.3899626710757	41.2954425135683	6.78834	34.5071025135683	27.4632037958774	40.9024530855895	285.621888320226
10	717927	718191	264	718059	24.9035431918168	28.0948846527213	52.9984278445381	2.55288	50.4455478445381	39.5508745143536	41.5928370584305	81.1437115727841	8.35488	72.7888315727841	62.5666303048917	86.2791005819748	650.703363902474
10	719194	719449	255	719321.5	9.83121966495454	5.83819290944363	15.6694125743982	2.46585	13.2035625743982	11.9780802848755	9.75572104983319	21.7338013347087	8.26785	13.4659513347087	16.3761214536858	15.9616543436002	170.314387488369
10	721439	721589	150	721514	7.73395813523251	9.08273339451305	16.8166915297456	1.4505	15.3661915297456	13.9486441386257	14.1231409378134	28.0717850764391	7.2525	20.8192850764391	19.0583880186732	24.677813235108	198.210405992404
10	724263	724363	100	724313	4.99060845677001	4.99050845860428	9.98111691537429	0.967	9.01411691537429	9.58272422313128	8.83403795635835	18.4167621794896	6.769	11.6477621794896	11.1800336138159	13.8064923275244	116.274209520342
11	2586	2794	208	2690	14.8919268358968	0.773285815540955	15.6652126514378	2.01136	13.6538526514378	24.496750653653	3.49403590854992	27.990786562203	7.81336	20.177426562203	16.9346074645211	23.916996306019	356.290249463968
11	13650	13740	90	13695	3.29203961378815	5.06470709757123	8.35674671135938	0.8703	7.48644671135938	7.81005673934821	11.4025908411359	19.2126475804841	6.6723	12.5403475804841	9.28529401901638	14.8645044418334	195.354969361564
11	14334	14543	209	14438.5	12.5003707044501	8.30974757346927	20.8101182779194	2.02103	18.7890882779194	16.0436057105361	11.9024816715884	27.9460873821245	7.82303	20.1230573821245	23.3037401769012	23.8525506506185	490.291577083591
11	20108	20350	242	20229	66.7118762973817	63.4997352180068	130.211611515389	2.34014	127.871471515389	85.7742266347832	83.0369768444299	168.811203479213	8.14214	160.669063479213	158.596495165471	190.446556000466	3336.74016034917
11	20569	20690	121	20629.5	13.4214538089306	15.8192098266522	29.2406636355828	1.17007	28.0705936355828	55.8842749091568	56.0402720476857	111.924546956842	6.97207	104.952476956842	34.8154104669222	124.403773491435	732.487676873406
11	20993	21075	82	21034	7.56096130853061	6.73647643213914	14.2974377406697	0.79294	13.5044977406698	30.3907425395705	22.1835930841337	52.5743356237041	6.59494	45.9793956237041	16.7493654781512	54.5009559021315	352.392910026179
11	21711	22028	317	21869.5	13.9957432746815	9.30692928206547	23.302672556747	3.06539	20.237282556747	34.0054762341488	20.8619173277642	54.867393561913	8.86739	46.000003561913	25.0999073298936	54.5253831986699	528.081460572736
11	24905	25134	229	25019.5	81.5680037899495	89.8630516330574	171.431055423007	2.21443	169.216625423007	87.583193452724	96.2010353747878	183.784228827512	8.01643	175.767798827512	209.876084147413	208.34360528163	4415.62064748554
11	30742	30977	235	30859.5	26.7730089000204	27.8440892530864	54.6170981531068	2.27245	52.3446481531068	32.2371086714919	32.759199094735	64.9963077662269	8.07445	56.9218577662269	64.9220474228561	67.4714318860072	1365.90662171897
11	31773	31909	136	31841	26.0220226754358	32.2610082330998	58.2830309085356	1.31512	56.9679109085356	31.5128219571555	38.2760978977086	69.7889198548641	7.11712	62.6717998548641	70.6561901565763	74.2870356137576	1486.54828107479
11	34134	34403	269	34268.5	50.0272823445571	49.5028919635023	99.5301743080594	2.60123	96.9289443080594	58.6374244078602	58.9111193874458	117.548543795306	8.40323	109.145313795306	120.2190814352	129.373686917616	2529.31085675375
11	38243	38658	415	38450.5	49.6734888342269	74.8505270092979	124.524015843525	4.01305	120.510965843525	60.9503819810482	81.5134047914644	142.463786772513	9.81505	132.648736772513	149.467403364391	157.233100941089	3144.6715575191
11	38926	39082	156	39004	43.0373105623085	33.7537808510224	76.7910914133309	1.50852	75.2825714133309	50.4710742040387	39.4933755690625	89.9644497731012	7.31052	82.6539297731012	93.3715068083946	97.9725401040136	1964.459909879
11	45307	45403	96	45355	6.78807548565255	7.28546636196196	14.0735418476145	0.92832	13.1452218476145	12.3032743198088	13.4998523708579	25.8031266906668	6.73032	19.0728066906668	16.303762586742	22.607652455571	343.017790722429
11	46416	47101	685	46758.5	55.5407812098961	60.7838850351183	116.324666245014	6.62395	109.700716245014	58.8599203265953	64.3025204924362	123.162440819032	12.42595	110.736490819032	136.05966137261	131.259763661909	2862.58366448655
11	47979	48152	173	48065.5	14.0467423392006	14.6449313665594	28.69167370576	1.67291	27.01876370576	18.5381599526781	19.160948528805	37.6991084814831	7.47491	30.2241984814831	33.5108462947646	35.8257799232003	705.040716835298
11	49830	50007	177	49918.5	16.2920011541936	15.6200134805307	31.9120146347243	1.71159	30.2004246347243	19.261546683523	19.8624356613564	39.1239823448794	7.51359	31.6103923448794	37.4569983657363	37.4688830913901	788.064519349461
11	53455	53676	221	53565.5	16.3169006974588	18.0132695807947	34.3301702782535	2.13707	32.1931002782535	21.0323142021573	21.6306032276819	42.6629174298392	7.93907	34.7238474298392	39.9284751487911	41.15936827474	840.062363493401
11	63558	63725	167	63641.5	15.2947194474317	15.3932176406695	30.6879370881011	1.61489	29.0730470881011	19.3624448327381	18.8111549451037	38.1735997778418	7.41689	30.7567097778418	36.05873395614	36.4569838415326	758.64618317867
11	67559	68071	512	67815	72.9997609580846	86.3694157171704	159.369176675255	4.95104	154.418136675255	80.1375300292728	106.877239540107	187.01476956938	10.75304	176.26172956938	191.521806830312	208.929078344425	4029.46170888948
11	68406	68496	90	68451	4.71521350836709	12.5286701853499	17.243883693717	0.8703	16.373583693717	17.1420855610103	37.1305189111785	54.2726044721888	6.6723	47.6003044721888	20.3078368954994	56.4222747988743	427.260229605544
11	68781	69183	402	68982	39.0964828493054	61.1534782556329	100.249961104938	3.88734	96.3626211049383	48.9777015971217	72.6834667599007	121.661168357022	9.68934	111.971828357022	119.516681798428	132.724051649366	2514.53294457992
11	69555	69741	186	69648	20.4600246997209	24.8236446574036	45.2836693571245	1.79862	43.4850493571245	28.7453727207536	31.1121293071008	59.8575020278544	7.60062	52.2568820278544	53.9336596224865	61.9418760153234	1134.71995625875
11	70323	71055	732	70689	69.391627142444	168.682105847264	238.073732989708	7.07844	230.995292989708	75.4066168088871	175.046489104745	250.453105913632	12.88044	237.572665913632	286.498962072864	281.603035726628	6027.70314469732
11	73940	74185	245	74062.5	11.6775857968759	15.1961212560282	26.8737070529041	2.36915	24.5045570529041	19.911434762561	21.8589990381947	41.7704338007557	8.17115	33.5992838007557	30.3925247603427	39.8263844038902	639.433789734348
11	74478	74661	183	74569.5	56.388965651564	77.7411739858713	134.130139637435	1.76961	132.360529637435	68.7661386158426	90.1433464915808	158.909485107423	7.57161	151.337875107423	164.164186506733	179.385978124945	3453.87981894903
11	75594	75771	177	75682.5	38.248798398466	34.1832729728055	72.4320713712715	1.71159	70.7204813712715	43.4146036415839	39.1249823265366	82.5395859681205	7.51359	75.0259959681205	87.713235399413	88.9308883317292	1845.41452095786
11	78709	78828	119	78768.5	4.43991855812989	15.6932121378404	20.1331306959703	1.15073	18.9824006959703	7.70975857912739	21.8089999553329	29.5187585344603	6.95273	22.5660285344603	23.5435018032554	26.7482882138802	495.335965023767
11	79902	80072	170	79987	24.1778565031603	37.3276152958198	61.5054717989801	1.6439	59.8615717989801	30.7421360939234	42.0204292150648	72.7625653089881	7.4459	65.3166653089881	74.2451413900551	77.4220854230677	1562.05687098271
11	80537	81019	482	80778	371.43298676758	373.39465078458	744.82763755216	4.66094	740.16669755216	377.647572772807	379.956930412029	757.604503184836	10.46294	747.141563184836	918.01433641785	885.612540909382	19314.2685839671
11	81610	81925	315	81767.5	39.2710796466589	30.3651430091452	69.6362226558041	3.04605	66.5901726558041	44.2866876448598	36.9026230914943	81.1893107363541	8.84805	72.3412607363541	82.5904939586398	85.7485795064264	1737.63624326844
11	82650	82929	279	82789.5	85.4750321229381	90.6177377897738	176.092769912712	2.69793	173.394839912712	99.8735680091545	99.4024766504303	199.276044659585	8.49993	190.776114659585	215.058242186761	226.13347720651	4524.64900166909
11	84306	84547	241	84426.5	25.8719254286846	21.4307068944003	47.3026323230849	2.33047	44.9721623230849	42.7893151113139	24.7499460092653	67.5392611205792	8.13247	59.4067911205792	55.778096864988	70.416908687696	1173.52540283483
11	88893	89163	270	89028	47.1543350433168	45.5590643055274	92.7133993488442	2.6109	90.1024993488442	56.0626716368078	50.0255823757398	106.088254012548	8.4129	97.6753540125476	111.752374732437	115.777949874107	2351.17829303264
11	91930	92635	705	92282.5	177.116851127888	139.997732007602	317.114583135489	6.81735	310.297233135489	186.672675844439	153.744579847797	340.417255692236	12.61935	327.797905692236	384.855613622224	388.55010946976	8097.04641057341
11	93432	93994	562	93713	122.502452925255	106.108253645692	228.610706570948	5.43454	223.176166570948	129.43872569251	113.519317703803	242.958043396314	11.23654	231.721503396314	276.801051893409	274.667451950311	5823.66706979234
11	94411	94557	146	94484	11.2768931468213	16.0187061672709	27.2955993140922	1.41182	25.8837793140922	17.2898828499499	21.5834040934603	38.8732869434102	7.21382	31.6594669434102	32.1031472634418	37.5270528975427	675.423883962676
11	96302	96584	282	96443	59.7305043573854	71.429189767229	131.159694124614	2.72694	128.432754124614	65.7947931195302	75.8462087454082	141.641001864938	8.52894	133.112061864938	159.292643051826	157.782296077044	3351.38654082258
11	98381	98532	151	98456.5	13.3228556175271	18.2638649840982	31.5867206016253	1.46017	30.1265506016253	16.167003447039	23.7773638494371	39.9443672964762	7.26217	32.6821972964762	37.3653738415606	38.7393302908429	786.13681452111
11	99645	100347	702	99996	337.988800237638	281.305639982515	619.294440220152	6.78834	612.506100220152	343.777494055048	287.394828287925	631.172322342973	12.59034	618.581982342973	759.679384394167	733.226456855535	15983.0310767752
11	112559	112754	195	112656.5	19.9376342819806	24.1282574129614	44.065891694942	1.88565	42.180241694942	23.1313756988624	26.6742107122854	49.8055864111478	7.68765	42.1179364111478	52.3153320969266	49.9238357506671	1100.67167264756
11	114850	115008	158	114929	7.21136772116074	7.98265357338722	15.194021294548	1.52786	13.666161294548	14.3738363392826	14.943625887576	29.3174622268586	7.32986	21.9876022268586	16.9498736347965	26.0626596566623	356.611437163604
11	118317	118769	452	118543	149.075065501166	150.319542673596	299.394608174762	4.37084	295.023768174762	153.617582177328	153.463884996611	307.081467173939	10.17284	296.908627173939	365.912232560777	351.935987349666	7698.49321244265
11	122349	122431	82	122390	3.09274326950093	3.79183044607494	6.88457371557586	0.79294	6.09163371557586	8.53214349403866	12.4759711520135	21.0081146460522	6.59494	14.4131746460522	7.55533463150832	17.0844306485238	158.958042947468
11	125521	125721	200	125621	15.9673071100889	15.2966194125804	31.2639265226693	1.934	29.3299265226693	19.1364489782027	19.4896424995386	38.6260914777413	7.736	30.8900914777413	36.3773365147858	36.6150857488275	765.349319660433
11	127135	127352	217	127243.5	32.5076037097743	29.1910645453839	61.6986682551582	2.09839	59.6002782551582	42.563119260447	37.2251171759531	79.7882364364001	7.90039	71.8878464364001	73.9210640976894	85.2111319729828	1555.23855059444
11	130405	130487	82	130446	9.75502106267313	9.6809224218719	19.435943484545	0.79294	18.643003484545	16.6416947397292	15.9695070697348	32.611201809464	6.59494	26.016261809464	23.1225540534323	30.8379681459954	486.479569674184
11	134138	134348	210	134243	36.225335515048	41.937830730177	78.1631662452251	2.0307	76.1324662452251	39.0199842525268	47.7535240523329	86.7735083048596	7.8327	78.9408083048596	94.4256148123166	93.5712497726644	1986.63747758857
11	135913	136063	150	135988	14.7931286481619	12.2249757560472	27.018104404209	1.4505	25.567604404209	21.4806059790964	18.7892553468102	40.2698613259066	7.2525	33.0173613259066	31.7110016818475	39.136611719626	667.173462605987
11	140787	141171	384	140979	23.2033743781834	24.5252501308843	47.7286245090677	3.71328	44.0153445090677	29.068366796041	31.338225159802	60.406591955843	9.51528	50.891311955843	54.5913743692141	60.3232189349854	1148.5577350014
11	143224	143484	260	143354	62.5479526766491	76.8165909455905	139.36454362224	2.5142	136.85034362224	72.8031645642719	85.7494270896838	158.552591653956	8.3162	150.236391653956	169.732815329849	178.080351978493	3571.03920139808
11	146943	147142	199	147042.5	13.4461533558644	13.8225464516482	27.2686998075125	1.92433	25.3443698075125	21.133012355041	23.5039688643487	44.6369812193897	7.72633	36.9106512193897	31.4341281602076	43.7514618697994	661.348270832175
11	151015	151154	139	151084.5	44.1603899615508	34.7056633905458	78.8660533520966	1.34413	77.5219233520966	56.336166620062	47.5559276768629	103.892094296925	7.14613	96.7459642969249	96.1489313951406	114.676312342339	2022.89464484126
11	153030	153236	206	153133	25.1750382117565	24.7765455213478	49.9515837331043	1.99202	47.9595637331043	28.619675026439	29.3418617792951	57.9615368057341	7.79402	50.1675168057341	59.4833126388164	59.4652796988741	1251.48010329901
11	155372	155460	88	155416	4.39221943307971	2.54575330299258	6.93797273607229	0.85096	6.08701273607229	11.8547825465382	8.93303614042475	20.787818686963	6.65296	14.134858686963	7.5496033206474	16.754533188859	158.837460868392
11	158350	158493	143	158421.5	10.9785986184677	6.71187688337113	17.6904755018388	1.38281	16.3076655018388	16.3437002058727	11.5033889921854	27.8470891980581	7.18481	20.6622791980581	20.226079846209	24.4917087781453	425.540128354413
11	164602	164838	236	164720	9.75512106083885	17.5668777690044	27.3219988298432	2.28212	25.0398788298432	16.8418910675079	22.0087962904487	38.8506873579566	8.08412	30.7665673579566	31.0564739321334	36.4686683696098	653.402735666179
11	166017	166475	458	166246	96.7029261685548	95.5557472113731	192.258673379928	4.42886	187.829813379928	101.844131862905	101.620235969849	203.464367832754	10.23086	193.233507832754	232.961658582744	229.04630968611	4901.32219632955
11	171290	171654	364	171472	135.965005980299	114.810094026964	250.775100007263	3.51988	247.255220007263	148.765871172748	127.162567444309	275.928438617057	9.32188	266.606558617057	306.665832806968	316.017905353161	6451.99756190274
11	178202	178418	216	178310	35.0247575373699	46.2517515994951	81.2765091368651	2.08872	79.1877891368651	43.3348051053364	50.6691705703372	94.0039756756736	7.89072	86.1132556756736	98.2150722766785	102.072997839696	2066.36455411746
11	179381	179636	255	179508.5	73.9764430427075	80.8345172443666	154.810960287074	2.46585	152.345110287074	82.3851888002432	86.8477069438266	169.23289574407	8.26785	160.96504574407	188.950672583911	190.797393938763	3975.3671534665
11	188778	188955	177	188866.5	34.831161088529	50.3950755980887	85.2262366866177	1.71159	83.5146466866177	38.3004974501451	54.6620973276824	92.9625947778275	7.51359	85.4490047778276	103.581589407815	101.285638449682	2179.27167236105
11	191466	191689	223	191577.5	77.019387225678	84.6994463495855	161.718833575264	2.15641	159.562423575264	84.1304567866179	89.1660644179636	173.296521204582	7.95841	165.338111204582	197.902165660928	195.98093853711	4163.69922482791
11	193102	193293	191	193197.5	63.645132550969	57.8059396598681	121.451072210837	1.84697	119.604102210837	68.4120451110152	61.1743778722691	129.586422983284	7.64897	121.937452983284	148.342638066605	144.536648594704	3121.00741830737
11	194752	195247	495	194999.5	193.646947914669	178.687422318743	372.334370233413	4.78665	367.547720233413	203.353269870635	193.807444970656	397.160714841291	10.58865	386.572064841291	455.862277521872	458.217137766149	9590.9683717061
11	196056	196314	258	196185	141.609102450073	187.050168920046	328.659271370119	2.49486	326.164411370119	146.149919157418	193.96354210735	340.113461264768	8.29686	331.816601264768	404.535365691669	393.313607275932	8511.09225066162
11	200211	200460	249	200335.5	86.5070131932061	86.7246092018208	173.231622395027	2.40783	170.823792395027	90.8996326189487	94.2117718640473	185.111404482996	8.20983	176.901574482996	211.86942203496	209.687508483581	4457.55884148905
11	201845	202010	165	201927.5	25.5987304399276	37.3007157892401	62.8994462291677	1.59555	61.3038962291677	36.8019249386106	45.3103688673727	82.1122938059833	7.39755	74.7147438059833	76.0340282841248	88.5619504600375	1599.69358379617
11	202983	203475	492	203229	183.252538580359	196.321798849611	379.57433742997	4.75764	374.81669742997	184.599613870822	199.990431555515	384.590045426337	10.55964	374.030405426337	464.877848338018	443.351078361889	9780.6485861353
11	204762	205594	832	205178	797.869564598788	765.456659151954	1563.32622375074	8.04544	1555.28078375074	816.483023170256	781.802359321141	1598.2853824914	13.84744	1584.4379424914	1928.98445898771	1878.08867998407	40584.2506562216
11	207901	208105	204	208003	61.2770759884673	55.9387739094762	117.215849897943	1.97268	115.243169897944	66.2679844397345	59.3072121218772	125.575196561612	7.77468	117.800516561612	142.933858670526	139.63299585136	3007.21113667746
11	210195	210493	298	210344	218.464892676627	185.978588576152	404.443481252778	2.88166	401.561821252778	233.762012080036	197.206482621768	430.968494701804	8.68366	422.284834701804	498.049304416502	500.548709743302	10478.5488112245
11	213716	213926	210	213821	41.19134442305	41.7421343198559	82.9334787429059	2.0307	80.9027787429059	47.6796254078631	47.1320354523604	94.8116608602235	7.8327	86.9789608602235	100.342140476801	103.099147910774	2111.11632419754
11	216790	217151	361	216970.5	59.1528149539999	71.5047883805161	130.657603334516	3.49087	127.166733334516	73.0253604885099	80.8118176607473	153.837178149257	9.29287	144.544308149257	157.722422128138	171.333330016314	3318.35038065256
11	219319	219399	80	219359	22.9808784594483	20.558422894793	43.5393013542412	0.7736	42.7657013542412	31.4657228210997	24.7268464329831	56.1925692540828	6.5756	49.6169692540828	53.0414663075153	58.8126967880386	1115.94894078483
11	220020	220253	233	220136.5	129.770119613719	146.060520797261	275.830640410979	2.25311	273.577530410979	140.775617738766	155.842641362845	296.618259101611	8.05511	288.563149101611	339.312881638222	342.043805727173	7138.8646886855
11	223117	223267	150	223192	28.1155842730261	17.9884700356953	46.1040543087213	1.4505	44.6535543087213	37.4474130983567	27.1704016106062	64.6178147089629	7.2525	57.3653147089629	55.3829335513038	67.9970766221483	1165.21149087044
11	225904	226441	537	226172.5	406.528343009951	364.004023037804	770.532366047755	5.19279	765.339576047755	411.095659231212	369.943314092795	781.038973324007	10.99479	770.044183324007	949.235767244562	912.759802706027	19971.1418773798
11	229982	231262	1280	230622	193.408052296756	262.700081266139	456.108133562894	12.3776	443.730533562894	249.190629071371	307.731155256645	556.921784328017	18.1796	538.742184328017	550.350336842023	638.589603721151	11578.9196305158
11	231525	231834	309	231679.5	199.719336528238	125.61919575453	325.338532282768	2.98803	322.350502282768	242.802146255951	170.376774761783	413.178921017733	8.79003	404.388891017733	399.805048546138	479.336033405952	8411.5702582354
11	234210	234357	147	234283.5	46.9322391172445	30.2147457678968	77.1469848851414	1.42149	75.7254948851414	59.7329043133628	38.5987919784988	98.3316962918615	7.22349	91.1082062918615	93.9208561622667	107.993684259633	1976.01776964895
11	237086	237513	427	237299.5	172.173241809008	165.611662168719	337.784903977727	4.12909	333.655813977727	196.82458962687	186.070086897789	382.894676524658	9.93109	372.963586524658	413.826806412262	442.086541298554	8706.57654158216
11	242761	242955	194	242858	46.3073505796375	44.7608789467213	91.0682295263588	1.87598	89.1922495263588	51.7220512572415	50.6504709133469	102.372522170588	7.67798	94.6945421705883	110.623409609408	112.244691279741	2327.42579294295
11	245489	246062	573	245775.5	288.587006419682	344.147687264557	632.734693684239	5.54091	627.193783684239	296.39916312051	355.825773052262	652.224936172772	11.34291	640.882026172772	777.89623207644	759.659464268901	16366.2986085891
11	247786	248551	765	248168.5	640.732946971479	672.25966867367	1312.99261564515	7.39755	1305.59506564515	645.948051310299	676.327494057142	1322.27554536744	13.19955	1309.07599536744	1619.30412673584	1551.6927120999	34068.8304988154
11	255490	255701	211	255595.5	129.055132728795	153.436185504705	282.4913182335	2.04037	280.4509482335	136.441897232635	159.050182526597	295.492079759231	7.84237	287.649709759231	347.837847868304	340.961074720317	7318.22298507066
11	256548	256679	131	256613.5	30.8626338836203	26.9431057799163	57.8057396635367	1.26677	56.5389696635367	41.0706466370216	37.5728107981742	78.6434574351958	7.06877	71.5746874351958	70.1241826862426	84.8399338594915	1475.35528030881
11	258473	259025	552	258749	269.152662905789	345.983053598249	615.135716504037	5.33784	609.797876504037	279.133979817494	354.866790642972	634.000770460466	11.13984	622.860930460466	756.320427275666	738.298440936569	15912.3613743805
11	260588	260869	281	260728.5	165.407765908809	272.578100072652	437.985865981461	2.71727	435.268595981461	192.60306706268	298.175330540094	490.778397602774	8.51927	482.259127602774	539.855160499559	571.638297771122	11358.1097295447
11	261945	262106	161	262025.5	75.1009224162699	65.0463068490887	140.147229265359	1.55687	138.590359265359	78.2206651905162	71.9598800327244	150.180545223241	7.35887	142.821675223241	171.890922836249	169.291434078735	3616.44401302045
11	263201	263297	96	263249	51.3488581027608	35.2053542246668	86.5542123274277	0.92832	85.6258923274277	64.7481123189008	45.4851656610577	110.233277979958	6.73032	103.502957979958	106.200126248737	122.685608892556	2234.36353948799
11	264337	264721	384	264529	765.343661224686	815.811735483753	1581.15539670844	3.71328	1577.44211670844	771.256052773097	822.997203679991	1594.25325645309	9.51528	1584.73797645309	1956.47072854912	1878.4443205377	41162.539220594
11	269513	269708	195	269610.5	45.4829657014118	47.0309373068138	92.5139030082255	1.88565	90.6282530082255	53.167824737274	55.289685815764	108.457510553038	7.68765	100.769860553038	112.404456754409	119.445974697277	2364.897563867
11	270614	270903	289	270758.5	102.696316231202	133.678047930199	236.3743641614	2.79463	233.5797341614	116.243967725275	147.050702634256	263.294670359532	8.59663	254.698040359532	289.70439411282	301.902329895737	6095.14280537729
11	271692	271885	193	271788.5	26.7213098483413	36.4988304983022	63.2201403466435	1.86631	61.3538303466435	36.328833616572	48.724306245178	85.05313986175	7.66831	77.38482986175	76.095960597306	91.7268951141863	1600.99658886195
11	273188	273376	188	273282	67.1122689529392	63.1704412582788	130.282710211218	1.81796	128.464750211218	72.5536691407914	69.4837254530755	142.037394593867	7.61996	134.417434593867	159.332327174752	159.329599180317	3352.22146221575
11	275067	275225	158	275146	29.0637668804177	30.0914480295596	59.1552149099773	1.52786	57.6273549099773	33.7318812527289	35.3825509743291	69.1144322270581	7.32986	61.7845722270581	71.4740857054983	73.2353742519175	1503.75613249806
11	277977	279081	1104	278529	546.758870747357	441.884294472197	988.643165219554	10.67568	977.967485219554	553.670543965844	446.476410238558	1000.1469542044	16.47768	983.669274204402	1212.95402096741	1165.97695573139	25519.5576055841
11	280322	280422	100	280372	10.902500014352	3.99142678485933	14.8939267992113	0.967	13.9269267992113	22.3071908169681	13.1257592328858	35.4329500498539	6.769	28.6639500498539	17.2732960104801	33.9763639007601	363.415978642109
11	282434	282806	372	282620	95.7624434199239	86.0792210402404	181.841664460164	3.59724	178.244424460164	101.976929426986	92.7192992406219	194.696228667608	9.39924	185.296988667608	221.073087430346	219.63888109405	4651.19641157002
11	284683	284959	276	284821	162.298622940129	166.787140606801	329.08576354693	2.66892	326.41684354693	166.341648778502	170.77856739166	337.120216170162	8.47092	328.649296170162	404.848452403152	389.559291827716	8517.67933824378
11	288627	288764	137	288695.5	29.7914535323886	27.8950883176054	57.6865418499941	1.32479	56.3617518499941	37.2768162276322	36.7294262684609	74.0062424960931	7.12679	66.8794524960931	69.9043828843348	79.2745107195175	1470.73087278015
11	291135	291384	249	291259.5	103.713897565605	100.31935983195	204.033257397556	2.40783	201.625427397556	107.407429814774	105.012273749361	212.419703564135	8.20983	204.209873564135	250.072089908218	242.05697275762	5261.3116355983
11	294426	294585	159	294505.5	59.8727017490444	60.4295915339594	120.302293283004	1.53753	118.764763283004	67.8106561423532	67.7175578500645	135.528213992418	7.33953	128.188683992418	147.301622344859	151.946447286951	3099.10530147509
11	296170	296402	232	296286	80.9407152963651	68.864436812749	149.805152109114	2.24344	147.561712109114	89.4728587904037	77.0756861929804	166.548544983384	8.04544	158.503104983384	183.017917005087	187.879171047582	3850.54684277336
11	299158	299412	254	299285	171.611652110304	177.118451098539	348.730103208843	2.45618	346.273923208843	176.154368782798	184.032024282175	360.186393064973	8.25818	351.928213064973	429.476801488992	417.152591085425	9035.83960018449
11	307027	307299	272	307163	96.5026298426103	107.382430273343	203.885060115953	2.63024	201.254820115953	101.518437837143	112.37543868609	213.893876523233	8.43224	205.461636523233	249.612432916331	243.540730360526	5251.64082954918
11	308708	309117	409	308912.5	491.513984109837	484.363015280773	975.876999390611	3.95503	971.921969390611	496.206798029082	490.877695781338	987.08449381042	9.75703	977.32746381042	1205.45588545231	1158.45979018509	25361.802985125
11	309859	310126	267	309992.5	177.24354880386	116.372265371899	293.615814175758	2.58189	291.033924175758	183.032442617601	122.459453713994	305.491896331596	8.38389	297.108006331596	360.96370677156	352.172318309042	7594.38028915153
11	314532	314651	119	314591.5	15.3193189961997	6.73847639545362	22.0577953916533	1.15073	20.9070653916533	19.5616411788597	10.8554008782961	30.4170420571558	6.95273	23.4643120571558	25.9306259325598	27.8130545074328	545.559098527934
11	317135	317536	401	317335.5	113.345620889941	136.897888868334	250.243509758276	3.87767	246.365839758276	117.03915313911	142.536985429822	259.576138568932	9.67967	249.896468568932	305.562751809408	296.21086203561	6428.78964257994
11	321866	321959	93	321912.5	17.1656851281211	18.4141622271808	35.5798473553019	0.89931	34.6805373553019	35.4791492024182	36.9272226402623	72.4063718426805	6.70131	65.7050618426805	43.0135948998143	77.8824651663889	904.970752307322
11	322888	323115	227	323001.5	26.6207116936233	12.7469661811246	39.3676778747479	2.19509	37.1725878747479	71.7050847064606	34.5299666133693	106.23505131983	7.99709	98.2379613198299	46.1044366135726	116.44482762725	969.99952652342
11	327603	328073	470	327838	29.7220548053764	32.0613118961497	61.7833667015261	4.5449	57.2384667015261	33.8411792478649	37.6281097838193	71.4692890316842	10.3469	61.1223890316842	70.9917552361558	72.4504657806196	1493.60829508251
11	329549	329893	344	329721	34.1779730700221	37.2808161542611	71.4587892242832	3.32648	68.1323092242832	43.9827932192256	50.4045754238324	94.3873686430581	9.12848	85.2588886430581	84.5031759034774	101.060287269294	1777.87750240002
11	334014	334255	241	334134.5	85.9231239035457	101.277442257749	187.200566161294	2.33047	184.870096161294	88.3189799561186	104.197588693211	192.516568649329	8.13247	184.384098649329	229.290778972199	218.556801219907	4824.08990057464
11	335021	335262	241	335141.5	47.4032304778029	40.5393563825319	87.9425868603348	2.33047	85.6121168603348	50.6729705006347	46.3529497432075	97.0259202438422	8.13247	88.8934502438422	106.183040805249	105.368457893133	2234.00407577234
11	338911	339050	139	338980.5	13.4232537759136	10.2545119004627	23.6777656763764	1.34413	22.3336356763764	21.2847095724438	19.4630429874561	40.7477525598999	7.14613	33.6016225598999	27.699973266903	39.8291566153831	582.784715033203
11	340620	341178	558	340899	237.999934343404	289.517789346238	527.517723689641	5.39586	522.121863689641	246.933270478326	294.681494627875	541.614765106201	11.19786	530.416905106201	647.577576523591	628.721364489507	13624.5009971589
11	342167	342352	185	342259.5	14.846627666824	13.1248592493943	27.9714869162183	1.78895	26.1825369162183	21.4847059038911	20.3860260570854	41.8707319609765	7.59095	34.2797819609765	32.4736904975168	40.6330022316929	683.219809648132
11	346835	347002	167	346918.5	18.5869590575513	15.0935231379957	33.680482195547	1.61489	32.065592195547	23.22847391778	18.1885663653083	41.4170402830883	7.41689	34.0001502830883	39.7703293576864	40.3015452053729	836.735105776775
11	349238	349398	160	349318	16.3926993070773	12.2249757560472	28.6176750631245	1.5472	27.0704750631245	19.4135438954229	14.62083180862	34.034375704043	7.3492	26.685175704043	33.574982883959	31.6308547460962	706.390098060206
11	352888	353379	491	353133.5	112.072944234776	170.59897068602	282.671914920797	4.74797	277.923944920797	114.867792968587	175.265085095017	290.132878063604	10.54997	279.582908063604	344.703654885955	331.399217772855	7252.28213572478
11	355175	356488	1313	355831.5	329.042164346674	297.095050355781	626.137214702456	12.69671	613.440504702456	334.282168228759	300.862581247585	635.144749476345	18.49871	616.646039476345	760.838308071231	730.931717323361	16007.4138802666
11	358129	358337	208	358233	24.1261574514812	26.8717070895896	50.9978645410708	2.01136	48.9865045410708	28.7921718623123	31.2127274618188	60.0048993241311	7.81336	52.1915393241311	60.7570073179793	61.864423065674	1278.27759452699
11	361886	362461	575	362173.5	147.008903400984	151.396722914772	298.405626315755	5.56025	292.845376315755	151.002630143655	153.118091339538	304.120721483193	11.36225	292.758471483193	363.210415573444	347.01666535293	7641.64919935055
11	364386	364905	519	364645.5	99.1225817845699	96.055138050997	195.177719835567	5.01873	190.158989835567	108.107116980342	104.737178795455	212.844295775798	10.82073	202.023565775798	235.850490767973	239.465467089824	4962.10085577537
11	365200	365348	148	365274	19.8332361969651	19.0598503832584	38.8930865802235	1.43116	37.4619265802235	31.4623228834651	28.5417764553402	60.0040993388053	7.23316	52.7709393388053	46.4632977736134	62.551205791308	977.549670954092
11	369253	369803	550	369528	248.608339752363	185.401299165429	434.009638917791	5.3185	428.691138917791	255.5960115768	189.843317685039	445.439329261839	11.1205	434.318829261839	531.697268633321	514.813016569136	11186.4743766609
11	371505	371830	325	371667.5	64.7623120584336	59.6033066905849	124.365618749018	3.14275	121.222868749018	72.0729779581579	64.5943151400178	136.667293098176	8.94475	127.722543098176	150.350362670101	151.39391448445	3163.2482970129
11	374253	374414	161	374333.5	16.7403929292984	12.8992633875217	29.6396563168202	1.55687	28.0827863168202	22.4552881004048	16.3931992979059	38.8484873983107	7.35887	31.4896173983107	34.8305328119456	37.3257244015524	732.805838607723
11	382028	382509	481	382268.5	80.7890180789623	68.8388372823237	149.627855361286	4.65127	144.976585361286	84.8073443704013	74.2783375050272	159.085681875428	10.45327	148.632411875428	179.811634658405	176.17909968947	3783.08929233739
11	383456	383578	122	383517	6.28818465520004	9.40762743494918	15.6958120901492	1.17974	14.5160720901492	13.2487569767259	14.2979377314984	27.5466947082242	6.98174	20.5649547082242	18.0040014381935	24.3763467196259	378.789421437882
11	384939	385178	239	385058.5	22.979178490631	24.0318591812038	47.0110376718348	2.31113	44.6999076718348	30.3656429999738	28.4985772477476	58.8642202477215	8.11313	50.7510902477215	55.4404247246031	60.1570093311577	1166.4210579962
11	392396	392480	84	392438	8.68194074629268	7.03467096232706	15.7166117086197	0.81228	14.9043317086197	14.3227372765978	14.121140974499	28.4438782510968	6.61428	21.8295982510968	18.485552279628	25.875372120614	388.920856121782
11	393579	393741	162	393660	23.854862427873	23.8755620481777	47.7304244760507	1.56654	46.1638844760507	33.36168804322	32.2842078075477	65.6458958507677	7.36854	58.2773558507677	57.2561666363887	69.0781502938694	1204.62277835303
11	398653	398733	80	398693	3.46903636711901	4.91660981413451	8.38564618125352	0.7736	7.61204618125352	9.85821916969993	13.3006560247364	23.1588751944364	6.5756	16.5832751944364	9.44107259482994	19.6567253184803	198.63242281031
11	402076	402646	570	402361	224.603180081407	224.149588401685	448.752768483091	5.5119	443.240868483091	230.73976751737	229.664787235841	460.404554753211	11.3139	449.090654753211	549.743014782291	532.322568375515	11566.14207257
11	403724	404052	328	403888	25.0251409613368	25.9506239851091	50.9757649464459	3.17176	47.8040049464459	32.8106981500827	31.7148182519173	64.525516402	8.97376	55.551756402	59.290376106032	65.8474037094671	1247.42087691656
11	408082	408416	334	408249	15.945207515464	23.4011707499848	39.3463782654488	3.22978	36.1165982654488	19.4144438789144	26.895106660369	46.3095505392834	9.03178	37.2777705392834	44.7947132719917	44.1866210012525	942.444021792751
11	417049	417128	79	417088.5	4.5402167183507	4.54041671468215	9.08063343303286	0.76393	8.31670343303286	10.4298086849763	10.505907289092	20.9357159740683	6.56593	14.3697859740683	10.315045257385	17.03300056628	217.020090703929
11	418072	418223	151	418147.5	8.65894116817624	5.63839657432779	14.297337742504	1.46017	12.837167742504	14.198939547432	8.20904942058556	22.4079889680175	7.26217	15.1458189680175	15.9216890811127	17.9528591117895	334.979277581843
11	426098	426165	67	426131.5	2.07086201397099	2.42035560317513	4.49121761714612	0.64789	3.84332761714612	8.48464436531992	6.61347868829906	15.098123053619	6.44989	8.64823305361898	4.76680437495927	10.2510474940574	100.289653802625
11	428729	429200	471	428964.5	67.8840547959943	59.379310799364	127.263365595358	4.55457	122.708795595358	72.7496655456098	64.7446123831005	137.49427792871	10.35657	127.13770792871	152.193328791543	150.700689283277	3202.02279240866
11	434993	435220	227	435106.5	20.5075238284396	23.3797711425199	43.8872949709595	2.19509	41.6922049709595	24.5999487606798	26.0492221765126	50.6491709371925	7.99709	42.6520809371925	51.7100296551983	50.5569755922077	1087.93660580787
11	442815	442968	153	442891.5	4.09212493774305	3.84332950142261	7.93545443916566	1.47951	6.45594443916566	8.68424070410432	6.53938004749784	15.2236207516022	7.28151	7.94211075160216	8.00718212515029	9.4140564914203	168.464543559699
11	445100	445221	121	445160.5	2.14686061992096	2.02156291826923	4.16842353819019	1.17007	2.99835353819019	8.31214752944664	5.66569607357034	13.977843603017	6.97207	7.00577360301698	3.71879948504952	8.30418392888796	78.2404906054453
11	451310	451398	88	451354	10.2301123480262	13.6476496597975	23.8777620078237	0.85096	23.0268020078237	21.3098091120404	22.9546789400287	44.2644880520691	6.65296	37.6115280520691	28.559693964815	44.5822352375771	600.87253328173
11	457200	457439	239	457319.5	65.2889023991343	72.7467655988038	138.035667997938	2.31113	135.724537997938	68.5339428750323	77.1126855142982	145.64662838933	8.11313	137.53349838933	168.336500544887	163.023176557772	3541.6618837303
11	461405	461515	110	461460	6.83687459052569	6.63777824256991	13.4746528330956	1.0637	12.4109528330956	12.8006651961182	14.5979322286693	27.3985974247875	6.8657	20.5328974247875	15.3930630317025	24.3383481211835	323.857419138292
11	462804	463814	1010	463309	207.47809420857	151.045829351247	358.523923559817	9.7667	348.757223559817	212.592700390837	155.987538704978	368.580239095816	15.5687	353.011539095816	432.556790539249	418.436694615575	9100.64004326304
11	468835	469016	181	468925.5	16.4420984009448	14.1718400445209	30.6139384454656	1.75027	28.8636684454656	25.4740327272702	20.5342233386878	46.0082560659581	7.55227	38.4559860659581	35.7990457044059	45.5832003079495	753.182555386468
11	469383	469680	297	469531.5	72.7040663820398	87.1430015272085	159.847067909248	2.87199	156.975077909248	80.88681628504	95.2018537028771	176.088669987917	8.67399	167.414679987917	194.693131233243	198.442366795422	4096.18377286519
11	473528	473630	102	473579	8.73293981081174	17.390081012005	26.1230208228167	0.98634	25.1366808228167	13.3494551296096	22.705983501874	36.0554386314836	6.78834	29.2670986314836	31.1765355583013	34.6912966179897	655.928733793272
11	475941	476124	183	476032.5	37.0722199805616	56.7342593178078	93.8064792983694	1.76961	92.0368692983694	48.0779181019404	67.4893620358831	115.567280137823	7.57161	107.995670137823	114.151536099022	128.010974828218	2401.65468013496
11	477906	478516	610	478211	290.063079343929	255.806107722985	545.869187066914	5.8987	539.970487066914	308.004850236231	267.410094869888	575.414945106119	11.7007	563.714245106119	669.714876404614	668.189844541869	14090.2516272572
11	478876	479164	288	479020	158.389894638323	114.453900560656	272.84379519898	2.78496	270.05883519898	171.065362130956	123.162640815363	294.228002946319	8.58696	285.641042946319	334.948712511479	338.580132998321	7047.04615022053
11	483200	483389	189	483294.5	25.9712236072482	30.7370361874714	56.7082597947196	1.82763	54.8806297947196	31.710918323454	36.7009267912297	68.4118451146837	7.62963	60.7822151146837	68.0673760516534	72.0472459601324	1432.08175593145
11	487479	487760	281	487619.5	52.6715338407875	54.6928967627253	107.364430603513	2.71727	104.647160603513	56.4636642813596	60.5578891805829	117.021553461942	8.51927	108.502283461942	129.791834754462	128.611480991091	2730.7137339874
11	489802	489936	134	489869	16.7400929348013	18.7637558145507	35.5038487493519	1.29578	34.2080687493519	20.4089256370361	23.8802619619668	44.2891875990029	7.09778	37.1914075990029	42.4276012916124	44.0842520436801	892.641927485846
11	491041	491283	242	491162	56.728759418693	30.3403434640457	87.0691028827387	2.34014	84.7289628827387	74.121340384841	33.8341793762642	107.955519761105	8.14214	99.8133797611053	105.087682130806	118.312225182843	2210.95862779326
11	493676	493986	310	493831	49.6857886086109	35.1298556095455	84.8156442181564	2.9977	81.8179442181564	54.0291089386517	38.1734997796761	92.2026087183278	8.7997	83.4029087183278	101.477202388196	98.8603305569264	2134.99709571322
11	499847	500223	376	500035	175.012989719228	183.493534159753	358.506523878981	3.63592	354.870603878981	181.476471158942	187.561159546894	369.037630705835	9.43792	359.599710705835	440.139097059561	426.245880567734	9260.16555262569
11	506284	506870	586	506577	87.9258871666589	86.1831191344272	174.109006301086	5.66662	168.442386301086	94.7616617773617	92.8725964286763	187.634258206038	11.46862	176.165638206038	208.915810446786	208.815177953064	4395.41727654431
11	507711	507921	210	507816	38.4484947354161	28.9633687220311	67.4118634574473	2.0307	65.3811634574473	42.117327437651	31.7088183619738	73.8261457996248	7.8327	65.9934457996248	81.0909834015948	78.2242965695012	1706.08777120832
11	513181	513293	112	513237	40.5205567273758	41.438139896056	81.9586966234318	1.08304	80.8756566234318	45.6616624235599	49.8468856535917	95.5085480771516	6.88504	88.6235080771516	100.30850144036	105.048486177033	2110.40858646518
11	513972	514987	1015	514479.5	231.619551379407	142.561284984093	374.1808363635	9.81505	364.3657863635	239.306410378583	145.855824552024	385.162234930608	15.61705	369.545184930608	451.915786927558	438.034592550513	9507.93744693852
11	517080	517400	320	517240	67.7151578940871	74.1494398694094	141.864597763496	3.0944	138.770197763496	71.0340970144549	85.9489234303025	156.983020444757	8.8964	148.086620444757	172.113973022209	175.532154372089	3621.13680596325
11	518094	519825	1731	518959.5	467.465025242295	312.67536456452	780.140389806814	16.73877	763.401619806814	484.78120760983	323.976957258275	808.758164868104	22.54077	786.217394868104	946.832157870596	931.930465504089	19920.5719078509
11	521144	521395	251	521269.5	21.9284977633726	27.1161026066182	49.0446003699909	2.42717	46.6174303699909	42.3892224502536	54.3130037311412	96.7022261813947	8.22917	88.4730561813947	57.818690773502	104.870150380644	1216.45782475499
11	521708	521942	234	521825	146.128719546284	107.232733019255	253.361452565539	2.26278	251.098672565539	157.856104429691	119.461908698262	277.318013127953	8.06478	269.253233127953	311.432792143978	319.155099499559	6552.29047597978
11	522401	522539	138	522470	31.7859169477468	37.0541203125656	68.8400372603124	1.33446	67.5055772603124	40.4680576903709	45.7134614734048	86.1815191637756	7.13646	79.0450591637756	83.7258524573952	93.6948218942086	1761.52325473889
11	523899	524194	295	524046.5	130.932998282919	66.4835804850347	197.416578767954	2.85265	194.563928767954	145.977422321544	81.2549095330688	227.232331854613	8.65465	218.577681854613	241.313850716954	259.087629107655	5077.04546746549
11	525010	525365	355	525187.5	417.071449616692	348.143813963205	765.215263579897	3.43285	761.782413579897	429.697818009954	358.349626756961	788.047444766914	9.23485	778.812594766914	944.823887929726	923.153301770101	19878.3195556944
11	526374	527822	1448	527098	1149.36191713942	988.34207074256	2137.70398788198	14.00216	2123.70182788198	1162.36257866698	1003.01230164505	2165.37488031203	19.80416	2145.57072031203	2633.98600709816	2543.21862274209	55416.9049102398
11	530643	530823	180	530733	35.8038432465229	33.6304831126851	69.434326359208	1.7406	67.693726359208	51.1997608376669	43.4107037131206	94.6104645507875	7.5426	87.0678645507875	83.9592101195833	103.20452850687	1766.43290852623
11	533511	534102	591	533806.5	179.327710573872	224.90007463544	404.227785209312	5.71497	398.512815209312	192.949360710581	239.247311462641	432.196672173222	11.51697	420.679702173222	494.267681615877	498.64609106007	10398.9865695938
11	534976	535315	339	535145.5	41.2985424567058	36.7561257787092	78.0546682354149	3.27813	74.7765382354149	55.0719898089836	53.4477196031344	108.519709412118	9.08013	99.4395794121181	92.7438837154261	117.869146798275	1951.25523484703
11	538178	538281	103	538229.5	1.84666612641857	2.76974919421355	4.61641532063212	0.99601	3.62040532063212	7.03717091647015	6.28838465153149	13.3255555680016	6.79801	6.52754556800163	4.49031819315208	7.7373238235303	94.4726113411561
11	552461	552621	160	552541	12.4034724818639	12.4260720673174	24.8295445491813	1.5472	23.2823445491813	19.2412470558811	19.088949849484	38.3301969053651	7.3492	30.9809969053651	28.8766384008546	36.7228390725713	607.54078422403
11	554733	554836	103	554784.5	7.80975674485104	8.28254807239244	16.0923048172435	0.99601	15.0962948172435	14.0490422970122	13.7732473559464	27.8222896529586	6.79801	21.0242796529586	18.7236403837845	24.920800343214	393.930034527719
11	556287	556436	149	556361.5	20.381826134125	19.6109402745614	39.9927664086864	1.44083	38.5519364086864	25.5721309278451	21.258210058527	46.8303409863722	7.24283	39.5875109863722	47.8152157303043	46.9244356363639	1005.99291577411
11	557353	557652	299	557502.5	89.3801604907779	89.8796513285675	179.259811819345	2.89133	176.368481819345	102.129826622377	100.706752725964	202.836579348341	8.69333	194.143249348341	218.746392316577	230.124657531939	4602.24465498233
11	559305	559832	527	559568.5	219.15278005864	254.434032891091	473.58681294973	5.09609	468.49072294973	223.119807291062	260.247726249932	483.367533540995	10.89809	472.469443540995	581.059917406386	560.034249216126	12225.0240142834
11	562290	562530	240	562410	68.811237788584	53.3169220023679	122.128159790952	2.3208	119.807359790952	75.5747137254685	57.684741883011	133.25945560848	8.1228	125.13665560848	148.594734483734	148.328773280829	3126.31132012712
11	565956	566082	126	566019	27.2436002679159	28.7653723538983	56.0089726218142	1.21842	54.7905526218142	32.5347032126854	33.9311775970162	66.4658808097016	7.02042	59.4454608097016	67.9556550888153	70.4627451975722	1429.73123851891
11	567198	567826	628	567512	349.620686872778	344.150787207694	693.771474080472	6.07276	687.698714080472	357.280646365375	354.755592682687	712.036239048062	11.87476	700.161479048062	852.939318601948	829.925434563497	17945.1435906612
11	568333	568430	97	568381.5	2.24545881132447	1.12287940291082	3.3683382142353	0.93799	2.4303482142353	12.5004707026158	7.4361635977075	19.9366343003233	6.73999	13.1966443003233	3.01431354657549	15.6424354716234	63.4186843552189
11	568663	568754	91	568708.5	4.91460985082004	2.59515239686006	7.5097622476801	0.87997	6.6297922476801	10.3290105339269	6.91157322032125	17.2405837542481	6.68197	10.5586137542481	8.22280217546987	12.5154873134358	173.001012543627
11	570998	571465	467	571231.5	112.319239716954	115.362883887084	227.682123604038	4.51589	223.166233604038	119.006517051557	121.676068083715	240.682585135272	10.31789	230.364695135272	276.788732228046	273.05918054527	5823.40787413903
11	573416	573640	224	573528	26.5717125924187	23.875462050012	50.4471746424307	2.16608	48.2810946424307	37.799406641704	33.9580771035958	71.7574837452998	7.96808	63.7894037452998	59.8821011621845	75.6117698674911	1259.87028670136
11	575943	576303	360	576123	240.957680089178	295.472480118749	536.430160207927	3.4812	532.948960207927	247.170066134759	302.534350582153	549.704416716913	9.2832	540.421216716913	661.006213421789	640.579818445467	13907.0285018822
11	578146	579129	983	578637.5	201.343906728584	203.469767733703	404.813674462287	9.50561	395.308064462287	205.909222986531	209.682353775616	415.591576762147	15.30761	400.283966762147	490.292891693358	474.470325781907	10315.3602501749
11	580854	581451	597	581152.5	175.962972293603	167.9678189495	343.930791243102	5.77299	338.157801243102	181.951362447963	173.333020535071	355.284382983034	11.57499	343.709392983034	419.410533518133	407.410541526548	8824.05357951514
11	581715	581980	265	581847.5	134.327336020242	112.500636389576	246.827972409819	2.56255	244.265422409819	170.357875108461	133.285755126065	303.643630234526	8.36455	295.279080234526	302.957645088556	350.004429427238	6373.98033416242
11	583408	583536	128	583472	28.5166769157436	20.4579247382407	48.9746016539843	1.23776	47.7368416539843	35.9280409683516	26.9462057230537	62.8742466914054	7.03976	55.8344866914054	59.2070747827426	66.1825336263801	1245.66828540727
11	584783	584955	172	584869	15.5949139409341	12.84996429182	28.444878232754	1.66324	26.781638232754	20.7608191822176	15.5954139317627	36.3562331139803	7.46524	28.8909931139803	33.2167441898344	34.2454858380536	698.853049801799
11	589629	590235	606	589932	145.014439985626	111.15176113213	256.166201117756	5.86002	250.306181117756	149.407059411368	115.369483766022	264.77654317739	11.66202	253.11452317739	310.449880439142	300.025332624602	6531.61082000012
11	592576	592749	173	592662.5	18.1880663744797	18.7141567243518	36.9022230988314	1.67291	35.2293130988314	22.7552825975757	22.5330866733378	45.2883692709135	7.47491	37.8134592709135	43.6942307642817	44.8215912426793	919.29077256485
11	598929	599101	172	599015	33.6796822102212	28.5448763984777	62.2245586086989	1.66324	60.5613186086989	38.9443856392397	35.1316555765285	74.0760412157682	7.46524	66.6108012157682	75.1130237269785	78.9560691353378	1580.31640342098
11	599697	599822	125	599759.5	10.7279032169985	8.48424437265703	19.2121475896555	1.20875	18.0033975896555	13.8722455400128	12.8748638350852	26.747109375098	7.01075	19.736359375098	22.3292633216177	23.3941842292571	469.789383419331
11	608433	608759	326	608596	28.3689796249698	23.9249611420452	52.293940767015	3.15242	49.141520767015	32.9856949400991	27.0960029753078	60.0816979154068	8.95442	51.1272779154069	60.949270923279	60.6029174865246	1282.32266306718
11	611250	611419	169	611334.5	23.70106524899	28.9936681662454	52.6947334152354	1.63423	51.0605034152354	30.9132329554765	32.613001776447	63.5262347319236	7.43623	56.0900047319236	63.3293477198026	66.4854079306109	1332.39752647062
11	614001	614108	107	614054.5	13.0469606782956	7.61066039689526	20.6576210751908	1.03469	19.6229310751908	19.286146232291	12.5502697891462	31.8364160214372	6.83669	24.9997260214372	24.3379391549767	29.6330333832682	512.050275220874
11	614911	615288	377	615099.5	47.0011378534281	43.5095019008556	90.5106397542837	3.64559	86.8650497542837	61.2719760820154	54.762095493406	116.034071575421	9.44759	106.586481575421	107.737029066297	126.34061525399	2266.6987140362
11	618864	619081	217	618972.5	9.17943162076782	10.653904574363	19.8333361951308	2.09839	17.7349461951308	14.7194300000235	13.5987505567586	28.3181805567822	7.90039	20.4177905567822	21.9963082864613	24.201907999427	462.784282605233
11	625672	625831	159	625751.5	10.9271995612857	15.8437093772545	26.7709089385402	1.53753	25.2333789385402	19.7347380037273	24.1803564573034	43.9150944610307	7.33953	36.5755644610307	31.2964683475397	43.3542720330697	658.452021297052
11	626351	626585	234	626468	9.35632837593295	9.70612195963426	19.0624503355672	2.26278	16.7996703355672	15.2952194382603	17.9420708867995	33.2372903250598	8.06478	25.1725103250598	20.8363038571559	29.8378405492732	438.378740973257
11	630326	630860	534	630593	42.1435269570706	37.7516075184881	79.8951344755586	5.16378	74.7313544755586	46.8837400068686	42.4939205297662	89.3776605366348	10.96578	78.4118805366348	92.6878431782626	92.9442935332359	1950.07618791559
11	635309	635559	250	635434	25.123839150906	15.6939121250005	40.8177512759065	2.4175	38.4002512759065	28.9918681992624	18.9884516929317	47.9803198921941	8.2195	39.7608198921941	47.627083614966	47.1298646313631	1002.03477039362
11	640399	640493	94	640446	2.72055009667752	3.41773730810278	6.13828740478029	0.90898	5.22930740478029	5.91429151355933	7.5613613011935	13.4756528147528	6.71098	6.76467281475283	6.4858081064719	8.01839888863442	136.456082201587
12	22703	22894	191	22798.5	7.46026315564689	5.48869932023949	12.9489624758864	1.84697	11.1019924758864	13.4261537227196	8.35944666183392	21.7856003845535	7.64897	14.1366303845535	13.7695849993961	16.7566332428277	876.948337154883
12	23278	23418	140	23348	3.46903636711901	2.34625696237391	5.81529332949292	1.3538	4.46149332949292	7.66215945224294	7.46276310978999	15.1249225620329	7.1558	7.96912256203292	5.53350326602404	9.4460745175199	352.414142328451
12	29570	29832	262	29701	3.31893912036781	3.49383591221847	6.81277503258629	2.53354	4.27923503258629	8.11045122918204	6.53948004566356	14.6499312748456	8.33554	6.3143912748456	5.30745185078917	7.48466472320803	338.01752741882
12	35265	35392	127	35328.5	0.374293134303607	0.923383062292148	1.29767619659576	1.22809	0.0695861965957558	4.74201301678102	3.66883270223485	8.41084571901587	7.03009	1.38075571901588	0.0863064040883751	1.63665714898837	5.49662590081234
12	36655	37051	396	36853	5.31600248803475	4.96620890433344	10.2822113923682	3.82932	6.45289139236819	8.81003839658467	8.08585168041403	16.8958900769987	9.63132	7.2645700769987	8.00339549068118	8.61094427283718	509.715025358683
12	39546	39716	170	39631	1.99676337316977	2.8439478331805	4.84071120635026	1.6439	3.19681120635026	4.96620890433344	7.38656450750857	12.352773411842	7.4459	4.906873411842	3.96494266488391	5.81628548632494	252.51667911828
12	40462	40583	121	40522.5	1.69656887966738	1.09817985597708	2.79474873564446	1.17007	1.62467873564446	5.54009837742144	3.86832904285353	9.40842742027497	6.97207	2.43635742027497	2.01505738683918	2.88789807962986	128.333658911128
12	46518	46645	127	46581.5	0.174796793684933	1.29757619843003	1.47237299211497	1.22809	0.244282992114966	5.58959746945465	4.66601441083105	10.2556118802857	7.03009	3.2255218802857	0.302979436451589	3.82332180260722	19.2959564867058
12	53967	54245	278	54106	1.12287940291082	2.22075926439073	3.34363866730156	2.68826	0.655378667301555	4.4171189763449	5.4658997384545	9.88301871479939	8.49026	1.39275871479939	0.812853394181321	1.65088471190035	51.7684761312176
12	65382	65458	76	65420	0.374293134303607	1.29747620026431	1.67176933456792	0.73492	0.936849334567916	4.7914121106485	4.71541350469853	9.50682561534704	6.53692	2.96990561534704	1.16195597970181	3.52033106959925	74.0018936149025
12	73223	73405	182	73314	1.0487807621096	0.873983968424667	1.92276473053427	1.75994	0.162824730534268	3.74463131185338	4.36801987697459	8.11265118882796	7.56194	0.550711188827963	0.201948341431961	0.652776875597941	12.8615540858865
12	81087	81314	227	81200.5	1.89616521845178	1.52187208414817	3.41803730259995	2.19509	1.22294730259995	4.91500984348293	4.24262217715713	9.15763202064007	7.99709	1.16054202064007	1.51679771622145	1.37563029334093	96.6008223994448
12	86548	87241	693	86894.5	14.7194300000235	14.7710290535369	29.4904590535605	6.70131	22.7891490535605	17.6889755293529	18.7894553431417	36.4784308724946	12.50331	23.9751208724946	28.2649376351569	28.418533730062	1800.11888956888
12	88285	88466	181	88375.5	3.1442423248486	1.12287940291082	4.26712172775943	1.75027	2.51685172775943	5.19040479188585	7.91095488856337	13.1013596804492	7.55227	5.54908968044922	3.12160216929831	6.57752647395003	198.806560382559
12	92515	92617	102	92566	1.07348030904334	2.04606246887152	3.11954277791486	0.98634	2.13320277791486	5.21530433515104	5.76429426497386	10.9795986001249	6.78834	4.1912586001249	2.64576985034405	4.96804268610424	168.502062397341
12	94062	94230	168	94146	0.797985362474696	3.19354142055036	3.99152678302506	1.62456	2.36696678302506	4.71561350102998	8.30984757163499	13.025461072665	7.42656	5.59890107266497	2.93570279212504	6.63656962694821	186.967122251535
12	97616	97848	232	97732	3.36853821056674	3.26784005768303	6.63637826824977	2.24344	4.39293826824978	7.58646084079014	6.81117506193471	14.3976359027248	8.04544	6.35219590272484	5.44847575902684	7.52947584629902	346.998965990392
12	98925	99038	113	98981.5	1.29767619659576	1.52167208781672	2.81934828441248	1.09271	1.72663828441248	7.03717091647015	6.58887913953104	13.6260500560012	6.89471	6.73134005600119	2.14151582898915	7.97888842551988	136.387461590546
12	100238	100311	73	100274.5	0.748586268607215	1.39827435131374	2.14686061992096	0.70591	1.44095061992096	4.74211301494675	5.06700705538287	9.80912007032962	6.50791	3.30121007032962	1.78718298395803	3.91303761230719	113.820942754791
12	100584	100780	196	100682	3.71793180160516	4.56731622126181	8.28524802286698	1.89532	6.38992802286698	8.78473886065659	9.80902007216389	18.5937589328205	7.69732	10.8964389328205	7.92530325002452	12.9159230936423	504.741537734215
12	108367	108495	128	108431	0.573789474922281	1.29757619843003	1.87136567335231	1.23776	0.633605673352313	4.29192127285889	5.41670064091846	9.70862191377735	7.03976	2.66886191377735	0.7858487739272	3.16349363662949	50.0486235119565
12	111623	112190	567	111906.5	14.2482386431337	15.7477111381598	29.9959497812935	5.48289	24.5130597812935	17.9417708923023	19.8894351661018	37.8312060584041	11.28489	26.5463160584041	30.4030705287297	31.4662596416828	1936.29090097787
12	114316	114541	225	114428.5	13.1497587926595	7.26076681502822	20.4105256076877	2.17575	18.2347756076877	17.6429763731201	10.2056127974239	27.8485891705439	7.97775	19.8708391705439	22.6162369701052	23.553587746896	1440.36813052131
12	116113	116347	234	116230	2.52105375605884	3.14624228816308	5.66729604422192	2.26278	3.40451604422192	7.46276310978999	6.76557589836473	14.2283390081547	8.06478	6.16355900815471	4.22255492917535	7.30587806009451	268.923320771677
12	124954	125460	506	125207	13.8984450594324	13.3495551277753	27.2480001872077	4.89302	22.3549801872077	17.7665741059545	17.692575463319	35.4591495692735	10.69502	24.7641295692735	27.7264464478929	29.353772821534	1765.82381449839
12	125698	125926	228	125812	9.58262422496556	14.6470313280396	24.2296555530052	2.20476	22.0248955530052	14.450034941564	18.8151548717326	33.2651898132967	8.00676	25.2584298132967	27.3170489061887	29.9396838679165	1739.75037122116
12	130875	131053	178	130964	3.84312950509117	4.96610890616771	8.80923841125888	1.72126	7.08797841125888	8.65944115900486	11.7069852575987	20.3664264166036	7.52326	12.8431664166036	8.79108154862281	15.2234460027175	559.880660615104
12	131470	131607	137	131538.5	2.67115100281003	4.49111761898039	7.16226862179043	1.32479	5.83747862179043	8.4621447780321	9.35682836676157	17.8189731447937	7.12679	10.6921831447937	7.24011101966484	12.6738116968961	461.103462434799
12	136427	136506	79	136466.5	0.898583517192684	0.723886721673474	1.62247023886616	0.76393	0.858540238866158	3.24494047773232	4.19322308328965	7.43816356102197	6.56593	0.87223356102197	1.06483073377561	1.03388837980093	67.8162443804144
12	140691	141053	362	140872	3.07014368404738	3.34373866546728	6.41388234951466	3.50054	2.91334234951466	6.58877914136532	5.04040754330038	11.6291866846657	9.30254	2.3266466846657	3.61336176376572	2.75785417882773	230.125424289283
12	143034	143132	98	143083	2.12216107298722	2.19625971378844	4.31842078677566	0.94766	3.37076078677566	5.61609698337141	6.33788374356469	11.9539807269361	6.74966	5.2043207269361	4.18068894092213	6.16885999895714	266.256987052569
12	147605	147804	199	147704.5	2.39565605624139	2.46995469337406	4.86561074961545	1.92433	2.94128074961545	4.31652082162691	6.26418509542636	10.5807059170533	7.72633	2.85437591705327	3.64801321716659	3.38338975258792	232.332283424197
12	159601	159980	379	159790.5	5.81539332765864	4.84081120451599	10.6562045321746	3.66493	6.99127453217463	9.98391686401455	7.8104567320111	17.7943735960257	9.46693	8.32744359602565	8.67114161120038	9.87080473868827	552.242004207837
12	164156	164358	202	164257	5.21500434065387	5.21500434065387	10.4300086813077	1.95334	8.47666868130774	8.65964115533631	10.3067109429705	18.9663520983068	7.75534	11.2110120983068	10.5134470386738	13.2887974645992	669.573549147284
12	168804	168943	139	168873.5	4.09222493590877	4.06522543116338	8.15745036707215	1.34413	6.81332036707215	6.9629722775032	8.43314530997225	15.3961175874755	7.14613	8.24998758747545	8.45042852679709	9.77899347303141	538.185373425988
12	175045	175154	109	175099.5	2.19635971195416	2.91984644096474	5.11620615291891	1.05403	4.06217615291891	8.65984115166775	6.71197688153685	15.3718180332046	6.85603	8.5157880332046	5.0382379506766	10.0940558651082	320.872008359746
12	177445	177603	158	177524	3.11934278158342	4.11682448467679	7.2361672662602	1.52786	5.7083072662602	6.08878831274709	7.11296952608867	13.2017578388358	7.32986	5.87189783883576	7.0799023036777	6.96016206466238	450.900194356
12	179700	180011	311	179855.5	7.1109695627742	10.3044109851588	17.415380547933	3.00737	14.408010547933	10.1319141492855	14.6475313188682	24.7794454681538	8.80937	15.9700754681538	17.8699748124375	18.9298786344822	1138.09128579067
12	182048	182280	232	182164	4.39031946793096	9.2309306761155	13.6212501440465	2.24344	11.3778101440465	8.85693753630906	13.0745601720353	21.9314977083443	8.04544	13.8860577083443	14.1116762802464	16.4596208486648	898.73522324549
12	183459	183559	100	183509	0.723886721673474	2.79464873747874	3.51853545915221	0.967	2.55153545915221	6.11398785050945	7.33736540997253	13.451353260482	6.769	6.68235326048198	3.1646197257006	7.92082269529086	201.546234421908
12	184986	185112	126	185049	1.89606522028605	3.34363866730155	5.23970388758761	1.21842	4.02128388758761	6.46358143787931	7.38666450567429	13.8502459435536	7.02042	6.82982594355361	4.98752007057354	8.09562712862082	317.641921133272
12	187372	187607	235	187489.5	3.71783180343944	4.58981580854963	8.30764761198907	2.27245	6.03519761198907	7.73605809671271	6.41188238620019	14.1479404829129	8.07445	6.0734904829129	7.48533803161322	7.19911674547115	476.721320225213
12	196588	196753	165	196670.5	2.81934828441248	4.59191577002983	7.41126405444231	1.59555	5.81571405444231	4.94160935556542	6.63807823706708	11.5796875926325	7.39755	4.1821375926325	7.21311685075994	4.95723124283963	459.384275434241
12	198252	198360	108	198306	5.8646924233604	10.4296086886448	16.2943011120052	1.04436	15.2499411120052	12.0298793347204	18.3653631223077	30.395242457028	6.84636	23.548882457028	18.9142048901251	27.9132987053293	1204.5955290395
12	204810	204927	117	204868.5	3.59253410178771	1.84656612825285	5.43910023004056	1.13139	4.30771023004056	8.48474436348565	7.78735715572894	16.2721015192146	6.93339	9.33871151921459	5.34276908349067	11.0694953204006	340.266788271043
12	208597	208691	94	208644	1.87146567151804	2.095461562739	3.96692723425704	0.90898	3.05794723425704	5.16600523944928	6.56217962928283	11.7281848687321	6.71098	5.01720486873211	3.79271238538728	5.94706514936787	241.547789553423
12	212136	212381	245	212258.5	3.46703640380453	7.28366639497894	10.7507027987835	2.36915	8.38155279878347	6.61127872865314	10.7529027584294	17.3641814870825	8.17115	9.19303148708253	10.3954766624503	10.8968157777631	662.060328867425
12	222178	222332	154	222255	2.64445149256182	3.09494322914685	5.73939472170867	1.48918	4.25021472170867	7.11106956093992	7.66235944857438	14.7734290095143	7.29118	7.48224900951431	5.27145852452758	8.86896658350322	335.725207961469
12	224626	224814	188	224720	5.88949196845986	6.58637918538795	12.4758711538478	1.81796	10.6579111538478	10.7550027199096	10.5286068727113	21.2836095926208	7.61996	13.6636495926208	13.2187995864412	16.1959928748105	841.870275467386
12	225236	225488	252	225362	17.0635870009172	16.0946047750551	33.1581917759724	2.43684	30.7213517759724	21.1311123898923	19.8868352137929	41.0179476036852	8.23884	32.7791076036852	38.103094151289	38.8542014044801	2426.68497691791
12	228528	228681	153	228604.5	3.01894462319688	3.09484323098112	6.113787854178	1.47951	4.634277854178	8.08595167857975	7.16246861812188	15.2484202967016	7.28151	7.96691029670162	5.747804546123	9.44345224348542	366.062422305022
12	230608	230808	200	230708	10.080015101275	10.8286013698822	20.9086164711572	1.934	18.9746164711572	15.2724198564753	16.3686997473036	31.6411196037789	7.736	23.9051196037789	23.5338471808576	28.3355588234193	1498.80829037442
12	231203	231373	170	231288	5.19030479372013	5.43910023004056	10.6294050237607	1.6439	8.98550502376069	8.68424070410432	10.0559155433356	18.7401562474399	7.4459	11.2942562474399	11.1445468420114	13.3874696119702	709.766621279813
12	232075	232233	158	232154	2.32165741360589	3.84142953627387	6.16308694987976	1.52786	4.63522694987976	5.74159468135459	6.41208238253164	12.1536770638862	7.32986	4.82381706388622	5.74898169103337	5.71783594613576	366.137391541334
12	234313	234912	599	234612.5	8.95763568919277	10.9790986092963	19.936734298489	5.79233	14.1444042984891	11.9518807654559	15.022124447669	26.9740052131249	11.59433	15.3796752131249	17.5430291163406	18.2300569463662	1117.26898181094
12	237819	237896	77	237857.5	0.873983968424667	0.5243903810548	1.39837434947947	0.74459	0.653784349479467	5.46619973295167	4.592215764527	10.0584154974787	6.54659	3.51182549747867	0.810875992844131	4.16268730760334	51.6425406862051
12	239099	239197	98	239148	4.39231943124543	4.29172127652744	8.68404070777288	0.94766	7.73638070777288	7.86145579653016	7.91095488856337	15.7724106850935	6.74966	9.02275068509353	9.59528228601704	10.6949760981785	611.098071991521
12	245387	245533	146	245460	4.4171189763449	4.49111761898039	8.90823659532529	1.41182	7.49641659532529	9.80702010884942	9.08303338901022	18.8900534978596	7.21382	11.6762334978596	9.2976594718845	13.8402403584828	592.143264568905
12	246097	246320	223	246208.5	3.94202769099185	4.96620890433344	8.90823659532529	2.15641	6.75182659532529	9.63232331333021	9.55832467069471	19.1906479840249	7.95841	11.2322379840249	8.37415899960717	13.3139572355317	533.327969586459
12	246997	247159	162	247078	6.16308694987976	3.91742814222384	10.0805150921036	1.56654	8.51397509210359	9.40822742394352	7.2365672589231	16.6447946828666	7.36854	9.27625468286662	10.5597174532495	10.9954630884103	672.520389093691
12	248397	248828	431	248612.5	7.7609576399779	10.5802059262247	18.3411635662026	4.16777	14.1733935662026	14.3497367813432	15.1228226005527	29.4725593818959	9.96977	19.5027893818959	17.5789839403705	23.1173256988896	1119.55884916331
12	251146	251263	117	251204.5	1.59787069009814	3.26954002650033	4.86741071659847	1.13139	3.73602071659847	4.76701255821193	7.23646726075738	12.0034798189693	6.93339	5.07008981896931	4.63371371656423	6.00975149619053	295.108933113887
12	253127	253734	607	253430.5	68.8132377518985	90.8443336333035	159.657571385202	5.86969	153.787881385202	71.3838905981562	94.288970447986	165.672861046142	11.67169	154.001171046142	190.740113471525	182.542874220282	12147.7317831237
12	255079	255176	97	255127.5	3.39313775933476	1.64726978396562	5.04040754330038	0.93799	4.10241754330038	7.93575443366283	4.89241025802939	12.8281646916922	6.73999	6.08817469169222	5.08814856325855	7.21652244218124	324.050682859525
12	259519	259977	458	259748	18.9635521496665	26.4730144028495	45.436566552516	4.42886	41.007706552516	23.8539624443814	30.6908370349071	54.5447994792886	10.23086	44.3139394792886	50.8610596009326	52.5268335664101	3239.20594883065
12	260545	260955	410	260750	20.7360196371182	11.6040871450691	32.3401067821872	3.9647	28.3754067821872	23.5308683709283	13.7510477631557	37.2819161340841	9.7667	27.5152161340841	35.1934642748507	32.6147301594419	2241.3783694936
12	262948	263115	167	263031.5	2.46975469704261	3.86812904652208	6.33788374356469	1.61489	4.72299374356469	6.51288053358107	7.1625686162876	13.6754491498687	7.41689	6.25855914986867	5.85783713553075	7.41848498900289	373.070106001967
12	265235	265429	194	265332	6.1877864968135	7.88605534529818	14.0738418421117	1.87598	12.1978618421117	10.5805059207218	12.2785747728751	22.8590806935969	7.67798	15.1811006935969	15.128770426629	17.9946797521843	963.511251022604
12	266940	267126	186	267033	2.22085926255646	2.22095926072218	4.44181852327864	1.79862	2.64319852327864	5.54009837742144	6.31328419479667	11.8533825722181	7.60062	4.25276257221812	3.27830763852663	5.04094545538575	208.786715969592
12	270797	270983	186	270890	3.6191336138702	3.79403040572086	7.41316401959106	1.79862	5.61454401959106	7.98715349084479	6.16518691135995	14.1523404022047	7.60062	6.55172040220474	6.96360957535579	7.76597908432641	443.4938190201
12	273933	274124	191	274028.5	6.28848464969721	4.44181852327864	10.7303031729758	1.84697	8.88333317297585	10.831201322191	9.03393428963991	19.8651356118309	7.64897	12.2161656118309	11.0178250858056	14.4802404266552	701.696048826767
12	278646	278871	225	278758.5	9.80682011251797	6.43878189277985	16.2456020052978	2.17575	14.0698520052978	12.6262683950962	8.06135212981173	20.6876205249079	7.97775	12.7098705249079	17.4505633593852	15.0654458068321	1111.38008306713
12	281030	281234	204	281132	9.53082517512071	7.61256036204401	17.1433855371647	1.97268	15.1707055371647	14.6965304200728	10.6829040424228	25.3794344624957	7.77468	17.6047544624957	18.815930550171	20.8675197577778	1198.33669705498
12	281760	281964	204	281862	10.1295141933082	11.153595408484	21.2831096017922	1.97268	19.3104296017922	14.596232259852	14.8964267533544	29.4926590132064	7.77468	21.7179790132064	23.9503496650951	25.7430660065476	1525.3342285918
12	282480	282828	348	282654	16.1705033828394	9.2309306761155	25.4014340589549	3.36516	22.0362740589549	19.6149402011904	13.1486588128365	32.7635990140269	9.16716	23.5964390140269	27.3311614454631	27.9696691247463	1740.64916140622
12	286628	286783	155	286705.5	3.29423957343407	1.37177483739698	4.66601441083105	1.49885	3.16716441083105	6.33988370687916	5.314102522886	11.6539862297652	7.30085	4.35313622976517	3.92817232192537	5.15992179706014	250.174873528967
12	289780	290009	229	289894.5	5.16360528347191	7.73365814073534	12.8972634242073	2.21443	10.6828334242073	10.479107780678	16.2674016054256	26.7465093861036	8.01643	18.7300793861036	13.2497101928785	22.2014060171594	843.838889983862
12	293691	293770	79	293730.5	0.549089927988541	0.5243903810548	1.07348030904334	0.76393	0.309550309043341	3.64403315713539	4.14372399125645	7.78775714839184	6.56593	1.22182714839184	0.383929218220923	1.44827365891257	24.4514333234283
12	296278	296444	166	296361	1.6966688778331	1.67186933273364	3.36853821056674	1.60522	1.76331821056674	6.8872736660504	6.0397892115425	12.9270628775929	7.40722	5.5198428775929	2.18700922686793	6.54285923461101	139.284815404991
12	300374	300604	230	300489	4.89201026536649	5.36490159107361	10.2569118564401	2.2241	8.03281185644011	7.86165579286161	7.73605809671271	15.5977138895743	8.0261	7.57161388957432	9.96294006518665	8.97489384333957	634.513220530782
12	301998	302185	187	302091.5	3.86812904652208	3.29233960828532	7.1604686548074	1.80829	5.3521786548074	6.48818098664733	8.15995032121525	14.6481313078626	7.61029	7.03784130786258	6.63820292433051	8.34219488018397	422.769532737814
12	315948	316020	72	315984	0.5243903810548	0.923283064126425	1.44767344518122	0.69624	0.751433445181225	4.51801712556006	3.34373866546728	7.86175579102733	6.49824	1.36351579102733	0.931988264024279	1.61622207057305	59.3558599202372
12	320183	320644	461	320413.5	3.1442423248486	5.16560524678639	8.30984757163499	4.45787	3.85197757163499	7.16266861445332	8.68434070227005	15.8470093167234	10.25987	5.58713931672337	4.77753274500943	6.62262801390156	304.26838547587
12	322137	322225	88	322181	2.12216107298722	2.769949190545	4.89211026353222	0.85096	4.04115026353222	6.36468325197863	6.18988645829369	12.5545697102723	6.65296	5.90160971027232	5.01215994965771	6.99538056575332	319.211169661205
12	322936	323364	428	323150	6.43848189828268	4.54261667432807	10.9810985726108	4.13876	6.84233857261075	9.13443244619218	7.46286310795571	16.5972955541479	9.94076	6.65653555414789	8.4864192418477	7.89022008176536	540.47752658224
12	327595	327676	81	327635.5	0.5243903810548	1.49697254088298	2.02136292193778	0.78327	1.23809292193778	3.94422765063777	6.48788099215016	10.4321086427879	6.58527	3.84683864278793	1.53558253284728	4.55978988825844	97.7971775332052
12	329396	329513	117	329454.5	1.64726978396562	2.1715601668547	3.81882995082032	1.13139	2.68743995082032	5.54019837558717	5.44130018968648	10.9814985652736	6.93339	4.04810856527365	3.33317941927707	4.79836203608729	212.281354107774
12	340995	341800	805	341397.5	20.9868150367531	19.1157493578979	40.102564394651	7.78435	32.318214394651	24.7541459322257	22.759882513199	47.5140284454247	13.58635	33.9276784454247	40.0836517501175	40.2156418485526	2552.82143586045
12	368305	368590	285	368447.5	3.24504047589804	3.61933361020165	6.86437408609969	2.75595	4.10842408609969	7.93575443366283	7.53876171573996	15.4745161494028	8.55795	6.91656614940279	5.09559836128419	8.19844327202161	324.525140731059
12	370341	370467	126	370404	1.27297664966202	0.374193136137884	1.6471697857999	1.21842	0.428749785799899	4.11912444248843	4.61671531512929	8.73583975761773	7.02042	1.71541975761773	0.531770007218749	2.03334592147988	33.8670209450592
12	371201	371345	144	371273	3.3683382142353	2.22085926255646	5.58919747679175	1.39248	4.19671747679175	8.33464711673446	5.8401928727581	14.1748399894926	7.19448	6.98035998949256	5.20510693379133	8.27406030044048	331.49945118185
12	388368	388593	225	388480.5	4.29182127469317	4.34122036856065	8.63304164325382	2.17575	6.45729164325382	8.60834209632008	10.5805059207218	19.1888480170419	7.97775	11.2110980170419	8.00885303613709	13.2888993070251	510.062601949606
12	390455	390848	393	390651.5	5.36500158923934	8.11035123101632	13.4753528202557	3.80031	9.67504282025566	10.6809040791084	13.5021523286696	24.183056407778	9.60231	14.580746407778	11.9997671387064	17.283059209695	764.233333030437
12	395667	395756	89	395711.5	1.47247299028069	0.374293134303607	1.8467661245843	0.86063	0.986136124584296	6.03988920970823	6.01498966644304	12.0548788761513	6.66263	5.39224887615126	1.22308542524521	6.39161768496432	77.8950658218235
12	447754	447863	109	447808.5	1.67196933089936	3.84332950142261	5.51529883232198	1.05403	4.46126883232198	5.51559882681915	8.70884025287234	14.2244390796915	6.85603	7.36840907969149	5.53322482655616	8.73402820706279	352.396409257457
12	500503	500590	87	500546.5	5.23950389125616	5.63839657432779	10.8779004655839	0.84129	10.0366104655839	10.2306123388548	9.00693478489453	19.2375471237493	6.64329	12.5942571237493	12.4482124458162	14.9284052739419	792.79362489051
12	514830	515164	334	514997	12.8748638350852	16.4917974893094	29.3666613243946	3.22978	26.1368813243946	17.316982352861	21.758300885311	39.075283238172	9.03178	30.043503238172	32.4170647563556	35.6115956488348	2064.55685009932
12	534487	534698	211	534592.5	17.4910791593858	13.2980560724276	30.7891352318135	2.04037	28.7487652318135	20.7094201250357	18.7886553578159	39.4980754828515	7.84237	31.6557054828515	35.6565334868446	37.5225943092282	2270.87001905773
12	540636	540728	92	540682	12.0003798758319	11.601587190926	23.6019670667579	0.88964	22.7123270667579	18.0894681830761	15.4697162374481	33.5591844205242	6.69164	26.8675444205242	28.1696568214291	31.8470226456531	1794.05070732773
12	543730	543790	60	543760	1.79726703255109	2.52105375605884	4.31832078860993	0.5802	3.73812078860993	7.88635533979535	7.76065764548073	15.6470129852761	6.3822	9.26481298527608	4.63631839497033	10.9819008515134	295.274818171218
12	545810	545905	95	545857.5	4.39231943124543	3.69333225283715	8.08565168408258	0.91865	7.16700168408258	7.91095488856337	8.03635258838082	15.9473074769442	6.72065	9.22665747694419	8.88909257452106	10.9366738177777	566.122722825991
12	552081	552206	125	552143.5	15.8436093790888	13.5698510868645	29.4134604659533	1.20875	28.2047104659533	20.4110255985163	17.3374819768343	37.7485075753506	7.01075	30.7377575753506	34.9817529590151	36.4345191453744	2227.89503746965
12	553833	554361	528	554097	119.103915264972	78.7636552303956	197.867570495367	5.10576	192.761810495367	126.040188032227	83.7548636761599	209.795051708387	10.90776	198.887291708387	239.078718528994	235.7479337833	15226.28929429
12	556555	556687	132	556621	12.0992780617326	14.1736400115039	26.2729180732364	1.27644	24.9964780732364	16.1176043531716	17.0936864488001	33.2112908019716	7.07844	26.1328508019716	31.0026448191671	30.9761650807992	1974.47619683268
12	561815	561897	82	561856	3.44243685503652	4.39231943124543	7.83475628628195	0.79294	7.04181628628195	7.36196495874055	7.46266311162426	14.8246280703648	6.59494	8.22968807036481	8.7338275642589	9.7549317586075	556.234306248896
12	566441	566542	101	566491.5	6.78587552600663	8.1593503322209	14.9452258582275	0.97667	13.9685558582275	11.352991750937	14.0490422970122	25.4020340479492	6.77867	18.6233640479492	17.3249277214377	22.0749126637792	1103.37868260442
12	567970	568403	433	568186.5	136.355798811947	95.0554563882577	231.411255200204	4.18711	227.224145200204	143.643965124383	100.869149747099	244.513114871482	9.98911	234.524004871482	281.821680932056	277.989353146313	17948.4751703409
12	573338	573447	109	573392.5	4.06762538714075	4.56731622126181	8.63494160840257	1.05403	7.58091160840257	10.5310068286886	14.4010358403594	24.9320426690481	6.85603	18.0760126690481	9.40245699062896	21.426118286215	598.817540504233
12	573761	573986	225	573873.5	25.6996285891428	24.2515551512987	49.9511837404414	2.17575	47.7754337404414	30.6641375246589	32.5123036235633	63.1764411482222	7.97775	55.1986911482222	59.2549397957959	65.4289033449953	3773.78990902157
12	576508	576616	108	576562	2.4451551482746	3.09484323098112	5.53999837925572	1.04436	4.49563837925572	8.2832480595525	9.2085310869934	17.4917791465459	6.84636	10.6454191465459	5.57585270609425	12.6183807245717	355.111265811159
12	585884	586308	424	586096	18.5914589750088	11.4024908429702	29.993949817979	4.10008	25.893869817979	23.53316832874	15.5690144160116	39.1021827447516	9.90208	29.2001027447516	32.1156623188482	34.6118840937738	2045.36132849151
12	588989	589302	313	589145.5	15.2458203443928	9.98141690987146	25.2272372542643	3.02671	22.2005272542643	21.1847114067202	13.1505587779853	34.3352701847054	8.82871	25.5065601847054	27.534881483929	30.2338013143658	1753.62355017578
12	602580	602991	411	602785.5	70.9807979921242	60.1068974531692	131.087695445293	3.97437	127.113325445293	95.9341402704714	85.333934711102	181.268074981573	9.77637	171.491704981573	157.656181363529	203.275004466645	10040.7039206336
12	605129	605238	109	605183.5	5.73919472537722	8.70834026204372	14.4475349874209	1.05403	13.3935049874209	15.6447130274644	35.2804528471253	50.9251658745897	6.85603	44.0691358745897	16.6117033284518	52.2366594507352	1057.95531323819
12	607157	607676	519	607416.5	50.0278823335515	44.0166925974059	94.0445749309574	5.01873	89.0258449309574	55.417783466056	49.0570001425406	104.474783608597	10.82073	93.6540536085966	110.417021231318	111.011364471841	7032.16713986994
12	609588	609709	121	609648.5	6.51248054091818	7.46026315564689	13.9727436965651	1.17007	12.8026736965651	9.98161690620291	10.3558100423408	20.3374269485437	6.97207	13.3653569485437	15.8789067878837	15.8424163647183	1011.28544571842
12	611262	612200	938	611731	412.427934793148	232.471935744035	644.899870537183	9.07046	635.829410537183	418.990014424266	236.738957473629	655.728971897894	14.87246	640.856511897894	788.606831838866	759.629221323096	50224.2769030732
12	617358	617483	125	617420.5	6.21218604925007	8.00945308180116	14.2216391310512	1.20875	13.0128891310512	9.58072425981681	10.9048999703293	20.4856242301461	7.01075	13.4748742301461	16.1396328962493	15.9722309578457	1027.8903998397
12	620297	620422	125	620359.5	6.31278420396806	7.63525994566328	13.9480441496313	1.20875	12.7392941496313	11.2545935558649	10.5060072872577	21.7606008431226	7.01075	14.7498508431226	15.8002983704647	17.4835045015166	1006.2790841654
12	623989	624097	108	624043	5.83799291311218	6.18758650048205	12.0255794135942	1.04436	10.9812194135942	11.2526935907162	11.5528880842186	22.8055816749347	6.84636	15.9592216749347	13.6197925229122	18.9170132608169	867.408451735194
12	626348	626531	183	626439.5	18.761455856739	21.5069054966817	40.2683613534208	1.76961	38.4987513534208	22.9052798461612	24.801445064613	47.7067249107742	7.57161	40.1351149107742	47.749251342311	47.5735293647791	3041.02313663531
12	626935	627120	185	627027.5	23.3550715955862	22.2346921468184	45.5897637424046	1.78895	43.8008137424046	27.6489928317595	25.0542404275624	52.7032332593219	7.59095	45.1122832593219	54.3252960384128	53.4731378524957	3459.83397672639
12	633422	633581	159	633501.5	12.8971634260415	11.6775857968759	24.5747492229175	1.53753	23.0372192229175	20.583722430721	15.6219134456794	36.2056358764005	7.33953	28.8661058764005	28.572614233767	34.2159861410814	1819.71399585163
12	636234	636551	317	636392.5	43.2929058738982	57.813939513126	101.106845387024	3.06539	98.0414553870242	47.7348243953425	65.1000058640823	112.834830259425	8.86739	103.967440259425	121.59890725456	123.236175682031	7744.31179453948
12	640054	640172	118	640113	5.96329061476391	8.15745036707215	14.1207409818361	1.14106	12.9796809818361	14.6475313188682	12.8252647448862	27.4727960637545	6.94306	20.5297360637545	16.0984454756774	24.3346008514355	1025.26728229594
12	641230	641305	75	641267.5	2.74504964727981	2.6443514943961	5.38940114167591	0.72525	4.66415114167591	7.46266311162426	7.33726541180681	14.7999285234311	6.52725	8.27267852343108	5.78485580267063	9.80588981829912	368.422118535544
12	645924	646135	211	646029.5	121.232676216897	125.21630314483	246.448979361726	2.04037	244.408609361726	172.128242634432	184.418617190863	356.546859825295	7.84237	348.704489825295	303.135237075704	413.331401273269	19305.8790151081
12	658138	658490	352	658314	71.4847887473714	54.4154018528422	125.900190600214	3.40384	122.496350600214	76.0027058747657	61.4791722813948	137.481878156161	9.20584	128.276038156161	151.929837402525	152.049991175718	9676.00826605876
12	660213	660524	311	660368.5	38.974685083454	30.6408379520453	69.6155230354993	3.00737	66.6081530354993	53.1246255296813	41.796733318341	94.9213588480223	8.80937	86.1119888480223	82.6127946733153	102.071496225396	5261.38971651351
12	669088	669161	73	669124.5	6.26358510643202	7.86105580386727	14.1246409102993	0.70591	13.4187309102993	11.2791931046329	15.8709088783313	27.1501019829643	6.50791	20.6421919829643	16.6429905491931	24.4678987125894	1059.94791332051
12	674060	674223	163	674141.5	18.2163658553794	13.573651017162	31.7900168725414	1.57621	30.2138068725414	23.5815674409502	19.0891498458154	42.6707172867657	7.37821	35.2925072867656	37.473596094613	41.8334203227335	2386.59391578074
12	677644	678140	496	677892	859.894926861365	597.466040620669	1457.36096748203	4.79632	1452.56464748203	868.70286529647	605.825187288006	1474.52805258448	10.59832	1463.92973258448	1801.58763609907	1735.24616226737	114738.336833329
12	679981	680125	144	680053	24.8729437531054	14.3449368693885	39.2178806224939	1.39248	37.8254006224939	28.7164732508595	17.9643704777559	46.6808437286153	7.19448	39.4863637286153	46.9141075477136	46.8045423198065	2987.83504403924
12	680881	681090	209	680985.5	18.3379636248994	23.1785748330839	41.5165384579833	2.02103	39.4955084579833	23.2036743726806	28.9674686468258	52.1711430195064	7.82303	44.3481130195064	48.985509762125	52.5673406366568	3119.75715553255
12	691290	691525	235	691407.5	20.2628283169139	9.43202698738575	29.6948553042996	2.27245	27.4224053042996	25.7289280516998	13.1767582974048	38.9056863491047	8.07445	30.8312363491047	34.0114751064356	36.5453227446181	2166.10061523869
12	699694	699860	166	699777	8.48424437265703	5.79059378255918	14.2748381552162	1.60522	12.6696181552162	11.5051889591684	9.15903199496019	20.6642209541286	7.40722	13.2570009541286	15.7138805918902	15.7139782851559	1000.77536511905
12	704196	704584	388	704390	50.4507745763968	80.188829088289	130.639603664686	3.75196	126.887643664686	74.3063369914298	100.299460196971	174.605797188401	9.55396	165.051837188401	157.376272647355	195.64160811921	10022.8772771136
12	707123	707315	192	707219	16.9150897248176	13.3500551186039	30.2651448434216	1.85664	28.4085048434216	22.2556917616204	16.6445946865352	38.9002864481556	7.65864	31.2416464481556	35.2345151554446	37.0317959225872	2243.99279116841
12	710645	710772	127	710708.5	7.21166771565791	7.65985949443129	14.8715272100892	1.22809	13.6434372100892	10.7054036297107	14.4484349709125	25.1538386006231	7.03009	18.1237486006231	16.9216893955108	21.4827013244743	1077.69750343931
12	713210	713423	213	713316.5	13.0719602197265	8.73283981264601	21.8048000323725	2.05971	19.7450900323725	18.2871645567118	12.84996429182	31.1371288485318	7.86171	23.2754188485318	24.4894505298947	27.5891529033821	1559.66813240702
12	718035	718129	94	718082	2.42025560500941	2.12016110967274	4.54041671468215	0.90898	3.63143671468215	6.36238329416698	8.2853480210327	14.6477313151997	6.71098	7.93675131519968	4.50400021629915	9.40770376748668	286.847824418963
12	720417	720580	163	720498.5	7.5097622476801	9.48182607391612	16.9915883215962	1.57621	15.4153783215962	12.9489624758864	11.877682126489	24.8266446023753	7.37821	17.4484346023753	19.1193934384396	20.6822284618076	1217.66344330529
12	721509	721729	220	721619	18.2144658902307	11.7764839827766	29.9909498730073	2.1274	27.8635498730073	21.3340086681456	15.0957230976416	36.4297317657872	7.9294	28.5003317657872	34.5586181214427	33.7824215323635	2200.94670226436
12	723540	723731	191	723635.5	14.7211299688408	6.36218329783554	21.0833132666764	1.84697	19.2363432666764	29.3212621571561	12.6999670432345	42.0212292003906	7.64897	34.3722592003906	23.8584618268636	40.7426186779052	1519.48213595826
12	725645	725854	209	725749.5	8.20884942425411	6.73667642847059	14.9455258527247	2.02103	12.9244958527247	17.1663851152812	15.0462240056084	32.2126091208896	7.82303	24.3895791208896	16.030000435055	28.9098053184037	1020.90819924711
12	728242	728748	506	728495	82.9335787410716	77.1377850538948	160.071363794966	4.89302	155.178343794966	87.2746991114665	81.205610437367	168.480309548834	10.69502	157.785289548834	192.464676911944	187.028319773579	12257.5646532835
12	730582	730726	144	730654	6.01258971046567	5.51519883415625	11.5277885446219	1.39248	10.1353085446219	11.6021871799203	11.0304976664782	22.6326848463985	7.19448	15.4382048463985	12.5706257505939	18.2994341297489	800.589803502658
12	732233	732341	108	732287	7.40896409663066	5.04000755063749	12.4489716472682	1.04436	11.4046116472682	12.8996633801846	7.78535719241447	20.6850205725991	6.84636	13.8386605725991	14.144917662595	16.4034393967319	900.852278696083
12	737743	737852	109	737797.5	3.7426313485389	3.54303500975451	7.28566635829341	1.05403	6.23163635829341	13.0521605829132	11.9292811800024	24.9814417629155	6.85603	18.1254117629155	7.72897718199883	21.4846727278286	492.238051325377
12	743914	744133	219	744023.5	9.45702652881666	11.7024853401411	21.1595118689578	2.11773	19.0417818689578	12.401972509378	15.8708088801656	28.2727813895436	7.91973	20.3530513895436	23.6171511153579	24.1251704422898	1504.11369695288
12	745331	745523	192	745427	4.99080845310145	7.61056039872954	12.601368851831	1.85664	10.744728851831	8.06115213348028	11.1538954029812	19.2150475364615	7.65864	11.5564075364615	13.3264778860282	13.6982065333422	848.728020691707
12	747288	747812	524	747550	11.8504826254121	14.8695272467747	26.7200098721869	5.06708	21.6529298721869	13.473052862444	18.5136604020758	31.9867132645199	10.86908	21.1176332645199	26.8557071182159	25.0314555834143	1710.36873670999
12	757183	757378	195	757280.5	13.549051468394	17.4662796142864	31.0153310826804	1.88565	29.1296810826804	18.8156548625613	24.604248681806	43.4199035443672	7.68765	35.7322535443672	36.1289759963781	42.3546666564134	2300.95862907429
12	758960	759436	476	759198	68.6180413324059	93.0478932131898	161.665934545596	4.60292	157.063014545596	71.9125809003371	95.8424419525028	167.75502285284	10.40492	157.35010285284	194.802197330286	186.512478044783	12406.4351271591
12	764223	764727	504	764475	56.5662623993921	50.7248695486453	107.291131948037	4.87368	102.417451948037	62.4290548576037	58.1341336397731	120.563188497377	10.67568	109.887508497377	127.026370544128	130.253435774243	8089.97253209727
12	766360	766526	166	766443	7.41106405811086	9.58242422863411	16.993488286745	1.60522	15.388268286745	14.1992395419291	12.7268665498142	26.9261060917433	7.40722	19.5188860917433	19.0857693903211	23.1364056816006	1215.52201688705
12	771772	771847	75	771809.5	3.01874462686543	4.66561441816816	7.68435904503359	0.72525	6.95910904503359	6.56217962928283	8.13475078345289	14.6969304127357	6.52725	8.16968041273572	8.63124738408777	9.68380262222217	549.701246724585
12	777869	778054	185	777961.5	17.0422873916181	15.1716217054259	32.213909097044	1.78895	30.424959097044	19.6376397848096	18.3653631223077	38.0030029071173	7.59095	30.4120529071173	37.7354840853871	36.0484502221163	2403.27286711008
12	778956	779159	203	779057.5	32.8592972586244	46.65454421103	79.5138414696544	1.96301	77.5508314696544	36.5034304139255	50.498073708784	87.0015041227095	7.76501	79.2364941227095	96.1847855702131	93.9217363221486	6125.75380950816
12	781527	781735	208	781631	15.9424075668237	10.6559045376775	26.5983121045012	2.01136	24.5869521045012	30.4906407071284	21.3593082040736	51.849948911202	7.81336	44.036588911202	30.4947177377708	52.1980804178384	1942.12766857668
12	783582	783949	367	783765.5	62.0275622222233	51.9231475685117	113.950709790735	3.54889	110.401819790735	72.5333695131495	59.2605129784843	131.793882491634	9.35089	122.442992491634	136.929226442767	145.135881926887	8720.65915146715
12	784442	784631	189	784536.5	19.5878406982792	14.7457295176089	34.3335702158881	1.82763	32.5059402158881	28.0230859697317	20.9598155320077	48.9829015017394	7.62963	41.3532715017394	40.3164844292713	49.0174521859798	2567.64993147801
12	789793	790239	446	790016	158.258297052231	147.661891423159	305.92018847539	4.31282	301.60736847539	163.224705952896	152.854196180194	316.07890213309	10.11482	305.96408213309	374.077743764144	362.669728946478	23824.0190517726
12	793619	793753	134	793686	0.5243903810548	9.23283064126425	9.75722102231905	1.29578	8.46144102231905	3.07024368221311	12.4778711171623	15.5481147993754	7.09778	8.45033479937539	10.4945604698671	10.0164719003304	668.370713687082
12	795237	795455	218	795346	7.96035398243085	6.06438876031052	14.0247427427414	2.10806	11.9166827427414	11.2547935521964	10.6070054346386	21.861798986835	7.91006	13.951738986835	14.7800294670902	16.5374751226076	941.30086453828
12	796417	796605	188	796511	44.8921765383164	41.8204328836175	86.7126094219339	1.81796	84.8946494219339	50.5822721643234	45.8141596262885	96.3964317906118	7.61996	88.7764717906118	105.293179917772	105.229799317166	6705.84328043942
12	797181	797320	139	797250.5	8.30954757713782	8.83183799671242	17.1413855738502	1.34413	15.7972555738502	12.3771729642786	13.3499551204382	25.7271280847168	7.14613	18.5809980847168	19.5930283553852	22.0246948333236	1247.82799458641
12	805200	805362	162	805281	19.5861407294619	23.6021670630893	43.1883077925512	1.56654	41.6217677925512	28.0439855863679	33.7320812490604	61.7760668354283	7.36854	54.4075268354283	51.6226677949451	64.4911091278679	3287.71075411941
12	805604	805765	161	805684.5	9.15673203714855	10.0575155139872	19.2142475511357	1.55687	17.6573775511357	25.5724309223423	29.545258048377	55.1176889707193	7.35887	47.7588189707193	21.9001014083628	56.6101674750844	1394.75935654047
12	808883	809673	790	809278	267.157299506939	200.159728450085	467.317027957024	7.6393	459.677727957024	270.926730363892	204.726944673181	475.653675037072	13.4413	462.212375037072	570.12933139537	547.876193838616	36310.0245324983
12	818500	818783	283	818641.5	22.1090944506695	21.5583045538637	43.6673990045332	2.73661	40.9307890045332	32.4156053973086	33.5855839362752	66.0011893335838	8.53861	57.4625793335838	50.7656602645348	68.112367720376	3233.13021819509
12	819090	819187	97	819138.5	12.4757711556821	10.479107780678	22.9548789363601	0.93799	22.0168889363601	22.0090962849459	22.9814784484426	44.9905747333885	6.73999	38.2505847333885	27.3071184555339	45.3397310579353	1739.11792716498
12	820264	820373	109	820318.5	7.80975674485104	8.53374346469024	16.3435002095413	1.05403	15.2894702095413	12.5766693048972	13.1258592310515	25.7025285359488	6.85603	18.8464985359488	18.9632320597664	22.3394016316255	1207.71793940221
12	822757	823066	309	822911.5	71.6341860069625	79.951833435524	151.586019442486	2.98803	148.597989442486	76.1008040753406	84.8174441851394	160.91824826048	8.79003	152.12821826048	184.303191594833	180.322798993249	11737.7813063004
12	826576	826884	308	826730	232.365137703042	256.47499545351	488.840133156552	2.97836	485.861773156552	243.519133104189	260.742017183104	504.261150287293	8.78036	495.480790287293	602.604892587295	587.310388392303	38378.3068653849
12	827923	828655	732	828289	727.40165719866	605.620091050107	1333.02174824877	7.07844	1325.94330824877	736.50949013277	614.678624888515	1351.18811502128	12.88044	1338.30767502128	1644.54165565035	1586.34202538792	104736.494990064
12	830424	830911	487	830667.5	105.069572698321	102.932011907812	208.001584606133	4.70929	203.292294606133	110.033881637506	106.974937748019	217.008819385525	10.51129	206.497529385525	252.139472836198	244.768609727822	16058.0940852255
12	833660	833847	187	833753.5	18.6857572452862	13.5220519636486	32.2078092089348	1.80829	30.3995192089348	22.1796931556704	18.1882663708111	40.3679595264815	7.61029	32.7576695264815	37.7039314877381	38.8287901156962	2401.26336587657
12	837389	837823	434	837606	184.784810473743	175.891073612447	360.67588408619	4.19678	356.47910408619	191.920579581616	186.172685015821	378.093264597437	9.99878	368.094484597437	442.134088532741	436.315027649478	28158.3470929066
12	839405	840204	799	839804.5	355.468579604297	279.755668413798	635.224248018095	7.72633	627.497918018095	361.131975720055	286.593442987815	647.725418707871	13.52833	634.197088707871	778.27344396614	751.735578427408	49566.1708444983
12	841054	841313	259	841183.5	40.2699613240724	40.1673632060399	80.4373245301122	2.50453	77.9327945301122	44.5866821420307	42.9869114867838	87.5735936288145	8.30653	79.2670636288145	96.6585269134024	93.9579714070509	6155.92513879438
12	843013	843146	133	843079.5	23.556667897685	14.9697254088298	38.5263933065149	1.28611	37.2402833065149	30.5173402173766	19.0125512508711	49.5298914682477	7.08811	42.4417814682477	46.1883979388762	50.3077004130165	2941.61652439938
12	843937	844142	205	844039.5	79.5836401893295	35.9806400035223	115.564280192852	1.98235	113.581930192852	88.6175744789694	40.5727557698836	129.190330248853	7.78435	121.405980248853	140.873455425494	143.906675719474	8971.8566311234
12	845851	845991	140	845921	12.6236684427874	8.90603663567937	21.5297050784667	1.3538	20.1759050784667	17.2156842109829	14.3475368216973	31.5632210326802	7.1558	24.4074210326802	25.0237820392249	28.9309539488831	1593.69828862576
12	849174	849316	142	849245	17.3138824097235	11.0528972556003	28.3667796653239	1.37314	26.9936396653239	26.4958139846344	18.3160640266059	44.8118780112404	7.17514	37.6367380112404	33.4796854368317	44.6121174675292	2132.23234204848
12	849682	849837	155	849759.5	21.5083054710019	18.0151695459435	39.5234750169453	1.49885	38.0246250169453	27.747591023163	24.0302592105522	51.7778502337153	7.30085	44.4770002337153	47.1612016832313	52.7201150757868	3003.5718139762
12	853287	853437	150	853362	27.2987992553953	27.4183970616008	54.7171963169961	1.4505	53.2666963169961	32.3639063456294	31.7101183381282	64.0740246837577	7.2525	56.8215246837577	66.0656457988943	67.3525036393654	4207.54570518607
12	853855	853955	100	853905	11.5010890343737	9.23283064126425	20.733919675638	0.967	19.766919675638	20.4338251803013	18.8647539619316	39.2985791422329	6.769	32.5295791422329	24.5165254111922	38.5584267539118	1561.39245976573
12	854377	854536	159	854456.5	29.4930590058693	30.6676374604592	60.1606964663285	1.53753	58.6231664663285	36.7297262629581	35.2351536780525	71.9648799410106	7.33953	64.6253499410106	72.7091713802852	76.602645587604	4630.65422383077
12	855578	855846	268	855712	124.029924906684	111.379456955483	235.409381862167	2.59156	232.817821862167	129.045632903051	115.872674535943	244.918307438994	8.39356	236.524747438994	288.759409130245	280.360901988231	18390.320673114
12	857343	857479	136	857411	23.204974348835	18.3872627206012	41.5922370694361	1.31512	40.2771170694361	26.4995139167662	22.0558954265046	48.5554093432708	7.11712	41.4382893432708	49.9549236970592	49.1182267518336	3181.49655714071
12	859282	859505	223	859393.5	39.3940773904989	32.2098091722493	71.6038865627482	2.15641	69.4474765627482	44.3337867809156	36.9253226751136	81.2591094560292	7.95841	73.3006994560292	86.1343523337225	86.8858351541464	5485.66838102116
12	862281	862533	252	862407	67.7643569916231	58.5070267997566	126.27138379138	2.43684	123.83454379138	73.405253520094	61.2030773458318	134.608330865926	8.23884	126.369490865926	153.589572349328	149.790095229264	9781.71238145373
12	866862	867125	263	866993.5	60.199595752795	50.1279804974408	110.327576250236	2.54321	107.784366250236	65.1907042003936	54.3704026782665	119.56110687866	8.34521	111.21589687866	133.682849804866	131.828020120277	8513.90603621271
12	871321	871633	312	871477	90.27244412353	89.7891529885876	180.061597112118	3.01704	177.044557112118	96.4107315283103	93.8568783738941	190.267609902204	8.81904	181.448569902204	219.584915332156	215.077218232217	13984.7806868017
12	873630	873724	94	873677	8.18424987548609	5.61359702922832	13.7978469047144	0.90898	12.8888669047144	18.5381599526781	20.2587283921192	38.7968883447973	6.71098	32.0859083447973	15.985810544895	38.0325285284547	1018.09386238099
12	875021	875326	305	875173.5	78.2698642880522	74.6482307200389	152.918095008091	2.94935	149.968745008091	89.8225523759393	87.5741936178089	177.396745993748	8.75135	168.645395993748	186.003313020333	199.901176722173	11846.0575293761
12	877400	878229	829	877814.5	143.071075632952	118.299830014388	261.37090564734	8.01643	253.35447564734	145.043239457354	122.192758606009	267.235998063363	13.81843	253.417568063363	314.23062076296	300.384542130137	20012.5145654941
12	884834	885236	402	885035	36.4793308559861	38.7963883539687	75.2757192099548	3.88734	71.3883792099548	41.0221475266456	45.5844638396213	86.6066113662669	9.68934	76.9172713662669	88.5416160779838	91.1726819802743	5638.98062229175
12	892846	893091	245	892968.5	54.3430031808582	68.4390446157606	122.782047796619	2.36915	120.412897796619	59.607606611711	74.8283274165072	134.435934028218	8.17115	126.264784028218	149.345771476193	149.665982620406	9511.43596287791
12	893401	893650	249	893525.5	40.8456507641434	40.9956480127289	81.8412987768722	2.40783	79.4334687768722	45.984756497013	46.860440434255	92.845196931268	8.20983	84.635366931268	98.5197839483039	100.321205581566	6274.46366133128
12	897883	898018	135	897950.5	11.2768931468213	11.9779802867098	23.2548734335311	1.30545	21.9494234335311	16.4693979001873	16.07040521895	32.5398031191373	7.10745	25.4323531191373	27.2234423066129	30.1458411323475	1733.78881523757
12	899044	899184	140	899114	5.66519608274172	5.43880023554339	11.1039963182851	1.3538	9.75019631828511	13.4774527817359	11.5277885446219	25.0052413263578	7.1558	17.8494413263578	12.0929785583112	21.1575554965317	770.169721050106
12	902739	903132	393	902935.5	44.1894894277764	41.1934443845302	85.3829338123066	3.80031	81.5826238123066	52.8962297191685	50.0526818786509	102.948911597819	9.60231	93.3466015978195	101.185339072897	110.646931049999	6444.22579535414
12	903431	903495	64	903463	14.0444423813889	15.2698199041665	29.3142622855554	0.61888	28.6953822855554	25.6463295668121	28.3443800762018	53.9907096430138	6.42088	47.5698296430138	35.5903236585084	56.3861519377871	2266.65329074927
12	907847	907993	146	907920	5.5377984196098	8.8833370520601	14.4211354716699	1.41182	13.0093154716699	11.3287921948319	11.9782802812069	23.3070724760388	7.21382	16.0932524760388	16.1352005561341	19.0758845700504	1027.608115857
12	910042	910233	191	910137.5	19.4631429856219	18.9860517369543	38.4491947225762	1.84697	36.6022247225762	25.1038395177613	24.1270574349727	49.230896952734	7.64897	41.581926952734	45.3970263066921	49.2884853407744	2891.21616469748
12	914982	915079	97	915030.5	3.86802904835636	5.26400344185846	9.13203249021481	0.93799	8.19404249021481	7.1625686162876	10.2550118912914	17.417580507579	6.73999	10.677590507579	10.162911279461	12.6565145431048	647.248856633424
12	924763	924907	144	924835	15.8439093735859	15.342018579819	31.1859279534049	1.39248	29.7934479534049	26.1754198616559	27.4682961462969	53.6437160079528	7.19448	46.4492360079528	36.9522331158615	55.0578738371244	2353.38969086835
12	928569	928677	108	928623	4.31622082712974	6.1873865041506	10.5036073312803	1.04436	9.45924733128034	6.68737733276883	10.1316141547884	16.8189914875572	6.84636	9.97263148755721	11.7321201974582	11.8209024185468	747.187609424205
12	929625	929735	110	929680	3.61723364872145	3.16894187178235	6.7861755205038	1.0637	5.7224755205038	7.31076589789004	9.60772376456219	16.9184896624522	6.8657	10.0527896624522	7.09747491341635	11.9159166547256	452.019347249167
12	932364	932730	366	932547	14.7704290645426	12.8273647063664	27.597793770909	3.53922	24.058573770909	18.3385636138937	18.4906608239594	36.8292244378531	9.34122	27.4880044378531	29.8393803835041	32.5824752018421	1900.39097112902
12	940969	941174	205	941071.5	0	9.40542747530326	9.40542747530326	1.98235	7.42307747530326	3.1442423248486	11.7518844340086	14.8961267588572	7.78435	7.11177675885722	9.20669838997801	8.42983310812505	586.35019458697
12	950058	950418	360	950238	9.65452290612086	12.7246665901682	22.3791894962891	3.4812	18.8979894962891	16.7655924670608	20.4855242319804	37.2511166990412	9.2832	27.9679166990412	23.4388082366335	33.1513316782944	1492.75551216026
12	950760	950985	225	950872.5	1.3223757435295	1.09817985597708	2.42055559950658	2.17575	0.244805599506578	3.86832904285353	4.21782263205767	8.0861516749112	7.97775	0.108401674911197	0.303627616218937	0.128492226222446	19.3372373364321
12	954337	955050	713	954693.5	41.2455434288722	48.1297171517852	89.3752605806575	6.89471	82.4805505806575	45.3397683280955	50.9245658855954	96.2643342136909	12.69671	83.5676242136909	102.299020151937	99.0555734875349	6515.15318862183
12	958186	958361	175	958273.5	5.43910023004056	4.64131486389731	10.0804150939379	1.69225	8.38816509393787	7.58606084812724	9.20873108332485	16.7947919314521	7.49425	9.30054193145209	10.4036777633218	11.0242515978325	662.582635223966
12	965599	965770	171	965684.5	3.29443956976552	6.48978095729891	9.78422052706443	1.65357	8.13065052706443	5.81359336067561	9.08513335049042	14.898726711166	7.45557	7.44315671116603	10.0842874624503	8.82262914040526	642.241514321271
12	973219	973425	206	973322	3.84352949775406	2.22095926072218	6.06448875847624	1.99202	4.07246875847624	8.31014756613216	6.41398234768039	14.7241299138126	7.79402	6.93010991381255	5.0510036688479	8.21449716087405	321.685023081932
12	982504	982699	195	982601.5	3.56793455301969	2.22095926072218	5.78889381374187	1.88565	3.90324381374187	8.18464986814899	5.69019562417263	13.8748454923216	7.68765	6.18719549232162	4.84111726642067	7.33389519611354	308.317914951364
12	986907	987066	159	986986.5	10.5284068763798	6.33968371054772	16.8680905869275	1.53753	15.3305605869275	14.4211354716699	8.71084021618681	23.1319756878567	7.33953	15.7924456878567	19.0141956543919	18.7193279586511	1210.96367553473
12	988183	988330	147	988256.5	5.26410344002418	3.96682723609132	9.2309306761155	1.42149	7.80944067611549	8.78283889550784	7.8844553746466	16.6672942701544	7.22349	9.44380427015444	9.68589714153347	11.1940653654591	616.86909173323
12	990567	990756	189	990661.5	5.38970113617308	5.88929197212841	11.2789931083015	1.82763	9.45136310830149	8.83413795452407	9.43262697638009	18.2667649309042	7.62963	10.6371349309042	11.7223415492834	12.608561159411	746.564833265234
12	992947	993124	177	993035.5	6.71407684301705	4.61651531879785	11.3305921618149	1.71159	9.6190021618149	10.4321086427879	7.06367043038691	17.4957790731748	7.51359	9.98218907317485	11.9302610017226	11.832231352849	759.806671569494
12	1001867	1002319	452	1002093	27.1244024543733	29.645856203095	56.7702586574683	4.37084	52.3994186574683	30.7437360645749	34.1373738147383	64.8811098793132	10.17284	54.7082698793132	64.9899782124783	64.8475901809637	4139.03929041175
12	1011336	1011539	203	1011437.5	19.6357398196609	17.3159823712037	36.9517221908646	1.96301	34.9887121908646	25.1262391068834	25.3275354144851	50.4537745213685	7.76501	42.6887645213685	43.3958181450716	50.6004579037167	2763.76452619778
12	1012135	1012407	272	1012271	13.1254592383886	22.0557954283388	35.1812546667275	2.63024	32.5510146667275	22.4818876124873	35.5292482834457	58.011135895933	8.43224	49.578895895933	40.3723893925904	58.7675671297337	2571.21037027291
12	1014245	1014411	166	1014328	12.950562446538	7.31026590706143	20.2608283535994	1.60522	18.6556083535994	18.6652576213129	14.6967304164043	33.3619880377172	7.40722	25.9547680377172	23.1381876269757	30.7650774675345	1473.60978309396
12	1018990	1019118	128	1019054	1.47227299394924	2.04616246703725	3.51843546098649	1.23776	2.28067546098649	4.24242218082569	5.83819290944363	10.0806150902693	7.03976	3.04085509026932	2.82867734636824	3.6044299176064	180.150955555603
12	1022319	1022451	132	1022385	3.64393315896966	1.69656887966738	5.34050203863704	1.27644	4.06406203863704	7.26316677100559	3.16904186994807	10.4322086409537	7.07844	3.35376864095366	5.04057697799548	3.97533709017121	321.020974804119
12	1024028	1024217	189	1024122.5	7.13546911337649	4.29172127652744	11.4271903899039	1.82763	9.59956038990394	11.0284977031638	9.15733202614289	20.1858297293067	7.62963	12.5561997293067	11.9061477507501	14.883294537967	758.270962588814
12	1024908	1025125	217	1025016.5	3.76723089730692	0.5243903810548	4.29162127836172	2.09839	2.19323127836172	8.1597503248838	3.34583862694748	11.5055889518313	7.90039	3.60519895183127	2.72022203008427	4.27336606814533	173.24372419932
12	1028005	1028171	166	1028088	4.64121486573159	9.13213248838053	13.7733473541121	1.60522	12.1681273541121	9.83161965761744	13.3005560265707	23.1321756841882	7.40722	15.7249556841882	15.0918913203953	18.6393297406694	961.162518588854
12	1028450	1028710	260	1028580	4.29372123984192	2.1715601668547	6.46528140669662	2.5142	3.95108140669662	9.43472693786029	5.61609698337141	15.0508239212317	8.3162	6.7346239212317	4.90044930107909	7.98278090369817	312.096614827649
12	1032105	1032431	326	1032268	12.2250757542129	5.91409151722788	18.1391672714408	3.15242	14.9867472714408	18.9887516874289	10.5060072872577	29.4947589746866	8.95442	20.5403389746866	18.5877706967277	24.3471688457144	1183.80580130966
12	1043158	1043829	671	1043493.5	22.9077798003043	18.1661667761862	41.0739465764905	6.48857	34.5853765764905	26.8519074527763	24.4302518734468	51.2821593262232	12.29057	38.9915893262232	42.8955688396004	46.2180692372335	2731.90497512089
12	1053168	1053365	197	1053266.5	5.99009012317785	6.13818740661457	12.1282775297924	1.90499	10.2232875297924	9.75762101498194	10.5803059243904	20.3379269393723	7.70699	12.6309369393723	12.6797443720573	14.9718831184558	807.539279006035
12	1054939	1055035	96	1054987	1.67196933089936	1.84656612825285	3.51853545915221	0.92832	2.59021545915221	6.01508966460876	6.38938279891237	12.4044724635211	6.73032	5.67415246352113	3.21259377620851	6.72576768357754	204.601574420996
12	1056812	1057251	439	1057031.5	9.37892796138649	8.65904116634196	18.0379691277285	4.24513	13.7928391277285	11.9495808076443	12.9509624392009	24.9005432468451	10.04713	14.8534132468451	17.1069896835875	17.6062605734883	1089.49878717519
12	1065286	1065498	212	1065392	4.64101486940014	7.36186496057483	12.002879829975	2.05004	9.95283982997497	17.0927864653086	10.6562045321746	27.7489909974832	7.85204	19.8969509974832	12.3443133583347	23.5845389916707	786.176567658733
12	1066476	1066772	296	1066624	7.11326952058584	8.5585430097897	15.6718125303755	2.86232	12.8094925303755	12.0302793273832	14.2981377278298	26.3284170552131	8.66432	17.6640970552131	15.8873640546269	20.9378605698946	1011.82406659971
13	13291	13443	152	13367	11.5525880897214	5.34020204413987	16.8927901338613	1.46984	15.4229501338613	16.0953047622152	7.56126130302778	23.656566065243	7.27184	16.384726065243	19.1287846096919	19.4213782203336	241.495343845434
13	14773	14909	136	14841	20.5112237605714	7.36166496424338	27.8728887248148	1.31512	26.5577687248148	28.7965717816041	14.3245372435809	43.1211090251849	7.11712	36.0039890251849	32.9390832001483	42.6767640493042	415.846348091705
13	16814	16997	183	16905.5	22.7303830543106	11.3528917527713	34.0832748070818	1.76961	32.3136648070818	27.8468892017266	16.3193006534362	44.1661898551628	7.57161	36.5945798551628	40.0780089852821	43.3768116324488	505.973210427456
13	20489	20723	234	20606	26.0735217307835	24.5047505069109	50.5782722376944	2.26278	48.3154922376944	31.1384288246862	29.6457562049293	60.7841850296155	8.06478	52.7194050296155	59.9247638295198	62.4901204056803	756.532719728263
13	21721	21875	154	21798	21.8829985979684	13.9703437405877	35.8533423385561	1.48918	34.3641623385561	25.0521404660822	16.9893883619503	42.0415288280325	7.29118	34.7503488280325	42.6212011295762	41.1907812916943	538.080271795073
13	23714	23941	227	23827.5	50.82086778774	46.8539405534829	97.6748083412229	2.19509	95.4797183412229	53.9405105638206	48.8507039266527	102.791214490473	7.99709	94.7941244904733	118.421634699667	112.362729621722	1495.03870601611
13	26122	26258	136	26190	16.6909938354309	11.8771821356603	28.5681759710913	1.31512	27.2530559710913	27.6678924850813	19.6378397811411	47.3057322662224	7.11712	40.1886122662224	33.8014344274072	47.6369416165195	426.733281600116
13	26568	26799	231	26683.5	46.2558515242898	33.8793785471713	80.1352300714611	2.23377	77.9014600714611	56.9839547376197	41.6894352865195	98.6733900241393	8.03577	90.6376200241393	96.6196633947373	107.435882203356	1219.79515739437
13	29890	30201	311	30045.5	94.0203753748523	76.8238908116883	170.844266186541	3.00737	167.836896186541	112.233341292597	91.0724294493192	203.305770741916	8.80937	194.496400741916	208.164832852752	230.54326000087	2628.02048912361
13	33904	34051	147	33977.5	11.6529862481079	9.35632837593295	21.0093146240409	1.42149	19.5878246240409	17.8656722881866	14.1479404829129	32.0136127710995	7.22349	24.7901227710995	24.2943973074943	29.3845834558901	306.709702210684
13	37772	38028	256	37900	25.3254354530049	19.9625338252457	45.2879692782506	2.47552	42.8124492782506	27.8713887523289	25.3277354108165	53.1991241631455	8.27752	44.9216041631455	53.0994468470077	53.2471193746275	670.365077341264
13	41921	42054	133	41987.5	8.93263614776186	14.8217281235588	23.7543642713207	1.28611	22.4682542713207	13.4239537630737	20.8861168838693	34.310070646943	7.08811	27.221960646943	27.8669380878224	32.2671243643694	351.811990816624
13	43585	43968	383	43776.5	59.7062048031146	63.471435737107	123.177640540222	3.70361	119.474030540222	63.9486269839402	66.6158780582871	130.564505042227	9.50561	121.058895042227	148.181312707356	143.49526371016	1870.74598799129
13	46006	46141	135	46073.5	10.8039018229484	7.8345562899505	18.638458112899	1.30545	17.333008112899	14.8221281162217	12.1264775628094	26.9486056790311	7.10745	19.8411556790311	21.4977923128821	23.5184028855029	271.403377289678
13	46453	46683	230	46568	10.1561137053907	4.29162127836172	14.4477349837524	2.2241	12.2236349837524	11.9534807361075	8.35924666550247	20.31272740161	8.0261	12.28662740161	15.1607363521414	14.563761204722	191.399888336624
13	51029	51565	536	51297	43.7144981405891	40.8180512704037	84.5325494109927	5.18312	79.3494294109927	47.5579276401774	45.934457419654	93.4923850598314	10.98512	82.5072650598314	98.4155515599027	97.7986933850239	1242.46772331029
13	54575	54684	109	54629.5	6.63787824073563	5.11410619143871	11.7519844321743	1.05403	10.6979544321743	10.4051091380425	9.90561830025294	20.3107274382955	6.85603	13.4546974382955	13.2684644845006	15.9483147138851	167.510506201315
13	56269	56484	215	56376.5	3.89262859712437	6.93627276725499	10.8289013643794	2.07905	8.74985136437936	7.78565718691164	11.6783857822017	19.4640429691134	7.88105	11.5829929691134	10.8522701988487	13.7297191592248	137.00675587338
13	68042	68203	161	68122.5	16.3416002443925	29.5424580997368	45.8840583441293	1.55687	44.3271883441293	21.9823967746977	32.4873040821324	54.4697008568301	7.35887	47.1108308568301	54.9781482030773	55.8420849211247	694.083135713725
13	71399	71893	494	71646	24.0278592545749	12.0541788889912	36.0820381435661	4.77698	31.3050581435661	33.9108779693743	17.5180786641312	51.4289566335055	10.57898	40.8499766335055	38.8270537883296	48.4208795027747	490.180264791473
13	76886	77272	386	77079	50.7985681967836	58.8591203412695	109.657688538053	3.73262	105.925068538053	55.3906839631449	63.6505324519181	119.041216415063	9.53462	109.506596415063	131.376799071838	129.801927608048	1658.59388939385
13	79685	79875	190	79780	15.6422130733213	16.444198362425	32.0864114357463	1.8373	30.2491114357463	17.9886700320267	19.5144420446381	37.5031120766648	7.6393	29.8638120766648	37.5173836566179	35.3986015470973	473.646060176008
13	82852	83072	220	82962	35.0535570090984	40.747352567237	75.8009095763354	2.1274	73.6735095763354	39.295979189924	46.5630458893929	85.8590250793169	7.9294	77.9296250793169	91.3758187567302	92.3726595859794	1153.59314353062
13	91064	91229	165	91146.5	6.33758374906752	12.5475698386717	18.8851535877392	1.59555	17.2896035877392	11.6268867268541	16.1404039349565	27.7672906618106	7.39755	20.3697406618106	21.443958525853	24.1449528095767	270.723741381053
13	95324	95707	383	95515.5	92.7396988664295	127.1281680753	219.867866941729	3.70361	216.164256941729	98.3556958516352	129.324527787254	227.680223638889	9.50561	218.174613638889	268.10431697332	258.609858516008	3384.73904824631
13	97537	97714	177	97625.5	18.3896626765785	16.6662942884972	35.0559569650757	1.71159	33.3443669650757	23.7054651682818	21.5339050014271	45.2393701697089	7.51359	37.7257801697089	41.3563687936124	44.7176621943856	522.112131313965
13	99456	99681	225	99568.5	49.3255952156743	43.9834932063857	93.30908842206	2.17575	91.13333842206	55.9389739058076	48.2507149323108	104.189688838118	7.97775	96.2119388381185	113.030904354049	114.043313635283	1426.982302802
13	101193	101725	532	101459	53.220623768776	58.0878344890431	111.308458257819	5.14444	106.164018257819	58.061434973292	67.2942656145563	125.355700587848	10.94644	114.409260587848	131.673163754488	135.613223738835	1662.33540734183
13	104209	104632	423	104420.5	69.081532830535	77.8177725808156	146.899305411351	4.09041	142.808895411351	73.6469490866481	83.6579654535737	157.304914540222	9.89241	147.412504540222	177.123091040419	174.733101651025	2236.12752438541
13	110868	110942	74	110905	4.69051396143334	5.34040204047132	10.0309160019047	0.71558	9.31533600190467	8.70874025470662	14.1995395364263	22.9082797911329	6.51758	16.3906997911329	11.5536297790474	19.4284590826826	145.861216647305
13	111711	111827	116	111769	3.99142678485933	4.93930939775378	8.93073618261311	1.12172	7.80901618261311	10.2781114675735	9.9304178453524	20.2085293129259	6.92372	13.2848093129259	9.68537065051166	15.7469404873763	122.274988361295
13	115215	115602	387	115408.5	40.3240603317288	43.3631045862362	83.687164917965	3.74229	79.944874917965	43.9433939419305	48.8025048107739	92.7458987527044	9.54429	83.2016087527044	99.1540710228345	98.6217227979351	1251.79131679918
13	119031	119556	525	119293.5	10.7548027235781	20.3349269944006	31.0897297179787	5.07675	26.0129797179787	17.6685759035453	25.3259354438335	42.9945113473788	10.87875	32.1157613473788	32.2633920075395	38.0679143171361	407.315943247807
13	119818	120052	234	119935	35.8739419606951	40.6893536311173	76.5632955918125	2.26278	74.3005155918125	41.9138311704034	46.6057451061568	88.5195762765602	8.06478	80.4547962765602	92.153482103557	95.3658316840341	1163.41091717228
13	121388	121547	159	121467.5	13.1253592402229	13.8717455491842	26.9971047894071	1.53753	25.4595747894071	19.5888406799365	17.2914828206014	36.8803235005379	7.33953	29.5407935005379	31.5770146550414	35.0157165410146	398.650628742396
13	123038	123121	83	123079.5	5.46569974212305	5.41410068860965	10.8798004307327	0.80261	10.0771904307327	8.61004206513738	8.58304256039199	17.1930846255294	6.60461	10.5884746255294	12.4985429860865	12.5508824291572	157.790471144864
13	129563	129770	207	129666.5	29.6678557995542	18.385862746281	48.0537185458352	2.00169	46.0520285458352	34.5108669637161	22.4536881297532	56.9645550934693	7.80369	49.1608650934693	57.1174339051124	58.2720608704243	721.090995686953
13	131688	131943	255	131815.5	15.2948194455974	11.3510917857882	26.6459112313856	2.46585	24.1800612313856	25.0007414089002	19.7596375469925	44.7603789558927	8.26785	36.4925289558927	29.9900589141397	43.2558471985878	378.615773933985
13	135328	135416	88	135372	10.1045146518773	13.7215483042673	23.8260629561445	0.85096	22.9751029561445	15.3955175984811	18.4881608698163	33.8836784682974	6.65296	27.2307184682974	28.4955726381225	32.277505310638	359.748319233481
13	137305	137405	100	137355	4.36561992099722	2.94474598422993	7.31036590522715	0.967	6.34336590522715	9.08093342753003	8.73353979980608	17.8144732273361	6.769	11.0454732273361	7.86755316255274	13.0925785586201	99.325571121244
13	140140	140438	298	140289	34.1797730370051	39.4414765210519	73.6212495580571	2.88166	70.7395895580571	37.1000194706328	43.7847968510928	80.8848163217256	8.68366	72.2011563217256	87.7369349112529	85.5825089346022	1107.65329301697
13	140862	141003	141	140932.5	9.60492381592193	15.5435148837521	25.148438699674	1.36347	23.784968699674	16.2431020511547	19.860035705379	36.1031377565337	7.16547	28.9376677565337	29.5000333435184	34.3008108940063	372.429343583868
13	141946	142181	235	142063.5	21.8560990913887	30.287044441715	52.1431435331038	2.27245	49.8706935331038	28.4920773669756	35.1772547400985	63.6693321070741	8.07445	55.5948821070741	61.8536497006662	65.8985220880063	780.884343012006
13	146070	146373	303	146221.5	17.2918828132643	17.5898773471208	34.8817601603851	2.93001	31.9517501603851	25.9757235247058	22.9304793839236	48.9062029086293	8.73201	40.1741929086293	39.6291332991347	47.6198498570117	500.306285404154
13	151688	151801	113	151744.5	3.54323500608595	4.91670981230023	8.45994481838619	1.09271	7.36723481838619	8.43524527145244	10.9070999299753	19.3423452014277	6.89471	12.4476352014277	9.13743783042693	14.7546092765318	115.357495823713
13	158362	158532	170	158447	8.60774210732573	14.9696254106641	23.5773675179898	1.6439	21.9334675179898	12.3010743601629	18.7637558145507	31.0648301747136	7.4459	23.6189301747136	27.2036524953907	27.9963286695304	343.438203067931
13	159036	159352	316	159194	51.1954609165408	88.1256835017748	139.321144418316	3.05572	136.265424418316	56.6102615923105	92.5182029293517	149.128464521662	8.85772	140.270744521662	169.007351435534	166.267728355982	2133.66867159198
13	159920	160088	168	160004	47.6066267468848	43.0397105182859	90.6463372651707	1.62456	89.0217772651707	51.9251475318262	45.0364738914557	96.9616214232819	7.42656	89.5350614232819	110.411976184681	106.128981647798	1393.9190961387
13	164295	164793	498	164544	80.2909272154928	70.0139157277423	150.304842943235	4.81566	145.489182943235	86.5303127658197	78.1243669569243	164.654679722744	10.61766	154.037019722744	180.44739945382	182.585366887185	2278.0959515345
13	165321	165534	213	165427.5	23.3286720798351	19.2860462341253	42.6147183139604	2.05971	40.5550083139604	28.8934700041903	24.7765455213478	53.6700155255381	7.86171	45.8083055255381	50.2995867942804	54.2981569360087	635.017658257989
13	167100	167863	763	167481.5	170.86766575732	177.125150975643	347.992816732963	7.37821	340.614606732963	175.459481529184	184.709211860456	360.16869338964	13.18021	346.98848338964	422.457661508274	411.297359942174	5333.40514349187
13	168780	168878	98	168829	3.99332675000808	6.01288970496284	10.0062164549709	0.94766	9.05855645497093	21.2603100200072	10.504107322109	31.7644173421162	6.74966	25.0147573421162	11.2351511090888	29.6508505236277	141.840516039379
13	169841	170362	521	170101.5	324.491447820923	379.047147100275	703.538594921198	5.03807	698.500524921198	331.530618700707	383.240370183565	714.770988884272	10.84007	703.930918884272	866.336594166837	834.39348098956	10937.2476068448
13	171348	171699	351	171523.5	36.3737327929819	30.5646393497639	66.9383721427458	3.39417	63.5442021427458	41.1654448981276	34.8071615287553	75.9726064268829	9.19617	66.7764364268829	78.8126360672471	79.1524022365965	994.986614924903
13	178116	178536	420	178326	95.1332549611907	76.8976894579923	172.030944419183	4.0614	167.969544419183	98.2528977372713	79.4683423042501	177.721240041521	9.8634	167.857840041521	208.329353871691	198.967659618685	2630.09751915188
13	181226	181357	131	181291.5	8.73333980347463	7.08637001400618	15.8197098174808	1.26677	14.5529398174808	12.5769692993944	11.5796875926325	24.1566568920269	7.06877	17.0878868920269	18.0497277622141	20.2548588847228	227.872564890707
13	192378	192684	306	192531	100.720352476502	58.3079304518008	159.028282928303	2.95902	156.069262928303	119.062916017025	71.2567929295215	190.319708946546	8.76102	181.558688946546	193.569666557786	215.207746115376	2443.76075831467
13	195817	196060	243	195938.5	36.0792381949258	61.2025773550032	97.281815549929	2.34981	94.932005549929	41.9935297084851	74.9510251658501	116.944554874335	8.15181	108.792744874335	117.742317194151	128.955774873457	1486.46252002613
13	204223	204472	249	204347.5	85.6564287955608	89.41705981393	175.073488609491	2.40783	172.665658609491	94.7372622249251	102.366222286148	197.103484511073	8.20983	188.893654511073	214.153852820935	223.902132575945	2703.63012486496
13	205461	205598	137	205529.5	22.7058835037083	18.8375544608547	41.543437964563	1.32479	40.218647964563	29.7922535177144	24.3528532931767	54.1451068108911	7.12679	47.0183168108912	49.8824056052718	55.7324248468751	629.750867045628
13	209055	209411	356	209233	261.667700203208	223.080008021104	484.747708224312	3.44252	481.305188224312	274.468565395658	230.914764307386	505.383329703044	9.24452	496.138809703044	596.953449058782	588.090361392689	7536.36372522732
13	209647	209754	107	209700.5	9.08263339634733	5.86459242519467	14.947225821542	1.03469	13.912535821542	23.8059633248341	18.7618558494019	42.567819174236	6.83669	35.731129174236	17.2554471612152	42.3533339019022	217.845003246733
13	213982	214172	190	214077	54.4114019262132	62.927945706399	117.339347632612	1.8373	115.502047632612	61.8989645811027	67.0201706423078	128.91913522341	7.6393	121.27983522341	143.254939681859	143.757151690816	1808.55196092799
13	216157	216385	228	216271	94.8598599761023	117.318248019644	212.178107995747	2.20476	209.973347995747	101.197843717833	123.033043192585	224.230886910418	8.00676	216.224126910418	260.425853207434	256.297879645165	3287.80067577868
13	217086	217279	193	217182.5	51.7193513067669	53.5414178844175	105.260769191184	1.86631	103.394459191184	56.4120652278462	58.3083304444637	114.72039567231	7.66831	107.05208567231	128.238133595559	126.892511772162	1618.96915034871
13	219887	220088	201	219987.5	44.6601807938376	37.1733181261082	81.8334989199458	1.94367	79.8898289199458	52.7460324742516	45.2345702577542	97.9806027320058	7.74567	90.2349327320058	99.0857985437953	106.958563133516	1250.92939660209
13	220860	221193	333	221026.5	195.575812533313	237.925535708105	433.501348241418	3.22011	430.281238241418	203.135173871192	246.260382821171	449.395556692363	9.02211	440.373446692363	533.669437849047	521.989762437783	6737.42148405272
13	225555	225795	240	225675	17.9641704814244	18.0398690928772	36.0040395743016	2.3208	33.6832395743016	32.7610990598838	32.5366031778342	65.2977022377179	8.1228	57.1749022377179	41.776665889547	67.7713741839635	527.418259945292
13	228681	228927	246	228804	65.0481068160717	55.6635789574047	120.711685773476	2.37882	118.332865773476	74.8795264773577	65.7461940109885	140.625720488346	8.18082	132.444900488346	146.765948277219	156.991486796669	1852.8774235897
13	230565	231004	439	230784.5	157.362213489181	187.619558475677	344.981771964858	4.24513	340.736641964858	163.975792175646	192.460469678358	356.436261854004	10.04713	346.389131854004	422.60901942913	410.586927993897	5335.3159932341
13	233302	233444	142	233373	22.5308867136919	21.8810986328196	44.4119853465115	1.37314	43.0388453465115	27.1722015775892	27.1212025130701	54.2934040906593	7.17514	47.1182640906593	53.3802414802429	55.8508957883325	673.910027942503
13	235697	236653	956	236175	533.651811171461	663.162435545127	1196.81424671659	9.24452	1187.56972671659	539.814898121341	669.200224793355	1209.0151229147	15.04652	1193.9686029147	1472.9195980137	1415.25196869782	18595.1816613992
13	241750	242014	264	241882	71.6508857006384	78.9898510812625	150.640736781901	2.55288	148.087856781901	78.0646680519873	83.3331714113033	161.397839463291	8.35488	153.042959463291	183.670483993368	181.407073139961	2318.78645670789
13	243095	243201	106	243148	23.1516753265043	22.2567917414434	45.4084670679476	1.02502	44.3834470679476	35.8046432318487	35.1583550867767	70.9629983186254	6.82702	64.1359783186254	55.0479248023009	76.0225766056267	694.964044990802
13	243874	244120	246	243997	163.577999472398	174.821693228199	338.399692700596	2.37882	336.020872700596	172.934727840993	185.02760602012	357.962333861113	8.18082	349.781513861113	416.760142674545	414.608034832398	5261.47562481663
13	245868	246058	190	245963	106.72004242359	34.9334592120643	141.653501635654	1.8373	139.816201635654	115.702377659716	41.3722411048441	157.07461876456	7.6393	149.43531876456	173.411311248537	177.130812785402	2189.26738374349
13	247445	247678	233	247561.5	67.3921638187997	60.0576983556332	127.449862174433	2.25311	125.196752174433	71.4104901102387	64.7485123115637	136.159002421802	8.05511	128.103892421802	155.279092870809	151.845940927781	1960.35339881676
13	251560	251689	129	251624.5	8.98383520861237	17.2664832791705	26.2503184877829	1.24743	25.0028884877829	15.0482239689229	29.0966662769408	44.1448902458636	7.04943	37.0954602458636	31.0105955314532	43.9705223525557	391.499751998128
13	253039	253472	433	253255.5	71.2069938429911	102.891512650694	174.098506493685	4.18711	169.911396493685	83.3842704739881	115.293585158238	198.677855632226	9.98911	188.688745632226	210.737795172132	223.659247048232	2660.50339029577
13	258683	259342	659	259012.5	177.946535908897	176.807756797636	354.754292706533	6.37253	348.381762706533	181.315174117629	182.54725151751	363.86242563514	12.17453	351.68789563514	432.091113756953	416.867734586809	5455.02467712573
13	262686	262937	251	262811.5	23.5549679288677	24.2542551017732	47.8092230306409	2.42717	45.3820530306409	31.5892205557684	35.4328500516881	67.0220706074565	8.22917	58.7929006074565	56.2864763248385	69.6892431903447	710.600397843766
13	263288	263432	144	263360	16.6147952331495	15.7677107713045	32.382506004454	1.39248	30.990026004454	24.3261537829285	25.5500313332202	49.8761851161487	7.19448	42.6817051161487	38.4363255630614	50.5920901483916	485.247434554917
13	272914	273038	124	272976	8.11005123651915	4.49091762264895	12.6009688591681	1.19908	11.4018888591681	14.4994340354315	9.73092150473373	24.2303555401652	7.00108	17.2292755401652	14.1415406415548	20.4224517026083	178.532838830029
13	279901	280122	221	280011.5	14.248138644968	16.9170896881321	31.1652283331001	2.13707	29.0281583331001	17.8922718002691	22.4324885186198	40.3247603188889	7.93907	32.3856903188889	36.0030593077518	38.3878703925351	454.528155573869
13	282885	283132	247	283008.5	32.6335014004204	49.2025974718342	81.8360988722546	2.38849	79.4476088722546	45.0848730036659	60.0807979319153	105.165670935581	8.19049	96.9751809355812	98.5373216331555	114.948010692133	1244.00503507945
13	287126	287899	773	287512.5	83.506968223331	96.1048371393617	179.611805362693	7.47491	172.136895362693	87.7741899492562	101.669635063717	189.443825012973	13.27691	176.166915012973	213.498038066317	208.816691396152	2695.35065427146
13	296826	297075	249	296950.5	23.676465700222	19.4361434808765	43.1126091810984	2.40783	40.7047791810985	27.0964029679707	25.0277409136456	52.1241438816163	8.20983	43.9143138816163	50.4853446832332	52.0531436281093	637.36279759538
13	302582	303086	504	302834	175.140587378691	160.576354531871	335.716941910562	4.87368	330.843261910562	181.554569726372	165.168170303735	346.722740030107	10.67568	336.047060030107	410.338452872285	398.328115263432	5180.40365822239
13	305886	306829	943	306357.5	111.324957955164	112.396638297224	223.721596252387	9.11881	214.602786252387	118.187332077949	119.682504651849	237.869836729797	14.92081	222.949026729797	266.167655295007	264.269134237153	3360.28925765797
13	312037	312217	180	312127	20.0097329594673	17.1410855793531	37.1508185388204	1.7406	35.4102185388204	24.3260537847628	20.2608283535994	44.5868821383622	7.5426	37.0442821383622	43.9186042574355	43.9098591850161	554.459609053634
13	318502	318635	133	318568.5	20.2606283572679	16.0680052629726	36.3286336202406	1.28611	35.0425236202406	27.6489928317595	22.0582953824819	49.7072882142415	7.08811	42.6191782142415	43.462559412672	50.5179748652888	548.702175487296
13	325575	325820	245	325697.5	83.4024701401498	91.7878163269062	175.190286467056	2.36915	172.821136467056	88.8931694237038	95.3064517842241	184.199621207928	8.17115	176.028471207928	214.346688978942	208.652589201868	2706.06462529109
13	330278	330672	394	330475	145.586529491731	148.46907661688	294.055606108611	3.80998	290.245626108611	153.896577059697	156.279233354394	310.175810414091	9.61198	300.563830414091	359.985996035039	356.268625217185	4544.71853104436
13	334869	335204	335	335036.5	157.509910779955	132.734065245768	290.243976025723	3.23945	287.004526025723	167.816621722926	141.465605082259	309.282226805185	9.04145	300.240776805185	355.966122739339	355.885698685546	4493.96879949747
13	337510	337778	268	337644	39.5897738008201	44.6850803371028	84.2748541379229	2.59156	81.6832941379229	48.6708072265159	53.2437233450582	101.914530571574	8.39356	93.5209705715741	101.310198516686	110.853616579906	1279.0117994972
13	340892	341131	239	341011.5	64.6387143255991	66.6107781518351	131.249492477434	2.31113	128.938362477434	70.0284154617722	72.9488618917313	142.977277353503	8.11313	134.864147353503	159.919739242503	159.859103147988	2018.94020995318
13	343596	343703	107	343649.5	12.8210648219258	21.804600036041	34.6256648579669	1.03469	33.5909748579669	18.4596613925851	27.2440002605788	45.7036616531638	6.83669	38.8669716531638	41.6622317592073	46.0703556317826	525.97356232242
13	347004	347384	380	347194	157.704907203116	189.914916371697	347.619823574813	3.6746	343.945223574813	168.085616788722	205.78812520784	373.873741996562	9.4766	364.397141996562	426.588560696316	431.932440551237	5385.55654464788
13	348313	348459	146	348386	27.0421039639827	20.6347214952401	47.6768254592228	1.41182	46.2650054592228	32.0578119603494	26.4011157216942	58.4589276820435	7.21382	51.2451076820435	57.3815850219655	60.7425851534939	724.425826733106
13	349850	350103	253	349976.5	87.7982895071956	82.6516839118967	170.449973419092	2.44651	168.003463419092	100.196262089945	95.7774431447825	195.973705234727	8.24851	187.725195234727	208.371422946531	222.517117687652	2630.6286289898
13	353150	353399	249	353274.5	176.63905989206	99.0259835564808	275.665043448541	2.40783	273.257213448541	203.260271576512	120.781584491317	324.041856067829	8.20983	315.832026067829	338.915598749531	374.366541615209	4278.71089170665
13	353656	353800	144	353728	30.8111348282727	28.0430856028764	58.8542204311491	1.39248	57.4617404311491	53.490218823567	40.3174604527911	93.8076792763581	7.19448	86.6131992763581	71.2686772936021	102.66559815044	899.746328875881
13	355113	355354	241	355233.5	88.6519738479783	95.7320439775439	184.384017825522	2.33047	182.053547825522	94.0933740358305	101.146644656982	195.240018692813	8.13247	187.107548692813	225.797468938117	221.785000040446	2850.62739286694
13	361922	362016	94	361969	4.66571441633388	6.23698559434953	10.9027000106834	0.90898	9.99372001068341	6.91147322215553	7.0348709586585	13.946344180814	6.71098	7.23536418081403	12.3950162501155	8.57632552158021	156.483476204482
13	366773	366982	209	366877.5	38.6206915767923	45.7825602059198	84.4032517827121	2.02103	82.3822217827121	43.4617027776397	49.1510984164865	92.6128011941262	7.82303	84.7897711941262	102.177064859305	100.504226254347	1289.95573502422
13	370575	370751	176	370663	24.278554656044	26.9213061797886	51.1998608358326	1.70192	49.4979408358326	27.9472873601132	30.9889315669293	58.9362189270425	7.50392	51.4322989270425	61.3913317915181	60.964469361639	775.047713831757
13	379181	379607	426	379394	82.2617910637402	95.9069407693946	178.168731833135	4.11942	174.049311833135	88.6016747706193	98.8271872030222	187.428861973642	9.92142	177.507441973642	215.869970960452	210.405664016996	2725.29561740086
13	382855	383182	327	383018.5	137.445378825671	159.981365445815	297.426744271487	3.16209	294.264654271487	141.48850466221	163.499900904967	304.988405567177	8.96409	296.024315567177	364.970718374194	350.887782447664	4607.64920122706
13	387058	387274	216	387166	65.4940986351992	111.918647065065	177.412745700264	2.08872	175.324025700264	70.0613148582953	119.430909266888	189.492224125183	7.89072	181.601504125183	217.450973738239	215.25849641627	2745.25531778082
13	387766	389069	1303	388417.5	3040.92132007613	3316.95615674151	6357.87747681764	12.60001	6345.27746681764	3048.00769009013	3323.7196326784	6371.72732276853	18.40201	6353.32531276853	7869.92403515593	7530.81457479146	99355.5026985085
13	389533	389659	126	389596	2.71855013336304	2.42035560317513	5.13890573653817	1.21842	3.92048573653817	6.58667917988512	6.36468325197863	12.9513624318637	7.02042	5.93094243186375	4.86250208738973	7.03014964751827	61.3876750407008
13	390910	391060	150	390985	13.5961506044498	11.2521935998876	24.8483442043374	1.4505	23.3978442043374	21.1801114910969	17.0431873751096	38.2232988662065	7.2525	30.9707988662065	29.0198903731944	36.710750986703	366.367678189057
13	392531	392735	204	392633	31.1151292520726	21.5071054930132	52.6222347450857	1.97268	50.6495547450857	35.182854637379	25.8731254066733	61.0559800440523	7.77468	53.2813000440523	62.8196560895565	63.1561538536638	793.07989279742
13	396402	397064	662	396733	820.113856569516	751.247219797121	1571.36107636664	6.40154	1564.95953636664	828.547401872151	758.40788844826	1586.95529032041	12.20354	1574.75175032041	1940.98882731368	1866.60730391965	24504.4195863217
13	397742	397944	202	397843	170.423173910678	92.3593058440168	262.782479754695	1.95334	260.829139754695	179.506207299689	101.267742435674	280.773949735362	7.75534	273.018609735362	323.501301047756	323.618329641052	4084.10986505596
13	405647	405737	90	405692	12.5496698001519	13.5219519654829	26.0716217656347	0.8703	25.2013217656347	22.9551789308573	24.4763510278454	47.4315299587027	6.6723	40.7592299587027	31.2567084604635	48.3133143541989	394.606856167518
13	406067	406273	206	406170	98.6211909816315	79.8612350973783	178.48242607901	1.99202	176.49040607901	105.808559143019	87.4471959473398	193.255755090358	7.79402	185.461735090358	218.897612600736	219.834160683953	2763.51871279766
13	407558	407782	224	407670	116.90725555852	128.80643729064	245.71369284916	2.16608	243.54761284916	134.873226006928	154.454466826269	289.327692833197	7.96808	281.359612833197	302.067359873507	333.505206922672	3813.51258982627
13	408116	408327	211	408221.5	115.188187091565	77.7884731182586	192.976660209824	2.04037	190.936290209824	231.494953664915	151.086128612034	382.581082276949	7.84237	374.738712276949	236.814561280238	444.190658784962	2989.71498037574
13	408563	409010	447	408786.5	454.029271695665	200.190027894299	654.219299589964	4.32249	649.896809589964	552.872358607038	251.084894324674	803.957252931712	10.12449	793.832762931712	806.054352849029	940.957222671798	10176.2018377665
13	410415	410574	159	410494.5	27.0443039236286	19.0122512563739	46.0565551800026	1.53753	44.5190251800026	36.2754345960756	23.5549679288677	59.8304025249433	7.33953	52.4908725249433	55.2160796936011	62.219232983382	697.086951601045
13	411329	411523	194	411426	86.3979151944016	61.897764603114	148.295679797516	1.87598	146.419699797516	91.3642240969008	64.0446252230349	155.408849319936	7.67798	147.730869319936	181.601501381579	175.110470352475	2292.66615280781
13	413515	413800	285	413657.5	123.795929198891	99.3485776391053	223.144506837996	2.75595	220.388556837996	135.249919097209	114.419801186145	249.669720283353	8.55795	241.111770283353	273.343633844676	285.798057617863	3450.88390037258
13	420259	420329	70	420294	9.97911695205982	13.9210446448859	23.9001615969458	0.6769	23.2232615969458	29.5659576686818	34.1572734497173	63.7232311183991	6.4789	57.2443311183991	28.8033589661414	67.8536706194214	363.634032133307
13	422222	422347	125	422284.5	15.4959157568676	16.4443983587564	31.9403141156241	1.20875	30.7315641156241	21.7844004065649	23.9810601130162	45.7654605195811	7.01075	38.7547105195811	38.1157603172212	45.9372886567186	481.200391533174
13	424747	424954	207	424850.5	35.6763455852252	35.7509442168551	71.4272898020803	2.00169	69.4255998020803	39.4704759891118	40.7420526644537	80.2125286535655	7.80369	72.4088386535655	86.1072190136285	85.8286819313483	1087.0786036628
13	429717	429916	199	429816.5	104.945374976492	91.8842145586637	196.829589535156	1.92433	194.905259535156	120.565288458857	109.89978409727	230.465072556127	7.72633	222.738742556127	241.737196618341	264.019877187976	3051.86182022246
13	431316	432211	895	431763.5	805.270628840326	945.021765371254	1750.29239421158	8.65465	1741.63774421158	823.734390157706	961.312566547459	1785.04695670516	14.45665	1770.59030670516	2160.1193667863	2098.74146707424	27270.8789331515
13	433700	434012	312	433856	66.0885877304263	116.218168198519	182.306755928945	3.01704	179.289715928945	87.3245981961627	139.472941633884	226.797539830047	8.81904	217.978499830047	222.369542076643	258.377398086667	2807.35081293885
13	434291	434711	420	434501	845.444191932641	636.33462765029	1481.77881958293	4.0614	1477.71741958293	863.859154145148	658.814315303132	1522.67346944828	9.8634	1512.81006944828	1832.78412935611	1793.18570339788	23138.366736016
13	436102	436353	251	436227.5	152.487802900982	133.83374507423	286.321547975213	2.42717	283.894377975213	161.270841792822	141.518804106424	302.789645899246	8.22917	294.560475899246	352.108666698433	349.152643042122	4445.2695385682
13	438890	439311	421	439100.5	133.937143177589	157.281914962105	291.219058139694	4.07107	287.147988139694	143.271271960731	165.016173091835	308.287445052566	9.87307	298.414375052566	356.144056004635	353.72080199587	4496.21515523626
13	445236	445475	239	445355.5	47.0806363951784	51.5671540985355	98.647790493714	2.31113	96.336660493714	53.1451251536547	62.5196531957493	115.664778349404	8.11313	107.551648349404	119.484483358043	127.484660561099	1508.45686129608
13	448328	448475	147	448401.5	23.9515606541277	28.2940809988428	52.2456416529705	1.42149	50.8241516529705	28.3689796249698	38.1504002033939	66.5193798283637	7.22349	59.2958898283637	63.0362052332325	70.285453579282	795.813762772879
13	449034	449173	139	449103.5	11.8502826290807	9.53102517145216	21.3813078005328	1.34413	20.0371778005328	18.2890645218605	15.9945066111657	34.2835711330263	7.14613	27.1374411330263	24.8517212988313	32.1669404833426	313.745755554766
13	451428	451570	142	451499	32.1584101150674	38.7997882916033	70.9581984066707	1.37314	69.5850584066707	34.6796638674576	44.1156907814723	78.79535464893	7.17514	71.62021464893	86.3049924146249	84.8938988286786	1089.57543534613
13	453548	453970	422	453759	203.666864118344	200.175828154766	403.842692273111	4.08074	399.761952273111	208.832669361462	207.114100885336	415.946770246798	9.88274	406.064030246798	495.816961982732	481.321633434286	6259.54498216012
13	457392	457486	94	457439	18.1898663414627	15.6711125432155	33.8609788846782	0.90898	32.9519988846782	41.3195420715077	34.7333628824512	76.052904953959	6.71098	69.341924953959	40.8697223068832	82.1933638496176	515.96836091549
13	457970	458351	381	458160.5	106.981637625123	74.7272292709606	181.708866896083	3.68427	178.024596896083	116.963354529491	80.7176193886356	197.680973918127	9.48627	188.194703918127	220.80043958489	223.073642446243	2787.54135020996
13	464936	465026	90	464981	16.8655906327844	19.8865352192958	36.7521258520802	0.8703	35.8818258520802	32.1360105259453	29.2922626890962	61.4282732150415	6.6723	54.7559732150415	44.5035296210918	64.9041345822469	561.844121697921
13	465361	465981	620	465671	210.742834323115	196.743791108965	407.48662543208	5.9954	401.49122543208	221.57183568566	204.827542827899	426.399378513559	11.7974	414.601978513559	497.961745795307	491.441956584891	6286.62225418029
13	469585	469767	182	469676	53.0931261074784	52.4453379899206	105.538464097399	1.75994	103.778524097399	57.6584423654257	58.0595350081433	115.717977373569	7.56194	108.156037373569	128.714481817096	128.201063617445	1624.98290814344
13	472508	473098	590	472803	57.5371445904029	97.3753138348806	154.912458425284	5.7053	149.207158425284	65.3968004199501	110.451673973899	175.848474393849	11.5073	164.341174393849	185.058732017495	194.799235114916	2336.31268436793
13	475607	475690	83	475648.5	15.1464221676635	16.8428910491652	31.9893132168287	0.80261	31.1867032168287	25.4014340589549	30.0918480222225	55.4932820811773	6.60461	48.8886720811773	38.6802604782686	57.949421149772	488.327041933319
13	477699	478093	394	477896	240.132095232963	229.187195996345	469.319291229308	3.80998	465.509311229308	246.944970263715	237.297847221858	484.242817485574	9.61198	474.630837485574	577.362130527885	562.596223649733	7289.02902511222
13	478793	478904	111	478848.5	29.1165659119198	29.2647631935222	58.381329105442	1.07337	57.307959105442	37.6260098223391	37.3751144245385	75.0011242468777	6.87537	68.1257542468777	71.0779453110104	80.7517949647511	897.338393052558
13	482524	482691	167	482607.5	33.3606880615627	59.4568093777998	92.8174974393625	1.61489	91.2026074393625	52.275141111859	83.931060444165	136.206201556024	7.41689	128.789311556024	113.116817366839	152.658391754982	1428.06692960855
13	483485	483822	337	483653.5	150.269843585232	133.184456984187	283.454300569419	3.25879	280.195510569419	164.466683171184	143.98895879613	308.455641967313	9.06079	299.394851967313	347.521033509507	354.882994938357	4387.35200345021
13	486351	486504	153	486427.5	21.206111014185	22.855780754128	44.061891768313	1.47951	42.582381768313	27.1205025259101	27.9702869382296	55.0907894641397	7.28151	47.8092794641397	52.814098596181	56.6699800300212	666.762638641935
13	492005	492226	221	492115.5	106.8603398501	139.145247644808	246.005587494908	2.13707	243.868517494908	113.872811219636	144.586447836328	258.459259055965	7.93907	250.520189055965	302.465371654357	296.950179338456	3818.5373728343
13	493916	494022	106	493969	16.4667979478785	13.4253537373938	29.8921516852724	1.02502	28.8671316852724	43.7645972216166	32.4405049405738	76.2051021621904	6.82702	69.3780821621904	35.8033410932738	82.2362222296514	452.006771185804
13	494400	494952	552	494676	242.452152675918	300.087695461393	542.539848137311	5.33784	537.20200813731	258.119465288836	316.931386495884	575.050851784719	11.13984	563.911011784719	666.281185918604	668.423078840144	8411.60624547116
13	497485	497665	180	497575	22.0308958850736	32.3312069454378	54.3621028305115	1.7406	52.6215028305115	27.3468983731084	37.22331720897	64.5702155820784	7.5426	57.0276155820784	65.2654248860714	67.5967902553343	823.957012725966
13	500870	501102	232	500986	72.4277714501454	87.5495940690409	159.977365519186	2.24344	157.733925519186	77.7684734851139	91.2677258669775	169.036199352091	8.04544	160.990759352091	195.634315141386	190.827873160986	2469.82634636901
13	501853	502126	273	501989.5	176.999253284997	131.662684898204	308.661938183201	2.63991	306.022028183201	180.293792852928	135.006623560003	315.300416412931	8.44191	306.858506412931	379.553160201521	363.729920747005	4791.7482893318
13	504737	505180	443	504958.5	530.66476596313	25.8744253828277	556.539191345958	4.28381	552.255381345958	532.735727975267	29.3683612932119	562.104089268479	10.08581	552.018279268479	684.951591467366	654.32621476372	8647.31468694985
13	509330	509701	371	509515.5	106.091253957519	133.541650432152	239.632904389671	3.58757	236.045334389671	113.551717109498	140.179828667384	253.731545776882	9.38957	244.341975776882	292.76243004569	289.626931068015	3696.04055623519
13	510331	510626	295	510478.5	258.674955099431	354.863590701669	613.538545801099	2.85265	610.685895801099	277.338512751926	372.155573513099	649.494086265025	8.65465	640.839436265025	757.421820311065	759.608980989325	9562.23025478468
13	510857	511141	284	510999	171.054862323555	158.503292558254	329.558154881808	2.74628	326.811874881808	204.091656326338	190.715201691983	394.806858018322	8.54828	386.258578018322	405.338402072534	457.845551074268	5117.27947068155
13	511810	511968	158	511889	29.8140531178422	36.5975286878715	66.4115818057136	1.52786	64.8837218057136	34.5808656797227	43.7087982451428	78.2896639248655	7.32986	70.9598039248655	80.4740162111861	84.1110913284648	1015.96105618215
13	513346	513569	223	513457.5	131.468988451198	140.138529424941	271.607517876138	2.15641	269.451107876138	138.432260723198	144.880742438053	283.313003161251	7.95841	275.354593161251	334.194960151576	326.387250979741	4219.11420197208
13	513970	514415	445	514192.5	269.474656999419	205.165536628045	474.640193627463	4.30315	470.337043627463	273.492983290858	209.009066125799	482.502049416656	10.10515	472.396899416656	583.34987297638	559.948260175428	7364.62253253896
13	517333	517756	423	517544.5	93.1588911771431	109.035699947252	202.194591124395	4.09041	198.104181124395	100.169262585199	115.324084598784	215.493347183983	9.89241	205.600937183983	245.704756750012	243.705848215289	3101.95111328397
13	523422	523678	256	523550	103.619499297162	93.3845870371813	197.004086334344	2.47552	194.528566334344	110.533172478964	97.7771064647582	208.310278943722	8.27752	200.032758943722	241.269991379413	237.105695416168	3045.96348992477
13	527541	527937	396	527739	58.4047286762213	61.8511654578868	120.255894134108	3.82932	116.426574134108	62.4230549676603	67.5146615718112	129.937716539471	9.63132	120.306396539471	144.401611891752	142.603301404897	1823.02836417349
13	531865	532030	165	531947.5	14.2689382634385	12.5229702899037	26.7919085533422	1.59555	25.1963585533422	25.0484405339504	22.1303940599687	47.1788345939191	7.39755	39.7812845939191	31.2505526849411	47.1541221447804	394.52914129139
13	534828	534947	119	534887.5	9.98131691170574	10.9784986203019	20.9598155320077	1.15073	19.8090855320077	16.0973047255297	18.3917626380587	34.4890673635884	6.95273	27.5363373635884	24.5688229014505	32.6397658777718	310.174245542876
13	535952	536148	196	536050	10.7298031821472	11.3017926900865	22.0315958722337	1.89532	20.1362758722337	19.2388470999037	18.4641613100426	37.7030084099464	7.69732	30.0056884099464	24.9746307067169	35.5667724349231	315.297451092397
13	540032	541348	1316	540690	757.921197375683	948.824695613724	1706.74589298941	12.72572	1694.02017298941	762.338416350193	953.865103157024	1716.20351950722	18.52772	1697.67579950722	2101.06022079672	2012.31339885987	26525.274386967
13	545618	545903	285	545760.5	89.0672662302286	93.43138617874	182.498652408969	2.75595	179.742702408969	97.62810919783	100.542655736011	198.170764933841	8.55795	189.612814933841	222.931372383574	224.75457811065	2814.44375720705
13	556517	557389	872	556953	395.052253517008	486.738571705704	881.790825222712	8.43224	873.358585222712	403.088606105389	497.840968053338	900.929574158726	14.23424	886.695334158726	1083.20964009808	1051.03041590866	13675.2067540996
13	558618	559096	478	558857	151.040929441127	162.989710263445	314.030639704572	4.62226	309.408379704572	161.694934013656	171.498854179368	333.193788193023	10.42426	322.769528193023	383.753186026852	382.589801017976	4844.77239418445
13	559836	560048	212	559942	111.82404880029	60.7033865117108	172.527435312001	2.05004	170.477395312001	143.684464381501	76.4962968207776	220.180761202279	7.85204	212.328721202279	211.439792480749	251.680521547254	2669.36590220555
13	560658	561057	399	560857.5	291.781947814552	105.046173127541	396.828120942094	3.85833	392.969790942094	340.433455395084	124.509316113163	464.942771508247	9.66033	455.282441508247	487.392776596174	539.661905752922	6153.19209105621
13	562639	563080	441	562859.5	87.7988894961899	87.6264926584823	175.425382154672	4.26447	171.160912154672	97.754006888476	100.003865619092	197.757872507568	10.06647	187.691402507568	212.287545105706	222.477062008196	2680.06853260456
13	564240	564369	129	564304.5	22.1791931648418	21.5786041815056	43.7577973463474	1.24743	42.5103673463474	28.3691796213012	29.2407636337485	57.6099432550498	7.04943	50.5605132550498	52.7247805114685	59.9311118800785	665.63502379241
13	568388	568535	147	568461.5	11.5257885813075	6.66027782985773	18.1860664111652	1.42149	16.7645764111652	19.8602357017105	12.7742656803672	32.6345013820776	7.22349	25.4110113820776	20.7927775463548	30.1205440388432	262.50277085113
13	571985	572218	233	572101.5	23.678265667205	25.5744308856568	49.2526965528618	2.25311	46.9995865528618	31.840115953569	30.5408397863217	62.3809557398906	8.05511	54.3258457398906	58.2926716426581	64.3942897215762	735.928030413401
13	572798	573012	214	572905	38.2488983966317	38.7977883282888	77.0466867249206	2.06938	74.9773067249206	59.2336134719046	66.9934711320595	126.227084603964	7.87138	118.355704603964	92.9928929619602	140.291079295111	1174.00823519399
13	574848	575012	164	574930	34.5805656852255	40.4244584901154	75.0050241753409	1.58588	73.4191441753409	47.255933179692	52.7275328135927	99.9834659932847	7.38788	92.5955859932847	91.0603343049521	109.756726474898	1149.61024405663
13	577464	577729	265	577596.5	77.6733752295107	66.6928766458943	144.366251875405	2.56255	141.803701875405	85.3355346817536	71.8339823420784	157.169517023832	8.36455	148.804967023832	175.876369079103	176.383635229928	2220.3880221185
13	584125	584272	147	584198.5	21.755400938505	24.7495460166024	46.5049469551074	1.42149	45.0834569551074	26.4707144450378	30.2895443958581	56.7602588408959	7.22349	49.5367688408959	55.9161334290497	58.7176324853627	705.924926464685
13	586646	586775	129	586710.5	3.36843821240102	5.19000479922296	8.55844301162398	1.24743	7.31101301162398	22.078895004621	16.9173896826293	38.9962846872503	7.04943	31.9468546872503	9.06770701870883	37.8677034550669	114.47716460058
13	589654	590268	614	589961	135.335417528902	127.174267229699	262.509684758601	5.93738	256.572304758601	140.527822284103	131.492688016474	272.020510300577	11.73938	260.281130300577	318.221631525873	308.52015804565	4017.45557244965
13	592254	592383	129	592318.5	21.9795968260574	29.462059574495	51.4416564005524	1.24743	50.1942264005524	33.1067927187904	38.9173861344943	72.0241788532847	7.04943	64.9747488532847	62.2549212136948	77.0168001116423	785.95027919099
13	592742	593214	472	592978	217.807804729657	276.089335665706	493.897140395363	4.56424	489.332900395363	223.746895788315	284.697877758358	508.444773546673	10.36624	498.078533546673	606.910064083523	590.389582646687	7662.06309494672
13	594690	594845	155	594767.5	24.7491460239395	27.6157934407393	52.3649394646788	1.49885	50.8660894646788	37.6752089198752	38.8703869966042	76.5455959164794	7.30085	69.2447459164794	63.0882198841396	82.0781742007664	796.470432616892
13	599224	599308	84	599266	10.8759005022695	19.6354398251637	30.5113403274332	0.81228	29.6990603274332	21.455806433997	30.9394324748961	52.3952389088931	6.61428	45.7809589088931	36.8351659820536	54.2657420526109	465.03326039505
13	603273	603504	231	603388.5	59.30691212738	60.879883274213	120.186795401593	2.23377	117.953025401593	70.6355043258805	75.352717797562	145.988222123442	8.03577	137.952452123442	146.294839663319	163.519776799644	1846.92981431792
13	605767	606054	287	605910.5	64.9408087842503	109.035399952755	173.976208737005	2.77529	171.200918737005	67.011770796387	113.401519864581	180.413290660968	8.57729	171.836000660968	212.337164490439	203.683109953579	2680.69496290957
13	608266	608579	313	608422.5	48.4006121827306	55.0875895228365	103.488201705567	3.02671	100.461491705567	53.441019726031	59.6037066832478	113.044726409279	8.82871	104.216016409279	124.600431157786	123.530821524973	1573.04421476381
13	610007	610807	800	610407	92.5189029165117	90.5674387124148	183.086341628927	7.736	175.350341628927	108.437010929065	106.288050347663	214.725061276728	13.538	201.187061276728	217.483612871921	238.473929593576	2745.66737735346
13	611070	611650	580	611360	126.917671936452	100.791351174166	227.709023110618	5.6086	222.100423110618	145.455231900135	121.502471268019	266.957703168154	11.4106	255.547103168154	275.466828235202	302.90875318737	3477.68861221668
13	615986	616414	428	616200	106.186352213123	86.0799210274004	192.266273240523	4.13876	188.127513240523	111.302658364207	90.1230468639389	201.425705228146	9.94076	191.484945228146	233.330889920603	226.973678410445	2945.73464236653
13	618283	618425	142	618354	15.3955175984811	16.6933937914083	32.0889113898894	1.37314	30.7157713898894	17.6412764043028	21.4848059020568	39.1260823063596	7.17514	31.9509423063596	38.0961729071371	37.8725486503071	480.953106176063
13	619528	619704	176	619616	35.8737419643637	46.8506406140141	82.7243825783778	1.70192	81.0224625783778	40.5643559239628	49.8962847474591	90.4606406714219	7.50392	82.9567206714219	100.490582006478	98.3314485492659	1268.66437936609
13	624326	624498	172	624412	24.578549153215	31.4382233255257	56.0167724787406	1.66324	54.3535324787406	32.5141035905464	39.2730796099733	71.7871832005197	7.46524	64.3219432005197	67.4136275185778	76.2430071634882	851.077446353723
13	625649	625785	136	625717	26.4460148981041	31.5617210601944	58.0077359582984	1.31512	56.6926159582984	61.831165824742	61.4772723162461	123.308438140988	7.11712	116.191318140988	70.3147471925833	137.725557726728	887.703238713565
13	626073	626176	103	626124.5	26.8714070950925	16.0162062131278	42.8876133082202	0.99601	41.8916033082202	64.2263218901548	44.6338812762523	108.860203166407	6.79801	102.062193166407	51.9573395285939	120.977820903968	655.946304523414
13	628865	628962	97	628913.5	12.1770766346656	9.03323430247985	21.2103109371454	0.93799	20.2723209371454	26.7014102133623	22.8580807119396	49.5594909253019	6.73999	42.8195009253019	25.143364750549	50.7554242509017	317.427669334963
13	632013	632190	177	632101.5	28.7921718623123	29.2404636392514	58.0326355015636	1.71159	56.3210455015636	34.4082688456837	34.1819729966511	68.5902418423347	7.51359	61.0766518423347	69.8538955933422	72.3962519201282	881.88512126955
13	637122	637312	190	637217	21.9553972699523	17.2649833066847	39.220380576637	1.8373	37.383080576637	27.3206988536888	20.9584155576875	48.2791144113763	7.6393	40.6398144113763	46.3655066112968	48.1717670069452	585.351039814089
13	645408	645622	214	645515	131.489588073337	120.165695788625	251.655283861962	2.06938	249.585903861962	136.980287356891	126.180585456903	263.160872813793	7.87138	255.289492813793	309.556534589888	302.603398791721	3908.06124308126
13	646906	647026	120	646966	21.2846095742781	17.2913828224357	38.5759923967138	1.1604	37.4155923967138	26.1520202908765	22.3315903694047	48.4836106602812	6.9624	41.5212106602812	46.4058303884031	49.2165162352083	585.860115775584
13	652994	653244	250	653119	25.8223263384857	45.558864309196	71.3811906476817	2.4175	68.9636906476817	82.1558930062388	105.537064123079	187.692957129318	8.2195	179.473457129318	85.5343220874861	212.736049265626	1079.84594654476
13	653530	653870	340	653700	68.3875455604129	67.215467059966	135.603012620379	3.2878	132.315212620379	125.821392045623	125.869291167005	251.690683212628	9.0898	242.600883212628	164.10798069326	287.563154287595	2071.81554050323
13	654557	654935	378	654746	16.6643943233485	19.9608338564284	36.6252281797769	3.65526	32.9699681797769	25.2995359280825	28.595775464831	53.8953113929135	9.45726	44.4380513929135	40.8920092735496	52.6739476778429	516.249727389534
13	659330	659449	119	659389.5	13.0737601867095	9.35602838143578	22.4297885681453	1.15073	21.2790585681453	26.0988212667116	19.7593375524953	45.8581588192069	6.95273	38.9054288192069	26.392001822881	46.1159402307579	333.191349321626
13	661787	662277	490	662032	63.1771411353823	51.8225494137937	114.999690549176	4.7383	110.261390549176	67.2202669719208	56.4394647252545	123.659731697175	10.5403	113.119431697175	136.755054790044	134.084345280597	1726.49280406398
13	664420	664626	206	664523	28.9398691530861	40.1675632023713	69.1074323554574	1.99202	67.1154123554574	34.1550734900714	44.3094872266448	78.4645607167162	7.79402	70.6705407167162	83.2419385263733	83.7682177187184	1050.90527061514
13	667062	667529	467	667295.5	299.166312362415	509.966145639993	809.132458002408	4.51589	804.616568002408	309.696719202109	518.000498265059	827.697217467169	10.31789	817.379327467169	997.95025524434	968.867773865124	12598.8318101906
13	668227	668460	233	668343.5	65.8379923271228	62.6464508698869	128.48444319701	2.25311	126.23133319701	69.5315245762914	66.5394794596742	136.071004035966	8.05511	128.015894035966	156.562263559321	151.741633420453	1976.55305566676
13	674859	675789	930	675324	360.459788050061	367.425160283542	727.884948333603	8.9931	718.891848333603	365.101202912124	369.771517244081	734.872720156205	14.7951	720.077620156205	891.627555369264	853.532720252045	11256.5386384699
13	683865	684442	577	684153.5	292.141941211158	344.803575233538	636.945516444696	5.57959	631.365926444696	298.105631818584	350.791865389733	648.897497208318	11.38159	637.515907208318	783.070859468281	755.669487916352	9886.04191647481
13	687281	687499	218	687390	37.7248080100741	43.8129963338269	81.537804343901	2.10806	79.429744343901	41.3935407141432	47.7306244723821	89.1241651865254	7.91006	81.2141051865254	98.5151646066421	96.2658665987334	1243.72530906206
13	688862	689060	198	688961	64.2007223597296	47.7548240284873	111.955546388217	1.91466	110.040886388217	69.7407207389853	53.8932114314333	123.633932170419	7.71666	115.917272170419	136.481567774659	137.400721631025	1723.04011001336
13	693138	693369	231	693253.5	63.6701320923999	49.8502855912263	113.520417683626	2.23377	111.286647683626	71.2314933935934	56.5624624690946	127.793955862688	8.03577	119.758185862688	138.026661241742	141.953488472057	1742.54646578661
13	695133	695350	217	695241.5	140.846916430927	145.108438261406	285.955354692333	2.09839	283.856964692333	150.205844759169	154.391267985532	304.597112744701	7.90039	296.696722744701	352.062263732493	351.684809755948	4444.68371461525
13	696502	696722	220	696612	96.3320329718858	62.0753613454392	158.407394317325	2.1274	156.279994317325	99.7766697865682	65.3699009133704	165.146570699939	7.9294	157.217170699939	193.831032594511	186.354909000976	2447.06042853399
13	701187	701720	533	701453.5	367.132365654303	401.108342429563	768.240708083866	5.15411	763.086598083866	369.727718047494	405.00137101935	774.729089066845	10.95611	763.772979066845	946.441442564293	905.326329037299	11948.5480267172
13	706937	707135	198	707036	24.5272500941987	19.5369416319259	44.0641917261247	1.91466	42.1495317261247	28.7695722768587	25.1778381603968	53.9474104372555	7.71666	46.2307504372555	52.2772431208372	54.7988953905333	659.984994360878
13	712038	712294	256	712166	38.6742905936201	34.4571679487225	73.1314585423427	2.47552	70.6559385423427	47.1341354138406	41.1445452814914	88.278680695332	8.27752	80.001160695332	87.6331841859964	94.8281218583005	1106.34347027698
13	715430	715741	311	715585.5	426.778571557983	444.787841212149	871.566412770132	3.00737	868.559042770132	437.831868806246	458.759184934394	896.59105374064	8.80937	887.78168374064	1077.25686108994	1052.31810335768	13600.0546499414
13	716240	716476	236	716358	45.9083578984001	47.3045322882337	93.2128901866338	2.28212	90.9307701866338	56.2623679737579	59.7558038933135	116.018171867071	8.08412	107.934051867071	112.779662917709	127.937936576813	1423.81045271872
13	720708	720814	106	720761	6.43628193863676	6.06408876581335	12.5003707044501	1.02502	11.4753507044501	13.4465533485272	12.6528679071787	26.0994212557059	6.82702	19.2724012557059	14.2326539372105	22.8442387447109	179.68311769574
13	721446	721550	104	721498	28.0925846949096	24.1242574863325	52.2168421812421	1.00568	51.2111621812421	34.2823711550376	32.1340105626308	66.4163817176684	6.80768	59.6087017176684	63.5162068524258	70.6562402491239	801.873643650764
13	724439	724542	103	724490.5	8.35884667283958	5.88929197212841	14.248138644968	0.99601	13.252128644968	13.9730436910622	11.2546935540306	25.2277372450929	6.79801	18.4297272450929	16.4363570049394	21.8453883146583	207.504228180971
13	731302	731446	144	731374	18.6382581165675	16.1193043219889	34.7575624385564	1.39248	33.3650824385564	25.4779326557335	21.06101367572	46.5389463314535	7.19448	39.3444663314535	41.3820617918299	46.6363464642403	522.436497946011
13	732135	732241	106	732188	14.5709327239239	7.78515719608302	22.3560899200069	1.02502	21.3310699200069	26.248818515297	19.7363379743789	45.9851564896759	6.82702	39.1581364896759	26.4565104894063	46.4154833069018	334.00575248008
13	733278	733412	134	733345	8.13475078345289	8.00925308546971	16.1440038689226	1.29578	14.8482238689226	15.5461148360609	14.6473313225368	30.1934461585977	7.09778	23.0956661585977	18.4159628190406	27.3760858698882	232.496175997278
13	738997	739133	136	739065	23.8301628809392	16.7916919883147	40.6218548692539	1.31512	39.3067348692539	28.6956736323889	22.3563899145041	51.0520635468931	7.11712	43.9349435468931	48.7513775573611	52.077596678487	615.471966796491
13	742839	742949	110	742894	31.0145310973546	25.3027358693856	56.3172669667402	1.0637	55.2535669667402	46.4327482794549	37.7539074762997	84.1866557557546	6.8657	77.3209557557546	68.5299227612395	91.6511829438344	865.170349220277
13	746054	746193	139	746123.5	24.7000469245692	22.2039927099413	46.9040396345105	1.34413	45.5599096345105	30.0897480607423	27.4191970469266	57.5089451076689	7.14613	50.3628151076689	56.5070684059451	59.6967734798846	713.385308728769
13	751324	751911	587	751617.5	428.371542337961	516.927317950513	945.298860288474	5.67629	939.622570288474	434.758625179062	526.985333455329	961.74395863439	11.47829	950.26566863439	1165.39556994297	1126.38251545117	14712.7802221543
13	756456	756539	83	756497.5	10.7543027327495	16.2426020603261	26.9969047930756	0.80261	26.1942947930756	16.2201024730383	24.6510478233646	40.8711502964029	6.60461	34.2665402964029	32.4882735631378	40.6173064321461	410.155007501069
13	758914	759664	750	759289	241.055178300758	234.137305195997	475.192483496755	7.2525	467.939983496755	248.116548773334	240.9234807165	489.040029489834	13.0545	475.985529489834	580.376845991346	564.201986582969	7327.08893128503
13	760254	760421	167	760337.5	29.5402581400908	9.60692377923641	39.1471819193273	1.61489	37.5322919193272	36.3039340733068	13.1009596877863	49.4048937610931	7.41689	41.9880037610931	46.5505705329767	49.7698221205439	587.687418016435
13	772659	772776	117	772717.5	27.2968992902466	1.87136567335231	29.1682649635989	1.13139	28.0368749635989	79.3168450831788	31.8356160361114	111.15246111929	6.93339	104.21907111929	34.7735898549052	123.534442377604	439.006461210067
13	773836	774641	805	774238.5	426.179582545299	340.812548441342	766.992130986641	7.78435	759.207780986641	430.870296503063	345.703058734223	776.573355237286	13.58635	762.987005237286	941.630621278532	904.394687278117	11887.8128067705
13	775812	775883	71	775847.5	11.7248849292632	11.9264812313621	23.6513661606253	0.68657	22.9647961606253	20.3575265798542	22.1570935702169	42.514620150071	6.48857	36.026050150071	28.4827893204179	42.7029138578926	359.586933564316
13	777359	777920	561	777639.5	159.699370618474	159.0568824037	318.756253022175	5.42487	313.331383022175	172.249040418626	174.128105950739	346.377146369366	11.22687	335.150276369366	388.618810620993	397.265126807738	4906.19948996499
13	779172	779474	302	779323	100.393458472752	103.017110346843	203.410568819595	2.92034	200.490228819595	105.532564205621	109.032100013286	214.564664218907	8.72234	205.842324218907	248.664125225808	243.991972553535	3139.31227983009
13	782400	782607	207	782503.5	58.4805272858398	60.5322896501576	119.012816935997	2.00169	117.011126935997	63.9217274773606	64.9495086246682	128.871236102029	7.80369	121.067546102029	145.126621344761	143.505518108295	1832.18139771525
13	784372	784474	102	784423	9.20623112918176	6.5882791505367	15.7945102797185	0.98634	14.8081702797185	14.9458258472219	12.1036779810244	27.0495038282463	6.78834	20.2611638282463	18.3662851326005	24.0162529617903	231.869009650169
13	788855	789142	287	788998.5	37.2310170677307	40.568255852426	77.7992729201567	2.77529	75.0239829201567	43.2211071909086	47.1568349974599	90.3779421883685	8.57729	81.8006521883684	93.0507845376525	96.9611208935832	1174.73909950465
13	789867	790101	234	789984	74.5765320352151	86.3799155245714	160.956447559786	2.26278	158.693667559786	79.2693459544601	89.1747642583816	168.444110212842	8.06478	160.379330212842	196.824664498427	190.103125214574	2484.85416089775
13	793519	793694	175	793606.5	57.4358464485249	79.5119415045056	136.947787953031	1.69225	135.255537953031	65.8937913035966	88.4941767424664	154.387968046063	7.49425	146.893718046063	167.754808925378	174.118166211852	2117.85568658833
13	794653	794881	228	794767	171.500654146351	173.484717752473	344.985371898824	2.20476	342.780611898824	184.900208356988	184.387717757654	369.287926114642	8.00676	361.281166114642	425.144115521393	428.238967380722	5367.32084429883
13	795542	795771	229	795656.5	173.554516472149	230.991762894994	404.546279367142	2.21443	402.331849367142	185.65639448619	249.729619184622	435.386013670812	8.01643	427.369583670812	499.004355286486	506.575837233216	6299.78489585912
13	797529	798903	1374	798216	4479.97822331144	4016.95331662361	8496.93153993505	13.28658	8483.64495993505	4487.01739419123	4022.71751089042	8509.73490508164	19.08858	8490.64632508165	10522.0995811563	10064.2545354664	132838.447824844
13	801536	801674	138	801605	6.86167413562515	8.30954757713782	15.171221712763	1.33446	13.836761712763	12.502570664096	12.9015633453334	25.4041340094294	7.13646	18.2676740094294	17.1614660101873	21.6533010518553	216.658518540801
13	808128	808360	232	808244	50.8703668797732	58.1579332032153	109.028300082989	2.24344	106.784860082989	74.0492417073543	90.6949363737124	164.744178081067	8.04544	156.698738081067	132.443181776156	185.740393022327	1672.05666097629
13	808933	809085	152	809009	46.2617514160675	30.2415452763108	76.5032966923783	1.46984	75.0334566923783	74.2825374279875	43.7165981020693	117.999135530057	7.27184	110.727295530057	93.0625346727884	131.248864170254	1174.88744154429
13	809308	809406	98	809357	21.4593063697973	14.6221317847744	36.0814381545717	0.94766	35.1337781545717	47.5580276383431	36.1087376538143	83.6667652921574	6.74966	76.9171052921574	43.5757406339512	91.1724851269317	550.131055497572
13	810843	811154	311	810998.5	157.111018096884	117.840938431882	274.951956528766	3.00737	271.944586528766	163.101408214559	122.457853743343	285.559261957901	8.80937	276.749891957901	337.287573151099	328.041146537849	4258.15754188832
13	814195	814375	180	814285	47.9072212330501	67.3159652165183	115.223186449568	1.7406	113.482586449568	55.6190797736577	72.7060663453543	128.325146119012	7.5426	120.782546119012	140.75024131593	143.167697845636	1776.93087231986
13	815368	815500	132	815434	26.7955084873082	37.8970048514502	64.6925133387584	1.27644	63.4160733387584	33.7316812563975	44.8084780736058	78.5401593300032	7.07844	71.4617193300032	78.6537204076295	84.7060288867112	992.98035092827
13	818597	819133	536	818865	130.986797296078	168.385511287728	299.372308583806	5.18312	294.189188583806	137.924970028482	175.346583600082	313.271553628564	10.98512	302.286433628564	364.877119751847	358.310485936651	4606.46754583449
13	819971	820475	504	820223	174.552498166071	118.511226136728	293.063724302798	4.87368	288.190044302798	182.911644833407	123.152740996956	306.064385830364	10.67568	295.388705830364	357.436497964325	350.134372408947	4512.5318591892
13	822610	822788	178	822699	16.0966047383696	5.83809291127791	21.9346976496475	1.72126	20.2134376496475	20.4149255269795	13.0501606195987	33.4650861465782	7.52326	25.9418261465782	25.0703329561204	30.7497369997296	316.505664164899
13	826635	826834	199	826734.5	52.4413380632917	41.7364344244096	94.1777724877013	1.92433	92.2534424877013	64.4176183811841	55.2609863422013	119.678604723385	7.72633	111.952274723385	114.420147606872	132.700874056226	1444.52109493495
13	831419	831730	311	831574.5	95.557247183859	107.020936904252	202.578184088111	3.00737	199.570814088111	101.872331345639	110.689669608321	212.56200095396	8.80937	203.75263095396	247.523793044683	241.514987396662	3124.91591760438
13	832025	832255	230	832140	104.265087455074	64.1432234144385	168.408310869513	2.2241	166.184210869513	110.280077121517	68.8092378252695	179.089314946787	8.0261	171.063214946787	206.115039448595	202.767100520243	2602.14244339047
13	833019	833155	136	833087	15.6198134841992	7.63505994933183	23.2548734335311	1.31512	21.9397534335311	21.209010960991	11.7275848797378	32.9365958407288	7.11712	25.8194758407288	27.2114487939859	30.6047109824612	343.536629070858
13	837046	837154	108	837100	8.83183799671242	7.01007141355904	15.8419094102715	1.04436	14.7975494102715	15.3465184972765	13.5722510428419	28.9187695401184	6.84636	22.0724095401184	18.3531122751215	26.1631846761292	231.702706154614
13	837827	838071	244	837949	25.7998267511979	27.3237987968262	53.1236255480241	2.35948	50.7641455480241	34.1363738330811	35.2592532359919	69.395627069073	8.16148	61.234147069073	62.9617808301953	72.5829364184958	794.874176324043
13	841684	841981	297	841832.5	102.266524114921	89.4684588711119	191.734982986033	2.87199	188.862992986033	107.208233468652	94.533565961346	201.741799429998	8.67399	193.067809429998	234.243091121705	228.84990168163	2957.25091730043
13	845394	845553	159	845473.5	22.6066853233104	17.315882373038	39.9225676963484	1.53753	38.3850376963484	27.5482946788758	20.6350214897373	48.1833161686131	7.33953	40.8437861686131	47.6082145086029	48.4135417322465	601.039865690006
13	848525	848641	116	848583	14.4229354386529	15.9672071119232	30.3901425505761	1.12172	29.2684225505761	20.9606155173335	23.9277610906855	44.888376608019	6.92372	37.964656608019	36.301054336305	45.0008106362864	458.290256164841
13	851740	852644	904	852192	460.170459047252	395.345948129738	855.51640717699	8.74168	846.77472717699	469.327691075229	408.470207390138	877.797898465367	14.54368	863.254218465367	1050.23819882144	1023.24485684746	13258.9518947005
13	854572	854781	209	854676.5	46.6571441633388	47.728124518239	94.3852686815779	2.02103	92.3642386815779	54.9669917349738	54.9895913204273	109.956583055401	7.82303	102.133553055401	114.557565967811	121.062406229862	1446.25596178628
13	856843	856938	95	856890.5	6.21218604925007	5.53969838475855	11.7518844340086	0.91865	10.8332344340086	12.7742656803672	8.8833370520601	21.6576027324273	6.72065	14.9369527324273	13.4362496355013	17.70528279329	169.628744947782
13	858958	859228	270	859093	64.513916614776	75.793809706569	140.307726321345	2.6109	137.696826321345	67.8084561827073	80.7108195133664	148.519275696074	8.4129	140.106375696074	170.782691331942	166.072896344957	2156.08182158941
13	860992	861831	839	861411.5	603.605528003438	504.74924133419	1108.35476933763	8.11313	1100.24163933763	609.269124115528	510.988626884517	1120.25775100005	13.91513	1106.34262100005	1364.60827240156	1311.38588452187	17227.7826679573
13	863615	863737	122	863676	26.9208061889599	20.9848150734386	47.9056212623985	1.17974	46.7258812623985	31.9119146365586	25.7250281232366	57.6369427597951	6.98174	50.6552027597951	57.9532003027159	60.0433506003252	731.642303450722
13	867234	867558	324	867396	66.2941839591541	80.992114353547	147.286298312701	3.13308	144.153218312701	71.21099376962	88.9027692476132	160.113763017233	8.93508	151.178683017233	178.790428547356	179.197282276082	2257.17717561836
13	872676	872888	212	872782	47.5516277557368	40.9691484988121	88.5207762545489	2.05004	86.4707362545489	54.7632954713947	49.55439101885	104.317686490245	7.85204	96.4656464902447	107.247969713861	114.344042024011	1353.97443440557
13	874531	874850	319	874690.5	159.429875561849	103.36910389019	262.798979452039	3.08473	259.714249452039	165.095471637254	107.237232936712	272.332704573966	8.88673	263.445974573966	322.1185243236	312.271556598009	4066.65271096722
13	880541	880941	400	880741	27.8444892457493	33.7334812233805	61.5779704691298	3.868	57.7099704691298	33.8329793982755	37.1266189827153	70.9595983809908	9.67	61.2895983809908	71.5765521741519	72.6486647619104	903.633159725661
13	886626	886798	172	886712	4.76451260406884	2.61975194562808	7.38426454969692	1.66324	5.72102454969692	8.6080421018229	7.96005398793368	16.5680960897566	7.46524	9.10285608975658	7.09567530258972	10.78992778399	89.580837569066
13	892450	892554	104	892502	3.14434232301433	1.32227574536377	4.4666180683781	1.00568	3.4609380683781	8.78323888817073	8.883737044723	17.6669759328937	6.80768	10.8592959328937	4.29253406662693	12.8718962208742	54.1919945014744
13	904539	904668	129	904603.5	12.8004651997868	14.0710418934714	26.8715070932582	1.24743	25.6240770932582	22.6814839512717	27.9968864503121	50.6783704015838	7.04943	43.6289404015838	31.7810436579789	51.714880646617	401.226435581366
13	915114	915763	649	915438.5	63.2969389379192	47.78422348921	111.081162427129	6.27583	104.805332427129	72.6064681722935	54.6731971240777	127.279665296371	12.07783	115.201835296371	129.988012186083	136.552689746432	1641.06085876244
14	4941	5045	104	4993	10.3288105375954	1.87126567518659	12.200076212782	1.00568	11.194396212782	13.8967450906151	3.21834096564983	17.1150860562649	6.80768	10.3074060562649	13.8841915542294	12.2177222061668	313.76999204693
14	23324	23423	99	23373.5	14.2460386834878	8.88323705389438	23.1292757373822	0.95733	22.1719457373822	23.8307628699336	17.9662704429046	41.7970333128382	6.75933	35.0377033128382	27.4994323853122	41.5313924261434	621.461944480744
14	23694	23856	162	23775	10.7813022374949	8.48424437265703	19.2655466101519	1.56654	17.6990066101519	17.1212859425398	17.5180786641312	34.639364606671	7.36854	27.270824606671	21.9517331193204	32.3250444931186	496.089030417284
14	31682	31883	201	31782.5	12.2002762091134	16.7918919846461	28.9921681937595	1.94367	27.0484981937595	16.8169915242427	23.3808711223429	40.1978626465856	7.74567	32.4521926465856	33.5477254009983	38.4666978842849	758.147818052634
14	34162	34675	513	34418.5	88.5471757702999	96.3567325188195	184.903908289119	4.96071	179.943198289119	92.7895979511256	99.7004711842868	192.490069135412	10.76271	181.727359135412	223.180043518035	215.40767667994	5043.66424261526
14	37476	37553	77	37514.5	11.7269848907434	7.03677092380725	18.7637558145507	0.74459	18.0191658145507	22.1837930804651	14.2215391328855	36.4053322133506	6.54659	29.8587422133506	22.3488203437878	35.392592064085	505.062837410398
14	39704	39852	148	39778	4.96600890800199	3.14404232851716	8.11005123651915	1.43116	6.67889123651915	10.5061072854234	10.3313104917385	20.8374177771619	7.23316	13.6042577771619	8.28369869487143	16.1255937172886	187.203991205179
14	40407	40630	223	40518.5	23.5036688698515	18.2886645291976	41.7923333990491	2.15641	39.6359233990491	26.9974047839043	20.8593173754554	47.8567221593597	7.95841	39.8983121593597	49.1596636782252	47.292838935136	1110.96330103914
14	43145	43280	135	43212.5	6.93607277092354	6.68497737679147	13.621050147715	1.30545	12.315600147715	11.8282830326215	10.5778059702473	22.4060890028688	7.10745	15.2986390028688	15.2747989535093	18.1340019447348	345.19644355534
14	44273	44449	176	44361	13.3000560357421	12.6995670505716	25.9996230863137	1.70192	24.2977030863137	17.8921718021034	15.8934084656191	33.7855802677225	7.50392	26.2816602677225	30.1359678151263	31.1525540485248	681.045226489858
14	48057	48236	179	48146.5	13.9234446008633	11.1267959000701	25.0502405009334	1.73093	23.3193105009334	18.93915259723	13.1730583652731	32.112210962503	7.53293	24.579280962503	28.9224865507106	29.1346654228936	653.621663137417
14	51799	51889	90	51844	3.26974002283178	4.46621807571521	7.73595809854699	0.8703	6.86565809854699	10.2062127864182	12.8501642881514	23.0563770745696	6.6723	16.3840770745696	8.51534199559862	19.4206089494116	192.438917296699
14	52430	52654	224	52542	17.0407874191323	19.7343380110644	36.7751254301966	2.16608	34.6090454301966	20.0350324953954	22.67918399346	42.7142164888554	7.96808	34.7461364888554	42.9249248577794	41.1857882614768	970.063923321322
14	55965	56125	160	56045	10.3803095929431	9.40582746796615	19.7861370609092	1.5472	18.2389370609092	14.9971249062381	13.9979432343274	28.9950681405655	7.3492	21.6458681405655	22.6213983394701	25.6575905139589	511.222850055236
14	57733	58102	369	57917.5	28.7222731444714	25.3787344753356	54.101007619807	3.56823	50.532777619807	33.0654934763465	29.022767632471	62.0882611088175	9.37023	52.7180311088175	62.6748196959089	62.4884918501979	1416.39342850593
14	59931	60240	309	60085.5	18.2911644833407	21.0095146203723	39.3006791037131	2.98803	36.312649103713	28.3737795369245	30.3906425414047	58.7644220783293	8.79003	49.9743920783293	45.0378713075918	59.2363623303632	1017.81457471242
14	63096	63185	89	63140.5	2.54585330115831	1.42287390008176	3.96872720124007	0.86063	3.10809720124007	7.0369709201387	6.38918280258092	13.4261537227196	6.66263	6.76352372271962	3.8549124125076	8.01703683040421	87.1174841033987
14	64642	64832	190	64737	9.18153158224801	11.1532954139869	20.3348269962349	1.8373	18.4975269962349	13.9484441422942	14.3983358898849	28.3467800321791	7.6393	20.7074800321791	22.9421223988846	24.5452868783738	518.470919572188
14	66251	66376	125	66313.5	9.10733294328107	5.64059653397371	14.7479294772548	1.20875	13.5391794772548	13.0743601757038	11.3800912538481	24.4544514295519	7.01075	17.4437014295519	16.7923805604322	20.6766180695911	379.492395672892
14	68499	68677	178	68588	10.803701826617	18.5890590190315	29.3927608456485	1.72126	27.6715008456485	15.7947102760499	23.5060688258289	39.3007791018788	7.52326	31.7775191018788	34.3204234539528	37.6669841731842	775.610085191723
14	76577	76838	261	76707.5	27.4451965700147	36.4534313310637	63.8986279010784	2.52387	61.3747579010784	31.8623155463596	43.5379013799211	75.4002169262807	8.32587	67.0743469262808	76.1219166353998	79.505525777483	1720.2854832416
14	80302	80696	394	80499	66.7181761818223	90.841633682829	157.559809864651	3.80998	153.749829864651	71.1847942502004	95.8574416773614	167.042235927562	9.61198	157.430255927562	190.692918911836	186.607486235551	4309.48502955119
14	82567	82758	191	82662.5	14.6718308731391	13.7979469028801	28.4697777760192	1.84697	26.6228077760192	18.2912644815065	19.0378507867992	37.3291152683056	7.64897	29.6801452683056	33.0197498683869	35.1808949746797	746.216055369773
14	86063	86210	147	86136.5	10.3553100515122	8.20884942425411	18.5641594757663	1.42149	17.1426694757663	13.1007596914549	13.4981524020406	26.5989120934955	7.22349	19.3754220934955	21.2617190090711	22.9663528799928	480.495344530744
14	87435	87691	256	87563	45.6324629591686	51.0281639852851	96.6606269444537	2.47552	94.1851069444537	52.2213420986996	54.9724916340886	107.193833732788	8.27752	98.9163137327883	116.815953403475	117.248902027168	2639.93338230756
14	88910	89059	149	88984.5	9.5578246798661	13.0780601078356	22.6358847877017	1.44083	21.1950547877017	15.5214152891272	21.2892094899014	36.8106247790285	7.24283	29.5677947790285	26.2878135704029	35.047722083244	594.080470778574
14	89939	90084	145	90011.5	13.0759601463554	14.7210299706751	27.7969901170305	1.40215	26.3948401170305	21.3362086277915	24.2048560079057	45.5410646356972	7.20415	38.3369146356972	32.7370060217867	45.4420608544656	739.826303820139
14	91541	91772	231	91656.5	31.2145274288019	34.082474821756	65.2970022505579	2.23377	63.0632322505579	34.9573587736722	38.7259896452993	73.6833484189715	8.03577	65.6475784189715	78.2160984793306	77.8143280911148	1767.61207175405
14	101510	101638	128	101574	0.573789474922281	45.2829693699645	45.8567588448867	1.23776	44.6189988448867	1.62257023703188	49.449092950343	51.0716631873749	7.03976	44.0319031873749	55.3400750826553	52.1925262685459	1250.63492899389
14	104068	104222	154	104145	15.9708070458892	10.6291050292635	26.5999120751528	1.48918	25.1107320751528	21.9119980660282	13.8987450539296	35.8107431199578	7.29118	28.5195631199578	31.1443518320592	33.8052171165893	703.833780201283
14	107204	107603	399	107403.5	23.9803601258561	27.1743015390694	51.1546616649255	3.85833	47.2963316649255	29.6949553024653	34.4621678570087	64.1571231594741	9.66033	54.4967931594741	58.6607188245124	64.5969195658775	1325.67843126794
14	108203	108375	172	108289	19.2121475896555	16.7445928522588	35.9567404419143	1.66324	34.2935004419143	24.3533532840053	22.3852893843982	46.7386426684036	7.46524	39.2734026684036	42.5335605556756	46.552112265126	961.219449123531
14	110513	110825	312	110669	77.7744733750573	74.8564269010756	152.630900276133	3.01704	149.613860276133	81.6179028746456	78.8501536437465	160.468056518392	8.81904	151.649016518392	185.563156400492	179.754784719475	4193.55710273598
14	112848	113107	259	112977.5	20.0122329136104	26.1503203220592	46.1625532356696	2.50453	43.6580232356696	26.0273225782192	30.4420415985867	56.4693641768059	8.30653	48.1628341768059	54.1481957544895	57.0890605669145	1223.69954958352
14	116615	117201	586	116908	212.508701931629	187.550159748664	400.058861680293	5.66662	394.392241680293	218.548491143172	192.193574574042	410.742065717214	11.46862	399.273445717214	489.157014537213	473.272520500627	11054.499785714
14	118983	119381	398	119182	25.722328172762	7.03687092197298	32.759199094735	3.84866	28.910539094735	28.2929810190198	14.6230317682659	42.9160127872858	9.65066	33.2653527872857	35.8571784576476	39.430564511249	810.33933848703
14	122237	122846	609	122541.5	59.7314043408769	56.3937655635188	116.125169904396	5.88903	110.236139904396	63.0259439088082	60.3625927629246	123.388536671733	11.69103	111.697506671733	136.723736907209	132.398888739541	3089.83102649094
14	129203	129377	174	129290	19.3372452949758	18.1404672475952	37.477712542571	1.68258	35.795132542571	22.6810839586088	20.3368269595494	43.0179109181582	7.48458	35.5333309181581	44.396005598106	42.1188768394335	1003.30899851276
14	135645	135888	243	135766.5	15.5949139409341	14.3983358898849	29.993249830819	2.34981	27.643439830819	19.8127365729917	17.7421745535179	37.5549111265096	8.15181	29.4031011265096	34.2856199238925	34.8525050437085	774.823557340419
14	137935	138431	496	138183	13.9254445641778	4.94170935373114	18.8671539179089	4.79632	14.0708339179089	16.820891452706	7.51236219998891	24.3332536526949	10.59832	13.7349336526949	17.4517812064689	16.2804883180829	394.394245352404
14	140580	140735	155	140657.5	17.3389819493202	15.9443075319725	33.2832894812926	1.49885	31.7844394812926	21.8814986254825	20.0367324642127	41.9182310896952	7.30085	34.6173810896952	39.421621123093	41.0331700672486	890.892472777937
14	145315	145514	199	145414.5	7.31036590522715	11.0280977105009	18.338463615728	1.92433	16.414133615728	11.9518807654559	13.9976432398303	25.9495240052862	7.72633	18.2231940052862	20.3581301738513	21.6005773761425	460.075065789037
14	145793	145925	132	145859	4.86511075878683	11.5296885097707	16.3947992685575	1.27644	15.1183592685575	8.70864025654089	15.0236244201549	23.7322646766958	7.07844	16.6538246766958	18.7510064929305	19.7403500414542	423.755544943235
14	146616	146765	149	146690.5	15.4677162741336	6.78597552417235	22.2536917983059	1.44083	20.8128617983059	19.9364343039919	10.9541990660311	30.890633370023	7.24283	23.647803370023	25.8137870508309	28.0305530590197	583.367906298662
14	147965	148215	250	148090	20.3859260589197	18.5105604589384	38.8964865178581	2.4175	36.4789865178581	24.328153746243	23.4026707224706	47.7308244687136	8.2195	39.5113244687136	45.2441763620786	46.8341291418369	1022.4768796837
14	160467	160572	105	160519.5	7.53446179461384	6.86217412645377	14.3966359210676	1.01535	13.3812859210676	12.4760711501793	10.5802059262247	23.0562770764039	6.81735	16.2389270764039	16.596548258483	19.2485576742281	375.066765301462
14	164331	164579	248	164455	32.8571972971442	24.1757565416801	57.0329538388243	2.39816	54.6347938388243	37.7743071021073	28.5169769102408	66.2912840123481	8.20016	58.0911240123481	67.762470504477	68.8574033032751	1531.36966947084
14	167833	168016	183	167924.5	20.6841205891076	31.1364288613717	51.8205494504793	1.76961	50.0509394504793	28.7701722658531	37.102119432113	65.872291697966	7.57161	58.300681697966	62.07720520077	69.1057992212268	1402.88788915534
14	169275	169940	665	169607.5	130.217911399829	139.298444834696	269.516356234525	6.43055	263.085806234525	134.735928525389	145.262335438455	279.998263963844	12.23255	267.765713963844	326.300200522495	317.391891974385	7374.0851905538
14	174620	174917	297	174768.5	37.5499112182235	43.1408086638325	80.690719882056	2.87199	77.818729882056	43.6885986156666	49.8775850904688	93.5661837061355	8.67399	84.8921937061355	96.5170547524144	100.625631173544	2181.19689459579
14	181127	181369	242	181248	32.884396798221	28.6666741643291	61.5510709625501	2.34014	59.2109309625501	40.9435489683868	34.7557624715733	75.6993114399602	8.14214	67.5571714399602	73.4381642352101	80.077834246778	1659.6351410179
14	181880	181972	92	181926	17.938970943662	17.4124806011271	35.3514515447891	0.88964	34.4618115447891	24.0279592527406	23.7999634348907	47.8279226876313	6.69164	41.1362826876313	42.7423135378462	48.7602478963509	965.93707501479
14	182486	182897	411	182691.5	70.5076066719199	74.0011425896412	144.508749261561	3.97437	140.534379261561	75.6489123644355	78.3178634075996	153.966775772035	9.77637	144.190405772035	174.302052967744	170.913837380689	3939.06649586614
14	185223	185457	234	185340	36.2504350546447	28.7921718623123	65.0426069169569	2.26278	62.7798269169569	38.6709906541513	33.3101889878723	71.9811796420236	8.06478	63.9163996420236	77.8645963648429	75.7623024630854	1759.66844642761
14	186815	187109	294	186962	101.645135513115	110.808167434704	212.453302947818	2.84298	209.610322947818	106.510546266399	118.593424628952	225.103970895351	8.64498	216.458990895351	259.975600312269	256.576271988349	5875.21007065968
14	187522	188027	505	187774.5	456.817120557875	469.230292861814	926.047413419689	4.88335	921.164063419689	462.108423498976	476.491159675008	938.599583173984	10.68535	927.914233173984	1142.50184344805	1099.888591774	25819.4935536665
14	190976	191215	239	191095.5	64.0468251826809	60.5281897253629	124.575014908044	2.31113	122.263884908044	66.8169743695573	64.6720137147851	131.488988084342	8.11313	123.375858084342	151.641514732992	146.241639535076	3426.9591200837
14	196925	197278	353	197101.5	14.0485423061836	39.5711741419955	53.6197164481791	3.41351	50.2062064481791	21.0852132318251	49.9762832800381	71.0614965118632	9.21551	61.8459865118632	62.2697798333932	73.3081707117779	1407.23989918852
14	197706	199723	2017	198714.5	698.868880578235	918.450552769664	1617.3194333479	19.50439	1597.8150433479	724.116717454639	942.052919829084	1666.16963728372	25.30639	1640.86324728372	1981.73887259243	1944.97153058564	44785.4805131239
14	199986	200511	525	200248.5	187.215265891656	170.452673369567	357.667939261223	5.07675	352.591189261223	208.994266397272	191.55898621436	400.553252611631	10.87875	389.674502611631	437.311983512487	461.894563748305	9882.84964614607
14	201994	202133	139	202063.5	16.5654961374478	16.3167007011273	32.8821968385751	1.34413	31.5380668385751	20.483124276003	19.6852389116941	40.1683631876971	7.14613	33.0222331876971	39.1160499337057	39.1423865046357	883.986844222661
14	204927	205158	231	205042.5	90.2475445802648	73.0755595677032	163.323104147968	2.23377	161.089334147968	96.8365237179616	78.9897510830967	175.826274801058	8.03577	167.790504801058	199.795963099811	198.887844846843	4515.2054772494
14	206715	206863	148	206789	14.2213391365541	14.173940006001	28.3952791425551	1.43116	26.9641191425551	16.8411910803479	17.5424782165678	34.3836692969157	7.23316	27.1505092969157	33.4430717075057	32.182430626573	755.7827405869
14	209889	210413	524	210151	163.763796064312	174.947190926182	338.710986990494	5.06708	333.643906990494	167.757322810652	179.613405333344	347.370728143996	10.86908	336.501648143996	413.812038407946	398.866954158825	9351.77244516142
14	211575	211716	141	211645.5	19.2118475951583	17.2893828591212	36.5012304542796	1.36347	35.1377604542796	24.0278592545749	24.4272519284751	48.45511118305	7.16547	41.28964118305	43.5806798027031	48.9420289850898	984.883383500172
14	217312	217532	220	217422	52.5136367371099	65.7389941430564	118.252630880166	2.1274	116.125230880166	68.1336502176406	89.8883511689855	158.022001386626	7.9294	150.092601386626	144.027861724099	177.909912438943	3254.89754669516
14	220437	220605	168	220521	50.097181062398	38.9685851953448	89.0657662577428	1.62456	87.4412062577428	55.0635899630628	45.5059652795282	100.569555242591	7.42656	93.142995242591	108.451624753924	110.40558944824	2450.90722809493
14	224546	224675	129	224610.5	10.5549063902966	15.6177135227191	26.1726199130156	1.24743	24.9251899130156	14.2977377351669	19.810836607843	34.1085743430099	7.04943	27.0591443430099	30.9142275027491	32.0741326105536	698.633181470315
14	227183	227326	143	227254.5	9.30512931508244	16.8905901742153	26.1957194892978	1.38281	24.8129094892978	12.3240739382793	22.6815839494374	35.0056578877167	7.18481	27.8208478877167	30.774968280451	32.9770059680094	695.486050799994
14	228914	229017	103	228965.5	15.4428167308684	12.4242721003344	27.8670888312028	0.99601	26.8710788312028	21.9329976808302	17.6414764006342	39.5744740814644	6.79801	32.7764640814644	33.3276756217744	38.8510679468513	753.174894911425
14	230742	230874	132	230808	12.6504679512013	14.8709272210949	27.5213951722962	1.27644	26.2449551722962	18.2397654261588	23.2546734371996	41.4944388633584	7.07844	34.4159988633584	32.5511066446134	40.7944648018102	735.62514843638
14	233763	234305	542	234034	330.227542603163	255.70940949673	585.936952099893	5.24114	580.695812099893	335.91763822917	261.074711080467	596.992349309636	11.04314	585.949209309636	720.225703707699	694.545710840307	16276.4401831895
14	237815	238025	210	237920	31.0888297344872	45.8115596739797	76.9003894084669	2.0307	74.8696894084669	43.3897040983187	60.2593946558978	103.649098754216	7.8327	95.8163987542164	92.8594173007638	113.574466396692	2098.53764363167
14	239968	240233	265	240100.5	49.3980938858239	35.8758419258439	85.2739358116679	2.56255	82.7113858116679	54.7387959207924	41.1176457749117	95.8564416957041	8.36455	87.4918916957041	102.585320592255	103.707142436717	2318.3341356709
14	241423	241656	233	241539.5	74.0467417532112	100.919948815287	174.966690568498	2.25311	172.713580568498	78.8628534107934	107.257732560686	186.120585971479	8.05511	178.065475971479	214.213289493165	211.067120869472	4841.02382757334
14	247220	247373	153	247296.5	12.1756766603454	8.26014848327034	20.4358251436158	1.47951	18.9563151436158	16.6175951817898	12.4511716069141	29.0687667887039	7.28151	21.7872567887039	23.5111484008205	25.8251833318444	531.330385202907
14	254135	254313	178	254224	30.1616467418976	25.7241281397451	55.8857748816427	1.72126	54.1645148816427	36.2507350491418	30.0159494144382	66.2666844635801	7.52326	58.7434244635801	67.1791926749878	69.6305974187107	1518.18812561176
14	258182	258408	226	258295	55.6367794489908	76.9416886509107	132.578468099902	2.18542	130.393048099902	60.3542929151695	80.910715846648	141.265008761817	7.98742	133.277588761817	161.723957482559	157.978500789721	3654.81307679331
14	259308	259494	186	259401	57.481045619432	46.7515424317819	104.232588051214	1.79862	102.433968051214	62.3219568221137	51.6191531447118	113.941109966826	7.60062	106.340489966826	127.046855145162	126.049032956517	2871.14237604579
14	263324	263701	377	263512.5	96.303733490986	176.464763089204	272.76849658019	3.64559	269.12290658019	101.619735979021	179.658504506086	281.278240485106	9.44759	271.830650485106	333.787898477621	322.210200764335	7543.30029527582
14	264590	264704	114	264647	19.0637503117216	14.4700345747088	33.5337848864304	1.10238	32.4314048864304	24.0300592142208	20.8840169223892	44.9140761366099	6.90438	38.0096961366099	40.2240397121041	45.0541975355332	909.026396766881
14	266676	266853	177	266764.5	25.7260281048938	31.785816949581	57.5118450544749	1.71159	55.8002550544749	30.1186475306364	36.801424947782	66.9200724784184	7.51359	59.4064824784184	69.2079693468925	70.4165428435485	1564.03661723781
14	269968	270175	207	270071.5	58.1618331316786	55.2604863513727	113.422319483051	2.00169	111.420629483051	62.3549562168025	60.9752815243133	123.330237741116	7.80369	115.526547741116	138.192836257584	136.937582553131	3123.03132408717
14	271243	271358	115	271300.5	10.7789022815175	8.85673753997761	19.6356398214952	1.11205	18.5235898214952	15.52111529463	12.3997725497321	27.9208878443621	6.91405	21.0068378443621	22.9744476133472	24.9001259687844	519.20143976454
14	273777	274351	574	274064	171.299857829577	123.972425961393	295.272283790971	5.55058	289.721703790971	175.867274049005	128.739338521439	304.606612570444	11.35258	293.254032570444	359.336185390554	347.60407092007	8120.66814202248
14	276092	276258	166	276175	59.2514131454034	75.3912170913656	134.642630236769	1.60522	133.037410236769	67.9108543044083	85.1223385924308	153.033192896839	7.40722	145.625972896839	165.003708328353	172.615464370391	3728.93243713064
14	281752	282058	306	281905	72.4816704614704	64.893509651863	137.375180113333	2.95902	134.416160113333	81.8401987970493	72.6523673303607	154.49256612741	8.76102	145.73154612741	166.713744942005	172.740603944449	3767.57769584592
14	288994	289246	252	289120	192.419170435914	118.298930030896	310.718100466811	2.43684	308.281260466811	211.954412099023	135.216419711691	347.170831810714	8.23884	338.931991810714	382.355241992705	401.747723929939	8640.87770401062
14	289540	289701	161	289620.5	39.1943810535488	23.9763601992272	63.170741252776	1.55687	61.613871252776	53.9158110168868	30.9125329683164	84.8283439852033	7.35887	77.4694739852033	76.4184842675471	91.827226699174	1726.98763966294
14	295728	295872	144	295800	20.433225191307	21.9321976955044	42.3654228868114	1.39248	40.9729428868114	29.1173658972456	29.5944571459131	58.7118230431586	7.19448	51.5173430431586	50.8179429035605	61.0652750716599	1148.43889025964
14	297702	297812	110	297757	16.8656906309502	23.4785693302549	40.344259961205	1.0637	39.280559961205	22.9794784851282	29.968650282051	52.9481287671791	6.8657	46.0824287671791	48.7189133287992	54.6230846237646	1101.00274747764
14	298118	298190	72	298154	9.43212698555147	6.43808190561978	15.8702088911713	0.69624	15.1739688911713	16.6684942481431	12.3524734173448	29.020967665488	6.49824	22.522727665488	18.8199780245747	26.6969622075599	425.314238285295
14	300789	301394	605	301091.5	60.201395719778	122.683949596044	182.885345315822	5.85035	177.034995315822	88.7427721824554	159.082481934125	247.825254116581	11.65235	236.172904116581	219.573056022476	279.943850020949	4962.14963419354
14	301759	301936	177	301847.5	34.4758676057128	29.2647631935222	63.7406307992351	1.71159	62.0290407992351	62.2236586252073	60.6010883881755	122.824747013383	7.51359	115.311157013383	76.9334109684564	136.682272530137	1738.62451072007
14	307172	307371	199	307271.5	37.2499167210525	25.2739363976572	62.5238531187097	1.92433	60.5995231187097	40.5689558395861	29.2921626909305	69.8611185305165	7.72633	62.1347885305166	75.1604080365155	73.6504976577841	1698.55627097551
14	308633	308877	244	308755	99.27667895795	104.020291945383	203.296970903333	2.35948	200.937490903333	107.564026942297	113.8767111481	221.440738090397	8.16148	213.279258090397	249.218855675537	252.807225548468	5632.11750989116
14	310161	310552	391	310356.5	342.958209083274	314.743626626182	657.701835709456	3.78097	653.920865709456	349.047197392353	319.808733716416	668.855931108769	9.58297	659.272961108769	811.045311264829	781.458870728019	18328.8799978956
14	317767	318180	413	317973.5	69.4323263958935	90.0919474343988	159.524273830292	3.99371	155.530563830292	76.4446977672642	96.6537270710188	173.098424838283	9.79571	163.302714838283	192.901528560461	193.568313357978	4359.39758147595
14	321740	321897	157	321818.5	29.1149659412682	30.5172402192109	59.6322061604791	1.51819	58.1140161604791	35.5536478358823	36.404832222522	71.9584800584043	7.32019	64.6382900584043	72.077682174263	76.6179839529277	1628.88949451943
14	323599	323734	135	323666.5	21.3297087470194	18.3648631314791	39.6945718784985	1.30545	38.3891218784985	25.2491368525578	25.1035395232641	50.3526763758219	7.10745	43.2452263758219	47.6132800401632	51.2600512406754	1076.01644944025
14	326527	326629	102	326578	7.28756632344216	6.71207687970257	13.9996432031447	0.98634	13.0133032031447	13.0784601004985	12.252175257124	25.3306353576225	6.78834	18.5422953576225	16.1401464618007	21.9788191624053	364.75250339029
14	330228	330300	72	330264	14.89582676436	11.5767876458265	26.4726144101866	0.69624	25.7763744101866	20.4605246905495	17.0161878703642	37.4767125609138	6.49824	30.9784725609138	31.969935053391	36.7198468804435	722.491203629907
14	332181	332402	221	332291.5	85.8778247344729	86.4479142772635	172.325739011736	2.13707	170.188669011736	89.6717551420281	91.4636222736301	181.135377415658	7.93907	173.196307415658	211.081690874962	205.29552824323	4770.25257166767
14	335711	336234	523	335972.5	135.072922343878	153.08789189349	288.160814237368	5.05741	283.103404237368	144.581647924374	165.4652648541	310.046912778474	10.85941	299.187502778474	351.127637379668	354.637216827445	7935.16248733367
14	339377	339552	175	339464.5	18.6897571719152	20.034432506401	38.7241896783162	1.69225	37.0319396783162	21.6593027012446	26.7712089330374	48.4305116342819	7.49425	40.9362616342819	45.9299933953859	48.5231560759776	1037.97571548167
14	342208	342383	175	342295.5	35.327251988684	28.7631723942524	64.0904243829364	1.69225	62.3981743829364	39.0699833353886	33.303789105266	72.3737724406546	7.49425	64.8795224406546	77.3912401615447	76.9039249760501	1748.97103048055
14	346088	346216	128	346152	39.5992736265639	31.8373160049287	71.4365896314926	1.23776	70.1988296314926	45.6389628399406	38.0250025035765	83.6639653435171	7.03976	76.6242053435171	87.0662409084178	90.8253007638483	1967.61717170839
14	349822	350284	462	350053	106.009455457957	170.489272698222	276.498728156179	4.46754	272.031188156179	122.451853853399	187.106467887349	309.558321740748	10.26954	299.288781740748	337.394983462567	354.757266257888	7624.81710686824
14	350697	350855	158	350776	68.6401409270308	48.5529093891277	117.193050316158	1.52786	115.665190316158	78.3731623932447	56.4640642740225	134.837226667267	7.32986	127.507366667267	143.457282374218	151.138858474839	3242.00297682589
14	355209	356349	1140	355779	889.775878752077	929.190255770218	1818.96613452229	11.0238	1807.94233452229	896.015164304238	936.052529894837	1832.06769419907	16.8258	1815.24189419907	2242.35565852551	2151.66852642234	50675.180790603
14	356745	357250	505	356997.5	89.6498555437346	66.6973765633518	156.347232107086	4.88335	151.463882107086	93.916977271494	70.6151047000728	164.532081971567	10.68535	153.846731971567	187.857702438726	182.359812283977	4245.4117382296
14	365794	366726	932	366260	399.69696831854	414.754492116875	814.451460435414	9.01244	805.439020435414	402.966708341371	419.297008793037	822.263717134409	14.81444	807.449277134409	998.970326975504	957.097344350981	22575.8129543193
14	370142	370330	188	370236	46.833640925841	49.5479911362437	96.3816320620847	1.81796	94.5636720620847	52.1496434138758	52.8178311572412	104.967474571117	7.61996	97.347514571117	117.285480344368	115.389350530901	2650.54426043716
14	372258	372456	198	372357	69.91341757119	59.9302006943355	129.843618265526	1.91466	127.928958265526	73.0084607985026	65.371500884022	138.379961682525	7.71666	130.663301682525	158.667794861815	154.879696577719	3585.74660522673
14	373693	374082	389	373887.5	110.576471684722	106.227551457401	216.804023142123	3.76163	213.042393142123	120.508889493389	115.135988049057	235.644877542446	9.56363	226.081247542446	264.232330117033	267.981863081677	5971.40825920886
14	374753	375153	400	374953	62.4203550171858	61.8468655367606	124.267220553946	3.868	120.399220553946	72.854163628791	69.3092286538877	142.163392282679	9.67	132.493392282679	149.328807858541	157.048965785	3374.69406635197
14	378532	378673	141	378602.5	27.8686888018544	23.1026762252997	50.9713650271541	1.36347	49.6078950271541	33.9083780152312	29.1916645343782	63.1000425496094	7.16547	55.9345725496094	61.5277058330903	66.3011688296143	1390.46970754547
14	380852	381359	507	381105.5	100.118363518846	143.307571294889	243.425934813735	4.90269	238.523244813735	107.155334438985	151.893013811258	259.048348250243	10.70469	248.343658250243	295.835734074596	294.370262663755	6685.61619632133
14	383756	383897	141	383826.5	25.0761400258558	20.0855315690858	45.1616715949417	1.36347	43.7982015949417	28.0700851076218	22.3558899236755	50.4259750312973	7.16547	43.2605050312973	54.3220562427995	51.2781615554592	1227.6286371232
14	387061	387132	71	387096.5	7.36156496607766	6.51228054458673	13.8738455106644	0.68657	13.1872755106644	16.8431910436623	12.8768637983996	29.720054842062	6.48857	23.231484842062	16.3559209258112	27.5370764174532	369.628808329765
14	392121	392832	711	392476.5	585.922352367697	814.790354219052	1400.71270658675	6.87537	1393.83733658675	591.986841126173	822.87400593982	1414.86084706599	12.67737	1402.18347706599	1728.74929641229	1662.05620612537	39068.1481790121
14	394402	394660	258	394531	124.294820047686	83.3797705565305	207.674590604217	2.49486	205.179730604217	128.687339475263	89.1953638805206	217.882703355784	8.29686	209.585843355784	254.480422937091	248.429294284934	5751.02410314607
14	400556	401011	455	400783.5	203.668764083493	186.063287022519	389.732051106013	4.39985	385.332201106013	206.938504106325	190.330308752113	397.268812858438	10.20185	387.066962858438	477.920022703855	458.803757373534	10800.5540788709
14	405669	406242	573	405955.5	554.806423130299	429.732917366123	984.539340496421	5.54091	978.998430496421	558.923347613141	433.825342298363	992.748689911504	11.34291	981.405779911504	1214.23268231134	1163.29395825027	27440.5447075452
14	408006	408315	309	408160.5	129.181230415772	105.949456558523	235.130686974295	2.98803	232.142656974295	139.160847358661	112.785231169226	251.946078527886	8.79003	243.156048527886	287.922015272129	288.221210792141	6506.77341127236
14	412139	412733	594	412436	217.393212334566	306.362580360552	523.755792695118	5.74398	518.011812695118	222.108725837431	312.176073723061	534.284799560492	11.54598	522.738819560492	642.479960339481	619.62026613745	14519.4577054523
14	413301	413556	255	413428.5	160.977347176423	75.497815136027	236.47516231245	2.46585	234.00931231245	166.667342804264	78.1690661370028	244.836408941267	8.26785	236.568558941267	290.237191525322	280.41283326573	6559.09427069828
14	415086	415366	280	415226	25.1755382025851	0.573789474922281	25.7493276775074	2.7076	23.0417276775074	34.4579679340483	9.08313338717595	43.5411013212243	8.5096	35.0315013212243	28.5782059821695	41.5240409925966	645.841238124473
14	416409	416677	268	416543	97.2986152417706	107.405729845957	204.704345087727	2.59156	202.112785087727	103.336504488164	113.420819510565	216.75732399873	8.39356	208.36376399873	250.676550157538	246.980721674437	5665.06006792473
14	417479	417751	272	417615	90.2885438282115	73.9948427052006	164.283386533412	2.63024	161.653146533412	92.3101067464808	79.3107451950697	171.62085194155	8.43224	163.18861194155	200.495248618329	193.433063277833	4531.00868845741
14	418608	418744	136	418676	32.2113091447352	42.6140183268003	74.8253274715355	1.31512	73.5102074715355	38.8493873818022	55.2648862706645	94.1142736524668	7.11712	86.9971536524668	91.1732783372959	103.120712451898	2060.43244988733
14	419902	420052	150	419977	45.6823620438647	33.2825894941326	78.9649515379973	1.4505	77.5144515379973	51.8701485406782	39.4458764403438	91.316024981022	7.2525	84.063524981022	96.1396642496652	99.6433816891332	2172.66821544413
14	424577	424834	257	424705.5	117.538143986071	155.679644352715	273.217788338786	2.48519	270.732598338786	123.602432748216	162.019528059595	285.62196080781	8.28719	277.33477080781	335.784367808776	328.73442351495	7588.41867063902
14	426743	427790	1047	427266.5	2093.30820223831	2166.95605130845	4260.26425354676	10.12449	4250.13976354676	2100.64556764828	2173.02064006509	4273.66620771338	15.92649	4257.73971771338	5271.36555537956	5046.84503678468	119128.025706622
14	429817	430003	186	429910	64.5732155270501	46.6052451153282	111.178460642378	1.79862	109.379840642378	76.1012040680035	55.511481747339	131.612685815343	7.60062	124.012065815343	135.661685613364	146.995758396829	3065.8296415546
14	434552	434830	278	434691	124.070824156465	125.78989262342	249.860716779886	2.68826	247.172456779886	128.013051843788	130.682202883284	258.695254727072	8.49026	250.204994727072	306.563183188293	296.576568681193	6928.04670514437
14	437375	437567	192	437471	25.0022413813861	28.9423691072292	53.9446104886152	1.85664	52.0879704886152	29.4195603540624	32.2369086751604	61.6564690292228	7.65864	53.9978290292228	64.6036951157059	64.0054802550583	1459.98424348175
14	439354	439514	160	439434	70.1330135431191	52.025445692047	122.158459235166	1.5472	120.611259235166	75.2002205948335	59.2127138552684	134.412934450102	7.3492	127.063734450102	149.591795304313	150.6130059799	3380.63734136702
14	440627	441345	718	440986	331.853212783332	369.938814175337	701.792026958669	6.94306	694.848966958669	340.237058997602	377.199880984862	717.436939982465	12.74506	704.691879982465	861.807637958798	835.295474299677	19476.0620128396
14	447058	447287	229	447172.5	72.7756650686979	66.6624772035143	139.438142272212	2.21443	137.223712272212	77.7419739711971	70.3066103588154	148.048584330012	8.01643	140.032154330012	170.195897193134	165.984919212073	3846.27114226484
14	450630	450822	192	450726	35.3535515062693	25.9978231193307	61.3513746256	1.85664	59.4947346256	40.8688503385913	32.3111073141274	73.1799576527186	7.65864	65.5213176527186	73.7901603899537	77.6646668709015	1667.5899312009
14	452033	452229	196	452131	108.535309125971	68.7163395293122	177.251648655283	1.89532	175.356328655283	130.868999456856	93.344887765389	224.213887222245	7.69732	216.516567222245	217.491038464083	256.644519184957	4915.09794737498
14	456218	456384	166	456301	34.8024616149663	40.2698613259066	75.0723229408729	1.60522	73.4671029408729	41.8414324984195	43.2146073101366	85.056039808556	7.40722	77.648819808556	91.1198166275976	92.0398114597431	2059.22426429285
14	457440	457620	180	457530	34.6296647845958	33.7328812343862	68.362546018982	1.7406	66.621946018982	39.5960736852607	37.0520203510854	76.6480940363461	7.5426	69.1054940363461	82.6299018420396	81.9131141673431	1867.35997861666
14	459499	459617	118	459558	12.2288756845104	9.5312251677836	21.760100852294	1.14106	20.619040852294	20.1646301181732	14.9970249080724	35.1616550262456	6.94306	28.2185950262456	25.5733947071529	33.4484693042084	577.935259862649
14	462044	462299	255	462171.5	53.7184146377483	62.6487508276986	116.367165465447	2.46585	113.901315465447	58.8842198808662	67.3396647817948	126.223884662661	8.26785	117.956034662661	141.269582757422	139.817336794782	3192.56297243802
14	465054	465227	173	465140.5	10.653904574363	15.3175190292167	25.9714236035796	1.67291	24.2985136035796	15.2954194345917	19.833636189628	35.1290556242197	7.47491	27.6541456242197	30.1369730839023	32.7794080529348	681.067944641981
14	466105	466254	149	466179.5	43.9114945270647	50.1259805341264	94.037475061191	1.44083	92.596645061191	52.4930371149708	58.1603331591927	110.653370274164	7.24283	103.410540274164	114.845815073135	122.576063013586	2595.41006340724
14	466596	466856	260	466726	57.9354372844802	50.4732741636846	108.408711448165	2.5142	105.894511448165	64.8203109945533	56.7846583933325	121.604969387886	8.3162	113.288769387886	131.338899708506	134.285067058011	2968.13864574183
14	471197	471400	203	471298.5	15.8419094102715	20.3082274841524	36.1501368944239	1.96301	34.1871268944239	20.1357306482791	24.3263537792599	44.462084427539	7.76501	36.6970744275391	42.4016275168955	43.4983019672719	958.237883479823
14	478105	478400	295	478252.5	89.7458537828293	93.013093851518	182.758947634347	2.85265	179.906297634347	95.9601397935596	100.15076292454	196.1109027181	8.65465	187.4562527181	223.134276354752	222.198330891086	5042.62994671092
14	479202	479552	350	479377	264.059056338323	243.588831825698	507.647888164022	3.3845	504.263388164022	271.519819484799	244.362117641239	515.881937126038	9.1865	506.695437126038	625.428057214894	600.603494239508	14134.1003379102
14	480984	481244	260	481114	126.075687381059	103.113908571263	229.189595952322	2.5142	226.675395952322	130.618404053552	109.252295974209	239.870700027762	8.3162	231.554500027762	281.141077929624	274.469497125079	6353.53044802756
14	483101	483268	167	483184.5	35.9270409866944	34.9278593147837	70.8549003014781	1.61489	69.2400103014781	41.8680320105019	39.1950810407089	81.0631130512108	7.41689	73.6462230512108	85.8770359713424	87.2953961318126	1940.74223108323
14	488153	488500	347	488326.5	149.494657804542	130.739501832244	280.234159636786	3.35549	276.878669636786	153.687780889666	135.67921122266	289.366992112326	9.15749	280.209502112326	343.407220313312	332.141941207009	7760.68814418966
14	490158	490257	99	490207.5	32.6126017837842	24.5498496796523	57.1624514634364	0.95733	56.2051214634364	41.7449342684961	30.787135268499	72.5320695369951	6.75933	65.7727395369951	69.7101172670704	77.9626858605361	1575.3846995734
14	491243	491507	264	491375	172.872228987416	134.705829077506	307.578058064923	2.55288	305.025178064922	182.728548191967	146.184518522758	328.913066714725	8.35488	320.558186714725	378.316786418607	379.968622058174	8549.61231283408
14	493082	493293	211	493187.5	58.2073322970828	48.7502057701004	106.957538067183	2.04037	104.917168067183	61.3764741651966	52.4683375680371	113.844811733234	7.84237	106.002441733234	130.126719751868	125.648332781539	2940.74449075136
14	498543	498824	281	498683.5	82.0786944223002	55.710878089792	137.789572512092	2.71727	135.072302512092	86.6194111314795	62.6492508185272	149.268661950007	8.51927	140.749391950007	167.527545577436	166.835085582649	3785.96884364227
14	499459	499554	95	499506.5	6.8373745813543	6.18718650781916	13.0245610891735	0.91865	12.1059110891735	10.7055036278764	12.6750674999693	23.3805711278457	6.72065	16.6599211278457	15.0147256989739	19.7475763742664	339.319026588824
14	500581	500854	273	500717.5	38.2774978720287	41.4425398153478	79.7200376873765	2.63991	77.0801276873765	42.170526461816	46.2093523772283	88.3798788390443	8.44191	79.9379688390443	95.6009808384328	94.7532183819457	2160.49446452762
14	503039	503557	518	503298	224.770677008994	186.914771403656	411.68544841265	5.00906	406.67638841265	231.458154339929	192.304372541664	423.762526881592	10.81106	412.951466881592	504.392802432371	489.485548492755	11398.8146151386
14	507298	507614	316	507456	96.4559306992174	97.8272055457858	194.283136245003	3.05572	191.227416245003	110.352575791667	112.748231847908	223.100807639575	8.85772	214.243087639575	237.175639230493	253.949685797116	5359.95186643821
14	508765	509000	235	508882.5	42.297524132285	39.0222842103384	81.3198083426234	2.27245	79.0473583426234	55.9458737792426	53.3201219436711	109.265995722914	8.07445	101.191545722914	98.0408986981931	119.945812603718	2215.63436982654
14	510285	510465	180	510375	22.5798858148965	22.6049853544931	45.1848711693896	1.7406	43.4442711693896	26.9971047894071	26.5986120989984	53.5957168884054	7.5426	46.0531168884054	53.883083230604	54.588340247707	1217.70824975261
14	515021	515149	128	515085	14.3221372876035	10.3783096296286	24.7004469172321	1.23776	23.4626869172321	20.8102182760851	16.9649888095137	37.7752070855988	7.03976	30.7354470855988	29.1003135268521	36.4317804425627	657.640389663319
14	518925	519104	179	519014.5	0.374293134303607	20.5832224398924	20.957515574196	1.73093	19.226585574196	4.6662144071625	23.7522643098405	28.418478717003	7.53293	20.885548717003	23.8463595509615	24.7563578028062	538.905849680112
14	525852	525920	68	525886	6.76127597723861	2.96934553299795	9.73062151023656	0.65756	9.07306151023656	9.8069201106837	8.1597503248838	17.9666704355675	6.45956	11.5071104355675	11.2531414465742	13.639772987501	254.310673286482
14	531184	531820	636	531502	184.066823643847	160.703252204174	344.770075848021	6.15012	338.619955848021	189.582222474335	167.814121768783	357.396344243117	11.95212	345.444224243117	419.983734871774	409.466896568212	9491.24712345346
14	534989	535204	215	535096.5	38.0455021275498	36.5239300378989	74.5694321654487	2.07905	72.4903821654487	41.9897297781876	38.7449892967867	80.7347190749744	7.88105	72.8536690749744	89.9084088765033	86.3559546989058	2031.84756043928
14	537908	538383	475	538145.5	76.7171927688612	54.0885078490916	130.805700617953	4.59325	126.212450617953	81.3833071778579	59.8545020828827	141.237809260741	10.39525	130.842559260741	156.538843864352	155.092176738298	3537.63426574098
14	541603	542963	1360	542283	299.229411204987	307.485259767131	606.714670972118	13.1512	593.563470972118	307.241064246434	314.024739812795	621.265804059228	18.9532	602.312604059228	736.185210343032	713.94180431999	16637.110392217
14	545018	545168	150	545093	22.0557954283388	19.4076440036452	41.4634394319841	1.4505	40.0129394319841	26.298417605496	22.2763913819252	48.5748089874212	7.2525	41.3223089874212	49.6272693195467	48.9807512549523	1121.53075956098
14	547431	547873	442	547652	151.750616423268	127.747356717461	279.497973140728	4.27414	275.223833140728	166.646743182125	141.496104522805	308.14284770493	10.07614	298.06670770493	341.35475884371	353.308699954834	7714.30439786362
14	552019	552287	268	552153	131.510187695476	102.815714041076	234.325901736551	2.59156	231.734341736551	141.018813277806	110.950864817191	251.969678094997	8.39356	243.576118094997	287.415589836796	288.719133669169	6495.32866101836
14	552621	552705	84	552663	12.9502624520408	23.9511606614648	36.9014231135056	0.81228	36.0891431135056	30.3693429321056	40.3940590477354	70.763401979841	6.61428	64.149121979841	44.760661181867	76.0381562384294	1011.54988017804
14	553146	553334	188	553240	25.8002267438608	25.3213355282102	51.121562272071	1.81796	49.303602272071	39.0756832308348	39.3195787570348	78.3952619878697	7.61996	70.7753019878697	61.1502974566284	83.8923948494079	1381.9406244643
14	554814	555031	217	554922.5	66.3685825944525	59.9774998267228	126.346082421175	2.09839	124.247692421175	72.5810686381997	64.0946243058968	136.675692944096	7.90039	128.775302944096	154.101992546667	152.641786866411	3482.56366147979
14	556901	556994	93	556947.5	10.2794114437279	9.50842558599861	19.7878370297265	0.89931	18.8885270297265	17.3657814577341	14.9971249062381	32.3629063639722	6.70131	25.6615963639722	23.4270721236861	30.4175710193573	529.430338469559
14	559170	559671	501	559420.5	171.548053276904	180.315992445719	351.864045722622	4.84467	347.019375722622	179.331510504169	188.350345070785	367.681855574954	10.64667	357.035185574954	430.401371720308	423.206060901292	9726.67615929937
14	559935	560042	107	559988.5	3.51643549767202	2.44505515010887	5.96149064778089	1.03469	4.92680064778089	11.0016981947498	7.06167046707244	18.0633686618223	6.83669	11.2266786618223	6.11061486864164	13.3073675800979	138.09429027587
14	568213	568308	95	568260.5	15.0190245045316	2.39555605807567	17.4145805626072	0.91865	16.4959305626072	27.3713979237107	4.2670217295937	31.6384196533044	6.72065	24.9177696533044	20.459581333649	29.5358876869206	462.367768931209
14	576153	576676	523	576414.5	160.177561846965	132.600867689024	292.778429535989	5.05741	287.721019535989	164.370784930255	135.420415969768	299.791200900022	10.85941	288.931790900022	356.854775682723	342.480769504673	8064.59055902097
14	578834	579071	237	578952.5	64.9719082137903	70.1249136916955	135.096821905486	2.29179	132.805031905486	73.8059461701487	78.3855621657945	152.191508335943	8.09379	144.097718335943	164.715494010827	170.803971781139	3722.41905795658
14	579314	579422	108	579368	11.1779949609206	7.18486820724397	18.3628631681646	1.04436	17.3185031681646	20.1109311031796	25.4983322815411	45.6092633847207	6.84636	38.7629033847207	21.4798021124865	45.9469999409934	485.423822602871
14	585371	585555	184	585463	25.5228318321434	25.8745253809934	51.3973572131368	1.77928	49.6180772131368	28.8172714019089	27.9453873949644	56.7626587968733	7.58128	49.1813787968733	61.5403346000142	58.2963764672138	1390.75510609257
14	586865	587121	256	586993	55.6858785483611	48.5736090094325	104.259487557794	2.47552	101.783967557794	61.599970065589	54.3627028195058	115.962672885095	8.27752	107.685152885095	126.240672195278	127.642908069874	2852.92338095447
14	587697	587837	140	587767	24.0255592967632	17.5400782605904	41.5656375573536	1.3538	40.2118375573536	34.3320702434022	29.4941589856923	63.8262292290945	7.1558	56.6704292290945	49.8739587898778	67.1734050105142	1127.10571528249
14	591209	591447	238	591328	73.9799429785078	118.640123772345	192.620066750853	2.30146	190.318606750853	82.464487345662	127.447462218456	209.911949564118	8.10346	201.808489564118	236.048460518641	239.210529873504	5334.47866160149
14	592913	593188	275	593050.5	41.4176402720826	31.0870297675042	72.5046700395869	2.65925	69.8454200395869	44.8868766355331	34.9799583591258	79.8668349946588	8.46125	71.4055849946589	86.627913876048	84.639490932184	1957.71138288925
14	604663	605292	629	604977.5	217.532309783088	300.556286865974	518.088596649062	6.08243	512.006166649062	220.676652106102	304.474015002695	525.150667108797	11.88443	513.266237108797	635.031274539425	608.392089005583	14351.1242396458
14	605853	606506	653	606179.5	207.412495411855	66.4864804318407	273.898975843696	6.31451	267.584465843696	213.277187835215	72.3514728496982	285.628660684914	12.11651	273.512150684914	331.879800401199	324.203340669634	7500.17902919956
14	613440	613543	103	613491.5	11.0033981635671	8.23534893817088	19.238747101738	0.99601	18.242737101738	24.8508441584805	16.4936974544582	41.3445416129387	6.79801	34.5465316129387	22.6261114560847	40.9491897504998	511.329362167006
14	618266	618450	184	618358	16.6664942848287	17.965770452076	34.6322647369046	1.77928	32.8529847369046	19.9361343094947	23.0555770892438	42.9917113987386	7.58128	35.4104313987386	40.7469169882098	41.9731998204684	920.842943529752
14	619797	619978	181	619887.5	24.8523441309663	23.5279684241224	48.3803125550887	1.75027	46.6300425550887	28.7944718201239	26.4481148595843	55.2425866797082	7.55227	47.6903166797082	57.8343334209916	56.5289693581681	1307.00287925776
14	631368	631531	163	631449.5	4.36751988614597	1.47247299028069	5.83999287642666	1.57621	4.26378287642666	10.9808985762793	8.06125213164601	19.0421507079253	7.37821	11.6639407079253	5.28828684251465	13.8256692926165	119.510431272626
14	634091	634257	166	634174	14.2710382249187	10.5529064269821	24.8239446519008	1.60522	23.2187246519008	28.2684814684175	21.3326086938254	49.6010901622429	7.40722	42.1938701622429	28.7977318815825	50.0138426323101	650.802322062553
14	642339	642550	211	642444.5	39.6449727882996	28.9422691090634	68.587241897363	2.04037	66.546871897363	47.0070377452058	32.3107073214645	79.3177450666703	7.84237	71.4753750666703	82.5367888714505	84.7222155001238	1865.25571090132
14	646974	647363	389	647168.5	20.9085164729914	25.4737327327731	46.3822492057645	3.76163	42.6206192057645	24.9021432174967	27.9949864851633	52.89712970266	9.56363	43.33349970266	52.8615237449811	51.3646846450097	1194.62194253571
14	651806	652418	612	652112	219.639571129382	154.273570144475	373.913141273858	5.91804	367.995101273858	224.130688748363	159.98826531925	384.118954067613	11.72004	372.398914067613	456.417155511287	441.417215652509	10314.6090066176
14	652921	653340	419	653130.5	51.1499617511365	42.8879133027174	94.0378750538539	4.05173	89.9861450538539	58.362129457623	50.14928010674	108.511409564363	9.85373	98.657679564363	111.608062766959	116.942334069566	2522.23983153664
14	661408	661483	75	661445.5	3.74433131735621	3.3683382142353	7.1126695315915	0.72525	6.3874195315915	8.38554618308779	9.48192607208185	17.8674722551696	6.52725	11.3402222551696	7.92219201716133	13.4419546987421	179.034271927901
14	661947	662646	699	662296.5	123.928426768475	115.015790253858	238.944217022332	6.75933	232.184887022332	128.471143440968	122.052861172162	250.52400461313	12.56133	237.96267461313	287.974392378062	282.065326425417	6507.95708581673
14	663662	664092	430	663877	48.7036066248732	30.9374325115816	79.6410391364549	4.1581	75.4829391364548	61.0295805283013	39.0703833280515	100.099963856353	9.9601	90.1398638563528	93.6200189921924	106.84587473191	2115.72654409723
14	665054	665262	208	665158	25.8992249279272	22.0041963748254	47.9034213027526	2.01136	45.8920613027526	30.5406397899902	25.0498405082705	55.5904802982607	7.81336	47.7771202982607	56.9190296497024	56.6318606668229	1286.31785370793
14	668115	668332	217	668223.5	30.9142329371337	25.2987359427567	56.2129688798904	2.09839	54.1145788798904	35.3562514567438	29.3416617829637	64.6979132397075	7.90039	56.7975232397075	67.1172580247751	67.3240539038693	1516.78845933456
14	670242	670355	113	670298.5	6.88667367705606	9.00873475187755	15.8954084289336	1.09271	14.8026984289336	11.328392202169	13.4259537263882	24.7543459285572	6.89471	17.8596359285572	18.3594985026646	21.1696395084543	414.907823524797
14	672201	672373	172	672287	14.7725290260228	13.0269610451508	27.7994900711736	1.66324	26.1362500711736	20.5119237477315	18.916353015445	39.4282767631764	7.46524	31.9630367631764	32.4162818252825	37.8868846251213	732.578231205084
14	674755	674877	122	674816	18.9135530668047	16.4932974617953	35.4068505286	1.17974	34.2271105286	25.5268317587723	21.434806819195	46.9616385779673	6.98174	39.9798985779673	42.4512184394771	47.3895461176127	959.35859283645
14	675820	676081	261	675950.5	15.2948194455974	11.9983799125174	27.2931993581148	2.52387	24.7693293581148	25.4779326557335	20.0595320459977	45.5374647017311	8.32587	37.2115947017311	30.7209166926921	44.1081805094779	694.264534502485
14	678455	678745	290	678600	33.879478545337	24.1760565361773	58.0555350815143	2.8043	55.2512350815143	38.7205897443502	28.418478717003	67.1390684613532	8.6063	58.5327684613532	68.5270305694194	69.380899628382	1548.64802554648
14	685702	685932	230	685817	29.1437654129966	30.3861426239472	59.5299080369438	2.2241	57.3058080369438	33.2361903452368	34.4045689135519	67.6407592587887	8.0261	59.6146592587887	71.0752773826552	70.6633019271099	1606.23606581513
14	687159	687840	681	687499.5	49.6040901072147	45.438366519499	95.0424566267137	6.58527	88.4571866267137	55.2942857313873	51.849948911202	107.144234642589	12.38727	94.7569646425893	109.711725414112	112.318682778492	2479.38434702412
14	689997	690223	226	690110	29.0940663246319	23.6531661276084	52.7472324522403	2.18542	50.5618124522403	34.8088614975726	27.5460947192299	62.3549562168025	7.98742	54.3675362168025	62.7108310329731	64.4437068749096	1417.20725168751
14	691618	692210	592	691914	29.1443654019909	28.1715832458313	57.3159486478222	5.72464	51.5913086478222	36.3313335707151	32.5889022185076	68.9202357892228	11.52664	57.3935957892228	63.9876951096161	68.0305991573448	1446.06320845016
14	694114	694223	109	694168.5	9.53092517328643	6.58837914870242	16.1193043219889	1.05403	15.0652743219889	14.3719363741339	9.55802467619754	23.9299610503314	6.85603	17.0739310503314	18.685166267804	20.2383165465188	422.267616255876
14	694868	694975	107	694921.5	18.2884645328662	14.295537775521	32.5840023083872	1.03469	31.5493123083872	23.9021615602602	20.884416915052	44.7865784753123	6.83669	37.9498884753123	39.1299974708502	44.9833054616645	884.302045766937
14	699454	699704	250	699579	41.0949461912924	49.6487892872931	90.7437354785856	2.4175	88.3262354785856	44.4387848549254	53.4921187887157	97.9309036436412	8.2195	89.7114036436412	109.549309256036	106.338006134638	2475.71389084893
14	701684	701892	208	701788	29.2690631146483	31.7344178923991	61.0034810070474	2.01136	58.9921210070474	32.8123981189	36.151536868744	68.963934987644	7.81336	61.150574987644	73.1667785098502	72.483875561718	1653.50207258858
14	705953	706178	225	706065.5	17.9681704080534	14.2705382340901	32.2387086421434	2.17575	30.0629586421434	21.486905863537	18.3135640724628	39.8004699359998	7.97775	31.8227199359998	37.2865019729961	37.7205622734126	842.6407387012
14	711414	711571	157	711492.5	12.2002762091134	9.95651736660627	22.1567935757197	1.51819	20.6386035757197	17.8145732255018	14.6739308346193	32.4885040601211	7.32019	25.1683140601211	25.597657971933	29.8328665724022	578.483587388049
14	713720	713831	111	713775.5	3.24294051441784	5.11400619327299	8.35694670769083	1.07337	7.28357670769083	7.21196771015508	8.5585430097897	15.7705107199448	6.87537	8.89514071994478	9.03367830540378	10.5437156262018	204.152842386968
14	715485	716050	565	715767.5	12.7266665534827	9.23553059173878	21.9621971452215	5.46355	16.4986471452215	16.1960029150989	15.3491184495853	31.5451213646842	11.26555	20.2795713646842	20.4629506581461	24.0380720465795	462.443912573891
14	719088	719215	127	719151.5	6.01468967194587	5.91179155941623	11.9264812313621	1.22809	10.6983912313621	9.33382878864513	9.65462290428658	18.9884516929317	7.03009	11.9583616929317	13.2690062380243	14.1746565923153	299.867368259355
14	720758	720964	206	720861	17.515978702651	8.35904666917103	25.8750253718221	1.99202	23.8830053718221	21.7832004285762	12.9263628904328	34.709563319009	7.79402	26.915543319009	29.6216263182148	31.9039173876171	669.421580506223
14	723188	723376	188	723282	14.5709327239239	14.2976377370012	28.8685704609251	1.81796	27.0506104609251	17.116886023248	18.6142585567938	35.7311445800418	7.61996	28.1111845800418	33.5503452048164	33.3211520153972	758.20702321557
14	724301	724428	127	724364.5	4.91480984715148	3.59273409811916	8.50754394527064	1.22809	7.27945394527064	9.55642470554596	10.0826150535838	19.6390397591298	7.03009	12.6089497591298	9.02856492348604	14.9458209589916	204.037284646541
14	730634	731067	433	730850.5	16.1691034085192	13.347855158958	29.5169585674772	4.18711	25.3298485674772	21.3350086498028	16.9158897101434	38.2508983599462	9.98911	28.2617883599462	31.4161177490677	33.4996678452799	709.975440613079
14	735902	736101	199	736001.5	9.4838260372306	9.58242422863411	19.0662502658647	1.92433	17.1419202658647	14.1004413541942	15.147322151155	29.2477635053492	7.72633	21.5214335053492	21.2607897786249	25.5100938695461	480.474344775117
14	736504	736636	132	736570	6.31088423881931	5.29090294843812	11.6017871872574	1.27644	10.3253471872574	11.1764949884348	9.15913199312592	20.3356269815607	7.07844	13.2571869815607	12.8063269770741	15.7141987898566	289.411241414548
14	739260	739587	327	739423.5	28.812871482617	27.094103010159	55.9069744927761	3.16209	52.7448844927761	38.8438874826874	35.379351033026	74.2232385157134	8.96409	65.2591485157134	65.4184527582853	77.353908793702	1478.39701876174
14	743616	743793	177	743704.5	6.83717458502286	2.42045560134085	9.25763018636371	1.71159	7.54604018636371	9.65672286576678	7.61096039139243	17.2676832571592	7.51359	9.75409325715921	9.3592066451746	11.5618615526048	211.509484232624
14	755042	755220	178	755131	4.99090845126718	4.8159116612508	9.80682011251798	1.72126	8.08556011251797	7.6869589973424	9.18363154372821	16.8705905410706	7.52326	9.34733054107061	10.0283626996562	11.0797117428595	226.631797193576
14	759366	759454	88	759410	1.24827710272827	1.14757894984456	2.39585605257284	0.85096	1.54489605257284	4.04312583653846	6.73697642296776	10.7801022595062	6.65296	4.12714225950622	1.91610447920384	4.89204338673844	43.3022034342169
14	764098	764223	125	764160.5	1.27297664966202	1.47247299028069	2.7454496399427	1.20875	1.5366996399427	5.59159743276912	4.39271942390833	9.98431685667745	7.01075	2.97356685667745	1.90593862828601	3.52467086462241	43.0724645294215
14	781473	781669	196	781571	6.36238329416698	19.2859462359596	25.6483295301265	1.89532	23.7530095301265	12.1285775242896	23.329072072498	35.4576495967876	7.69732	27.7603295967876	29.4603950080979	32.9052715604458	665.77790080795
15	27542	28194	652	27868	72.7576653988677	45.8824583734777	118.640123772345	6.30484	112.335283772345	86.183919119753	58.7106230651699	144.894542184923	12.10684	132.787702184923	139.327264154996	157.397821414488	1423.24929373536
15	32275	32417	142	32346	7.1849682054097	1.99666337500404	9.18163158041374	1.37314	7.80849158041374	10.4548082264072	2.89534689036245	13.3501551167697	7.17514	6.17501511676965	9.68471999662311	7.31945737887335	98.9308946731685
15	38667	38849	182	38758	20.0611320166493	17.9164713563742	37.9776033730235	1.75994	36.2176633730235	26.2508184786115	24.4291518936238	50.6799703722354	7.56194	43.1180303722354	44.9200623561535	51.1092814515479	458.86530113605
15	40433	40532	99	40482.5	2.64455149072755	3.07034368037883	5.71489517110638	0.95733	4.75756517110638	10.9052999629922	11.8532825740524	22.7585825370446	6.75933	15.9992525370446	5.90071540365421	18.9644632157583	60.2767095278754
15	83097	83638	541	83367.5	100.371458876292	143.3629702787	243.734429154992	5.23147	238.502959154992	108.30711331179	148.553475068751	256.860588380541	11.03347	245.827118380541	295.810574167226	291.38732157451	3021.75021749224
15	87173	87438	265	87305.5	60.8532837621305	65.5642973475372	126.417581109668	2.56255	123.855031109668	73.1543581222934	84.1026572965468	157.25701541884	8.36455	148.89246541884	153.614982371105	176.487350080965	1569.2005185979
15	91494	91681	187	91587.5	28.3686796304726	32.5119036309004	60.8805832613731	1.80829	59.0722932613731	40.2213622155307	46.1103541931619	86.3317164086926	7.61029	78.7214264086926	73.266214595123	93.311208880727	748.425577790502
15	92975	93126	151	93050.5	10.2795114418936	17.6903755036731	27.9698869455667	1.46017	26.5097169455667	20.9829151082898	31.938914141304	52.9218292495938	7.26217	45.6596592495938	32.8794855144026	54.1219614027625	335.868968794919
15	96461	97053	592	96757	160.423757330977	150.171345391994	310.595102722971	5.72464	304.870462722971	167.635625042966	154.239070777301	321.874695820266	11.52664	310.348055820266	378.124895993862	367.866203440322	3862.60359328046
15	97383	97457	74	97420	21.1588118817977	15.0703235635478	36.2291354453455	0.71558	35.5135554453455	34.2083725124021	26.076221681258	60.2845941936601	6.51758	53.7670141936601	44.0467710095805	63.7318875076131	449.944496584454
15	99466	99638	172	99552	65.8705917291487	74.2065388220376	140.077130551186	1.66324	138.413890551186	74.1064406581482	80.9454152101541	155.051855868302	7.46524	147.586615868302	171.672052127698	174.939481784671	1753.65624543548
15	101251	101373	122	101312	22.8535807944821	23.9492606963161	46.8028414907982	1.17974	45.6231014907982	29.4403599725329	30.4374416829634	59.8778016554963	6.98174	52.8960616554963	56.585444034312	62.6995175681778	578.028957548069
15	103808	104179	371	103993.5	128.635840419915	127.2200663896	255.855906809515	3.58757	252.268336809515	135.348217294115	133.358553790712	268.706771084827	9.38957	259.317201084827	312.88350392055	307.377579658794	3196.15280381146
15	106383	106538	155	106460.5	51.620553119032	50.6459709958893	102.266524114921	1.49885	100.767674114921	61.7010682111356	58.3083304444637	120.009398655599	7.30085	112.708548655599	124.980183235629	133.597311507619	1276.69166978793
15	108074	108498	424	108286	73.5777503559673	82.3162900640596	155.894040420027	4.10008	151.793960420027	81.1391116571608	91.7221175320257	172.861229189187	9.90208	162.959149189186	188.267092140292	193.161073201015	1923.17711502752
15	108987	109438	451	109212.5	101.863931499718	106.980037654471	208.843969154189	4.36117	204.482799154189	125.640795358326	129.432625804401	255.073421162728	10.16317	244.910251162728	253.616032435948	290.300527389239	2590.72652602205
15	109950	110154	204	110052	36.7251263473348	13.047160674627	49.7722870219618	1.97268	47.7996070219618	62.9495453101953	26.0966213070657	89.0461666172609	7.77468	81.2714866172609	59.2849214459666	96.3338827782351	605.60453181125
15	111858	112037	179	111947.5	34.3543698343586	25.921724515215	60.2760943495736	1.73093	58.5451643495736	38.8455874515047	32.5086036914316	71.3541911429363	7.53293	63.8212611429363	72.6124268743668	75.6495315344333	741.747036318648
15	117470	117602	132	117536	0.398992681237348	35.8018432832084	36.2008359644457	1.27644	34.9243959644457	2.79484873381019	44.0355922507277	46.8304409845379	7.07844	39.7520009845379	43.3160479823338	47.1194112774041	442.48004920043
15	123650	123900	250	123775	54.4628009833952	0.549089927988541	55.0118909113837	2.4175	52.5943909113837	60.6998865759104	2.44525514644032	63.1451417223507	8.2195	54.9256417223507	65.2317985009214	65.1052484879303	666.352789661055
15	126713	126866	153	126789.5	17.4929791245346	22.0782950156267	39.5712741401612	1.47951	38.0917641401612	22.7596825168676	27.5938938424458	50.3535763593134	7.28151	43.0720663593134	47.244473029876	51.0547987292902	482.609511357864
15	127972	128514	542	128243	357.905034912153	389.960446916525	747.865481828679	5.24114	742.624341828679	375.496912222589	408.87469997049	784.371612193079	11.04314	773.328472193079	921.062504738745	916.652783037654	9408.79423209819
15	135902	136450	548	136176	242.281455807027	277.476510220625	519.757966027652	5.29916	514.458806027652	248.870134950227	286.983335835972	535.853470786199	11.10116	524.752310786199	638.073235382916	622.006926401531	6518.0156024589
15	137808	138048	240	137928	103.315204878865	104.736578806461	208.051783685326	2.3208	205.730983685326	110.701669388208	114.144306239576	224.845975627784	8.1228	216.723175627784	255.1641313951	256.889419219995	2606.54059345249
15	139096	139197	101	139146.5	21.3832077656816	28.794071827461	50.1772795931426	0.97667	49.2006095931426	28.8683704645937	35.1567551161252	64.0251255807188	6.77867	57.2464555807188	61.022557643266	67.8561888175323	623.354751092268
15	141345	141515	170	141430	19.1134494000863	22.1072944836865	41.2207438837728	1.6439	39.5768438837728	28.1965827872622	34.310070646943	62.5066534342053	7.4459	55.0607534342053	49.0863885063056	65.2654010377791	501.424959409958
15	142614	142765	151	142689.5	48.9766016172988	71.21029378246	120.186895399759	1.46017	118.726725399759	67.5887602126124	95.361850768035	162.950610980647	7.26217	155.688440980647	147.254444699254	184.542853190168	1504.22665433563
15	143941	144200	259	144070.5	293.506516180622	314.204936507428	607.711452688051	2.50453	605.206922688051	304.288118412615	324.686344245918	628.974462658533	8.30653	620.667932658533	750.626356690153	735.699005366019	7667.76293568745
15	145183	145273	90	145228	15.0973230682932	12.923762938124	28.0210860064172	0.8703	27.1507860064172	23.8062633193313	19.0374507941363	42.8437141134676	6.6723	36.1714141134676	33.6745909824559	42.8752187534086	343.991092649968
15	147140	147318	178	147229	79.014250633699	98.6551903579775	177.669440991677	1.72126	175.948180991677	85.8517252132191	108.260714162894	194.112439376113	7.52326	186.589179376113	218.225101387541	221.170559096035	2229.20275732702
15	153548	153887	339	153717.5	127.015470142529	154.664762968786	281.680233111315	3.27813	278.402103111315	135.500414502346	164.772177567469	300.272592069816	9.08013	291.192462069816	345.296705175063	345.160420641075	3527.2586076394
15	154713	154978	265	154845.5	106.38564855741	76.1234036607942	182.509052218204	2.56255	179.946502218204	113.5727167243	86.5290127896653	200.101729513965	8.36455	191.737179513965	223.184141316918	227.272660367514	2279.86010798912
15	158886	159131	245	159008.5	76.8052911528637	106.942138349662	183.747429502526	2.36915	181.378279502526	81.7469005084291	112.107743596448	193.854644104877	8.17115	185.683494104877	224.95994679143	220.097019255869	2298.00023226946
15	160678	161423	745	161050.5	65.9950894454747	195.989104952249	261.984194397723	7.20415	254.780044397723	77.8233724780961	209.737952755758	287.561325233855	13.00615	274.555175233855	315.998725913771	325.439673469915	3227.97527250466
15	161712	162197	485	161954.5	224.558080908666	196.897988280511	421.456069189176	4.68995	416.766119189176	241.576168744179	213.916276112355	455.492444856534	10.49195	445.000494856534	516.906898965057	527.474361452879	5280.28296070276
15	163073	163294	221	163183.5	58.5545259284753	45.9821565447042	104.53668247318	2.13707	102.39961247318	69.0606332138988	52.7459324760859	121.806565689985	7.93907	113.867495689985	127.004244590978	134.971051209003	1297.36776582663
15	165450	165553	103	165501.5	21.7063018391347	13.7239482602446	35.4302500993793	0.99601	34.4342400993793	30.9907315339123	20.285927893196	51.2766594271084	6.79801	44.4786494271084	42.7081172112003	52.7220699213251	436.269943476303
15	168219	168602	383	168410.5	34.0071762029661	51.1026626187492	85.1098388217153	3.70361	81.4062288217153	48.3789125807685	72.9098626070991	121.288775187868	9.50561	111.783165187868	100.966559802267	132.500422718994	1031.38883693004
15	170066	171169	1103	170617.5	801.773192994142	1074.10519758095	1875.87839057509	10.66601	1865.21238057509	806.190411968653	1078.54721610056	1884.73762806921	16.46801	1868.26961806921	2313.38658101587	2214.52410773292	23631.597430241
15	181487	181815	328	181651	76.6972931338822	77.6694753010474	154.36676843493	3.17176	151.19500843493	81.5895033955801	82.5351860488286	164.124689444409	8.97376	155.150929444409	187.524223660849	183.905722315869	1915.58859999338
15	185176	185642	466	185409	139.170247186239	142.836679932496	282.006927118735	4.50622	277.500707118735	150.898032062308	157.560509851811	308.458541914119	10.30822	298.150321914119	344.178721284791	353.407810747092	3515.83823136282
15	186788	187047	259	186917.5	144.131656178617	123.801429098006	267.933085276623	2.50453	265.428555276623	149.821951800956	129.14223113114	278.964182932095	8.30653	270.657652932095	329.205866522313	320.819806500932	3362.88823198443
15	193233	194006	773	193619.5	752.737492460901	701.745427813442	1454.48292027434	7.47491	1447.00801027434	770.728462450739	720.458284561639	1491.18674701238	13.27691	1477.90983701238	1794.69584721448	1751.81725992093	18333.0923240999
15	194577	195228	651	194902.5	278.283095425352	299.544505425182	577.827600850534	6.29517	571.532430850534	307.499359508498	324.169153732796	631.668513241294	12.09717	619.571343241294	708.860540448132	734.399180288699	7241.11874060293
15	196133	196563	430	196348	239.433608045384	273.573681810597	513.00728985598	4.1581	508.84918985598	274.165370957183	304.233419415964	578.398790373147	9.9601	568.438690373147	631.115737721339	673.789891686194	6446.94370068102
15	198543	199178	635	198860.5	437.757970161777	444.18965218479	881.947622346567	6.14045	875.807172346567	451.757313370424	460.881046012884	912.638359383308	11.94245	900.695909383308	1086.24657500896	1067.6257783002	11096.1747514406
15	201795	202034	239	201914.5	76.3678991759885	182.735448065402	259.103347241391	2.31113	256.792217241391	87.5219945753011	193.862943952632	281.384938527934	8.11313	273.271808527934	318.494384694349	323.918454861082	3253.46880830617
15	202511	202725	214	202618	153.216389536445	168.625906878127	321.842296414572	2.06938	319.772916414572	162.799413754073	178.831819670048	341.631233424121	7.87138	333.759853424122	396.608119005566	395.617010763668	4051.41254073885
15	204491	204705	214	204598	136.190701840337	107.207633479658	243.398335319995	2.06938	241.328955319995	149.117664719764	115.419082856221	264.536747575985	7.87138	256.665367575985	299.315602159858	304.234270375044	3057.55461403509
15	205918	206085	167	206001.5	76.7743917196551	69.0635331607047	145.83792488036	1.61489	144.22303488036	85.7342273684938	82.088894235204	167.823121603698	7.41689	160.406231603698	178.877020676186	190.135012356562	1827.25610013882
15	207204	207375	171	207289.5	53.8662119266879	71.7328841965317	125.59909612322	1.65357	123.94552612322	61.4523727729809	83.8860612695893	145.33843404257	7.45557	137.88286404257	153.727221573557	163.437291658735	1570.34705920205
15	210354	210439	85	210396.5	24.4016523980498	22.7300830598134	47.1317354578632	0.82195	46.3097854578632	32.8863967615355	33.4110871370875	66.297483898623	6.62395	59.673533898623	57.4371247819582	70.7330880586115	586.729006529344
15	211971	212234	263	212102.5	136.30379976577	145.659628150875	281.963427916645	2.54321	279.420217916645	146.583811198492	153.122391260665	299.706202459157	8.34521	291.360992459157	346.559453135087	345.360185496465	3540.15777100968
15	216042	217258	1216	216650	2084.73355952384	1582.73876766451	3667.47232718835	11.75872	3655.71360718835	2093.96499019078	1592.31989191699	3686.28488210777	17.56072	3668.72416210777	4534.11037315715	4348.66468042565	46316.6303124651
15	218680	219392	712	219036	2635.68685333248	2005.15711920244	4640.84397253492	6.88504	4633.95893253492	2654.92410046173	2017.05760091072	4671.98170137244	12.68704	4659.29466137244	5747.40899382173	5522.82189510953	58710.6611249121
15	220498	220882	384	220690	296.206566653327	245.737392414437	541.943959067763	3.71328	538.230679067763	334.182470057533	260.356124261576	594.538594319109	9.51528	585.023314319109	667.557026434983	693.448215726155	6819.19703343004
15	223068	223154	86	223111	15.5682144306858	12.2226757982355	27.7908902289214	0.83162	26.9592702289214	25.5974304637732	19.1343490167225	44.7317794804957	6.63362	38.0981594804957	33.4370576943834	45.1590561735965	341.564653815198
15	226141	226772	631	226456.5	188.090749832566	261.65760038847	449.748350221036	6.10177	443.646580221036	191.060295361896	272.287105410396	463.347400772292	11.90377	451.443630772292	550.24621114754	535.111631618195	5620.84912917754
15	228345	228498	153	228421.5	29.5918571936043	4.76661256554904	34.3584697591533	1.47951	32.8789597591533	39.5732741034757	6.76347593688453	46.3367500403602	7.28151	39.0552400403602	40.7791333023076	46.2935166135478	416.565078081802
15	229970	230134	164	230052	37.500512124356	31.884615137316	69.385127261672	1.58588	67.799247261672	45.7363610533555	42.6662173693081	88.4025784226636	7.38788	81.0146984226636	84.0900856393467	96.0295029167755	858.993074486888
15	231947	232414	467	232180.5	282.777512983801	387.391694035416	670.169207019217	4.51589	665.653317019217	316.059002498111	438.114063629919	754.173066128029	10.31789	743.855176128029	825.59684207445	881.717073523812	8433.59790001645
15	232629	232798	169	232713.5	41.0886463068518	56.1854693843164	97.2741156911683	1.63423	95.6398856911683	109.752286802828	158.88408557333	268.636372376157	7.43623	261.200142376157	118.620287143721	309.609494604457	1211.72435936282
15	233743	234261	518	234002	181.057878837222	179.612905342516	360.670784179738	5.00906	355.661724179738	221.254541505819	206.583510618006	427.838052123825	10.81106	417.026992123825	441.12030815745	494.316408457135	4506.11135476678
15	234498	235235	737	234866.5	246.254382931228	203.788161893367	450.042544824595	7.12679	442.915754824595	270.927830343715	225.198569160126	496.12639950384	12.92879	483.19760950384	549.33978264492	572.75071258239	5611.58982351329
15	238373	238557	184	238465	47.6810253821832	55.9447737994196	103.625799181603	1.77928	101.846519181603	54.1446068200625	59.4141101610358	113.558716981098	7.58128	105.977436981098	126.318253755774	125.618693790531	1290.36026461978
15	241177	241546	369	241361.5	71.9553801152669	93.8895777740857	165.844957889353	3.56823	162.276727889353	77.8695716306605	102.797914367577	180.667485998237	9.37023	171.297255998237	201.268664426645	203.044517412122	2055.99016268355
15	242644	243345	701	242994.5	882.296715943108	1033.0655503753	1915.36226631841	6.77867	1908.58359631841	901.53186311088	1045.54182152181	1947.07368463269	12.58067	1934.49301463269	2367.17905502465	2293.02097283601	24181.0957721887
15	246895	247187	292	247041	133.081758867989	129.95481622581	263.036575093799	2.82364	260.212935093799	138.946751285846	135.869007741204	274.81575902705	8.62564	266.19011902705	322.737034410604	315.524285212596	3296.80812347071
15	252772	252890	118	252831	15.0949231123158	21.7305013952398	36.8254245075556	1.14106	35.6843645075556	27.5231951392792	34.4550679872423	61.9782631265215	6.94306	55.0352031265215	44.258622162054	65.2351153810525	452.108588479631
15	253729	254127	398	253928	50.4771740921478	60.956581867323	111.433755959471	3.84866	107.585095959471	57.1152523292149	66.1965857494078	123.311838078623	9.65066	113.661178078623	133.435698745044	134.726495862285	1363.06605279136
15	255147	255286	139	255216.5	31.4136237767576	37.923504365367	69.3371281421246	1.34413	67.9929981421246	47.4856289663592	48.6784070871109	96.1640360534701	7.14613	89.0179060534701	84.3303910820765	105.515979636302	861.44783130509
15	256166	256375	209	256270.5	66.9455720106779	61.7803667565544	128.725938767232	2.02103	126.704908767232	72.9854612203861	66.1976857292308	139.183146949617	7.82303	131.360116949617	157.149630113746	155.70565563239	1605.30748541325
15	259177	259358	181	259267.5	56.5641624379119	52.59103531738	109.155197755292	1.75027	107.404927755292	62.803447990073	57.5820437668129	120.385491756886	7.55227	112.833221756886	133.212239631104	133.74509081405	1360.78338379601
15	259730	259805	75	259767.5	11.9018816825941	11.4537899019864	23.3556715845805	0.72525	22.6304215845805	22.8070816474206	22.1345939829291	44.9416756303497	6.52725	38.4144256303497	28.0680710474154	45.5339372970369	286.719634789554
15	260115	260209	94	260162	8.23344897302213	7.88385538565226	16.1173043586744	0.90898	15.2083243586744	14.9951249429236	13.2984560650905	28.2935810080142	6.71098	21.5826010080142	18.8625884416693	25.5825978100648	192.684223295747
15	265168	265352	184	265260	20.8856168930407	28.6397746577494	49.5253915507901	1.77928	47.7461115507901	27.6244932811572	33.032394083492	60.6568873646493	7.58128	53.0756073646493	59.218572055172	62.9123392602471	604.926762645532
15	267388	268242	854	267815	1082.3671460312	898.989209751025	1981.35635578223	8.25818	1973.09817578223	1089.05462336214	903.93081910659	1992.98544246873	14.06018	1978.92526246873	2447.19523118013	2345.68804135867	24998.4732387698
15	271533	271817	284	271675	121.809065644128	104.034591683081	225.843657327209	2.74628	223.097377327209	128.097450295659	111.519954378325	239.617404673984	8.54828	231.069124673984	276.703331129225	273.894165057457	2826.56681010966
15	273757	273971	214	273864	60.8839831990077	77.5441775993957	138.428160798403	2.06938	136.358780798403	66.7962747492525	84.1063572286785	150.902631977931	7.87138	143.031251977931	169.123139535161	169.539852599913	1727.61871380717
15	274383	274860	477	274621.5	199.984031672908	156.436830463575	356.420862136483	4.61259	351.808272136483	205.098337860678	161.526637100743	366.624974961421	10.41459	356.210384961421	436.340946654013	422.228396422313	4457.28944668205
15	277620	278002	382	277811	85.8530251893735	93.4383860503407	179.291411239714	3.69394	175.597471239714	92.3654057321259	98.4046949528398	190.770100684966	9.49594	181.274160684966	217.79012291406	214.870485000327	2224.75938575199
15	282093	282232	139	282162.5	12.6029688224826	12.0024798373121	24.6054486597946	1.34413	23.2613186597946	28.1467837007318	27.5710942606608	55.7178779613927	7.14613	48.5717479613927	28.8505603998357	57.5737601119874	294.712883095562
15	285461	286088	627	285774.5	710.338970181235	667.453756828992	1377.79272701023	6.06309	1371.72963701023	718.22532552103	675.638606693472	1393.8639322145	11.86509	1381.9988422145	1701.32954728877	1638.13066558663	17379.3413031934
15	288025	288717	692	288371	208.253379987425	219.072481531564	427.325861518989	6.69164	420.634221518989	214.768160486155	221.394138945169	436.162299431324	12.49364	423.668659431324	521.704430933521	502.189004695787	5329.29048286434
15	292167	292374	207	292270.5	15.194021294548	15.3176190273824	30.5116403219304	2.00169	28.5099503219304	21.3325086956597	22.9036798755096	44.2361885711693	7.80369	36.4324985711693	35.3603360062662	43.1846911229976	361.21123566438
15	296235	296456	221	296345.5	28.1175842363405	29.4643595323066	57.5819437686471	2.13707	55.4448737686471	32.6109018149669	34.5295666207064	67.1404684356733	7.93907	59.2013984356733	68.7671968609601	70.1734496880543	702.467424147817
15	296781	296966	185	296873.5	41.7384343877241	33.6075835327344	75.3460179204585	1.78895	73.5570679204585	46.1556533622347	37.6753089180409	83.8309622802756	7.59095	76.2400122802756	91.2313984392467	90.3699035383389	931.942675991258
15	303236	303392	156	303314	9.956617364772	18.4859609101704	28.4425782749424	1.50852	26.9340582749424	13.1257592328858	23.0533771295979	36.1791363624837	7.31052	28.8686163624837	33.4057877989958	34.2189619064098	341.245227055508
15	304442	304564	122	304503	32.2074092162719	21.582804104466	53.7902133207379	1.17974	52.6104733207379	87.7708900097873	45.0123743335163	132.783264343304	6.98174	125.801524343304	65.2517451999557	149.11686501422	666.556548239716
15	304789	304933	144	304861	43.8644953891745	11.4286903623898	55.2931857515643	1.39248	53.9007057515643	82.7327824242985	31.2165273921163	113.949309816415	7.19448	106.754829816415	66.8519953499923	126.54016420269	682.903348054185
15	312589	312887	298	312738	48.3517130796917	51.4990553476777	99.8507684273695	2.88166	96.9691084273695	53.1947242438536	56.0416720220058	109.236396265859	8.68366	100.552736265859	120.268896209977	119.188609826768	1228.56515289613
15	315538	315791	253	315664.5	73.4295530743648	68.3916454852076	141.821198559572	2.44651	139.374688559572	95.4873484660182	88.7760715716414	184.26342003766	8.24851	176.01491003766	172.863711181012	208.636514681254	1765.82922476074
15	316258	316691	433	316474.5	130.044814574961	98.0054022771053	228.050216852067	4.18711	223.863106852067	134.41063449229	104.119190131283	238.529824623573	9.98911	228.540714623573	277.653050542383	270.897153835567	2836.26833904028
15	323068	323159	91	323113.5	3.71803179977089	4.6658144144996	8.38384621427049	0.87997	7.50387621427049	8.76033930822002	8.90843659165674	17.6687758998768	6.68197	10.9868058998768	9.30691149194775	13.0230381615926	95.0715230655539
15	324631	324812	181	324721.5	11.8753821686773	10.7794022723462	22.6547844410235	1.75027	20.9045144410235	16.0931048025693	15.5957139262598	31.6888187288291	7.55227	24.1365487288291	25.9274620381865	28.6098797092798	264.852986657001
15	329156	329303	147	329229.5	3.04364417013062	2.6938505864293	5.73749475655992	1.42149	4.31600475655992	8.33284714975143	7.61076039506098	15.9436075448124	7.22349	8.72011754481241	5.35305662315403	10.3362546489457	54.6822913981421
15	331194	331350	156	331272	2.69585054974378	1.6966688778331	4.39251942757688	1.50852	2.88399942757688	6.3645832538129	4.26732172409087	10.6319049779038	7.31052	3.32138497790378	3.57696830929072	3.93695162277022	36.5392778706139
15	349251	349316	65	349283.5	6.28598469555412	8.68164075179551	14.9676254473496	0.62855	14.3390754473496	12.2001762109477	15.9675071064204	28.1676833173681	6.43055	21.7371333173681	17.7844759500498	25.765770260753	181.671139449086
15	349629	349786	157	349707.5	10.579705935396	7.01007141355904	17.5897773489551	1.51819	16.0715873489551	15.5212152927957	12.3506734503618	27.8718887431575	7.32019	20.5516987431575	19.9332767120244	24.3606339692137	203.621467587707
15	356371	356482	111	356426.5	6.38878280991803	8.48394437815986	14.8727271880779	1.07337	13.7993571880779	8.56034297677273	13.6744491682114	22.2347921449842	6.87537	15.3594221449842	17.1150739068661	18.2060502895007	174.833095287634
15	357242	357316	74	357279	4.49091762264895	4.79131211248278	9.28222973513173	0.71558	8.56664973513173	10.0311159982361	9.68142241270052	19.7125384109366	6.51758	13.1949584109366	10.6250487868875	15.6404371290643	108.536496955964
15	367770	367973	203	367871.5	15.2704198931608	16.9131897596689	32.1836096528297	1.96301	30.2205996528297	17.9663704410703	20.9562155980416	38.9225860391119	7.76501	31.1575760391119	37.4820210476802	36.9321443809824	382.884572573961
15	370932	371105	173	371018.5	9.62962336285567	10.9786986166334	20.6083219794891	1.67291	18.9354119794891	13.4216538052621	16.0952047640495	29.5168585693115	7.47491	22.0419485693115	23.4852226135509	26.1270782418414	239.905137739372
15	377910	378004	94	377957	7.46016315748117	6.61097873415597	14.0711418916371	0.90898	13.1621618916371	13.7979469028801	10.6786041212967	24.4765510241769	6.71098	17.7655710241769	16.3247729933487	21.0581411484601	166.760050691346
15	394603	394918	315	394760.5	33.1273923409295	43.0611101257508	76.1885024666802	3.04605	73.1424524666803	35.8728419808722	47.4538295496591	83.3266715305313	8.84805	74.4786215305313	90.7171589686955	88.2820666219105	926.689641219408
15	397232	397570	338	397401	129.434225775053	109.025400136183	238.459625911235	3.26846	235.191165911235	134.698829205906	114.764894856057	249.463724061963	9.07046	240.393264061963	291.703021521214	284.946387530507	2979.79093954421
15	400167	400321	154	400244	25.495832327398	25.448433196845	50.944265524243	1.48918	49.455085524243	29.9131513000743	28.4426782731081	58.3558295731824	7.29118	51.0646495731824	61.3381791833812	60.5286819627319	626.578873354203
15	405429	405607	178	405518	41.9376307338456	45.2545698908989	87.1922006247445	1.72126	85.4709406247445	45.581663890981	50.2703778854313	95.8520417764123	7.52326	88.3287817764123	106.007942670381	104.699136976116	1082.88733329405
15	408152	408337	185	408244.5	63.8986279010784	59.5499076700885	123.448535571167	1.78895	121.659585571167	71.6594855428906	66.5623790396249	138.221864582515	7.59095	130.630914582515	150.892014037304	154.841307036372	1541.38498097538
15	409998	410440	442	410219	101.096445577789	143.792362402317	244.888807980106	4.27414	240.614667980106	103.642398877113	146.587211136127	250.22961001324	10.07614	240.15347001324	298.429685486616	284.662151413486	3048.50483984232
15	412459	412707	248	412583	36.6246281907826	41.0867463417031	77.7113745324856	2.39816	75.3132145324856	39.9191677587138	45.2057707860258	85.1249385447396	8.20016	76.9247785447396	93.4095128721497	91.1815804966063	954.19244775779
15	417893	418364	471	418128.5	170.859365909565	175.862674133382	346.722040042947	4.55457	342.167470042947	174.15380547933	181.577569304488	355.731374783818	10.35657	345.374804783818	424.383647621642	409.384611300242	4335.14380988929
15	421763	421904	141	421833.5	39.7456709411833	44.4071854345568	84.15285637574	1.36347	82.78938637574	46.2090523827311	50.9445655187401	97.1536179014713	7.16547	89.9881479014713	102.682063172411	106.666040602851	1048.91296599959
15	422258	422495	237	422376.5	21.7799004891073	24.5747492229175	46.3546497120248	2.29179	44.0628597120248	25.1236391545746	29.8393526537703	54.9629918083449	8.09379	46.8692018083449	54.6503065498386	55.5556737158982	558.261232438692
15	424020	424632	612	424326	193.535649956219	193.864943915947	387.400593872166	5.91804	381.482553872166	202.893878297301	200.203027655843	403.096905953144	11.72004	391.376865953144	473.145380231409	463.912433451606	4833.25235970593
15	426200	426448	248	426324	78.2697642898865	106.938238421199	185.208002711085	2.39816	182.809842711085	82.6868832662314	110.705669314837	193.392552581068	8.20016	185.192392581068	226.735486751945	219.514899762354	2316.13764428374
15	430041	430194	153	430117.5	3.91742814222384	19.4117439284399	23.3291720706637	1.47951	21.8496620706637	10.2306123388548	27.9210878406936	38.1517001795484	7.28151	30.8701901795484	27.0997102316146	36.5914960569557	276.827681082372
15	431723	432119	396	431921	43.8362959064405	38.7424893426437	82.5787852490841	3.82932	78.7494652490841	47.3549313637584	42.2117257060941	89.5666570698525	9.63132	79.9353370698525	97.6714276972776	94.7500988555856	997.72855895334
15	436515	436731	216	436623	23.6267666118573	36.1512368742468	59.7780034861041	2.08872	57.6892834861041	29.6397563149859	42.0387288793922	71.6784851943781	7.89072	63.7877651943781	71.5508945120907	75.6098276368394	730.903321026815
15	441195	441337	142	441266	17.7888736969109	15.2434203884154	33.0322940853263	1.37314	31.6591540853263	23.5280684222881	21.0570137490911	44.5850821713791	7.17514	37.4099421713791	39.2662320870538	44.3432885736433	401.110560983799
15	443723	443985	262	443854	51.1232622408883	48.602008488498	99.7252707293863	2.53354	97.1917307293863	67.1671679459215	68.040851919849	135.208019865771	8.33554	126.872479865771	120.545010314453	150.386305356168	1231.38570066594
15	446788	447083	295	446935.5	95.1807540899095	77.6691753065503	172.84992939646	2.85265	169.99727939646	98.6498904551942	80.4887235872942	179.138614042488	8.65465	170.483964042488	210.844314063432	202.080494540256	2153.80688696411
15	448910	449256	346	449083	129.016833431322	110.429774375605	239.446607806928	3.34582	236.100787806928	137.600275984377	116.119870001612	253.72014598599	9.14782	244.57232598599	292.831207838873	289.899973077774	2991.31553517557
15	453528	453674	146	453601	15.1939212963822	18.8105549561093	34.0044762524916	1.41182	32.5926562524916	18.3383636175623	23.2031743818519	41.5415379994142	7.21382	34.3277179994142	40.4240366402295	40.6898224634855	412.937711416881
15	457899	458512	613	458205.5	193.657747716567	199.377842792291	393.035590508859	5.92771	387.107880508859	220.105862576152	229.819584396381	449.925446972533	11.72971	438.195736972533	480.12236327671	519.408448355722	4904.52330765608
15	461454	462052	598	461753	233.758012153407	212.891394911854	446.64940706526	5.78266	440.86674706526	239.596305061016	217.584108832933	457.180413893949	11.58466	445.595753893949	546.79843823599	528.179942422538	5585.629602037
15	462392	462921	529	462656.5	96.8321237986698	94.6849631842516	191.517086982921	5.11543	186.401656982921	103.893694267576	100.274060662878	204.167754930454	10.91743	193.250324930454	231.190344024233	229.066243569271	2361.64469206028
15	467972	468202	230	468087	51.2199604671431	52.4866372323645	103.706597699508	2.2241	101.482497699508	76.0706046292921	74.5691321709515	150.639736800244	8.0261	142.613636800244	125.866765002723	169.044838994917	1285.74823801604
15	471755	471835	80	471795	11.3507917912911	14.2458386871563	25.5966304784474	0.7736	24.8230304784474	16.6418947360606	20.4090256352018	37.0509203712625	6.5756	30.4753203712625	30.7875211461349	36.1234433190599	314.4992331031
15	472430	472561	131	472495.5	20.1085311472023	8.83183799671242	28.9403691439147	1.26677	27.6735991439147	42.9379123855792	25.0481405394532	67.9860529250325	7.06877	60.9172829250325	34.3230259324173	72.2073464720195	350.614954750204
15	474472	474663	191	474567.5	18.2662649400755	18.4369618089658	36.7032267490413	1.84697	34.8562567490413	24.2813546046843	22.3050908554879	46.5864454601722	7.64897	38.9374754601722	43.2315362408297	46.1539262143136	441.616748846852
15	478541	478657	116	478599	2.96934553299795	4.21762263572622	7.18696816872417	1.12172	6.06524816872417	7.88645533796107	6.93637276542071	14.8228281033818	6.92372	7.89910810338179	7.5226091517425	9.36308397639391	76.8446020037695
15	479244	479471	227	479357.5	141.479904819958	213.485184019921	354.965088839878	2.19509	352.769998839878	145.722526997115	219.099281039978	364.821808037092	7.99709	356.824718037092	437.533757549656	422.956586504244	4469.47419225271
15	479780	480146	366	479963	227.340629868092	174.823893187845	402.164523055936	3.53922	398.625303055936	267.207898578795	199.528640026203	466.736538604998	9.34122	457.395318604998	494.407198100765	542.166371501429	5050.44507822818
15	480453	482022	1569	481237.5	446.730105584999	201.597502076859	648.327607661859	15.17223	633.155377661859	485.599892592609	222.584417111778	708.184309704387	20.97423	687.210079704387	785.290280954154	814.573696357164	8021.86021898695
15	486945	487645	700	487295	1302.5140078553	1574.71151490921	2877.22552276451	6.769	2870.45652276451	1311.62204078574	1579.00343618207	2890.62547696781	12.571	2878.05447696781	3560.17130826972	3411.45676243489	36367.6939384595
15	490883	491110	227	490996.5	161.78463236831	153.335487351822	315.120119720131	2.19509	312.925029720131	167.550826598432	156.829423262206	324.380249860638	7.99709	316.383159860638	388.114818536291	375.019819417812	3964.65217859659
15	492920	493371	451	493145.5	154.22247108179	192.986760024562	347.209231106352	4.36117	342.848061106352	159.464374929024	196.85498906925	356.319363998274	10.16317	346.156193998274	425.22777145957	410.310818757772	4343.76666388304
15	494209	495157	948	494683	2902.22956411288	2386.81021850148	5289.03978261435	9.16716	5279.87262261435	2915.15622699781	2396.31734411132	5311.47357110913	14.96916	5296.50441110913	6548.5231611336	6278.12848406572	66894.1647610677
15	502564	502715	151	502639.5	17.0919864799828	16.5673961025965	33.6593825825793	1.46017	32.1992125825793	20.5858223922012	20.8346178285217	41.4204402207229	7.26217	34.1582702207229	39.9360561207778	40.4889701950096	407.952915843104
15	504557	504777	220	504667	14.2461386816535	18.0398690928772	32.2860077745307	2.1274	30.1586077745307	20.2117292542291	24.3038541919721	44.5155834462012	7.9294	36.5861834462012	37.4051337286368	43.3668590806951	382.099156860897
15	505183	505281	98	505232	23.6569660579059	28.4976772642561	52.154643322162	0.94766	51.206983322162	35.4378499599743	39.3532781388837	74.791128098858	6.74966	68.041468098858	63.5110238949135	80.6518877003326	648.774814111675
15	511284	511704	420	511494	478.65411999961	437.73007067354	916.38419067315	4.0614	912.32279067315	493.951439399351	448.809667439388	942.761106838739	9.8634	932.897706838739	1131.53618508981	1105.79567416945	11558.8150390545
15	514445	515013	568	514729	183.910326514489	165.276068324551	349.18639483904	5.49256	343.69383483904	194.516931956465	176.877955509974	371.394887466439	11.29456	360.100327466439	426.276768144426	426.839278798037	4354.48232531447
15	520137	521089	952	520613	577.780901707141	590.636665892573	1168.41756759971	9.20584	1159.21172759971	589.730382516619	597.001249146386	1186.731631663	15.00784	1171.723791663	1437.74772412703	1388.88443035518	14686.8127020497
15	522618	522890	272	522754	63.1007425367694	200.871915386368	263.972657923138	2.63024	261.342417923138	68.591241823992	204.540748088603	273.131989912595	8.43224	264.699749912595	324.137909961342	313.75769954345	3311.1182812872
15	524959	525150	191	525054.5	45.2358702339086	42.1163274559938	87.3521976899024	1.84697	85.5052276899024	49.7272878473862	47.7323244411994	97.4596122885856	7.64897	89.8106422885856	106.050468249379	106.455637106915	1083.32173858178
15	530366	530473	107	530419.5	5.71449517844348	4.51551717141696	10.2300123498604	1.03469	9.19532234986045	21.3117090771892	19.6630393189034	40.9747483960926	6.83669	34.1380583960926	11.4047791843006	40.4650124254927	116.501562114981
15	531259	531431	172	531345	53.8125129116943	50.3746759722811	104.187188883975	1.66324	102.523948883975	58.3530296245422	55.2647862724988	113.617815897041	7.46524	106.152575897041	127.158456619196	125.826291959342	1298.94306525979
15	533797	533989	192	533893	59.5022085450383	58.9326189930764	118.434827538115	1.85664	116.578187538115	66.0642881761554	66.6935766330543	132.75786480921	7.65864	125.09922480921	144.58965504329	148.284405269621	1477.00542079742
15	537169	537382	213	537275.5	71.3016921059314	43.7366977333797	115.038389839311	2.05971	112.978679839311	76.3420996492318	49.1760979579174	125.518197607149	7.86171	117.656487607149	140.125255763403	139.462273387758	1431.40089995516
15	539537	539695	158	539616	27.1675016638002	24.6014487331657	51.7689503969659	1.52786	50.2410903969659	31.0602302590903	28.6443745733727	59.704604832463	7.32986	52.374744832463	62.313045715529	62.0815828433348	636.537283947997
15	544422	544958	536	544690	699.176874928664	661.510565845538	1360.6874407742	5.18312	1355.5043207742	707.986313336254	667.025664681529	1375.01197801778	10.98512	1364.02685801778	1681.20560363278	1616.8278558195	17173.7721436375
15	546441	546667	226	546554	191.711183422591	128.796037481405	320.507220903996	2.18542	318.321800903996	200.245126883613	133.363353702666	333.608480586279	7.98742	325.621060586279	394.808328705742	385.969820244201	4033.02740780286
15	550302	550999	697	550650.5	156.395531221131	146.706308951504	303.101840172635	6.73999	296.361850172635	159.44107535641	151.598619211368	311.039694567778	12.54199	298.497704567778	367.571829596704	353.819575330585	3754.80240743511
15	552887	553183	296	553035	184.23302059528	204.347451634259	388.580472229539	2.86232	385.718152229539	193.291554433687	214.479265785379	407.770820219067	8.66432	399.106500219067	478.39871036398	473.074634271173	4886.91592976371
15	554675	554767	92	554721	21.1097127824274	25.2468368947461	46.3565496771735	0.88964	45.4669096771735	32.4382049827621	40.4923572446417	72.9305622274039	6.69164	66.2389222274039	56.3917223705129	78.5152682054681	576.050061150042
15	558690	558943	253	558816.5	125.465398575647	123.670231504576	249.135630080223	2.44651	246.689120080223	138.965350944671	137.743973348522	276.709324293193	8.24851	268.460814293193	305.963710095172	318.215818254483	3125.46605248181
15	559774	559956	182	559865	68.0643514887941	74.2989371271662	142.36328861596	1.75994	140.60334861596	80.5157230920396	91.2167268024584	171.732449894498	7.56194	164.170509894498	174.387594314472	194.596940625677	1781.39592383134
15	560697	560906	209	560801.5	67.4397629456842	59.3030121989168	126.742775144601	2.02103	124.721745144601	76.1485032003908	67.8866547483031	144.035157948694	7.82303	136.212127948694	154.689950904916	161.456910817681	1580.18148643512
15	566259	566602	343	566430.5	57.3064488220785	59.9055011474018	117.21194996948	3.31681	113.89513996948	63.570233924842	65.6449958672762	129.215229792118	9.11881	120.096419792118	141.261923410074	142.354408758686	1443.01213365839
15	569630	569797	167	569713.5	69.8100194678318	81.0126139775204	150.822633445352	1.61489	149.207743445352	74.8009279190989	85.8783247253016	160.6792526444	7.41689	153.2623626444	185.05945760649	181.667139261672	1890.41063811087
15	570824	571098	274	570961	195.780908771212	167.60162566662	363.382534437832	2.64958	360.732954437832	198.875852000359	174.239803901853	373.115655902211	8.45158	364.664075902211	447.410056258252	432.248846472264	4570.36209274354
15	571897	572159	262	572028	89.1453647976588	75.3004187568885	164.445783554547	2.53354	161.912243554547	106.112153574156	82.3125901319278	188.424743706083	8.33554	180.089203706083	200.816601606395	213.465914818924	2051.37227189564
15	572894	573053	159	572973.5	47.4509296028531	50.8762667715509	98.327196374404	1.53753	96.789666374404	54.1138073850196	58.2630312753909	112.376838660411	7.33953	105.037308660411	120.046337727241	124.504327421571	1226.29168398616
15	574822	574930	108	574876	26.6741107141197	14.001343171962	40.6754538860817	1.04436	39.6310938860817	34.8357610041523	18.0174695037551	52.8532305079074	6.84636	46.0068705079074	49.1536737273714	54.5335228254689	502.1122882249
15	578023	578261	238	578142	20.7068201727268	34.677363909646	55.3841840823728	2.30146	53.0827240823728	32.3849059604314	42.8617137832978	75.2466197437292	8.10346	67.1431597437292	65.8374686200973	79.5870919720444	672.539802479986
15	579926	580061	135	579993.5	29.5140586206713	25.8495258395625	55.3635844602338	1.30545	54.0581344602338	51.3499580825838	40.2727612727126	91.6227193552964	7.10745	84.5152693552964	67.0472511106206	100.178849802348	684.897915485746
15	584065	584273	208	584169	72.0002792916768	91.4111232366252	163.411402528302	2.01136	161.400042528302	76.9418886472422	98.7976877441337	175.739576391376	7.81336	167.926216391376	200.181328651294	199.048708453225	2044.88286158417
15	586012	586818	806	586415	983.571758244879	989.629047135423	1973.2008053803	7.79402	1965.4067853803	990.384833271963	995.268043698746	1985.65287697071	13.59602	1972.05685697071	2437.65574949404	2337.54668455988	24901.0259756324
15	587433	588236	803	587834.5	294.590696293398	142.49658617087	437.087282464268	7.76501	429.322272464268	300.603585998361	151.577619596566	452.181205594927	13.56701	438.614195594927	532.480051276442	519.90446172468	5439.3650912738
15	592607	592841	234	592724	80.9366153715704	89.5973565067297	170.5339718783	2.26278	168.2711918783	85.1544380036281	93.3402878497658	178.494725853394	8.06478	170.429945853394	208.703481339097	202.016464926517	2131.93795354756
15	594293	594448	155	594370.5	14.4474349892552	17.7662741114573	32.2137091007125	1.49885	30.7148591007125	18.2416653913075	22.4815876179901	40.7232530092976	7.30085	33.4224030092976	38.0950414126425	39.6167215302395	389.146669276782
15	602472	602635	163	602553.5	5.63859657065923	10.3062109521419	15.9448075228011	1.57621	14.3685975228011	10.9769986478161	16.3458001673529	27.322798815169	7.37821	19.944588815169	17.8210916051379	23.6410057321693	182.045173960995
15	605158	605343	185	605250.5	32.1558101627585	45.1371720443394	77.2929822070979	1.78895	75.5040322070979	37.8953048826329	51.2754594491197	89.1707643317526	7.59095	81.5798143317526	93.6461803168149	96.6993542017492	956.610041869846
15	606214	606581	367	606397.5	158.476693046171	160.076463701418	318.55315674759	3.54889	315.00426674759	162.194824844108	166.864639185237	329.059464029345	9.35089	319.708574029345	390.693655717605	378.961546978745	3990.99539447198
15	609196	609416	220	609306	65.2472031640275	61.1510782996555	126.398281463683	2.1274	124.270881463683	71.1121955818851	64.0465251881837	135.158720770069	7.9294	127.229320770069	154.130753464364	150.809281128803	1574.46919912975
15	611445	611972	527	611708.5	125.753093298434	138.829153442955	264.582246741389	5.09609	259.486156741389	132.94026146349	145.742926622922	278.683188086412	10.89809	267.785098086412	321.83562537786	317.414868640236	3287.60009245825
15	616994	617132	138	617063	26.770608944043	27.2231006439425	53.9937095879855	1.33446	52.6592495879855	36.7770253953454	32.1401104507399	68.9171358460853	7.13646	61.7806758460853	65.3122414540541	73.230755737805	667.174526719673
15	618484	618742	258	618613	115.154487709716	142.609984090801	257.764471800517	2.49486	255.269611800517	120.069497553199	148.248380665128	268.317878218328	8.29686	260.021018218328	316.605926826611	308.211838266063	3234.17792261478
15	619082	619648	566	619365	190.865498935066	187.974051973167	378.839550908233	5.47322	373.366330908233	197.725773096371	193.36585307082	391.091626167191	11.27522	379.816406167191	463.07898699446	450.209423647847	4730.42261455991
15	624459	624675	216	624567	40.9612486437199	36.3265336587604	77.2877823024803	2.08872	75.1990623024803	45.0288740308607	40.7438526314367	85.7727266622974	7.89072	77.8820066622974	93.2679320849763	92.3162158417564	952.746178382064
15	628013	628209	196	628111	29.8160530811567	45.1617715931074	74.9778246742641	1.89532	73.0825046742641	34.257971602601	51.4256566940366	85.6836282966376	7.69732	77.9863082966376	90.6428068895535	92.4398481491538	925.930123369342
15	630734	630825	91	630779.5	10.479107780678	12.6730675366548	23.1521753173329	0.87997	22.2722053173329	16.3932992960716	19.4838426059267	35.8771419019983	6.68197	29.1951719019983	27.6237823892538	34.6060393966043	282.181158255343
15	631823	632113	290	631968	113.790012738417	116.640260456038	230.430273194455	2.8043	227.625973194455	118.78102118785	121.032879881781	239.813901069631	8.6063	231.207601069631	282.320060365658	274.058305882499	2883.94255754386
15	633596	633820	224	633708	29.5158585876543	31.0873297620014	60.6031883496557	2.16608	58.4371083496557	35.0065578712082	35.0049579005567	70.0115157717649	7.96808	62.0434357717649	72.4784071226154	73.5422140970995	740.378004075148
15	638460	639405	945	638932.5	213.311187211561	228.568707341344	441.879894552905	9.13815	432.741744552905	218.002001167492	232.461635932965	450.463637100457	14.94015	435.523487100457	536.721155896159	516.240938855828	5482.68862304111
15	642215	642351	136	642283	15.4200171490834	16.4912974984808	31.9113146475642	1.31512	30.5961946475642	33.0838931388397	34.7060633832087	67.7899565220484	7.11712	60.6728365220484	37.9478642030037	71.9175957597983	387.643231590391
15	644352	644479	127	644415.5	8.63444161757395	11.4533899093235	20.0878315268975	1.22809	18.8597415268975	12.5519697579635	16.4692979020216	29.0212676599851	7.03009	21.9911776599851	23.3913700252731	26.066897740276	238.94641920864
15	649041	649275	234	649158	78.1173670853237	66.0870877579404	144.204454843264	2.26278	141.941674843264	82.1850924706301	68.731639248668	150.916731719298	8.06478	142.851951719298	176.047494263405	169.32732184877	1798.35205545653
15	653975	654208	233	654091.5	86.4250146973127	58.7086231018555	145.133637799168	2.25311	142.880527799168	93.3635874223794	67.5182615057772	160.881848928157	8.05511	152.826738928157	177.211935295619	181.150779517772	1810.24699853711
15	656947	657211	264	657079	140.887315689879	160.974647225948	301.861962915827	2.55288	299.309082915827	153.986375412517	171.456054964438	325.442430376955	8.35488	317.087550376955	371.227224955559	375.854757675414	3792.14282960134
15	658492	658653	161	658572.5	17.8630723358778	19.2858462377938	37.1489185736716	1.55687	35.5920485736716	24.7502460037625	22.7795821518466	47.5298281556091	7.35887	40.1709581556091	44.1441245075857	47.616015593222	450.93897744302
15	661654	662392	738	662023	733.381447510769	629.960544570734	1363.3419920815	7.13646	1356.2055320815	736.274994434148	632.156804284522	1368.43179871867	12.93846	1355.49333871867	1682.07530235752	1606.71278247628	17182.6562490081
15	664515	664686	171	664600.5	32.1602100820504	30.5436397349619	62.7038498170123	1.65357	61.0502798170123	35.6294464455008	33.3630880175401	68.992534463041	7.45557	61.536964463041	75.7194727886134	72.9418762699483	773.485985115743
15	667281	667493	212	667387	55.53718127593	63.1686412912958	118.705822567226	2.05004	116.655782567226	58.3814291036077	69.9569167732798	128.338345876888	7.85204	120.486305876887	144.685894646334	142.816554118028	1477.98852304875
15	670511	671714	1203	671112.5	345.024671177953	422.067257978079	767.091929156033	11.63301	755.458919156033	351.93634439644	426.20878200969	778.14512640613	17.43501	760.71011640613	936.980980978408	901.695812791021	9571.40389936504
15	673818	674002	184	673910	72.8535636397966	48.3736126779852	121.227176317782	1.77928	119.447896317782	84.0340585548604	55.1124890661017	139.146547620962	7.58128	131.565267620962	148.148898940362	155.948827765051	1513.36364108878
15	675230	675425	195	675327.5	58.8567203852922	43.9608936209321	102.817614006224	1.88565	100.931964006224	74.7271292727949	60.5023901986062	135.229519471401	7.68765	127.541869471401	125.183948787421	151.179755832907	1278.7731660366
15	675674	675802	128	675738	33.060993558889	29.3166622415328	62.3776558004218	1.23776	61.1398958004218	46.4865472926143	42.3660228758057	88.85257016842	7.03976	81.81281016842	75.8306217471036	96.9755321646679	774.621388711228
15	678981	679155	174	679068	23.0507771772891	29.8902517201236	52.9410288974127	1.68258	51.2584488974127	36.5263299938762	43.6409994887822	80.1673294826584	7.48458	72.6827494826584	63.57485564534	86.1533578392198	649.426865196317
15	682213	682429	216	682321	86.1003206532081	146.276316838892	232.3766374921	2.08872	230.2879174921	97.7518069288301	155.933239700991	253.685046629821	7.89072	245.794326629821	285.62161802296	291.348452386786	2917.66847351933
15	682730	682945	215	682837.5	72.1582763935201	66.2406849404919	138.398961334012	2.07905	136.319911334012	85.1834374716879	74.6246311529281	159.808068624616	7.88105	151.927018624616	169.07493049566	180.084310158565	1727.12625110191
15	683461	683942	481	683701.5	163.771995913901	134.25163740879	298.023633322691	4.65127	293.372363322691	172.157842091486	140.190428472951	312.348270564438	10.45327	301.895000564438	363.864027292362	357.846506889576	3716.9266403125
15	685523	685668	145	685595.5	12.6254684097704	20.2337288506883	32.8591972604587	1.40215	31.4570472604587	15.8192098266522	23.1292757373822	38.9484855640344	7.20415	31.7443355640344	39.0155629292412	37.6276505867331	398.549937232362
15	689418	689540	122	689479	21.1591118762949	14.4968340831227	35.6559459594176	1.17974	34.4762059594176	30.715136589178	21.0855132263223	51.8006498155003	6.98174	44.8189098155003	42.7601666499046	53.1253922393207	436.801636446265
15	690386	690564	178	690475	26.1987194342695	29.663955871091	55.8626753053605	1.72126	54.1414153053605	32.0636118539613	37.6736089492236	69.7372208031849	7.52326	62.2139608031849	67.1505427205081	73.744343270212	685.953055064585
15	692164	692412	248	692288	44.4609844477161	59.2556130683638	103.71659751608	2.39816	101.31843751608	49.8507855820549	64.0473251735095	113.898110755564	8.20016	105.697950755564	125.663284353134	125.287409173879	1283.66965208691
15	700780	701192	412	700986	484.291816586778	498.260460358549	982.552276945327	3.98404	978.568236945327	488.982630542709	504.374348210892	993.356978753601	9.78604	983.570938753601	1213.69912163016	1165.86039534614	12398.1219910103
15	702171	702323	152	702247	15.9934066313428	16.2200024748726	32.2134091062154	1.46984	30.7435691062154	19.2878462011083	20.3390269191953	39.6268731203036	7.27184	32.3550331203036	38.1306498731925	38.3515313627259	389.510415142576
15	712622	712778	156	712700	19.7360379798817	18.1407672420924	37.8768052219741	1.50852	36.3682852219741	23.3552715919176	22.6834839145862	46.0387555065038	7.31052	38.7282355065038	45.1068757012711	45.9059069149479	460.773628003096
15	716870	717048	178	716959	27.3938975109985	35.9028414305893	63.2967389415878	1.72126	61.5754789415878	31.486222445073	39.7710704752771	71.2572929203501	7.52326	63.7340329203501	76.3708670318682	75.5461369280427	780.140076849177
15	720322	720446	124	720384	22.5797858167307	30.0438489026751	52.6236347194059	1.19908	51.4245547194059	27.6715924172131	35.0614568641905	62.7330492814036	7.00108	55.7319692814036	63.7808734605923	66.0610162213356	651.531368660395
15	721738	721884	146	721811	41.1420453273483	36.23113540866	77.3731807360083	1.41182	75.9613607360083	47.9551203544317	42.2461250751031	90.2012454295348	7.21382	82.9874254295348	94.2133959823955	98.3678439530157	962.404236569134
15	722631	722888	257	722759.5	137.705774049216	122.991743950141	260.697517999357	2.48519	258.212327999357	150.008748374527	138.28676339207	288.295511766598	8.28719	280.008321766598	320.255720403489	331.903475237584	3271.46112172212
15	727260	727474	214	727367	31.3644246792216	34.2601715622469	65.6245962414686	2.06938	63.5552162414685	37.005121211361	39.475475897398	76.480597108759	7.87138	68.609217108759	78.8262966393366	81.3248600900814	805.222665500015
15	733489	733841	352	733665	89.1187652855763	101.543037385911	190.661802671487	3.40384	187.257962671487	94.0108755491085	106.782741273498	200.793616822607	9.20584	191.587776822607	232.2524032888	227.095568229114	2372.49378973953
15	737850	738313	463	738081.5	170.680669187417	162.494619344948	333.175288532364	4.47721	328.698078532364	174.647596421674	168.28561312017	342.933209541843	10.27921	332.653999541843	407.677823716794	394.30620419793	4164.49126590916
15	741782	741956	174	741869	30.1673466373438	25.7488276866788	55.9161743240226	1.68258	54.2335943240226	34.65856425449	28.9179695547926	63.5765338092826	7.48458	56.0919538092826	67.264870561694	66.4877182389077	687.120931432565
15	742338	742540	202	742439	38.4479947445875	36.852424012301	75.3004187568885	1.95334	73.3470787568885	44.5618825969312	41.3189420825134	85.8808246794447	7.75534	78.1254846794447	90.9709529702906	92.6048186930049	929.282185727587
15	745371	745612	241	745491.5	75.3973169794748	57.308448785393	132.705765764868	2.33047	130.375295764868	85.777926566915	66.0686880954473	151.846614662362	8.13247	143.714144662362	161.701939607235	170.349308739456	1651.81002252088
15	746456	746703	247	746579.5	29.2630632247049	28.9400691494175	58.2031323741224	2.38849	55.8146423741224	34.6284648066071	38.0477020871958	72.6761668938029	8.19049	64.4856768938029	69.2258136591843	76.4370863303905	707.152264822228
15	747322	747497	175	747409.5	55.2392867402393	56.6131615391165	111.852448279356	1.69225	110.160198279356	60.1808960958047	63.6503324555866	123.831228551391	7.49425	116.336978551391	136.629547989026	137.898214011057	1395.69171086599
15	749025	749214	189	749119.5	39.3202787441949	40.5948553645085	79.9151341087034	1.82763	78.0875041087034	43.562900921352	44.0888912730584	87.6517921944104	7.62963	80.0221621944104	96.8504101899637	94.8530156560468	989.341739657663
15	755083	755311	228	755197	65.5910968559511	53.4160201846	119.007117040551	2.20476	116.802357040551	67.7874565679053	56.136770277609	123.924226845514	8.00676	115.917466845514	144.867688110307	137.400952386099	1479.84557106282
15	757693	758252	559	757972.5	106.290350305475	94.5085664199151	200.79891672539	5.40553	195.39338672539	111.507254611278	102.094727266208	213.601981877486	11.20753	202.394451877486	242.3426112636	239.905091117035	2475.56680607178
15	759528	759740	212	759634	90.9177322869447	101.525737703241	192.443469990185	2.05004	190.393429990185	96.0587379849631	107.989019146623	204.047757131586	7.85204	196.195717131586	236.141262324817	232.557518047563	2412.21907904321
15	761348	761512	164	761430	23.5011689157084	37.2782162019523	60.7793851176607	1.58588	59.1935051176607	30.5627393846151	46.7378426830778	77.3005820676929	7.38788	69.9127020676929	73.4165512992518	82.8699255547811	749.961290195906
15	762125	762625	500	762375	470.034478110564	449.588753148541	919.623231259105	4.835	914.788231259105	476.621157290449	454.678559785709	931.299717076158	10.637	920.662717076158	1134.59402302142	1091.29312083076	11590.0513207896
15	767987	768374	387	768180.5	452.919892045127	383.583663886494	836.503555931621	3.74229	832.761265931621	463.300701628899	390.719632990699	854.020334619598	9.54429	844.476044619598	1032.85757582309	1000.98644281639	10550.7979664634
15	769451	770760	1309	770105.5	681.945391007497	600.05159319362	1281.99698420112	12.65803	1269.33895420112	686.761602663245	604.070019483224	1290.83162214647	18.46003	1272.37159214647	1574.33637798619	1508.18572306221	16082.0866731301
15	772237	772466	229	772351.5	68.0662514539428	77.9680698238983	146.034321277841	2.21443	143.819891277841	72.4092717894865	81.7623002259506	154.171572015437	8.01643	146.155142015437	178.377009519279	173.242706690702	1822.14840976505
15	774315	774469	154	774392	27.5211951759647	27.5931938552857	55.1143890312505	1.48918	53.6252090312505	33.7849802787282	35.5821473131136	69.3671275918417	7.29118	62.0759475918417	66.5103021345036	73.5807514734236	679.412899644336
15	775433	775665	232	775549	46.2045524652736	41.094746194961	87.2992986602346	2.24344	85.0558586602346	50.2473783073149	44.339786670859	94.5871649781739	8.04544	86.5417249781739	105.493124595657	102.580877211406	1077.62838799215
15	779533	779695	162	779614	10.8513009535015	15.7449111895195	26.596212143021	1.56654	25.029672143021	33.9561771384471	31.9119146365586	65.8680917750056	7.36854	58.4995517750056	31.0438147772955	69.3415267498723	317.117311709254
15	781555	781794	239	781674.5	89.3943602303107	94.356269213518	183.750629443829	2.31113	181.439499443829	95.6089462355381	100.120263483995	195.729209719533	8.11313	187.616079719533	225.035876692055	222.387779322039	2298.77586780707
15	783339	783489	150	783414	9.52902520813769	9.15463207566835	18.683657283806	1.4505	17.233157283806	16.6400947690776	15.8917084968018	32.5318032658794	7.2525	25.2793032658794	21.373949274667	29.9644258877562	218.338157962133
15	784665	784779	114	784722	11.1514954470038	12.6009688591681	23.7524643061719	1.10238	22.6500843061719	18.0384691185571	20.4628246483612	38.5012937669182	6.90438	31.5969137669182	28.0924583379726	37.4529064702728	286.968754689181
15	786955	787137	182	787046	20.1576302465726	21.9570972387696	42.1147274853422	1.75994	40.3547874853422	24.500750580282	25.002641374049	49.5033919543309	7.56194	41.9414519543309	50.0512568008764	49.714642666071	511.281236479088
15	790032	790203	171	790117.5	29.8632522153782	24.0503588418627	53.9136110572409	1.65357	52.2600410572409	34.3298702837563	28.1181842253349	62.4480545090912	7.45557	54.9924845090912	64.8171108900124	65.1844795374711	662.116692347822
15	792284	792442	158	792363	20.4598247033894	23.4045706876194	43.8643953910088	1.52786	42.3365353910088	24.7289463944633	27.7478910176602	52.4768374121236	7.32986	45.1469774121236	52.5091801235341	53.5142620227084	536.389298811646
15	795583	796017	434	795800	24.0052596691213	22.3048908591564	46.3101505282778	4.19678	42.1133705282778	36.5573294252505	39.6707723150563	76.2281017403068	9.99878	66.2293217403068	52.2323930915732	78.5038884185697	533.561876984749
15	796918	797255	337	797086.5	99.9761661271869	86.0075223554165	185.983688482603	3.25879	182.724898482603	106.49064663142	92.7443987802185	199.235045411638	9.06079	190.174255411638	226.630132080085	225.420072780752	2315.0614302116
15	800755	800922	167	800838.5	17.8856719213313	22.429888566311	40.3155604876423	1.61489	38.7006704876423	23.0760767132172	26.7218098391699	49.7978865523871	7.41689	42.3809965523871	47.9996877110716	50.2356499657695	490.32414472951
15	802367	802505	138	802436	34.753362515596	30.7145366001836	65.4678991157796	1.33446	64.1334391157796	42.5883187982094	39.7727704440944	82.3610892423037	7.13646	75.2246292423037	79.543455206478	89.1663351698207	812.548549851298
15	803447	803663	216	803555	126.999170441516	123.229639586398	250.228810027914	2.08872	248.140090027914	138.202464938365	135.7033107806	273.905775718965	7.89072	266.015055718965	307.763319856185	315.316776664373	3143.84934118625
15	804226	804366	140	804296	28.919269530947	28.5905755602134	57.5098450911604	1.3538	56.1560450911604	33.3860875956566	33.9558771439499	67.3419647396065	7.1558	60.1861647396065	69.6492487985513	71.3407269907794	711.477719475356
15	807046	807285	239	807165.5	68.9570351142091	55.4128835559355	124.369918670145	2.31113	122.058788670145	74.9454252685696	59.2811126006233	134.226537869193	8.11313	126.113407869193	151.387137864431	149.486551263039	1546.44274652862
15	810844	811002	158	810923	23.3286720798351	24.7473460569565	48.0760181367916	1.52786	46.5481581367916	28.9201695144385	29.6394563204887	58.5596258349272	7.32986	51.2297658349272	57.7327737720982	60.7243999354892	589.749106141307
15	813744	813923	179	813833.5	54.4173018179909	69.3374281366218	123.754729954613	1.73093	122.023799954613	58.4356281094299	74.9762247036125	133.411852813042	7.53293	125.878922813042	151.343742042142	149.208608077149	1545.99945157269
15	817078	817228	150	817153	23.7541642749892	22.801881742803	46.5560460177922	1.4505	45.1055460177922	29.9687502802167	27.6429929418161	57.6117432220328	7.2525	50.3592432220328	55.9435300631994	59.6925396012331	571.471708243235
15	818489	818647	158	818568	38.3266969695647	41.5410380085856	79.8677349781504	1.52786	78.3398749781504	44.3417866341735	46.4827473623168	90.8245339964903	7.32986	83.4946739964903	97.1634208631171	98.9691030910286	992.539191514622
15	820238	820413	175	820325.5	41.9173311062037	43.6355995878331	85.5529306940368	1.69225	83.8606806940368	46.1352537364271	48.0776181074432	94.2128718438703	7.49425	86.7186218438703	104.010768646424	102.790559138403	1062.48589545414
15	825020	826049	1029	825534.5	827.930913180465	815.205446604971	1643.13635978544	9.95043	1633.18592978544	845.71898689205	825.635455286278	1671.35444217833	15.75243	1655.60201217833	2025.60869401084	1962.44189453185	20691.9023395736
15	830801	831000	199	830900.5	40.7184530973429	52.2456416529705	92.9640947503134	1.92433	91.0397647503134	45.9850564915102	58.0345354667124	104.019591958223	7.72633	96.2932619582225	112.914846751811	114.139708721006	1153.4424139196
15	832115	832668	553	832391.5	127.922953496471	109.583089906423	237.506043402895	5.34751	232.158533402895	139.125748002492	120.860183049576	259.985931052068	11.14951	248.836421052068	287.941706497246	294.954351327126	2941.36853181343
15	836530	837616	1086	837073	532.307135836976	471.720147190167	1004.02728302714	10.50162	993.525663027143	538.172228252999	475.537077175839	1013.70930542884	16.30362	997.405685428838	1232.25052582657	1182.25919546598	12587.6274196892
15	841118	841299	181	841208.5	44.8821767217441	37.9959030373509	82.878079759095	1.75027	81.127809759095	49.1741979927687	41.3397417009839	90.5139396937526	7.55227	82.9616696937526	100.621242062543	98.3373147953126	1027.86136345128
15	842190	842466	276	842328	93.7372805676886	87.6462922952956	181.383572862984	2.66892	178.714652862984	99.2772789469443	91.5637204375195	190.840999384464	8.47092	182.370079384464	221.656302558245	216.169515052885	2264.25300160251
15	847161	847335	174	847248	54.415101858345	45.6838620163506	100.098963874696	1.68258	98.4163838746955	57.7341409768785	49.3279951716517	107.06213614853	7.48458	99.5775561485302	122.063923754157	118.032695360076	1246.90163355542
15	848298	848397	99	848347.5	19.3106457828933	19.9069348451034	39.2175806279967	0.95733	38.2602506279967	25.9241244711924	25.4469332243591	51.3710576955515	6.75933	44.6117276955515	47.4534435385967	52.8798121608993	484.744177036919
15	849441	849617	176	849529	36.026339165258	42.9368124057563	78.9631515710143	1.70192	77.2612315710143	46.2813510565493	50.399675513712	96.6810265702613	7.50392	89.1771065702613	95.8256004573784	105.704685473505	978.873151639653
15	850054	850252	198	850153	51.0487636074242	62.1983590892793	113.247122696703	1.91466	111.332462696703	63.2245402659353	72.2296750838468	135.454215349782	7.71666	127.737555349782	138.083484709979	151.411709021583	1410.54389664443
15	851896	852034	138	851965	13.6232501073609	14.0466423410348	27.6698924483958	1.33446	26.3354324483958	19.2126475804841	18.6633576561641	37.8760052366483	7.13646	30.7395452366483	32.6633238476491	36.436638121673	333.660844337689
15	860411	861002	591	860706.5	114.117106738499	109.959782996704	224.076889735203	5.71497	218.361919735203	119.108015189766	114.502299672867	233.610314862633	11.51697	222.093344862633	270.830035325271	263.254865148228	2766.57019598267
15	866653	866948	295	866800.5	18.835654495706	19.7362379762131	38.5718924719191	2.85265	35.7192424719191	22.6544844465263	25.2515368085351	47.9060212550614	8.65465	39.2513712550614	44.3018806218262	46.5259976746505	452.550480256465
15	868100	868248	148	868174	12.625968400599	14.5974322378407	27.2234006384397	1.43116	25.7922406384397	16.767692428541	18.6403580780477	35.4080505065887	7.23316	28.1748905065887	31.9896136272169	33.3966648368761	326.778791487317
15	875370	875527	157	875448.5	14.6720308694705	21.3322087011625	36.0042395706331	1.51819	34.4860495706331	19.4141438844173	25.2744363884858	44.6885802729031	7.32019	37.3683902729031	42.7723754891401	44.2940356820867	436.926351604671
15	877762	877988	226	877875	181.109777885233	169.432092090191	350.541869975424	2.18542	348.356449975424	200.47202272164	178.988116803074	379.460139524714	7.98742	371.472719524714	432.059718869655	440.319365468647	4413.55605065678
15	882337	882709	372	882523	123.7667297345	67.8385556305901	191.60528536509	3.59724	188.00804536509	159.720570229608	92.2921070766505	252.012677306258	9.39924	242.613437306258	233.182716241954	287.578035085701	2381.99707871574
15	884223	884326	103	884274.5	9.23303063759569	10.4296086886448	19.6626393262405	0.99601	18.6666293262405	15.4474166464917	15.3958175929783	30.84323423947	6.79801	24.04522423947	23.1518567246523	28.5016296572765	236.499754243128
15	888730	888927	197	888828.5	7.48526269707781	9.65642287126961	17.1416855683474	1.90499	15.2366955683474	10.8537009094788	12.1775766254942	23.031277534973	7.70699	15.324287534973	18.8977767003514	18.1644040302386	193.04367673525
15	891720	892049	329	891884.5	97.5764101461508	137.667674748075	235.244084894226	3.18143	232.062654894226	115.567480134155	151.243225730386	266.810705864541	8.98343	257.827275864541	287.822790250671	305.611520152644	2940.15378418325
15	892287	892556	269	892421.5	56.0111725814601	43.5124018476616	99.5235744291217	2.60123	96.9223444291217	65.8677917805085	67.6372593229884	133.505051103497	8.40323	125.101821103497	120.21089573392	148.287482746359	1227.97266917024
15	894339	894429	90	894384	3.99152678302506	7.186668174227	11.1781949572521	0.8703	10.3078949572521	8.50744394710492	12.6772674596152	21.1847114067202	6.6723	14.5124114067202	12.7846813161704	17.2020593873027	130.597473252824
15	898423	898626	203	898524.5	10.7300031784787	11.1780949590863	21.908098137565	1.96301	19.945088137565	13.9748436580453	14.2731381863989	28.2479818444442	7.76501	20.4829718444442	24.7375042837725	24.2791696170781	252.697386359986
15	899986	900170	184	900078	13.622850114698	21.7573009036537	35.3801510183518	1.77928	33.6008710183518	17.2174841779659	25.2265372671042	42.4440214450701	7.58128	34.8627414450701	41.674505774154	41.3240041186107	425.711444702249
15	904101	904478	377	904289.5	30.5896388911948	36.1021377748765	66.6917766660713	3.64559	63.0461866660713	38.7001901185426	45.5329647842736	84.2331549028161	9.44759	74.7855649028161	78.1949571729424	88.6458971370885	798.773436376753
15	907763	907961	198	907862	33.2565899710444	27.846389210898	61.1029791819424	1.91466	59.1883191819424	39.3437783131399	34.758062429385	74.1018407425249	7.71666	66.3851807425249	73.4101192842032	78.6886334438492	749.895586179318
15	908885	909257	372	909071	61.5976701077773	47.0336372572883	108.631307365066	3.59724	105.034067365066	73.8494453722384	58.3086304389609	132.158075811199	9.39924	122.758835811199	130.271707673816	145.510261855073	1330.74540051399
15	911895	912072	177	911983.5	4.16812354369302	3.9422276873233	8.11035123101632	1.71159	6.39876123101632	11.0796967640143	13.2742565089854	24.3539532729997	7.51359	16.8403632729997	7.93625890601996	19.9614606426984	81.0700974529177
15	915695	916013	318	915854	21.5809041393172	23.4275702657358	45.0084744050531	3.07506	41.933414405053	32.009112853642	33.2588899288561	65.268002782498	8.87706	56.390942782498	52.0091970175093	66.8421201318295	531.281894981927
15	921294	921491	197	921392.5	12.473271201539	14.8977267295088	27.3709979310478	1.90499	25.4660079310478	17.0405874228008	19.9133347277097	36.9539221505105	7.70699	29.2469321505105	31.5849935552999	34.6673925958663	322.645535623293
15	925139	925524	385	925331.5	64.1208238253164	57.2837492384592	121.404573063776	3.72295	117.681623063776	66.9915711669108	63.6482324941064	130.639803661017	9.52495	121.114853661017	145.958224630681	143.561593381823	1490.9855682617
15	931202	932005	803	931603.5	216.50452863578	195.800908404357	412.305437040137	7.76501	404.540427040137	223.118107322245	201.414905426248	424.533012748493	13.56701	410.966002748493	501.743611150884	487.132109703587	5125.38765860151
15	932263	932483	220	932373	4.46631807388093	3.34373866546728	7.81005673934821	2.1274	5.68265673934821	10.8802004233956	10.0804150939379	20.9606155173335	7.9294	13.0312155173335	7.04808845482479	15.4463470567069	71.997300573953
15	933416	933578	162	933497	15.915908052907	9.70582196513709	25.6217300180441	1.56654	24.0551900180441	22.3030908921734	14.1230409396477	36.4261318318211	7.36854	29.0575918318211	29.8351835807417	34.4429610169077	304.770959347321
15	943258	943703	445	943480.5	175.117687798741	191.964378778203	367.082066576944	4.30315	362.778916576944	178.961217296495	195.232118837721	374.193336134215	10.10515	364.088186134215	449.94762324375	431.566224562508	4596.28372726223
15	944390	944597	207	944493.5	12.2247757597157	3.74253135037318	15.9673071100889	2.00169	13.9656171100889	16.2164025409065	5.9141915153936	22.1305940563001	7.80369	14.3269040563001	17.3212828493686	16.9821711572027	176.93955114578
15	949246	949695	449	949470.5	57.6067433137466	66.4651808225415	124.071924136288	4.34183	119.730094136288	61.6742687027216	70.1584130772129	131.832681779935	10.14383	121.688851779935	148.498903397401	144.241973054994	1516.93899010109
15	954002	954276	274	954139	20.7852187346542	19.3602448730922	40.1454636077464	2.64958	37.4958836077464	30.1910462026203	23.30447252373	53.4955187263503	8.45158	45.0439387263503	46.5054140133622	53.3921267315989	475.059910569667
15	956557	956829	272	956693	82.2037921276205	77.0116873669173	159.215479494538	2.63024	156.585239494538	88.5913749595498	83.8494619409345	172.440836900484	8.43224	164.008596900484	194.209622241587	194.405019596116	1983.88096808144
15	960291	960815	524	960553	20.8860168857036	18.6405580743791	39.5265749600828	5.06708	34.4594949600828	26.502113869075	20.3372269522123	46.8393408212873	10.86908	35.9702608212873	42.7394403229623	42.6367848514842	436.589913849391
15	967971	968905	934	968438	82.3337897430612	94.6296641986064	176.963453941668	9.03178	167.931673941668	87.5736936269803	99.1477813223322	186.721474949312	14.83378	171.887694949313	208.282383856151	203.74438496799	2127.63637841199
15	976777	976907	130	976842	4.89001030205202	3.36823821606957	8.25824851812159	1.2571	7.00114851812159	9.63232331333021	8.80963840392178	18.441961717252	7.0591	11.382861717252	8.68338812362371	13.4924967167725	88.702136578445
15	978447	978644	197	978545.5	6.41358235501749	8.50944391041939	14.9230262654369	1.90499	13.0180362654369	16.7182933346735	21.7589008743053	38.4771942089788	7.70699	30.7702042089788	16.1460167867609	36.4729792539634	164.934028725582
15	979521	979644	123	979582.5	3.89252859895865	4.24242218082569	8.13495077978433	1.18941	6.94554077978433	9.58252422679984	10.3809095819374	19.9634338087373	6.99141	12.9720238087373	8.61441892901093	15.3761850927181	87.9976057163953
15	981469	981586	117	981527.5	4.8159116612508	8.00945308180116	12.825364743052	1.13139	11.693974743052	8.56054297310417	12.0031798244721	20.5637227975763	6.93339	13.6303327975763	14.50380907346	16.156501334026	148.158625990894
15	986574	986825	251	986699.5	11.6018871854231	11.3531917472684	22.9550789326916	2.42717	20.5279089326916	16.6668942774915	17.3681814137115	34.035075691203	8.22917	25.805905691203	25.4603655625332	30.5886258184251	260.081524781884
15	987077	987764	687	987420.5	64.6870134396436	88.5106764398108	153.197689879454	6.64329	146.554399879454	72.7461656098095	98.2926970072293	171.038862617039	12.44529	158.593572617039	181.76856726923	187.986405439106	1856.7936904397
15	989280	989701	421	989490.5	68.8378373006665	46.4268483876772	115.264685688344	4.07107	111.193615688344	77.6719752551905	52.0902445034359	129.762219758626	9.87307	119.889149758626	137.91127547027	142.108724473324	1408.78475294577
15	996657	997091	434	996874	9.4077274331149	9.28232973329745	18.6900571664124	4.19678	14.4932771664124	13.1256592347201	14.2485386376309	27.374197872351	9.99878	17.375417872351	17.9757293383311	20.5956792253682	183.624822035526
15	1000933	1001076	143	1001004.5	4.76661256554904	4.54041671468215	9.30702928023119	1.38281	7.92421928023119	7.96035398243085	8.03445262323207	15.9948066056629	7.18481	8.80999660566292	9.82825480831408	10.4427913849225	100.397124707933
15	1003648	1003767	119	1003707.5	6.4609814855705	6.33768374723324	12.7986652328037	1.15073	11.6479352328037	15.3197189888626	14.2240390870286	29.5437580758912	6.95273	22.5910280758912	14.4467071657556	26.777921028462	147.575321278036
15	1004354	1004597	243	1004475.5	7.51196220732602	2.74534964177698	10.257311849103	2.34981	7.907501849103	11.9292811800024	6.0397892115425	17.9690703915449	8.15181	9.81726039154487	9.80752050414381	11.6367357252406	100.185320622455
15	1006892	1007158	266	1007025	51.2504599076888	39.717171463952	90.9676313716408	2.57222	88.3954113716408	56.492463753088	44.7330794566501	101.225543209738	8.37422	92.8513232097381	109.635106768636	110.059860575889	1119.93936881928
15	1009740	1010072	332	1009906	17.7400745920377	9.7553210571703	27.495395649208	3.21044	24.284955649208	23.4055706692766	14.7711290517027	38.1766997209793	9.01244	29.1642597209793	30.1201574172061	34.5693981273639	307.682010633232
15	1010819	1011024	205	1010921.5	6.98557186295675	4.24232218265996	11.2278940456167	1.98235	9.24554404561671	11.0039981525615	6.71227687603402	17.7162750285955	7.78435	9.93192502859549	11.467068175221	11.7726516554667	117.137853675522
15	1015085	1015168	83	1015126.5	3.14414232668288	5.51489883965908	8.65904116634196	0.80261	7.85643116634196	9.13463244252362	9.40782743128063	18.5424598738043	6.60461	11.9378498738043	9.7441785311797	14.1503432290234	99.5382726894344
15	1017640	1017735	95	1017687.5	2.12016110967275	4.91460985082004	7.03477096049278	0.91865	6.11612096049278	8.13525077428151	10.7055036278764	18.8407544021579	6.72065	12.1201044021579	7.58570568436364	14.3663757774731	77.4891427261819
15	1018912	1019335	423	1019123.5	22.156693577554	13.9008450154098	36.0575385929638	4.09041	31.9671285929638	28.6445745697042	18.3941625940361	47.0387371637402	9.89241	37.1463271637402	39.6482068694879	44.0308166563513	405.012491755362
15	1025626	1025960	334	1025793	5.93909105865879	6.83757457768575	12.7766656363445	3.22978	9.54688563634454	8.46034481104908	11.6290866865	20.0894314975491	9.03178	11.0576514975491	11.8408162800223	13.1070138803297	120.955747677958
15	1036554	1036747	193	1036650.5	5.66319611942725	4.09232493407449	9.75552105350175	1.86631	7.88921105350174	7.81015673751393	5.7889938119076	13.5991505494215	7.66831	5.93084054942153	9.78483478666696	7.03002888276234	99.9535825518587
15	1039441	1039764	323	1039602.5	77.3917803948329	56.5557625919911	133.947542986824	3.12341	130.824132986824	79.9377336941569	59.8749017086903	139.812635402847	8.92541	130.887225402847	162.258623670212	155.145121049728	1657.49663529026
15	1043228	1043786	558	1043507	22.67918399346	25.1264391032148	47.8056230966749	5.39586	42.4097630966749	27.9701869400639	30.2675447993989	58.2377317394628	11.19786	47.0398717394628	52.6000030203853	55.7579746435965	537.317068581492
15	1048231	1048410	179	1048320.5	4.54261667432807	6.21218604925007	10.7548027235781	1.73093	9.02387272357814	9.83381961726336	10.504107322109	20.3379269393723	7.53293	12.8049969393723	11.1921335526865	15.178202411166	114.329354493981
15	1058939	1059214	275	1059076.5	28.7163732526937	35.425650183756	64.1420234364498	2.65925	61.4827734364498	34.2296721217012	42.5615192897954	76.7911914114967	8.46125	68.3299414114967	76.2558861997624	80.9938250198165	778.965530079166
15	1061218	1061436	218	1061327	33.6818821698671	64.9165092299794	98.5983913998465	2.10806	96.4903313998465	39.0472837517693	70.5554057951358	109.602689546905	7.91006	101.692629546905	119.675078389387	120.539764460288	1222.49921311839
15	1064464	1064656	192	1064560	7.45866318499532	7.5097622476801	14.9684254326754	1.85664	13.1117854326754	13.4490533026703	15.969807064232	29.4188603669023	7.65864	21.7602203669023	16.2622920526393	25.7931361330423	166.12179833438
15	1070929	1071064	135	1070996.5	2.04606246887152	4.41511901303042	6.46118148190195	1.30545	5.15573148190195	4.44191852144436	6.41198238436591	10.8539009058103	7.10745	3.74645090581027	6.39455332259568	4.44079685775167	65.3213393325007
16	4845	4956	111	4900.5	8.45774485874026	1.67186933273364	10.1296141914739	1.07337	9.0562441914739	12.6509679420299	2.39575605440711	15.046723996437	6.87537	8.17135399643703	11.2322832537167	9.68578637843007	152.520704284891
16	22541	22785	244	22663	35.1770547437671	16.2427020584918	51.4197568022589	2.35948	49.0602768022589	42.5123201922594	21.6081036403941	64.1204238326535	8.16148	55.9589438326535	60.8485056164363	66.3300569479648	826.248476972042
16	40171	40745	574	40458	84.5991481893647	80.6618204121618	165.260968601527	5.55058	159.710388601527	87.1944005843905	84.1804558694798	171.37485645387	11.35258	160.02227645387	198.085683800621	189.679897137988	2689.76194061238
16	46595	47285	690	46940	227.519826581069	218.400893850564	445.920720431632	6.6723	439.248420431632	233.559815788943	223.418501812079	456.978317601021	12.4743	444.504017601021	544.791259237541	526.885869920051	7397.6007077339
16	52717	52924	207	52820.5	31.8085165332003	32.2836078185534	64.0921243517537	2.00169	62.0904343517537	35.1027561066344	36.8510240379809	71.9537801446153	7.80369	64.1500901446153	77.0095561956899	76.0393038373691	1045.69582891768
16	56038	56376	338	56207	8.78263889917639	51.0964627324744	59.8791016316507	3.26846	56.6106416316507	14.7977285637852	54.0907078087375	68.8884363725226	9.07046	59.8179763725226	70.2130760321141	70.9043006809962	953.407919345613
16	66967	67366	399	67166.5	15.09342313983	20.4089256370361	35.5023487768661	3.85833	31.6440187768661	23.0517771589464	26.7983084359485	49.8500855948948	9.66033	40.1897555948948	39.2474600588087	47.6382968432404	532.932629488476
16	73923	74170	247	74046.5	20.536323300168	23.1044761922827	43.6407994924507	2.38849	41.2523094924507	24.5547495897728	26.5738125538989	51.1285621436716	8.19049	42.9380721436716	51.1644358624325	50.8959707860611	694.750623342333
16	74560	74637	77	74598.5	4.06722539447786	9.40562747163471	13.4728528661126	0.74459	12.7282628661126	12.1777766218256	19.3872443778376	31.5650209996632	6.54659	25.0184309996632	15.7866164844074	29.6552050360187	214.362993711056
16	74914	75183	269	75048.5	63.4462361993446	61.6760686697047	125.122304869049	2.60123	122.521074869049	80.8139176222275	90.2443446389617	171.058262261189	8.40323	162.655032261189	151.960502431529	192.80059296727	2063.43824588589
16	82378	82542	164	82460	14.6203318177914	25.4217336865968	40.0420655043882	1.58588	38.4561855043882	18.5132604094129	29.2405636374171	47.75382404683	7.38788	40.36594404683	47.6964577489449	47.8471390630897	647.659711159478
16	84282	84497	215	84389.5	32.4583046140726	34.3047707441597	66.7630753582323	2.07905	64.6840253582323	42.3372234040773	45.7339610973781	88.0711845014554	7.88105	80.1901345014554	80.2263365974911	95.0521189973338	1089.37578261278
16	85374	85559	185	85466.5	28.8680704700965	33.3875875681424	62.2556580382389	1.78895	60.4667080382389	36.7031267508756	37.6548092940676	74.3579360449432	7.59095	66.7669860449432	74.9956800794648	79.1412003744935	1018.34984799368
16	88064	88431	367	88247.5	33.3588880945797	34.481967493822	67.8408555884017	3.54889	64.2919655884017	37.377114387853	37.8753052494882	75.2524196373412	9.35089	65.9015296373412	79.7400725023523	78.115345187271	1082.77290939602
16	95238	95405	167	95321.5	10.9561990293456	11.7742840231307	22.7304830524763	1.61489	21.1155930524763	15.8731088379772	17.9887700301924	33.8618788681697	7.41689	26.4449888681697	26.1892587281291	31.3461530449835	355.618185162108
16	98869	98961	92	98915	5.83779291678074	6.58637918538795	12.4241721021687	0.88964	11.5345321021687	22.2804913067199	24.2750547202437	46.5555460269636	6.69164	39.8639060269636	14.3060554719386	47.2520561653966	194.25878130315
16	99186	99292	106	99239	8.43284531547508	10.2035128359437	18.6363581514188	1.02502	17.6113381514188	21.9819967820348	21.7808004725988	43.7627972546336	6.82702	36.9357772546336	21.8429996377481	43.7812446218397	296.601288730996
16	105533	106053	520	105793	34.004676248823	34.4347683596004	68.4394446084235	5.0284	63.4110446084235	37.4493130635055	38.5764923875424	76.0258054510479	10.8304	65.1954054510479	78.6474833713554	77.2783519511363	1067.93688185028
16	106872	107061	189	106966.5	19.310745781059	19.1113494386061	38.4220952196651	1.82763	36.5944652196651	23.1296757300451	24.6267482690938	47.7564239991388	7.62963	40.1267939991388	45.3874023463877	47.5636663025976	616.305555617299
16	108317	108532	215	108424.5	23.653666118437	26.0736217289492	49.7272878473862	2.07905	47.6482378473862	26.3744162114459	31.5396214655694	57.9140376770154	7.88105	50.0329876770154	59.0971812074342	59.3058177048136	802.467627944402
16	114533	114946	413	114739.5	34.3090706652858	39.289479309152	73.5985499744378	3.99371	69.6048399744378	46.1371537015758	51.2676595921932	97.4048132937691	9.79571	87.6091032937691	86.3295271077786	103.846077367259	1172.2496644396
16	116824	116956	132	116890	5.08940664450497	6.88667367705606	11.976080321561	1.27644	10.699640321561	10.8042018174456	14.4725345288519	25.2767363462975	7.07844	18.1982963462975	13.2705554602655	21.5710653263166	180.19795435462
16	118041	118142	101	118091.5	3.14414232668288	7.15996866397878	10.3041109906617	0.97667	9.32744099066167	7.01227137320496	10.3289105357611	17.3411819089661	6.77867	10.5625119089661	11.5686433607958	12.5201079300295	157.088064212185
16	121332	121701	369	121516.5	42.4113220448785	59.0298172101598	101.441139255038	3.56823	97.8729092550383	46.2794510914006	63.3483379951012	109.627789086502	9.37023	100.257559086502	121.389862770362	118.838726183948	1648.32625251464
16	128119	128505	386	128312	20.5119237477315	22.0555954320074	42.5675191797389	3.73262	38.8348991797389	26.376916165589	27.2460002238932	53.6229163894823	9.53462	44.0882963894823	48.1661689430843	52.2593710667331	654.037816173606
16	129882	130022	140	129952	12.3253739144337	15.6216134511823	27.946987365616	1.3538	26.593187365616	18.5153603708931	20.9869150349188	39.5022754058119	7.1558	32.3464754058119	32.9830122503737	38.3413876099904	447.869070271138
16	132273	132970	697	132621.5	72.7026664077197	107.000837272942	179.703503680661	6.73999	172.963513680661	77.2699826289815	112.841130143865	190.111112772847	12.54199	177.569122772847	214.523276663447	210.478776385523	2912.96439941405
16	135547	135756	209	135651.5	17.3899810138392	17.1639851593038	34.553966173143	2.02103	32.532936173143	21.3837077565102	20.0842315929314	41.4679393494416	7.82303	33.6449093494416	40.3499669891694	39.880465932871	547.903328650816
16	136504	136653	149	136578.5	9.55562472022017	12.7491661407705	22.3047908609907	1.44083	20.8639608609907	12.9734620264887	15.0955231013102	28.0689851277988	7.24283	20.8261551277988	25.8771642228616	24.6859565428032	351.380322505725
16	138353	138617	264	138485	22.1050945240406	20.83231787071	42.9374123947506	2.55288	40.3845323947506	27.2212006787938	25.1242391435689	52.3454398223627	8.35488	43.9905598223627	50.0881488325805	52.143520558862	680.135958443154
16	141617	141703	86	141660	6.83707458685713	4.29162127836172	11.1286958652189	0.83162	10.2970758652189	15.3466184954422	11.5777876274837	26.924406122926	6.63362	20.290786122926	12.7712626070791	24.0513652844766	173.4181664974
16	142190	142290	100	142240	7.88395538381798	10.9026000125177	18.7865553963357	0.967	17.8195553963357	18.2152658755565	17.8636723248721	36.0789382004286	6.769	29.3099382004286	22.101247430516	34.7420758295533	300.107978719422
16	143285	143351	66	143318	2.99394508176596	5.8625924618802	8.85653754364617	0.63822	8.21831754364617	8.30974757346927	10.979198607462	19.2889461809313	6.44022	12.8487261809313	10.1930191553503	15.2300361822173	138.408765630886
16	150276	150559	283	150417.5	39.5443746335816	36.2729346419325	75.8173092755141	2.73661	73.0806992755141	43.013610997032	39.5180751159963	82.5316861130283	8.53861	73.9930761130283	90.6405676886533	87.7065329719168	1230.7883364748
16	153196	153421	225	153308.5	49.9754832947123	41.1975443093249	91.1730276040372	2.17575	88.9972776040372	53.8436123412344	45.2406701458634	99.0842824870977	7.97775	91.1065324870977	110.381589732234	107.991700241392	1498.84733368663
16	156277	156410	133	156343.5	7.26096681135967	9.93201781600398	17.1929846273636	1.28611	15.9068746273636	10.3559100405065	14.3740363356141	24.7299463761206	7.08811	17.6418363761206	19.7289867320626	20.9114742228556	267.895572363328
16	157689	157793	104	157741	7.93525444283421	9.13423244986073	17.0694868926949	1.00568	16.0638068926949	12.9016633434991	13.4262537208853	26.3279170643844	6.80768	19.5202370643844	19.9236267636894	23.1380070358451	270.538546550782
16	159680	159806	126	159743	11.7250849255947	11.5522880952242	23.2773730208189	1.21842	22.0589530208189	22.7532826342613	22.7304830524763	45.4837656867375	7.02042	38.4633456867375	27.3592897200735	45.5919239190827	371.505778707923
16	163655	164106	451	163880.5	66.4897803713095	95.882541216958	162.372321588268	4.36117	158.011151588268	71.0077974968696	99.4770752820602	170.48487277893	10.16317	160.32170277893	195.978153234463	190.034817439063	2661.14424650766
16	165856	166051	195	165953.5	42.1905260949607	35.1030561011316	77.2935821960923	1.88565	75.4079321960923	48.6539075365086	39.271379641156	87.9252871776646	7.68765	80.2376371776646	93.526989345207	95.1084255500014	1269.98242141519
16	169399	169698	299	169548.5	32.8803968715921	26.5939121852093	59.4743090568014	2.89133	56.5829790568014	37.7459076230418	31.1346288943887	68.8805365174305	8.69333	60.1872065174305	70.1787666793995	71.3419618457938	952.942040189845
16	171188	171480	292	171334	42.7624156047342	41.4383398923874	84.2007554971217	2.82364	81.3771154971217	44.7098798822022	44.5578826703023	89.2677625525045	8.62564	80.6421225525045	100.930451112905	95.5878759489937	1370.51240071232
16	172808	173088	280	172948	59.1532149466628	30.5377398431842	89.690954789847	2.7076	86.983354789847	63.2455398807373	33.9061780555852	97.1517179363225	8.5096	88.6421179363225	107.883760497307	105.070545081903	1464.9298597867
16	174830	174970	140	174900	11.550188133744	10.9536990752025	22.5038872089465	1.3538	21.1500872089465	16.1917029939728	17.1681850822642	33.359888076237	7.1558	26.204088076237	26.2320411584478	31.0606050672466	356.199118375404
16	176024	176174	150	176099	9.58262422496556	9.28222973513173	18.8648539600973	1.4505	17.4143539600973	13.4756528147528	14.5487331311333	28.0243859458861	7.2525	20.7718859458861	21.5986839825331	24.6216294186609	293.283780174676
16	179077	179185	108	179131	6.76097598274144	3.64193319565519	10.4029091783966	1.04436	9.35854917839663	10.4297086868106	9.48222606657902	19.9119347533896	6.84636	13.0655747533896	11.6072262400514	15.4870742386048	157.61197264509
16	183303	183389	86	183346	4.76641256921759	5.03990755247176	9.80632012168936	0.83162	8.97470012168936	15.6714125377126	16.267601601757	31.9390141394697	6.63362	25.3053941394697	11.1311457324534	29.995352295807	151.147380124142
16	188810	188941	131	188875.5	34.8292611233802	14.918626346145	49.7478874695253	1.26677	48.4811174695253	52.293940767015	26.8703071152695	79.1642478822845	7.06877	72.0954778822845	60.1301855781558	85.4572446528591	816.494567133252
16	193219	193407	188	193313	5.06470709757123	4.91480984715148	9.97951694472271	1.81796	8.16155694472271	9.33172882716493	10.2802114290537	19.6119402562186	7.61996	11.9919802562186	10.1226200902103	14.2145058293559	137.452832206345
16	195566	195791	225	195678.5	22.4053890157087	22.7778821830293	45.183271198738	2.17575	43.007521198738	28.7680723043729	26.4219153401647	55.1899876445375	7.97775	47.2122376445375	53.3413907499584	55.9622858674409	724.311015040256
16	198480	198960	480	198720	135.498014546369	151.672017865009	287.170032411378	4.6416	282.528432411378	140.961914321509	157.288014850214	298.249929171724	10.4436	287.806329171724	350.414511024429	341.146721085996	4758.20158785674
16	203011	203285	274	203148	33.8073798678503	44.109290898866	77.9166707667163	2.64958	75.2670907667163	43.0137109951978	55.0365904583175	98.0503014535152	8.45158	89.5987214535152	93.3523064639637	106.204440066801	1267.61044098415
16	211946	212109	163	212027.5	20.7581192317431	20.6102219446378	41.3683411763809	1.57621	39.7921311763809	25.8992249279272	22.9565789051774	48.8558038331046	7.37821	41.4775938331046	49.3534051414993	49.164815712783	670.159035434602
16	214091	214773	682	214432	202.395987430163	236.310565331669	438.706552761831	6.59494	432.111612761831	219.210878992925	249.160829617986	468.371708610911	12.39694	455.974768610911	535.93961571075	540.482544832238	7277.40618679014
16	215677	215844	167	215760.5	25.3971341378287	19.6826389593853	45.079773097214	1.61489	43.464883097214	34.7292629576566	29.7140549521185	64.4433179097751	7.41689	57.0264279097751	53.9086478031612	67.5953824665856	732.01367382394
16	218390	218568	178	218479	9.55582471655162	11.4268903954068	20.9827151119584	1.72126	19.2614551119584	14.3720363722996	13.7733473541121	28.1453837264117	7.52326	20.6221237264117	23.8896075593844	24.4441111192431	324.391727642845
16	222909	223080	171	222994.5	14.2480386468023	12.9977615807595	27.2458002275618	1.65357	25.5922302275618	16.5184969995577	17.2400837634195	33.7585807629771	7.45557	26.3030107629771	31.7415446108373	31.1778615234182	431.011454196834
16	225859	226033	174	225946	29.5653576796875	26.3758161857661	55.9411738654535	1.68258	54.2585938654535	35.3295519464956	32.8391976273139	68.1687495738095	7.48458	60.6841695738095	67.295877005936	71.9310292150644	913.795915271139
16	226946	227025	79	226985.5	10.5056072945948	13.1479588256764	23.6535661202713	0.76393	22.8896361202713	21.5850040641119	25.4492331821708	47.0342372462827	6.56593	40.4683072462827	28.3895697864954	47.968473677077	385.495725167771
16	227539	228457	918	227998	410.091577649181	394.391665634237	804.483243283418	8.87706	795.606183283418	417.553940766308	400.530153035349	818.084093801657	14.67906	803.405033801657	986.774850600997	952.303563907679	13399.1987011618
16	230863	231124	261	230993.5	31.7615173953102	26.2263189280092	57.9878363233194	2.52387	55.4639663233194	35.0560569632414	32.7656989755071	67.8217559387485	8.32587	59.4958859387485	68.7908769845943	70.5225158339033	934.096191225755
16	237160	237352	192	237256	5.58909747862603	7.28546636196196	12.874563840588	1.85664	11.017923840588	8.11035123101632	12.8501642881514	20.9605155191677	7.65864	13.3018755191677	13.6653163087049	15.7671696474422	185.558325106324
16	241554	241711	157	241632.5	14.5462331769902	18.7880553688215	33.3342885458117	1.51819	31.8160985458117	19.2635466468375	22.6561844153436	41.9197310621811	7.32019	34.5995410621811	39.4608872440927	41.0120236702669	535.830710304083
16	242832	243054	222	242943	45.9026580029539	51.5693540581815	97.4720120611354	2.14674	95.3252720611354	49.5960902539568	56.6592606935151	106.255350947472	7.94874	98.3066109474718	118.230077987111	116.526200387332	1605.42022979031
16	246326	246821	495	246573.5	51.5964535610926	44.2850876742082	95.8815412353008	4.78665	91.0948912353008	54.8149945230738	49.1506984238236	103.965692946897	10.58865	93.3770429468975	112.983219057269	110.683014225978	1534.17428618412
16	251893	252003	110	251948	10.2529119298112	13.6723492067312	23.9252611365424	1.0637	22.8615611365424	18.0135695752919	24.2273555951935	42.2409251704854	6.8657	35.3752251704854	28.3547489310813	41.9314686696458	385.022900429328
16	253707	253822	115	253764.5	7.88595534713246	14.8442277108466	22.7301830579791	1.11205	21.6181330579791	14.3739363374483	21.1081128117758	35.4820491492242	6.91405	28.5679991492242	26.812549307401	33.8626300046735	364.081710874321
16	254556	254698	142	254627	12.4756711575164	12.2512752736325	24.7269464311489	1.37314	23.3538064311489	17.9416708941366	18.0917681408878	36.0334390350244	7.17514	28.8582990350244	28.965271180971	34.206732424024	393.313047804659
16	256926	257388	462	257157	111.201360222329	133.561050076302	244.762410298631	4.46754	240.294870298631	116.342465918513	137.279281872404	253.621747790918	10.26954	243.352207790918	298.033046651989	288.453725099892	4046.92520200573
16	259441	259607	166	259524	21.2558101025497	15.6939121250005	36.9497222275501	1.60522	35.3445022275501	24.5995487680169	20.0864315525773	44.6859803205943	7.40722	37.2787603205943	43.8370975967304	44.1877942230151	595.254308338995
16	261235	261366	131	261300.5	9.40572746980043	11.2766931504898	20.6824206202903	1.26677	19.4156506202903	14.7215299615037	16.9892883637846	31.7108183252883	7.06877	24.6420483252883	24.0808532446173	29.209065732529	326.988610747045
16	264439	264911	472	264675	46.8839400032	42.8675136769098	89.7514536801098	4.56424	85.1872136801098	49.8287859855957	46.5856454748464	96.4144314604421	10.36624	86.0481914604421	105.656041667993	101.995874992015	1434.6801556864
16	272996	273181	185	273088.5	19.4363434772079	13.1974579177096	32.6338013949176	1.78895	30.8448513949176	23.6045670190667	16.9154897174805	40.5200567365472	7.59095	32.9291067365472	38.256268322876	39.0320005254684	519.473454872684
16	277660	277755	95	277707.5	3.59243410362199	4.91660981413451	8.50904391775649	0.91865	7.5903939177565	8.58334255488916	9.88291871663367	18.4662612715228	6.72065	11.7456112715228	9.41421771420386	13.922476215038	127.833592122648
16	280002	280398	396	280200	85.3496344231206	90.0362484560908	175.385882879211	3.82932	171.556562879211	89.941350196819	95.5267477433133	185.468097940132	9.63132	175.836777940132	212.778262992017	208.425368591567	2889.26924250416
16	286462	286574	112	286518	7.06177046523817	5.88739200697967	12.9491624722178	1.08304	11.8661224722178	11.9787802720356	13.3748546637034	25.353634935739	6.88504	18.468594935739	14.7173205484814	21.8914595225371	199.843259338934
16	287083	287302	219	287192.5	26.5690126419442	23.3556715845805	49.9246842265247	2.11773	47.8069542265247	31.2350270527752	30.1934461585977	61.4284732113729	7.91973	53.5087432113729	59.2940340406612	63.4257500470072	805.140649278183
16	296766	297406	640	297086	411.715447862367	381.545801267212	793.261249129579	6.1888	787.072449129579	415.608376453989	386.312813825424	801.921190279413	11.9908	789.930390279413	976.190626368386	936.331606415829	13255.4778478141
16	299546	299829	283	299687.5	113.890710891301	108.583308245518	222.474019136819	2.73661	219.737409136819	121.151877698992	116.317366378917	237.469244077908	8.53861	228.930634077908	272.536028035359	271.359338749002	3700.70679309171
16	301395	301521	126	301458	26.598012110004	16.4402984339618	43.0383105439658	1.21842	41.8198905439658	32.2389086384749	19.759437550661	51.9983461891359	7.02042	44.9779261891359	51.8683955840643	53.3138798053201	704.309537599231
16	302825	302937	112	302881	6.81047507477464	4.66591441266533	11.47638948744	1.08304	10.39334948744	17.01628786853	18.9635521496665	35.9798400181965	6.88504	29.0948000181965	12.8906689052957	34.487065157411	175.039558363031
16	305085	305225	140	305155	21.6813022977038	17.1389856178729	38.8202879155767	1.3538	37.4664879155767	27.0216043400094	24.9739419004863	51.9955462404956	7.1558	44.8397462404956	46.4689551089965	53.1500903690901	630.991722743629
16	308298	308546	248	308422	152.512902440579	166.462946553525	318.975848994104	2.39816	316.577688994104	159.251778828695	173.026926149791	332.278704978486	8.20016	324.078544978486	392.645140679459	384.141423546543	5331.64202128316
16	309670	310158	488	309914	195.181319769533	187.036569169508	382.217888939041	4.71896	377.498928939041	199.773335537728	190.306309192339	390.079644730068	10.52096	379.558684730068	468.204567828453	449.903937581987	6357.64686676408
16	313009	313235	226	313122	45.8818583844834	44.9339757715889	90.8158341560723	2.18542	88.6304141560723	50.0255823757398	48.6274080225918	98.6529903983316	7.98742	90.6655703983316	109.926576144278	107.469012741299	1492.6688042348
16	319036	319164	128	319100	6.31288420213378	7.20956775417771	13.5224519563115	1.23776	12.2846919563115	13.6236501000238	12.7990652254666	26.4227153254905	7.03976	19.3829553254905	15.2364641258076	22.9752822784589	206.892595814007
16	320846	320928	82	320887	3.19374141688181	5.93859106783017	9.13233248471198	0.79294	8.33939248471198	6.48828098481305	12.2765748095606	18.7648557943736	6.59494	12.1699157943736	10.3431860461965	14.4254189304713	140.447848819477
16	321633	322030	397	321831.5	96.747725346799	79.343544593427	176.091269940226	3.83899	172.252279940226	103.710597626136	84.0610580596057	187.771655685742	9.64099	178.130665685742	213.641147310123	211.144392475463	2900.98615890852
16	326307	326497	190	326402	35.6042469077385	32.6336013985861	68.2378483063246	1.8373	66.4005483063246	39.373777762857	37.0262208243287	76.3999985871858	7.6393	68.7606985871858	82.3553065718906	81.50441628615	1118.2845977274
16	328901	329325	424	329113	73.3496545399517	78.3422629600361	151.691917499988	4.10008	147.591837499988	78.2171652547159	83.3085718625353	161.525737117251	9.90208	151.623657117251	183.05528094054	179.724725350826	2485.6674054121
16	335773	335884	111	335828.5	13.0227611221904	15.0972230701275	28.1199841923179	1.07337	27.0466141923179	16.3911993345915	24.1309573634359	40.5221566980274	6.87537	33.6467866980274	33.5453887107108	39.8826912185908	455.505456557558
16	337175	337401	226	337288	85.954523327583	99.3813770374627	185.335900365046	2.18542	183.150480365046	90.3964418490273	103.325704686266	193.722146535294	7.98742	185.734726535294	227.15797299848	220.157746814224	3084.52816253473
16	338731	338953	222	338842	9.30692928206547	13.6211501458807	22.9280794279462	2.14674	20.7813394279462	11.3530917491027	27.3943975018271	38.7474892509298	7.94874	30.7987492509298	25.7746904689342	36.506814672013	349.988853935472
16	339433	340028	595	339730.5	1825.65621180554	205.108137680919	2030.76434948646	5.75365	2025.01069948646	1836.50941272419	208.774770423508	2045.2841831477	11.55565	2033.7285331477	2511.58132306689	2410.64823924843	34104.2104806416
16	342769	343422	653	343095.5	36.5034304139255	35.6071468545445	72.11057726847	6.31451	65.79606726847	39.3228786965037	41.1966443258334	80.5195230223371	12.11651	68.4030130223371	81.605580516019	81.0804393083709	1108.10423248204
16	347484	347625	141	347554.5	31.6873187563433	28.991268210268	60.6785869666113	1.36347	59.3151169666113	38.9732851091338	37.6508093674386	76.6240944765725	7.16547	69.4586244765725	73.5673841064885	82.33169179955	998.955331063778
16	348296	348476	180	348386	73.7280475990499	78.7879547846664	152.516002383716	1.7406	150.775402383716	85.406333383086	87.2971986987544	172.70353208184	7.5426	165.16093208184	187.003794449517	195.770922041149	2539.28340205892
16	348862	349079	217	348970.5	104.16018937923	96.5828283715207	200.743017750751	2.09839	198.644627750751	116.138669656768	108.756805063049	224.895474719817	7.90039	216.995084719817	246.375062172701	257.211722400219	3345.47279052814
16	352335	352617	282	352476	106.204551879284	125.82099205296	232.025543932245	2.72694	229.298603932245	111.170760783618	130.787400953625	241.958161737243	8.52894	233.429221737243	284.394591686645	276.691669118235	3861.731621174
16	355434	355662	228	355548	51.2448600104082	40.9691484988121	92.2140085092203	2.20476	90.0092485092203	55.6620789849189	45.4851656610577	101.147244645977	8.00676	93.1404846459765	111.636717532591	110.402613551895	1515.8904380808
16	359224	360178	954	359701	1027.0212612463	989.048957776061	2016.07021902236	9.22518	2006.84503902236	1033.45804317577	994.763852947167	2028.22189612293	15.02718	2013.19471612293	2489.05080826301	2386.30880109383	33798.2735746566
16	361625	361796	171	361710.5	65.146805005641	71.730984231383	136.877789237024	1.65357	135.224219237024	73.7570470671098	77.4211798555556	151.178226922665	7.45557	143.722656922665	167.715964932008	170.359398613781	2277.37820650005
16	364769	364893	124	364831	44.1128908328321	36.3034340824782	80.4163249153103	1.19908	79.2172449153103	50.7509690698991	42.2424251429713	92.9933942128704	7.00108	85.9923142128704	98.2516057048812	101.929641772449	1334.13694800398
16	369553	369737	184	369645	39.5728741108128	34.8559606336284	74.4288347444412	1.77928	72.6495547444412	47.9571203177462	42.8165146123907	90.7736349301369	7.58128	83.1923549301369	90.1058275255225	98.6107539244031	1223.52721739083
16	370667	370893	226	370780	141.884797392973	138.592457784687	280.47725517766	2.18542	278.29183517766	147.700390716963	143.159974002281	290.860364719243	7.98742	282.872944719243	345.159942004986	335.299011153196	4686.85095063934
16	373041	373567	526	373304	880.956040535251	947.088427462264	1828.04446799752	5.08642	1822.95804799752	893.257114895414	963.578624980922	1856.83573987634	10.88842	1845.94731987634	2260.97935544052	2188.0647214591	30701.3414704689
16	374999	375442	443	375220.5	139.567639896824	133.624748907868	273.192388804692	4.28381	268.908578804692	148.301379692962	138.317662825279	286.619042518241	10.08581	276.533232518241	333.522071912808	327.784332667058	4528.82287186491
16	381187	381780	593	381483.5	862.971170433522	909.09142444509	1772.06259487861	5.73431	1766.32828487861	873.50007730073	917.75286556741	1791.25294286814	11.53631	1779.71663286814	2190.74256340025	2109.55921474164	29747.6115166638
16	382829	383407	578	383118	245.236301605996	191.588785667745	436.825087273741	5.58926	431.235827273741	250.451405944815	197.155683553581	447.607089498396	11.39126	436.215829498396	534.853396030301	517.061596065158	7262.65664861274
16	386507	386902	395	386704.5	92.2980069684282	81.7601002663046	174.058107234733	3.81965	170.238457234733	95.6172460832932	85.3054352338708	180.922681317164	9.62165	171.301031317164	211.143442238062	203.048992427236	2867.07037098885
16	404244	404435	191	404339.5	32.0616118906469	26.1458204046017	58.2074322952486	1.84697	56.3604622952486	46.4331482721178	38.7223897113332	85.155537983451	7.64897	77.506567983451	69.9027834747047	91.87119548857	949.194524942941
16	408851	409034	183	408942.5	37.4507130378256	44.4625844183677	81.9132974561933	1.76961	80.1436874561933	43.2398068478989	51.6987516846279	94.9385585325268	7.57161	87.3669485325268	99.4006543411015	103.559043016656	1349.73962675551
16	415565	415717	152	415641	16.2920011541936	21.9570972387696	38.2490983929632	1.46984	36.7792583929632	21.9821967783662	25.7760271877556	47.7582239661219	7.27184	40.4863839661219	45.6165977194312	47.9899006335963	619.417749187013
16	420477	420739	262	420608	57.4131468649056	65.1220054605415	122.535152325447	2.53354	120.001612325447	61.2073772669579	70.3125102505931	131.519887517551	8.33554	123.184347517551	148.8356621182	146.014635486547	2021.00672643422
16	423979	424127	148	424053	20.6820206276274	22.6518844942175	43.3339051218449	1.43116	41.9027451218449	26.7710089367059	30.3139439482947	57.0849528850006	7.23316	49.8517928850006	51.9711585029883	59.0910412982225	705.704932677385
16	425143	426202	1059	425672.5	851.000690009241	1018.65801465417	1869.65870466341	10.24053	1859.41817466341	855.991498462343	1022.52624369886	1878.5177421612	16.04253	1862.4752121612	2306.2001402956	2207.65579951382	31315.3845638115
16	427762	427867	105	427814.5	11.9737803637494	9.10733294328107	21.0811133070305	1.01535	20.0657633070305	19.060350374087	14.098341392714	33.158691766801	6.81735	26.341341766801	24.8871753456904	31.2232965779845	337.937481244542
16	429712	429832	120	429772	20.0364324697155	16.4912974984808	36.5277299681963	1.1604	35.3673299681963	26.2509184767772	25.6280299024846	51.8789483792619	6.9624	44.9165483792619	43.8654103987661	53.2411265804476	595.638761651757
16	431525	432328	803	431926.5	324.731743413157	373.838542642228	698.570286055384	7.76501	690.805276055385	329.048364232949	378.628254784059	707.676619017008	13.56701	694.109609017008	856.792326903148	822.751945281749	11634.1945954682
16	444262	444498	236	444380	113.469018626444	126.920571883258	240.389590509702	2.28212	238.107470509702	122.352755671167	138.872452648714	261.225208319881	8.08412	253.141088319881	295.320057304649	300.056821199859	4010.0861162538
16	445370	445444	74	445407	11.626186739694	17.414680560773	29.040867300467	0.71558	28.325287300467	22.8272812768968	29.5675576393334	52.3948389162302	6.51758	45.8772589162302	35.1313020580079	54.379889756861	477.040225152761
16	450808	450987	179	450897.5	66.4997801878819	160.643553299237	227.143333487119	1.73093	225.412403487119	128.22954787258	229.654787419268	357.884335291849	7.53293	350.351405291849	279.574612978312	415.283546707102	3796.28219022328
16	453244	453636	392	453440	64.3654193386764	164.690579064239	229.055998402915	3.79064	225.265358402915	74.7461289242824	176.791957087452	251.538086011734	9.59264	241.945446011734	279.392235824834	286.786242075114	3793.80573096155
16	455198	455465	267	455331.5	76.5920950635409	67.4410629218386	144.033157985379	2.58189	141.451267985379	103.213506744324	89.2504628698344	192.463969614159	8.38389	184.080079614159	175.439252190768	218.19643702189	2382.2510258096
16	458545	458747	202	458646	50.0946811082549	43.4368032343745	93.5314843426294	1.95334	91.5781443426294	54.386502382948	48.6273080244261	103.013810407374	7.75534	95.2584704073741	113.582588472447	112.913134775967	1542.31299166945
16	462170	462369	199	462269.5	22.5038872089465	46.3834491837532	68.8873363926997	1.92433	66.9630063926997	25.4241336425741	50.5252732098609	75.949406852435	7.72633	68.223076852435	83.0529123796554	80.8671547897729	1127.75723358515
16	463825	464387	562	464106	1652.99687891295	1545.16855681864	3198.16543573159	5.43454	3192.73089573159	1660.60573934286	1554.20049114497	3214.80623048783	11.23654	3203.56969048783	3959.88193510862	3797.30111851819	53770.3660053208
16	465684	465857	173	465770.5	41.2940425392482	34.9522588672203	76.2463014064685	1.67291	74.5733914064685	46.6080450639685	39.3202787441949	85.9283238081634	7.47491	78.4534138081634	92.4919246608139	92.9935243456323	1255.92750568007
16	474935	475203	268	475069	284.853874896887	295.710475753172	580.564350650058	2.59156	577.972790650059	294.710094103272	304.020323324807	598.730417428079	8.39356	590.336857428079	716.848393248327	699.746540763657	9733.92669451681
16	475633	475930	297	475781.5	197.374379542018	211.994311367147	409.368690909165	2.87199	406.496700909165	213.144590267466	228.037817079517	441.182407346983	8.67399	432.508417346983	504.169939522137	512.667073183021	6846.01274008493
16	479029	479206	177	479117.5	63.1969407721956	72.5284696030291	135.725410375225	1.71159	134.013820375225	66.7650753215467	78.0190688884173	144.784144209964	7.51359	137.270554209964	166.214730802466	162.711499796258	2256.9932783815
16	481985	482466	481	482225.5	365.745191099384	426.099884007217	791.845075106601	4.65127	787.193805106601	383.010174406069	443.465765463117	826.475939869186	10.45327	816.022669869186	976.341141822654	967.259681046178	13257.5216640687
16	482832	483074	242	482953	87.323398218174	79.5202413522607	166.843639570435	2.34014	164.503499570435	100.000765675955	91.2974253221974	191.298190998152	8.14214	183.156050998152	204.030485964852	217.101154185521	2770.48510191823
16	486042	486610	568	486326	58.332829995066	50.0480819630276	108.380911958094	5.49256	102.888351958094	68.3370464867224	60.253894756783	128.590941243505	11.29456	117.296381243505	127.6104186534	139.035426954072	1732.793812929
16	488166	488515	349	488340.5	121.844364996628	154.526965496419	276.371330493047	3.37483	272.996500493047	126.236884424205	158.49589269399	284.732777118195	9.17683	275.555947118195	338.592241549558	326.625922736498	4597.66959041478
16	491594	491985	391	491789.5	355.883971984713	353.235220571025	709.119192555738	3.78097	705.338222555738	362.322653879327	359.97389696281	722.296550842137	9.58297	712.713580842137	874.817257343601	844.803871678169	11878.9511621755
16	493074	493488	414	493281	130.47020677195	114.694396149222	245.164602921172	4.00338	241.161222921172	135.51061431525	118.513226100042	254.023840415292	9.80538	244.218460415292	299.107566933049	289.480524070186	4061.51587661158
16	497724	498013	289	497868.5	204.080456531777	242.728247611481	446.808704143258	2.79463	444.014074143258	210.568437522093	246.495678505119	457.064116027212	8.59663	448.467486027212	550.702006700436	531.583905093962	7477.86144773906
16	502285	503440	1155	502862.5	267.563392057943	580.590250174981	848.153642232923	11.16885	836.984792232923	280.164860907939	591.470650594708	871.635511502647	16.97085	854.664661502647	1038.09593321968	1013.06336013804	14096.0763963601
16	506446	506716	270	506581	59.6093065805283	66.6884767266024	126.297783307131	2.6109	123.686883307131	62.0298621800349	69.8822181434842	131.912080323519	8.4129	123.499180323519	153.406431927162	146.387817618279	2083.07220454227
16	517096	517544	448	517320	193.155556928303	203.784261964904	396.939818893207	4.33216	392.607658893207	201.889096728109	211.094627870131	412.98372459824	10.13416	402.84956459824	486.943631270325	477.511416962658	6612.10048845741
16	519746	520956	1210	520351	258.501058289237	251.589785063413	510.09084335265	11.7007	498.39014335265	262.344687785157	253.537149342715	515.881837127872	17.5027	498.379137127872	618.143586087022	590.745898389874	8393.63582359659
16	525204	525854	650	525529	102.771314855494	116.183668831344	218.954983686838	6.2855	212.669483686838	110.354975747644	122.472253479207	232.827229226851	12.0875	220.739729226851	263.769817783975	261.650378071496	3581.67235180765
16	526183	526280	97	526231.5	4.46641807204665	15.1920213312335	19.6584394032801	0.93799	18.7204494032801	11.2792931027987	30.4110421672124	41.690335270011	6.73999	34.950345270011	23.2186087177815	41.4278439393651	315.28038192765
16	526902	527963	1061	527432.5	260.311725075995	223.682596967755	483.99432204375	10.25987	473.73445204375	267.622090981222	236.931753937144	504.553844918366	16.06187	488.491974918366	587.563612453085	579.026305640383	7978.39708626168
16	529388	529611	223	529499.5	51.5754539462906	44.0370922232135	95.6125461695042	2.15641	93.4561361695042	54.3208035880676	47.6811253803489	102.001928968417	7.95841	94.0435189684165	115.911825151763	111.473011131459	1573.94118433081
16	534747	534961	214	534854	48.1045176140229	47.1071359090952	95.2116535231181	2.06938	93.1422735231181	51.9214475996944	51.8246493752739	103.746096974968	7.87138	95.8747169749684	115.522547425541	113.643592985556	1568.65526768993
16	538452	538569	117	538510.5	12.5762693122344	10.5303068415286	23.1065761537629	1.13139	21.9751861537629	17.2174841779659	19.4140438862516	36.6315280642175	6.93339	29.6981380642175	27.2553953066549	35.2022224532871	370.095019314846
16	538943	539153	210	539048	58.4103285735018	38.8246878348685	97.2350164083703	2.0307	95.2043164083703	61.5793704434499	43.3674045073623	104.946774950812	7.8327	97.1140749508122	118.08005904722	115.112646536003	1603.38315559521
16	543915	544073	158	543994	16.296201077154	17.315882373038	33.612083450192	1.52786	32.084223450192	22.8089816125693	27.1967011281915	50.0056827407608	7.32986	42.6758227407608	39.793437339883	50.5851175669284	540.346334925922
16	544359	544575	216	544467	27.270699770827	29.0429672619472	56.3136670327741	2.08872	54.2249470327741	33.6581826045906	38.549492882797	72.2076754873876	7.89072	64.3169554873876	67.254145494809	76.2370950559066	913.229252258446
16	551778	551958	180	551868	23.3780711737026	12.8500642899857	36.2281354636883	1.7406	34.4875354636883	26.8968066291863	17.2180841669603	44.1148907961465	7.5426	36.5722907961465	42.7742184133511	43.350391645712	580.821705638639
16	558091	558255	164	558173	4.14162402977625	5.48819932941087	9.62982335918712	1.58588	8.04394335918712	7.66015948892846	7.5097622476801	15.1699217366086	7.38788	7.78204173660856	9.97674625120046	9.22432119348684	135.472043424584
16	565158	565243	85	565200.5	5.98809015986338	4.84071120635026	10.8288013662136	0.82195	10.0068513662136	10.9544990605283	11.4273903862354	22.3818894467636	6.62395	15.7579394467636	12.4113028145789	18.6784265266368	168.530351631423
16	566883	567139	256	567011	89.9164506535538	96.9077224119568	186.824173065511	2.47552	184.348653065511	94.1095737386778	101.374540476666	195.484114215344	8.27752	187.206594215344	228.644043258287	221.902402098097	3104.70718380073
16	569188	569360	172	569274	19.8597357108818	28.3170805769592	48.176816287841	1.66324	46.513576287841	24.3778528346076	33.5835839729608	57.9614368075684	7.46524	50.4961968075684	57.6898825785043	59.8548753871795	783.358229331923
16	572398	572581	183	572489.5	30.9142329371338	7.36166496424338	38.2758979013771	1.76961	36.5062879013771	37.7764070635875	10.1564136998878	47.9328207634754	7.57161	40.3612107634754	45.2780377362223	47.8415285398567	614.820517625513
16	576082	576313	231	576197.5	13.4485533118417	14.9699254051613	28.418478717003	2.23377	26.184708717003	25.2521367975295	21.7334013420458	46.9855381395753	8.03577	38.9497681395753	32.4763841397231	46.1684971491633	440.98967856586
16	582818	583044	226	582931	24.52535012905	29.9375508525109	54.4629009815609	2.18542	52.2774809815609	27.5442947522469	34.0298757865854	61.5741705388323	7.98742	53.5867505388323	64.8387412884142	63.5182148098914	880.43100969542
16	585803	586401	598	586102	46.3838491764161	53.1937242621964	99.5775734386125	5.78266	93.7949134386125	56.9390555612098	57.6605423269059	114.599597888116	11.58466	103.014937888116	116.332003999207	122.107141926123	1579.64670050149
16	587389	587508	119	587448.5	17.5913773196067	5.2642034381899	22.8555807577966	1.15073	21.7048507577966	29.9913498656702	11.9495808076443	41.9409306733145	6.95273	34.9882006733145	26.9201035812111	41.4727152483093	365.542166706837
16	588525	588633	108	588579	5.63839657432779	6.48768099581871	12.1260775701465	1.04436	11.0817175701465	23.2528734702166	19.9362343076604	43.189107777877	6.84636	36.342747777877	13.7444384287651	43.0783064269603	186.632706975397
16	593970	594308	338	594139	41.0640467580838	42.3162237892753	83.3802705473591	3.26846	80.1118105473591	45.380467581545	46.3593496258138	91.7398172073588	9.07046	82.6693572073588	99.3611180320414	97.9908267713948	1349.20277190895
16	599627	599758	131	599692.5	13.1746583359247	9.90531830575576	23.0799766416804	1.26677	21.8132066416804	19.2883461919369	13.9237445953605	33.2120907872974	7.06877	26.1433207872974	27.0544952732037	30.9885755137942	367.367041939214
16	603595	603784	189	603689.5	22.9543789455315	19.9622338307486	42.9166127762801	1.82763	41.0889827762801	28.6693741148036	25.6522294585898	54.3216035733934	7.62963	46.6919735733934	50.9618649179945	55.3455990055485	691.999957033849
16	607396	607713	317	607554.5	69.7328208838931	65.496698587508	135.229519471401	3.06539	132.164129471401	86.5267128318537	84.5607488937268	171.08746172558	8.86739	162.22007172558	163.920595206705	192.285019314141	2225.84171561488
16	608163	608771	608	608467	363.173538271469	354.184803152737	717.358341424206	5.87936	711.478981424206	373.755444166511	363.666629226653	737.422073393164	11.68136	725.740713393164	882.433520945277	860.245379054763	11982.3707307804
16	610077	610358	281	610217.5	126.217984770883	85.2715358556905	211.489520626574	2.71727	208.772250626574	131.583486350951	88.8146708636107	220.398157214562	8.51927	211.878887214562	258.936155538002	251.147317880801	3516.03711510836
16	614561	614806	245	614683.5	147.224099453621	148.589674404743	295.813773858364	2.36915	293.444623858364	159.325577474999	161.390739593524	320.716317068524	8.17115	312.545167068524	363.953650627112	370.470514819996	4942.04658721868
16	615086	615288	202	615187	42.8629137612865	45.359467966743	88.2223817280295	1.95334	86.2690417280295	53.9920096191682	57.685841862834	111.677851482002	7.75534	103.922511482002	106.997811921658	123.182920059946	1452.89975890108
16	619990	620071	81	620030.5	9.32932887118756	3.44243685503652	12.7717657262241	0.78327	11.9884957262241	17.3141824042207	9.8564192027169	27.1706016069376	6.58527	20.5853316069376	14.8690977115763	24.4005001571197	201.904208060286
16	621439	621622	183	621530.5	27.2170007558334	25.7487276885131	52.9657284443465	1.76961	51.1961184443465	32.1587101095645	34.8070615305896	66.9657716401541	7.57161	59.3941616401541	63.4975483986084	70.4019385310339	862.219246377629
16	621924	622015	91	621969.5	8.50684395811057	9.47952611610448	17.9863700742151	0.87997	17.1064000742151	19.2617466798544	22.4800876455043	41.7418343253587	6.68197	35.0598643253587	21.2167347768604	41.5576606349736	288.097375902776
16	622734	623450	716	623092	246.272882591887	115.184487159433	361.45736975132	6.92372	354.53364975132	251.337889683955	124.666613227847	376.004502911802	12.72572	363.278782911802	439.721179418939	430.606811139748	5970.87719914536
16	627442	627774	332	627608	72.8046645367578	73.9272439451714	146.731908481929	3.21044	143.521468481929	80.2653276850676	81.0136139591776	161.278941644245	9.01244	152.266501644245	178.006881538829	180.486711034683	2417.11630009648
16	631290	631432	142	631361	26.9722052461419	4.04062588239537	31.0128311285373	1.37314	29.6396911285373	31.9138146017073	8.78293889367356	40.6967534953809	7.17514	33.5216134953809	36.7615315211837	39.7343191248513	499.176752540216
16	639059	639469	410	639264	124.349019053508	124.005625352413	248.354644405922	3.9647	244.389944405922	128.143249455561	128.072950745057	256.216200200618	9.7667	246.449500200618	303.112087294615	292.125052109463	4115.89237799363
16	641311	641939	628	641625	134.782027679788	129.236729397749	264.018757077537	6.07276	257.945997077537	144.86444273704	138.445160486576	283.309603223616	11.87476	271.434843223616	319.92539534932	321.741036830978	4344.19659076478
16	643521	643725	204	643623	35.427850143402	44.5820822264074	80.0099323698094	1.97268	78.0372523698094	43.4129036727666	49.5997901860885	93.0126938588551	7.77468	85.2380138588551	96.7880839371247	101.035543671039	1314.26410775304
16	645080	645811	731	645445.5	95.160654458599	112.056944528261	207.21759898686	7.06877	200.14882898686	114.072507556586	123.50903446143	237.581542018016	12.87077	224.710772018016	248.240693663786	266.357391400205	3370.80579028686
16	646187	646368	181	646277.5	31.086729773007	13.6968487573335	44.7835785303406	1.75027	43.0333085303406	65.9145909220671	37.0773198870135	102.991910809081	7.55227	95.4396408090806	53.3733742750041	113.127882271888	724.745312293566
16	647092	647290	198	647191	67.263966170342	48.904502939812	116.168469110154	1.91466	114.253809110154	79.4892419208864	63.2764393139459	142.765681234832	7.71666	135.049021234832	141.706773758324	160.07824050543	1924.20511906228
16	648373	648618	245	648495.5	49.4246933979064	39.7210713924153	89.1457647903217	2.36915	86.7766147903217	53.4923187850472	44.537383046329	98.0297018313761	8.17115	89.8585518313761	107.627344903221	106.512425932507	1461.44804882127
16	653746	654236	490	653991	306.554776835072	225.419665104541	531.974441939613	4.7383	527.236141939613	310.34700727381	229.063798259842	539.410805533652	10.5403	528.870505533652	653.920716210138	626.888363995105	8879.44560602567
16	656537	656891	354	656714	348.926299609993	234.127605373921	583.053904983914	3.42318	579.630724983914	363.645829608182	245.33089987077	608.976729478952	9.22518	599.751549478952	718.904696905804	710.906098416309	9761.84878969351
16	657322	657492	170	657407	59.3334116412968	68.4203449587702	127.753756600067	1.6439	126.109856600067	73.9064443267009	80.0242321075079	153.930676434209	7.4459	146.484776434209	156.411598502515	173.633433682164	2123.87870062263
16	658973	659142	169	659057.5	46.3853491489019	38.9971846707418	85.3825338196437	1.63423	83.7483038196437	51.8000498265059	42.3902224319108	94.1902722584167	7.43623	86.7540422584167	103.871389798232	102.832544171591	1410.44676039794
16	664733	664935	202	664834	45.1109725249198	45.50966521166	90.6206377365798	1.95334	88.6672977365798	54.7943949009348	49.3511947460996	104.145589647034	7.75534	96.3902496470343	109.972322130683	114.254671557713	1493.28997892451
16	665378	665565	187	665471.5	44.0104927111311	41.2428434783977	85.2533361895288	1.80829	83.4450461895288	65.3428014104593	61.024980612678	126.367782023137	7.61029	118.757492023137	103.495265267104	140.767331714642	1405.33944810082
16	665830	666259	429	666044.5	178.54532492525	164.945574386834	343.490899312084	4.14843	339.342469312084	182.713448468943	173.60311558069	356.316564049633	9.95043	346.366134049633	420.879854246583	410.559667906963	5715.03498790149
16	667420	667612	192	667516	51.4232567380592	40.1709631400059	91.5942198780652	1.85664	89.7375798780652	54.7177963059905	42.7416159862637	97.4594122922542	7.65864	89.8007722922542	111.299772221514	106.44393786147	1511.3151317971
16	670942	671099	157	671020.5	27.8197896988155	26.8488075096389	54.6685972084544	1.51819	53.1504072084544	32.9608953949996	30.2419452689737	63.2028406639733	7.32019	55.8826506639733	65.921414682899	66.2396240363211	895.132393635564
16	672153	672481	328	672317	72.4261714794938	75.8744082281423	148.300579707636	3.17176	145.128819707636	81.2586094652005	83.2115736417834	164.470183106984	8.97376	155.496423106984	180.000447952635	184.31524781339	2444.18650003751
16	673499	673650	151	673574.5	17.7642741481428	24.0539587758287	41.8182329239716	1.46017	40.3580629239716	22.5559862532885	30.2952442913044	52.8512305445929	7.26217	45.5890605445929	50.0553192636024	54.0382783343835	679.690172945335
16	675740	675825	85	675782.5	12.2020761760965	16.7913919938175	28.993468169914	0.82195	28.171518169914	15.9202079740331	21.9817967857033	37.9020047597364	6.62395	31.2780547597364	34.9405852008283	37.0749519440403	474.450522888405
16	676864	677176	312	677020	401.74633072688	348.48300774134	750.22933846822	3.01704	747.21229846822	414.670393659501	359.013914571863	773.684308231364	8.81904	764.865268231364	926.752857984698	906.621056877461	12584.1732624656
16	678276	679650	1374	678963	1369.00128827247	1245.33895662298	2614.34024489545	13.28658	2601.05366489545	1380.38117952998	1256.44565289174	2636.82683242173	19.08858	2617.73825242173	3226.036191662	3102.89500597541	43805.6360302366
16	682008	682165	157	682086.5	75.1010224144356	52.4205384448211	127.521560859257	1.51819	126.003370859257	83.2116736399491	59.2829125676064	142.494586207555	7.32019	135.174396207555	156.279526312546	160.226851764167	2122.08532139816
16	684390	684515	125	684452.5	21.5809041393172	15.7680107658017	37.3489149051189	1.20875	36.1401649051189	28.7928718494723	20.6109219317979	49.4037937812702	7.01075	42.3930437812702	44.823942516093	50.2499299596928	608.654458488462
16	685481	685909	428	685695	277.001518933437	183.700930355464	460.702449288901	4.13876	456.563689288901	284.314184796476	189.216329185952	473.530513982428	9.94076	463.589753982428	566.267049897229	549.508848381876	7689.21574650232
16	687870	688348	478	688109	320.003730139577	335.670742757998	655.674472897575	4.62226	651.052212897575	328.437175444046	340.036762671658	668.473938115704	10.42426	658.049678115704	807.487377064032	780.008871406444	10964.6935239291
16	689780	689965	185	689872.5	60.4792906223241	21.0811133070305	81.5604039293545	1.78895	79.7714539293545	70.7858015689631	25.549731338723	96.3355329076861	7.59095	88.7445829076861	98.9389803489272	105.19200032963	1343.47065713946
16	692528	692663	135	692595.5	29.5917571954385	27.6961919659811	57.2879491614196	1.30545	55.9824991614196	40.4230585157953	38.8499873707966	79.2730458865918	7.10745	72.1655958865918	69.4340031625941	85.5403579302057	942.829060171178
16	694884	695602	718	695243	753.042286870026	883.621491642615	1636.66377851264	6.94306	1629.72071851264	760.827944056938	897.917429410799	1658.74537346774	12.74506	1646.00031346774	2021.31085997202	1951.06067146632	27446.9356744202
16	696853	697085	232	696969	96.7123259961328	93.9689763176703	190.681302313803	2.24344	188.437862313803	114.55109877774	105.92075708496	220.4718558627	8.04544	212.4264158627	233.715809830546	251.796322381677	3173.57558678671
16	698577	698725	148	698651	26.24991849512	26.7215098446727	52.9714283397927	1.43116	51.5402683397927	32.1644100050108	35.1571551087881	67.3215651137988	7.23316	60.0884051137988	63.9243908098398	71.2248491506539	868.015245615641
16	700166	700529	363	700347.5	191.565086102469	160.528955401318	352.094041503787	3.51021	348.583831503787	231.687550132099	195.90980640683	427.597356538928	9.31221	418.285146538928	432.341735749857	495.807742072235	5870.67335632769
16	703257	703360	103	703308.5	0.898683515358408	1.17217849861258	2.07086201397099	0.99601	1.07485201397099	5.26660339416727	3.8927285952901	9.15933198945737	6.79801	2.36132198945737	1.33311801465295	2.79895600784719	18.1021163637823
16	703938	704136	198	704037	29.2938626597478	32.5323032567081	61.8261659164558	1.91466	59.9115059164559	51.8500489093677	54.9384922577426	106.78854116711	7.71666	99.0718811671103	74.3070737032363	117.433301447012	1008.99941343776
16	704470	704881	411	704675.5	214.971456757071	229.559789161831	444.531245918902	3.97437	440.556875918902	229.892483059194	248.147348208377	478.03983126757	9.77637	468.26346126757	546.414111089497	555.048754054661	7419.63705616095
16	706705	706830	125	706767.5	20.0095329631359	24.8749437164199	44.8844766795557	1.20875	43.6757266795557	28.7188732068368	31.5643210125032	60.28319421934	7.01075	53.27244421934	54.1701529910757	63.1456567406509	735.564595264749
16	709862	710129	267	709995.5	51.4727558300924	41.6663357102373	93.1390915403298	2.58189	90.5572015403298	59.0819162545018	51.1978608725181	110.27977712702	8.38389	101.89588712702	112.316333002871	120.780692646932	1525.11878710196
16	711409	711570	161	711489.5	16.2920011541936	25.1710382851276	41.4630394393212	1.55687	39.9061694393212	23.1297757282108	31.7351178795592	54.86489360777	7.35887	47.50602360777	49.494844577542	56.3105204540335	672.079610433613
16	712952	713393	441	713172.5	283.877892799424	207.207899164784	491.085791964208	4.26447	486.821321964208	292.060642702424	214.144071933874	506.204714636298	10.06647	496.138244636298	603.795002281279	588.089691599679	8198.79955940084
16	718543	718610	67	718576.5	19.2610466926944	23.1287757465536	42.3898224392479	0.64789	41.7419324392479	28.9180695529583	34.3835692987499	63.3016388517082	6.44989	56.8517488517083	51.771705665418	67.3883293830993	702.996606456376
16	719322	719588	266	719455	206.186017909254	255.956904956896	462.142922866151	2.57222	459.570702866151	214.146471889851	264.417049771614	478.563521661465	8.37422	470.189301661465	569.996590260025	557.33151877913	7739.8583549501
16	720500	720579	79	720539.5	9.93001785268951	9.53112516961788	19.4611430223074	0.76393	18.6972130223074	15.219320830476	16.6420947323921	31.8614155628681	6.56593	25.2954855628681	23.1897890871092	29.9836073198436	314.889046500284
16	725039	725124	85	725081.5	12.1753766658483	7.95785402828776	20.133230694136	0.82195	19.311280694136	20.0597320423291	13.2242574261236	33.2839894684527	6.62395	26.6600394684527	23.9514052583497	31.6010599032352	325.23086500757
16	726378	726476	98	726427	14.3508367611662	13.1498587908252	27.5006955519914	0.94766	26.5530355519914	18.9923516213949	20.0123329117761	39.0046845331711	6.74966	32.2550245331711	32.9332127380983	38.2329877515451	447.192853645033
16	729549	729745	196	729647	50.3234769114306	44.5858821567049	94.9093590681355	1.89532	93.0140390681355	63.173641199582	55.3407848784488	118.514426078031	7.69732	110.817106078031	115.363500729052	131.355319695566	1566.49560757322
16	731998	732110	112	732054	5.26430343635563	5.19010479738868	10.4544082337443	1.08304	9.37136823374431	16.6437947012094	18.0893681849104	34.7331628861198	6.88504	27.8481228861198	11.623125464682	33.0093359598467	157.827864720056
16	736803	736913	110	736858	17.8384727871098	17.0899865166683	34.9284593037781	1.0637	33.8647593037781	25.4246336334027	27.6702924410587	53.0949260744614	6.8657	46.2292260744614	42.0018012739856	54.7970885109889	570.333223160353
16	739639	740005	366	739822	51.3455581632919	38.0473020945329	89.3928602578248	3.53922	85.8536402578248	54.1155073538369	42.0409288390381	96.1564361928751	9.34122	86.8152161928751	106.482597570245	102.905055735935	1445.90377652063
16	742209	742328	119	742268.5	8.33224716075709	8.18414987732037	16.5163970380775	1.15073	15.3656670380775	11.7007853713238	12.3257739070966	24.0265592784205	6.95273	17.0738292784205	19.0577375018744	20.2381959127794	258.780826676592
16	746873	747105	232	746989	22.6804839696144	27.9656870226063	50.6461709922208	2.24344	48.4027309922208	31.8621155500282	32.9070963818403	64.7692119318685	8.04544	56.7237719318685	60.0329643573351	67.2366339471314	815.174421555006
16	751960	752246	286	752103	140.040131229869	119.732503734711	259.772634964579	2.76562	257.007014964579	144.506849296412	124.873609430895	269.380458727307	8.56762	260.812838727307	318.760794126129	309.150410295053	4328.38272685483
16	753028	753222	194	753125	102.395421750539	62.4037553216756	164.799177072215	1.87598	162.923197072215	109.058499529037	68.2193486456657	177.277848174703	7.67798	169.599868174703	202.070467560835	201.032545361068	2743.8704430248
16	754452	754711	259	754581.5	78.3687624739529	49.2723961915093	127.641158665462	2.50453	125.136628665462	83.4833686562202	54.2634046409422	137.746773297162	8.30653	129.440243297162	155.204522853848	153.429963491362	2107.48808582942
16	758408	758644	236	758526	48.9272025234313	37.621709901213	86.5489124246443	2.28212	84.2667924246443	57.5866436824361	41.2903426071164	98.8769862895526	8.08412	90.7928662895526	104.51446111478	107.619900930668	1419.17888439178
16	759509	759725	216	759617	28.4690777888592	13.5487514738968	42.017829262756	2.08872	39.929109262756	36.3554331286545	20.1623301603616	56.5177632890161	7.89072	48.6270432890161	49.5232963936771	57.6393035618636	672.465951388259
16	767556	767715	159	767635.5	16.2178025152267	15.8437093772545	32.0615118924811	1.53753	30.5239818924811	20.6598210348367	20.1109311031796	40.7707521380164	7.33953	33.4312221380164	37.8583001295892	39.6271751462315	514.069532290603
16	770730	771141	411	770935.5	61.5489710010699	57.957936871768	119.506907872838	3.97437	115.532537872838	66.3404831098841	62.5253530911956	128.86583620108	9.77637	119.08946620108	143.292756132857	141.160832102963	1945.74082496314
16	774311	774467	156	774389	8.5585430097897	13.1995578791898	21.7581008889795	1.50852	20.2495808889795	13.3766546306864	15.9943066148343	29.3709612455207	7.31052	22.0604412455207	25.1151607117883	26.148998245724	341.033244396028
16	775385	775929	544	775657	204.1133559283	203.900359835309	408.01371576361	5.26048	402.75323576361	208.232080378126	215.826941064837	424.059021442963	11.06248	412.996541442963	499.526992625356	489.538976917558	6782.96718517337
16	779051	779163	112	779107	11.6013871945945	9.73032151573938	21.3317087103339	1.08304	20.2486687103339	21.2583100566928	20.3124274071128	41.5707374638055	6.88504	34.6856974638055	25.1140293543835	41.1141478104807	341.017881942617
16	785217	786082	865	785649.5	2348.89011407374	1995.23210125804	4344.12221533178	8.36455	4335.75766533178	2356.4518753676	2004.73902687155	4361.19090223915	14.16655	4347.02435223915	5377.55577111421	5152.67717883482	73020.6472731376
16	787669	787836	167	787752.5	46.4328482776207	42.712916512701	89.1457647903217	1.61489	87.5308747903217	52.9455288148703	46.3816492167702	99.3271780316404	7.41689	91.9102880316404	108.562838888126	108.944419277712	1474.15091592398
16	789614	789881	267	789747.5	176.371264804252	102.141126415104	278.512391219356	2.58189	275.930501219356	179.566906186283	107.705824341293	287.272730527576	8.38389	278.888840527576	342.231225495634	330.576515698131	4647.08255319358
16	792288	792641	353	792464.5	31.3608247452556	33.6842821258445	65.0451068711	3.41351	61.6315968711	33.9067780445796	38.3010974391395	72.2078754837191	9.21551	62.9923654837191	76.4404690066567	74.6670130572401	1037.96831912201
16	797328	797507	179	797417.5	39.4231768567245	25.6956286625138	65.1188055192384	1.73093	63.3878755192383	45.1647715380791	30.6124384729798	75.7772100110589	7.53293	68.2442800110589	78.6187472013764	80.8922876215005	1067.54667971732
16	802048	802198	150	802123	12.3255739107652	16.3680997583093	28.6936736690745	1.4505	27.2431736690745	16.9177896752922	21.4331068503777	38.3508965256699	7.2525	31.0983965256699	33.7891776007245	36.8619968723284	458.815812285046
16	812715	813151	436	812933	323.127972831281	480.307889664348	803.435862495629	4.21612	799.219742495629	328.668071208702	487.74395326389	816.412024472592	10.01812	806.393904472592	991.256677699237	955.846374908653	13460.0564457597
16	814092	814340	248	814216	15.3938176296638	22.7057835055425	38.0996011352063	2.39816	35.7014411352063	20.8845169132178	25.7760271877556	46.6605441009734	8.20016	38.4603841009734	44.279801970674	45.5884134498183	601.265693680576
16	818122	818240	118	818181	15.3688180882329	12.5724693819369	27.9412874701697	1.14106	26.8002274701697	20.458524727235	20.0331325302466	40.4916572574817	6.94306	33.5485972574817	33.23980005888	39.7663039043026	451.355935454332
16	821560	821736	176	821648	59.6585056780644	75.672611929712	135.331117607776	1.70192	133.629197607776	64.9230091107515	82.485486960464	147.408496071215	7.50392	139.904576071215	165.737690676508	165.833696322724	2250.51565541386
16	822039	822606	567	822322.5	187.517260352141	158.09370007145	345.610960423591	5.48289	340.128070423591	193.480950959568	165.780559070627	359.261510030195	11.28489	347.976620030195	421.85422000156	412.468632220585	5728.26568622198
16	825186	825438	252	825312	26.4479148632528	30.2147457678968	56.6626606311497	2.43684	54.2258206311497	33.8345793689271	39.3184787772119	73.153058146139	8.23884	64.914218146139	67.2552290018563	76.9450509867109	913.243964962375
16	828824	828942	118	828883	24.8027450407674	37.9711034922515	62.7738485330188	1.14106	61.6327885330188	51.7277511526877	69.0358336687993	120.763584821487	6.94306	113.820524821487	76.4419470017209	134.915375026271	1037.98838849197
16	829353	829736	383	829544.5	143.054775931939	85.9081241786872	228.962900110626	3.70361	225.259290110626	179.356710041932	123.178740520045	302.535450561976	9.50561	293.029840561976	279.384709440119	347.338328436913	3793.70353183859
16	830524	830960	436	830742	60.9999810712471	28.7884719301805	89.7884530014276	4.21612	85.5723330014276	67.2638661721763	35.8255428484849	103.089409020661	10.01812	93.0712890206612	106.133697660042	110.320593602029	1441.16614136426
16	831862	832278	416	832070	53.7203146028971	106.558145393283	160.27845999618	4.02272	156.25573999618	71.6601855300507	132.683666170243	204.343851700293	9.82472	194.519131700293	193.800950432473	230.570203786088	2631.58048843375
16	837493	837705	212	837599	31.8641155133427	38.3968956819027	70.2610111952454	2.05004	68.2109711952454	35.8578422560136	43.3385050374682	79.1963472934818	7.85204	71.3443072934818	84.6007388137151	84.5668563695863	1148.77482836094
16	839521	841128	1607	840324.5	745.479725590844	661.785160808615	1407.26488639946	15.53969	1391.72519639946	751.842408879508	667.898848664628	1419.74125754414	21.34169	1398.39956754414	1726.1296500828	1657.57100828423	23438.7349366876
16	842995	843129	134	843062	22.5305867191947	24.4983506243046	47.0289373434993	1.29578	45.7331573434993	34.6589642471528	33.5567844645468	68.2157487116997	7.09778	61.1179687116997	56.7219441645131	72.4452262236119	770.214806461289
16	857003	857268	265	857135.5	184.319219014133	14.1473404939186	198.466559508052	2.56255	195.904009508052	187.687557228369	27.1722015775892	214.859758805958	8.36455	206.495208805958	242.975926753928	244.765859065207	3299.31667815807
16	860181	861132	951	860656.5	139.581239647363	118.542625560765	258.123865208128	9.19617	248.927695208128	143.774462730652	121.137977953956	264.912440684609	14.99817	249.914270684609	308.740171218539	296.23196349439	4192.31489196176
16	866499	866720	221	866609.5	21.6609026718962	33.6304831126851	55.2913857845813	2.13707	53.1543157845813	27.7002918907758	39.3945773813276	67.0948692721033	7.93907	59.1557992721033	65.9262624137295	70.1193994342572	895.198219906479
16	870068	870258	190	870163	11.8277830417929	8.60784210549146	20.4356251472843	1.8373	18.5983251472843	15.6714125377126	12.6756674889637	28.3470800266763	7.6393	20.7077800266763	23.0671403820684	24.5456424721488	313.223626705403
16	876645	876831	186	876738	33.1309922748955	30.9860316201233	64.1170238950189	1.79862	62.3184038950189	38.8212878972339	38.8725869562501	77.693874853484	7.60062	70.093254853484	77.2923023793214	83.0839409693581	1049.53517716837
16	877680	878069	389	877874.5	33.8362793377444	32.2593082642825	66.0955876020269	3.76163	62.3339576020269	39.9499671937567	37.799406641704	77.7493738354606	9.56363	68.1857438354606	77.3115933391351	80.8229026832758	1049.79712486953
16	878579	878633	54	878606	5.51499883782481	8.50884392142505	14.0238427592499	0.52218	13.5016627592499	13.8246464131284	19.0891498458154	32.9137962589438	6.32418	26.5896162589438	16.7458493059219	31.5175848556869	227.388205255839
16	882849	883228	379	883038.5	119.884400948445	112.722632317483	232.607033265928	3.66493	228.942103265928	134.204838267231	126.619777400761	260.824615667992	9.46693	251.357685667992	283.952430854897	297.942892820248	3855.72761647238
16	883591	883726	135	883658.5	13.3477551607923	10.3559100405065	23.7036652012988	1.30545	22.3982152012988	22.5314867026862	17.0926864671428	39.624173169829	7.10745	32.516723169829	27.7800699936456	38.5431881285329	377.219461511743
16	887864	888069	205	887966.5	40.7141531762168	39.0729832803603	79.7871364565771	1.98235	77.8047864565771	47.2024341610298	49.2295969765796	96.4320311376094	7.78435	88.6476811376094	96.4997609934129	105.077139335348	1310.34903390357
16	888709	888961	252	888835	91.4176231173972	83.7294641420661	175.147087259463	2.43684	172.710247259463	96.5075297527308	87.422896393069	183.9304261458	8.23884	175.6915861458	214.209155254902	208.253267773953	2908.69901388379
16	892077	892343	266	892210	49.0049010981986	37.798306661881	86.8032077600796	2.57222	84.2309877600796	54.2447049839519	42.1415269937561	96.386231977708	8.37422	88.012011977708	104.470053286801	104.323658860406	1418.57588026108
16	895845	895919	74	895882	5.6134970310626	4.91460985082004	10.5281068818826	0.71558	9.81252688188263	14.7459295139403	9.50672561718131	24.2526551311216	6.51758	17.7350751311216	12.1702859421327	21.0219933196325	165.257636520906
16	899736	900155	419	899945.5	252.794562964052	299.34600906622	552.140572030272	4.05173	548.088842030272	263.674963383779	308.252345696397	571.927309080176	9.85373	562.073579080176	679.783913918919	666.245106784507	9230.63628030797
16	900501	900680	179	900590.5	74.6812301147277	63.3249384243219	138.00616853905	1.73093	136.27523853905	84.6630470172621	73.380653971326	158.043700988588	7.53293	150.510770988588	169.0195236983	178.405583222062	2295.07894433052
16	901589	901944	355	901766.5	95.5384475287029	68.4109451311922	163.949392659895	3.43285	160.516542659895	99.58137336891	72.8775631995703	172.45893656848	9.23485	163.22408656848	199.085540975217	193.47511257082	2703.33878131421
16	906735	906904	169	906819.5	44.4666843431623	33.2106908129773	77.6773751561396	1.63423	76.0431451561396	51.6558524715324	38.1523001685427	89.8081526400751	7.43623	82.3719226400751	94.3148316055118	97.6382673691798	1280.68035821868
16	911040	911258	218	911149	35.0599568917047	37.8992048110962	72.9591617028008	2.10806	70.8511017028008	40.6001552672918	42.4912205792917	83.0913758465835	7.91006	75.1813158465835	87.8752412521056	89.1149943151161	1193.23857689761
16	912482	912656	174	912569	13.4729528642783	14.947225821542	28.4201786858203	1.68258	26.7375986858203	17.3165823601981	18.0153695422749	35.331951902473	7.48458	27.847371902473	33.1621227976693	33.0084457931522	450.301173005846
16	919093	919309	216	919201	18.362363177336	19.9357343168318	38.2980974941678	2.08872	36.2093774941678	22.1298940691401	24.4517514790774	46.5816455482175	7.89072	38.6909255482175	44.9097855420189	45.8616821407052	609.820102060336
16	920702	921772	1070	921237	304.361117073593	346.849737700576	651.210854774168	10.3469	640.863954774168	312.843861473764	359.973396971981	672.817258445745	16.1489	656.668358445745	794.851078982337	778.371545787044	10793.1080110428
16	923458	923592	134	923525	15.2682199335149	12.6009688591681	27.869188792683	1.29578	26.573408792683	26.8705071116009	27.0516037897265	53.9221109013274	7.09778	46.8243309013274	32.9584812716544	55.5024866895906	447.535969505555
16	928096	928199	103	928147.5	0	0.748486270441491	0.748486270441491	0.99601	0	2.17166016502042	1.72126842660112	3.89292859162154	6.79801	-2.90508140837846	0	0	0
