Chr	Start	End	Length	Midpoint	WatsonHpM	CrickHpM	TotalHpM	BGHpM	Total-BGHpM	WatsonHpM300	CrickHpM300	TotalHpM300	BGHpM300	Total-BGHpM300	NormHpM	NormHpM300	NormHpChr
1	6329	6760	431	6544.5	146.21775719339	177.874193271485	324.091950464875	0.527975	323.563975464875	153.155855516253	185.810976958713	338.966832474966	1.262975	337.703857474966	357.866393223865	354.952087709468	15526.876167996
1	9191	9576	385	9383.5	54.9298950078816	50.2094641853232	105.139359193205	0.471625	104.667734193205	62.5457833977988	57.410758651073	119.956542048872	1.206625	118.749917048872	115.764013805371	124.815071071398	5022.69433816817
1	11130	11243	113	11186.5	9.68715803566769	8.95176881272321	18.6389268483909	0.138425	18.5005018483909	11.3229340635336	11.4450322741965	22.7679663377301	0.873425	21.8945413377301	20.4618201386694	23.0128054070115	887.784249878369
1	28177	28865	688	28521	141.184930948955	192.24558266021	333.430513609166	0.8428	332.587713609166	147.385440081114	194.743546052807	342.128986133921	1.5778	340.551186133921	367.846776912915	357.944843727855	15959.8986159911
1	29827	30075	248	29951	12.8942110366267	21.9553782461273	34.849589282754	0.3038	34.545789282754	16.7707542262739	22.9650634492916	39.7358176755655	1.0388	38.6970176755655	38.2081379545693	40.6734685081006	1657.75003706256
1	31066	31177	111	31121.5	2.12526885439746	6.70570172861173	8.83097058300919	0.135975	8.69499558300919	8.86777004371677	23.9787485938372	32.846518637554	0.870975	31.975543637554	9.61678970570914	33.60869506987	417.247066842618
1	32971	33197	226	33084	133.150548692024	55.5927852932907	188.743333985314	0.27685	188.466483985314	147.855733189015	61.3257012779803	209.181434466996	1.01185	208.169584466996	208.44663183071	218.801849515888	9043.94796872327
1	34454	35111	657	34782.5	507.218566762625	218.756994138126	725.975560900751	0.804825	725.170735900751	514.445060859077	221.680751290758	736.125812149834	1.539825	734.585987149835	802.049224903499	772.104978872748	34798.7942749449
1	36394	36567	173	36480.5	57.8388523774022	41.3839935217133	99.2228458991155	0.211925	99.0109208991155	62.2837872373263	43.6300606058248	105.913847843151	0.946925	104.966922843151	109.507497245429	110.328110203411	4751.24063447138
1	37240	37445	205	37342.5	41.1727966167828	34.4080957527975	75.5808923695803	0.251125	75.3297673695803	51.4820455357708	44.1958523142039	95.6778978499747	0.986125	94.6917728499747	83.3158021136718	99.5281567504771	3614.85226540119
1	39003	39222	219	39112.5	142.045818332737	80.4501210115215	222.495939344258	0.268275	222.227664344258	168.999023336213	86.7092292849156	255.708252621128	1.003275	254.704977621128	245.786981072856	267.71403866275	10664.0469490426
1	42596	42658	62	42627	5.35862146993821	11.7675275480605	17.1261490179987	0.07595	17.0501990179987	25.526825906919	42.6534749175904	68.1803008245093	0.81095	67.3693508245093	18.8577644268148	70.8102415577643	818.188515615183
1	45159	45276	117	45217.5	18.6447267633937	18.9862217588187	37.6309485222124	0.143325	37.4876235222125	53.938609535071	53.226819966276	107.165429501347	0.878325	106.287104501347	41.4618487770578	111.715720162137	1798.9199428817
1	45499	45719	220	45609	66.7024224826687	54.904195384507	121.606617867176	0.2695	121.337117867176	103.775679177799	87.9441111878448	191.719790365644	1.0045	190.715290365644	134.200591004974	200.456077047982	5822.60865412593
1	48350	48502	152	48426	43.6968596268918	40.3504086687959	84.0472682956877	0.1862	83.8610682956877	65.4090414370385	45.6829305212214	111.09197195826	0.9212	110.17077195826	92.7515431832611	115.797746000124	4024.24411083536
1	52617	52829	212	52723	13.7412986226428	104.056775058367	117.79807368101	0.2597	117.53837368101	15.4505735733893	115.781903227786	131.232476801176	0.9947	130.237776801176	129.999125502734	136.889673454926	5640.31817976843
1	57366	57556	190	57461	39.1766258704655	46.128023998421	85.3046498688865	0.23275	85.0718998688865	63.9540627596056	88.3367054344154	152.290768194021	0.96775	151.323018194021	94.0907402532676	159.051843908674	4082.34832923713
1	58423	58681	258	58552	156.694003665045	243.781127411956	400.475131077001	0.31605	400.159081077001	165.788470386545	270.421636997952	436.210107384497	1.05105	435.159057384497	442.581677564869	457.384813603325	19202.4482653081
1	61029	61405	376	61217	162.088624607415	278.762514763222	440.851139370637	0.4606	440.390539370637	173.770953404055	291.500628087445	465.2715814915	1.1956	464.0759814915	487.078246915627	487.778670098369	21133.0367063906
1	62616	62751	135	62683.5	34.9963871314462	21.8032804751049	56.7996676065511	0.165375	56.6342926065511	42.7440735898759	26.373713495866	69.1177870857419	0.900375	68.2174120857419	62.6383391376387	71.7016175622636	2717.71184323154
1	67796	68683	887	68239.5	438.810669273522	578.625820296465	1017.43648956999	1.086575	1016.34991456999	445.26847463503	593.951295703156	1039.21977033819	1.821575	1037.39819533819	1124.09756882848	1090.38332571792	48771.6200303474
1	69613	70547	934	70080	280.214193489015	241.900154977418	522.114348466434	1.14415	520.970198466434	297.994832915523	253.311287748409	551.306120663931	1.87915	549.426970663931	576.20050450438	577.488962486926	24999.8157155253
1	70813	71700	887	71256.5	382.141199758931	81.0318124868911	463.173012245822	1.086575	462.086437245822	389.600190448168	88.9463964994538	478.546586947622	1.821575	476.725011947622	511.074220846874	501.07374999906	22174.1585407279
1	73183	73353	170	73268	24.8893352492808	10.1400513985607	35.0293866478416	0.20825	34.8211366478416	47.1760086403109	20.2021039401869	67.3781125804978	0.94325	66.4348625804978	38.5126760858183	69.8280243108783	1670.96314100825
1	73635	73843	208	73739	33.9221028749745	33.3735109145348	67.2956137895094	0.2548	67.0408137895094	49.187379163877	42.5044771011385	91.6918562650155	0.9898	90.7020562650155	74.1481006814027	95.3346653234349	3217.08995080756
1	74874	75086	212	74980	32.0440303979389	40.2285104552021	72.272540853141	0.2597	72.012840853141	41.2232958767212	48.948982657554	90.1722785342752	0.9947	89.1775785342752	79.6472338581319	93.7323248668028	3455.68279294957
1	76164	76629	465	76396.5	416.110701939273	280.047495931951	696.158197871225	0.569625	695.588572871225	424.158384001298	292.850308308016	717.008692309314	1.304625	715.704067309314	769.330928708977	752.258664656889	33379.2339500323
1	79541	79633	92	79587	33.7348056197971	11.4493322111814	45.1841378309784	0.1127	45.0714378309784	43.0772687069348	16.7205549619391	59.7978236688738	0.8477	58.9501236688738	49.849656071298	61.9610022327009	2162.84471381488
1	81915	82733	818	82324	200.0038689633	317.642144986129	517.646013949429	1.00205	516.643963949429	211.780996370676	331.585240651456	543.366237022132	1.73705	541.629187022132	571.415627137805	569.292906913683	24792.2125436248
1	83442	83537	95	83489.5	3.67504614256628	32.152428809371	35.8274749519373	0.116375	35.7110999519373	7.05129666395251	55.4437874768388	62.4950841407913	0.851375	61.6437091407913	39.496988252464	64.7921626281722	1713.6698422005
1	84473	84643	170	84558	10.2857492633731	40.485506688948	50.7712559523211	0.20825	50.5630059523211	13.193806646083	49.7836704252882	62.9774770713712	0.94325	62.0342270713712	55.9234091023779	65.202626268664	2426.36879144341
1	87041	87314	273	87177.5	143.000404343374	118.6902606061	261.690664949474	0.334425	261.356239949474	146.509152923015	122.009811958407	268.518964881421	1.069425	267.449539881421	289.063746366976	281.109529656126	12541.711318753
1	92239	92946	707	92592.5	465.399879611304	436.29270617402	901.692585785323	0.866075	900.826510785323	473.842055892054	441.568728854435	915.410784746489	1.601075	913.809709746489	996.327028903682	960.482556133502	43227.9942837148
1	94473	94607	134	94540	23.9673487609006	10.9692392468957	34.9365880077964	0.16415	34.7724380077964	28.2810855435194	13.7518984673031	42.0329840108226	0.89915	41.1338340108226	38.4588146921238	43.234745278912	1668.62623761088
1	99806	99983	177	99894.5	36.457165723882	31.7532346595213	68.2104003834033	0.216825	67.9935753834033	40.0025137671609	40.0688127955553	80.0713265627162	0.951825	79.1195015627162	75.2018686564042	83.1605314437383	3262.81015579873
1	100312	100418	106	100365	11.12093702378	27.5104968364199	38.6314338601999	0.12985	38.5015838601999	14.8241827530841	37.4941505269734	52.3183332800575	0.86485	51.4534832800575	42.5833034399456	54.0814708091822	1847.57689421434
1	101169	101410	241	101289.5	51.4967453203469	57.9639505441011	109.460695864448	0.295225	109.165470864448	52.7537268994076	62.3149867801001	115.068713679508	1.030225	114.038488679508	120.738575011994	119.863006418351	5238.52739013359
1	105909	106156	247	106032.5	51.9670384282485	98.2908595572821	150.257897985531	0.302575	149.955322985531	54.8124967283416	111.953759328852	166.766256057194	1.037575	165.728681057194	165.852735937154	174.193276246328	7195.91149596608
1	108453	108900	447	108676.5	294.301887035275	317.504647001148	611.806534036423	0.547575	611.258959036423	302.038373657837	344.444352202462	646.4827258603	1.282575	645.2001508603	676.06116744565	678.153759482312	29332.5057275018
1	110429	110618	189	110523.5	60.3777151706219	67.2454145251746	127.623129695796	0.231525	127.391604695796	64.4063561312914	71.8795466124322	136.285902743724	0.966525	135.319377743724	140.896940192386	142.230817251596	6113.14553207625
1	113160	114371	1211	113765.5	337.67155145718	489.952219799213	827.623771256393	1.483475	826.140296256393	375.687094343201	534.957260254846	910.644354598046	2.218475	908.425879598046	913.723005453261	954.823746769132	39644.0242117036
1	114604	114848	244	114726	356.185580135941	208.10375026035	564.289330396291	0.2989	563.990430396291	393.557732450786	238.449305549272	632.007038000058	1.0339	630.973138000058	623.781497457236	663.200101699511	27064.2291377354
1	119642	119872	230	119757	101.403313944574	89.1158940154847	190.519207960059	0.28175	190.237457960059	104.560167681198	92.4824446790213	197.04261236022	1.01675	196.02586236022	210.405354423127	206.037886597036	9128.93176076345
1	124432	124801	369	124616.5	100.493027284734	107.192529104205	207.685556388939	0.452025	207.233531388939	106.925433018471	108.560409058061	215.485842076533	1.187025	214.298817076533	229.203255172809	225.244132784664	9944.52294978023
1	128074	128209	135	128141.5	9.15086589497538	39.541920517109	48.6927864120843	0.165375	48.5274114120843	19.7762101816174	61.5380981653251	81.3143083469425	0.900375	80.4139333469425	53.6720123727695	84.5210763532457	2328.68664277685
1	128945	129302	357	129123.5	614.590693234849	656.16928390476	1270.75997713961	0.437325	1270.32265213961	638.278846087337	682.517997766994	1320.79684385433	1.172325	1319.62451885433	1404.99505576487	1387.02436348294	60959.0189539292
1	130477	130820	343	130648.5	787.013166400747	314.251194680167	1101.26436108091	0.420175	1100.84418608091	840.019489598381	324.964137683058	1164.98362728144	1.155175	1163.82845228144	1217.54944384099	1223.27101017375	52826.2496867245
1	131986	132204	218	132095	122.171009596071	40.77000251969	162.941012115761	0.26705	162.673962115761	132.106163997377	43.3054653627356	175.411629360113	1.00205	174.409579360113	179.919733061021	183.31755157695	7806.24129092175
1	135710	135780	70	135745	10.3431484221942	9.29276381547555	19.6359122376697	0.08575	19.5501622376697	23.3222582146381	18.9337225281897	42.2559807428277	0.82075	41.4352307428277	21.6227595698328	43.5515358541041	938.154340860738
1	136713	136859	146	136786	45.8259284256014	25.8407213068133	71.6666497324147	0.17885	71.4877997324147	59.8426230123439	34.2498980711687	94.0925210835126	0.91385	93.1786710835126	79.0665308552758	97.9377732856913	3430.48762574064
1	138451	138660	209	138555.5	179.715666284882	154.26623924369	333.981905528572	0.256025	333.725880528572	191.691490780371	172.937165623131	364.628656403503	0.991025	363.637631403503	369.105605834613	382.210429580205	16014.5158730289
1	139136	139483	347	139309.5	39.4219222756712	131.163977805021	170.585900080693	0.425075	170.160825080693	70.5132666351287	199.048682961456	269.561949596584	1.160075	268.401874596584	188.200310779761	282.110504882979	8165.51365421939
1	141638	142083	445	141860.5	298.538724944839	265.632207186567	564.170932131406	0.545125	563.625807131406	326.577114045051	278.381720343726	604.958834388777	1.280125	603.678709388777	623.378218901573	634.511609685086	27046.7319479642
1	143394	143631	237	143512.5	176.852608242711	130.382389259123	307.234997501835	0.290325	306.944672501835	185.448282273968	132.002365518533	317.450647792501	1.025325	316.425322792501	339.485206008159	332.586751508062	14729.3650769211
1	152054	152174	120	152114	19.7710102578217	22.3990717438435	42.1700820016652	0.147	42.0230820016652	23.2160597709656	26.9004057772433	50.116465548209	0.882	49.234465548209	46.4781308440784	51.7491167091336	2016.56315261904
1	154755	154915	160	154835	47.1616088513384	51.8834396533801	99.0450485047185	0.196	98.8490485047185	52.8944248374934	57.4268584151325	110.321283252626	0.931	109.390283252626	109.328464057751	114.977393820643	4743.47285803951
1	158677	158860	183	158768.5	94.0016224156235	79.9981276354392	173.999750051063	0.224175	173.775575051063	100.449827917817	84.3008645792596	184.750692497076	0.959175	183.791517497076	192.198276042871	193.178672363002	8338.97479150319
1	168984	169294	310	169139	371.070761995089	334.02930483394	705.10006682903	0.37975	704.72031682903	388.957599865269	364.985051180573	753.942651045842	1.11475	752.827901045842	779.430768375393	791.278598829648	33817.4392768984
1	170782	170931	149	170856.5	21.3002878464116	42.5049770938111	63.8052649402227	0.182525	63.6227399402227	31.1557434156958	57.1569623704321	88.3127057861278	0.917525	87.3951807861278	70.3676620263899	91.8588911235106	3053.06671764419
1	171799	171947	148	171873	14.0208945251928	16.283461367502	30.3043558926948	0.1813	30.1230558926948	29.3563697853364	29.1952721462062	58.5516419315426	0.9163	57.6353419315426	33.3165314516598	60.5790679958892	1445.51617025817
1	175009	175397	388	175203	68.3383985076036	54.3829030239944	122.721301531598	0.4753	122.246001531598	89.2123926013075	70.1378721364975	159.350264737805	1.2103	158.139964737805	135.205829361251	166.216966112525	5866.22328733201
1	176231	176389	158	176310	22.7144671217557	16.3655601643523	39.0800272861081	0.19355	38.8864772861081	30.6197512706071	25.9375198882398	56.5572711588468	0.92855	55.6287211588468	43.0090010841517	58.4699590332759	1866.04678893412
1	179689	180587	898	180138	140.845335925686	144.521382053598	285.366717979284	1.10005	284.266667979284	142.91160564471	158.730973813452	301.642579458162	1.83505	299.807529458162	314.403008052285	315.120204097997	13641.1148554525
1	180982	181409	427	181195.5	179.824364691918	40.8956006790615	220.719965370979	0.523075	220.196890370979	193.182368931701	51.8245405165411	245.006909448242	1.258075	243.748834448242	243.540915959377	256.19831029193	10566.5961250966
1	182516	182658	142	182587	21.1735897031602	15.6341708827891	36.8077605859493	0.17395	36.6338105859493	49.5722735232887	23.6814529506751	73.2537264739638	0.90895	72.3447764739638	40.5175194352349	76.0397871564491	1757.94799069529
1	182951	183088	137	183019.5	27.9914897875163	16.6064566340387	44.5979464215549	0.167825	44.4301214215549	51.6730427367259	22.5288698416653	74.2019125783912	0.902825	73.2990875783912	49.1403509330299	77.0428397166822	2132.06984013089
1	184611	184857	246	184734	109.720192061557	82.2453947019651	191.965586763522	0.30135	191.664236763522	115.988600198663	85.8894412988266	201.878041497489	1.03635	200.841691497489	211.983392224121	211.099684288976	9197.39864669742
1	188699	191684	2985	190191.5	1157.43923784371	1375.88333656729	2533.322574411	3.656625	2529.665949411	1180.51649964875	1387.13907161562	2567.65557126436	4.391625	2563.26394626436	2797.84678772193	2694.18269569038	121391.171209554
1	192005	192597	592	192301	451.81877864098	122.676702185197	574.495480826177	0.7252	573.770280826177	490.052918323486	127.279334734077	617.332253057564	1.4602	615.872053057564	634.598152168514	647.327728588068	27533.5351732674
1	198294	198800	506	198547	15.2929758829677	103.696180342847	118.989156225814	0.61985	118.369306225814	16.8550529908839	118.626361542534	135.481414533418	1.35485	134.126564533418	130.91814880375	140.977081086391	5680.19216978416
1	202615	202883	268	202749	314.478191353553	0.247296375896341	314.725487729449	0.3283	314.397187729449	325.05443635974	0.72618935776758	325.780625717508	1.0633	324.717325717508	347.727794637257	341.302268622764	15086.9891941085
1	211281	211552	271	211416.5	27.256700555779	31.1329437498226	58.3896443056016	0.331975	58.0576693056016	49.6831718980841	54.3996027792611	104.082774677345	1.066975	103.015799677345	64.2126141624039	108.277333388899	2786.01547225828
1	220100	220246	146	220173	11.8779259301833	35.7213765067994	47.5993024369826	0.17885	47.4204524369826	32.6484215406471	93.803025326044	126.451446866691	0.91385	125.537596866691	52.4476998846525	131.94943175076	2275.5669624887
2	10535	10724	189	10629.5	78.1838542234346	99.3018447413954	177.48569896483	0.231525	177.25417396483	80.5035202289613	104.59816712432	185.101687353282	0.966525	184.135162353282	196.045656286465	193.539868886053	2583.69838625175
2	21364	21490	126	21427	15.2579763958817	15.6105712286397	30.8685476245214	0.15435	30.7141976245214	19.6761116485514	20.5967981559827	40.272909804534	0.88935	39.383559804534	33.9703426775509	41.3950757879226	447.697343664464
2	23803	23958	155	23880.5	28.1062881051584	45.8796276386448	73.9859157438032	0.189875	73.7960407438032	31.0676447067735	49.6656721545411	80.7333168613146	0.924875	79.8084418613146	81.619478488739	83.8846593797445	1075.66838690842
2	28718	28940	222	28829	45.6509309901714	64.5542539638635	110.205184954035	0.27195	109.933234954035	85.6114453728291	105.287057028708	190.898502401537	1.00695	189.891552401537	121.587733096396	199.590266653421	1602.41259990036
2	36538	36676	138	36607	46.4696189923806	33.1330144389866	79.6026334313672	0.16905	79.4335834313672	60.9972060920444	41.0067990494605	102.004005141505	0.90405	101.099955141505	87.8546814817345	106.263637060974	1157.8425305039
2	45043	45509	466	45276	188.170842375122	181.386241802765	369.557084177887	0.57085	368.986234177887	194.761545789022	186.019473903212	380.781019692234	1.30585	379.475169692234	408.104062217616	398.856870405005	5378.42983592406
2	48638	48814	176	48726	52.7706266517434	68.9566894466117	121.727316098355	0.2156	121.511716098355	58.7823385507067	76.0996847667296	134.882023317436	0.9506	133.931423317436	134.393699150483	140.771973029501	1771.18325493589
2	49408	49579	171	49493.5	51.895639474593	31.8705329405268	83.7661724151198	0.209475	83.5566974151198	63.4654699198848	41.3002947483104	104.765764668195	0.944475	103.821289668195	92.4149046280117	109.12396379466	1217.94200634624
2	60846	60994	148	60920	26.4791119512622	30.7644491500741	57.2435611013363	0.1813	57.0622611013363	28.8456772694841	35.987172611584	64.8328498810682	0.9163	63.9165498810682	63.1116784252469	67.1810887477153	831.752892615388
2	62676	62925	249	62800.5	144.413983627511	138.985863176074	283.399846803585	0.305025	283.094821803585	149.632207154967	144.524782003772	294.156989158739	1.040025	293.116964158739	313.106929390536	308.087918062702	4126.4564770998
2	69542	69795	253	69668.5	58.6337407283929	99.3868434957471	158.02058422414	0.309925	157.71065922414	61.6793960946181	110.829675802184	172.509071896802	1.044925	171.464146896802	174.430248943544	180.221681100739	2298.82753459425
2	71114	71604	490	71359	318.780428304701	360.263720371204	679.044148675905	0.60025	678.443898675905	328.278689108639	368.216203828354	696.494892936993	1.33525	695.159642936993	750.368673382306	730.664933462139	9889.15728731489
2	74727	75225	498	74976	319.987310617961	398.688157264924	718.675467882885	0.61005	718.065417882885	329.069377521179	408.681210817723	737.750588338902	1.34505	736.405538338902	794.190641363384	774.017463669583	10466.6898381491
2	80826	80922	96	80874	7.2834932611346	12.4431176473552	19.7266109084898	0.1176	19.6090109084898	11.3701333718324	18.3651308608437	29.7352642326762	0.8526	28.8826642326762	21.6878470430045	30.3578467970564	285.825539150973
2	84366	84517	151	84441.5	11.6797288347419	52.7172274343036	64.3969562690455	0.184975	64.2119812690455	14.7144843607031	61.4171999370765	76.1316842977797	0.919975	75.2117092977797	71.0193713793278	79.05314862275	935.968889600187
2	88116	88230	114	88173	20.6467974232484	16.8741527109794	37.5209501342278	0.13965	37.3813001342278	29.6868649419629	27.4398978710406	57.1267628130036	0.87465	56.2521128130036	41.3442535864352	59.1251904267166	544.87859254564
2	89834	89936	102	89885	30.2367568833515	26.8413066433352	57.0780635266867	0.12495	56.9531135266867	59.4758283876825	50.9852528162184	110.461081203901	0.85995	109.601131203901	62.990959643705	115.199010834597	830.161931984236
2	90469	90596	127	90532.5	28.3677842729582	20.3523017390532	48.7200860120114	0.155575	48.5645110120114	30.7452494314441	23.5234552661154	54.2687046975594	0.890575	53.3781296975594	53.7130450618903	56.1044185750232	707.887695528883
2	92219	92314	95	92266.5	12.078822986057	16.5231578547739	28.6019808408309	0.116375	28.4856058408309	14.9555808274585	19.199818628578	34.1553994560365	0.851375	33.3040244560365	31.5054882312183	35.0050280686344	415.212867466587
2	96166	96383	217	96274.5	50.4590605275138	84.9873545188181	135.446415046332	0.265825	135.180590046332	50.8535547462405	87.565016743436	138.418571489676	1.000825	137.417746489676	149.511669598726	144.436360216752	1970.42396544392
2	100146	100306	160	100226	14.7611836763293	19.7362107678048	34.4973944441341	0.196	34.3013944441341	16.2544617924879	25.2748295998997	41.5292913923875	0.931	40.5982913923875	37.9378337611134	42.671849812179	499.985165308877
2	101242	101826	584	101534	59.9172219191044	64.8632494355657	124.78047135467	0.7154	124.06507135467	63.6420673318674	67.6462086515767	131.288275983444	1.4504	129.837875983444	137.217746651085	136.469347696162	1808.40155963194
2	107503	107892	389	107697.5	99.4446426487063	101.732509120252	201.177151768958	0.476525	200.700626768958	100.933020836673	103.768679280382	204.701700117055	1.211525	203.490175117055	221.977769052887	213.883439254223	2925.45937793014
2	113471	113554	83	113512.5	7.56208917833929	7.13509543588989	14.6971846142292	0.101675	14.5955096142292	13.2791053960383	16.0747644259348	29.3538698219731	0.836675	28.5171948219731	16.1428427729139	29.9737110300179	212.747569173114
2	116878	117384	506	117131	127.533131014718	159.112868216827	286.645999231545	0.61985	286.026149231545	128.81661220543	160.81124332731	289.627855532739	1.35485	288.273005532739	316.349019528955	302.996554167919	4169.18419276251
2	122135	122354	219	122244.5	31.76313451444	32.0226307115491	63.7857652259891	0.268275	63.5174902259891	33.1311144668306	33.5063089683926	66.6374234352232	1.003275	65.6341484352232	70.2512543343206	68.9864136770856	925.845825375098
2	124808	125074	266	124941	87.0800238509583	110.448681385619	197.528705236577	0.32585	197.202855236577	88.416604263506	111.51146581062	199.928070074126	1.06085	198.867220074126	218.109183618381	209.024366704256	2874.47504023277
2	126105	126625	520	126365	211.566499514106	249.153848675263	460.720348189369	0.637	460.083348189369	215.479642167392	251.179218993663	466.658861161055	1.372	465.286861161055	508.858775648102	489.051395467535	6706.28272197434
2	132202	132429	227	132315.5	122.433605747751	114.675619440264	237.109225188015	0.278075	236.831150188015	124.432476454501	118.567962398368	243.000438852868	1.013075	241.987363852868	261.93864566992	254.346872556093	3452.10635590636
2	135762	135864	102	135813	17.0468501801153	20.3236021596427	37.3704523397579	0.12495	37.2455023397579	32.4166249376032	35.5001797484158	67.9168046860189	0.85995	67.0568546860189	41.1940592799001	70.481784673713	542.899172063853
2	136197	136476	279	136336.5	124.770471501217	107.764220726122	232.534692227338	0.341775	232.192917227338	142.697208786675	123.766786210125	266.463994996799	1.076775	265.387219996799	256.808693554006	278.941876748502	3384.49838511782
2	140530	141141	611	140835.5	115.599305903732	55.0056938970564	170.604999800788	0.748475	169.856524800788	120.579632917537	62.2897871493982	182.869420066936	1.483475	181.385945066936	187.863750309857	190.650235280289	2475.86851810442
2	142899	143096	197	142997.5	37.8801448702649	38.496935831255	76.3770807015199	0.241325	76.1357557015199	52.3113333826403	52.5444299666332	104.855763349274	0.976325	103.879438349274	84.2072367578325	109.185082420608	1109.77262053702
2	145806	146097	291	145951.5	72.1808421969756	63.6806667661965	135.861508963172	0.356475	135.505033963172	73.6537206120897	64.6855520397033	138.339272651793	1.091475	137.247797651793	149.87050921972	144.257731239099	1975.15313602207
2	146948	147133	185	147040.5	90.7470701107621	74.0712144937586	164.818284604521	0.226625	164.591659604521	95.0965063702087	75.0651999270015	170.16170629721	0.961625	169.20008129721	182.040733962345	177.84197831234	2399.12660897381
2	151223	151462	239	151342.5	73.5009228513256	225.319397966754	298.82032081808	0.292775	298.52754581808	74.2585117489361	229.864431359745	304.122943108681	1.027775	303.095168108681	330.175743286619	318.575758948218	4351.40747960557
2	152108	152224	116	152166	2.48236362120936	12.2611203145079	14.7434839357172	0.1421	14.6013839357172	3.75494497165693	15.9062668952493	19.6612118669062	0.8771	18.7841118669062	16.149339856653	19.7435106983366	212.833194660004
2	153718	153937	219	153827.5	10.8852404778893	89.6165866778838	100.501827155773	0.268275	100.233552155773	13.1894067105636	95.3447027329158	108.534109443479	1.003275	107.530834443479	110.859744934419	113.022973632108	1461.02774992783
2	158463	158661	198	158562	13.3888037884193	43.5547617093226	56.9435654977419	0.24255	56.7010154977419	14.2198916089104	48.7006862963123	62.9205779052228	0.97755	61.9430279052228	62.7121356113704	65.1067691035614	826.487292025172
2	159736	160143	407	159939.5	167.984638201925	237.491419586995	405.47605778892	0.498575	404.97748278892	171.161891639594	244.104022679958	415.265914319552	1.233575	414.032339319552	447.910898901301	435.179048055748	5903.04671165396
2	161531	161640	109	161585.5	21.1412901765066	12.7389133124993	33.8802034890058	0.133525	33.7466784890058	28.5312818769172	14.7689835620228	43.30026543894	0.868525	42.43174043894	37.3243099661969	44.5989422998062	491.899495527259
2	164167	164324	157	164245.5	47.1766086315181	55.3540887913641	102.530697422882	0.192325	102.338372422882	49.863969248517	68.4370970611862	118.301066309703	0.927325	117.373741309703	113.187706309886	123.368607133066	1491.70810348926
2	165667	165938	271	165802.5	70.2271708278341	87.0173247698071	157.244495597641	0.331975	156.912520597641	85.9059410570243	123.592188768833	209.498129825857	1.066975	208.431154825857	173.54749618608	219.076779585254	2287.19367889898
2	170134	170565	431	170349.5	140.049947582023	98.026863426119	238.076811008142	0.527975	237.548836008142	152.920658963035	112.506651226277	265.427310189311	1.262975	264.164335189311	262.732416470725	277.656533078781	3462.56751263864
2	171223	171446	223	171334.5	82.1158965997468	84.5298612233366	166.645757823083	0.273175	166.372582823083	88.4011044906537	90.4787740426141	178.879878533268	1.008175	177.871703533268	184.010460560987	186.956503800828	2425.08576323752
2	172295	172458	163	172376.5	69.7225782225883	18.0275358082655	87.7501140308538	0.199675	87.5504390308538	72.9467309729522	20.1890041321633	93.1357351051155	0.934675	92.2010601051155	96.8320400814792	96.9102308100312	1276.1557202288
2	177638	177835	197	177736.5	22.4535709451631	101.348014754978	123.801585700142	0.241325	123.560260700142	23.6478534430725	106.381540989155	130.029394432227	0.976325	129.053069432227	136.659418833727	135.644457137063	1801.04332120914
2	181392	181597	205	181494.5	18.3108316565931	42.9660703365358	61.2769019931289	0.251125	61.0257769931289	22.5348697537372	52.8481255160053	75.3829952697425	0.986125	74.3968702697425	67.4953837949297	78.1966916775687	889.526029261183
2	182105	182323	218	182214	124.83607053987	81.7228023605036	206.558872900373	0.26705	206.291822900373	134.045135581942	88.2010074230562	222.246143004999	1.00205	221.244093004999	228.161712090681	232.544138798691	3006.95796326004
2	186585	186640	55	186612.5	3.99234149263465	5.61801766851286	9.61035916114751	0.067375	9.54298416114751	10.2040504606609	17.0735497888352	27.2776002494961	0.802375	26.4752252494961	10.5546772239886	27.8274478270763	139.10077390942
2	191779	192331	552	192055	82.7251876706471	78.7204463597305	161.445634030378	0.6762	160.769434030378	84.6080600773402	80.982313212298	165.590373289638	1.4112	164.179173289638	177.813297708536	172.564627343327	2343.41295311506
2	193071	194078	1007	193574.5	318.500732403616	356.404076933892	674.904809337509	1.233575	673.671234337509	322.256777359153	367.758810531407	690.01558789056	1.968575	688.04701289056	745.090038236363	723.189025715739	9819.58981325539
2	195926	196307	381	196116.5	201.443647863485	159.972555618194	361.416203481679	0.466725	360.949478481679	214.771652542909	163.775899880565	378.547552423473	1.201725	377.345827423473	399.215295258653	396.618771943839	5261.28420116394
2	201903	202008	105	201955.5	3.69214589197116	39.8337162408718	43.525862132843	0.128625	43.397237132843	6.22140882587579	53.8609106737401	60.0823194996159	0.863625	59.2186944996159	47.9979661094788	62.2432903231673	632.568300310707
2	203223	203339	116	203281	22.6514680450009	3.18305335267142	25.8345213976723	0.1421	25.6924213976723	53.6407139007018	7.45889069070281	61.0996045914046	0.8771	60.2225045914046	28.4161862134457	63.2983700323787	374.498756329637
2	206991	207171	180	207081	84.9199555065439	81.2116098519787	166.131565358523	0.2205	165.911065358523	89.1913929090559	84.44696243821	173.638355347266	0.9555	172.682855347266	183.500015632083	181.502635105931	2418.35857649917
2	209419	209548	129	209483.5	20.70729653664	13.2465058737811	33.953802410421	0.158025	33.795777410421	27.482297249682	16.7542544680762	44.2365517177582	0.893025	43.3435267177582	37.3786140768222	45.5572980782425	492.615172914085
2	216404	216791	387	216597.5	17.3011464534288	108.574908845568	125.876055298997	0.474075	125.401980298997	19.7318108322854	121.829114606508	141.560925438794	1.209075	140.351850438794	138.696387100127	147.520323574716	1827.88865776204
2	217111	217585	474	217348	375.364699067871	137.891479214161	513.256178282032	0.58065	512.675528282032	378.279056358256	147.084744487778	525.363800846034	1.31565	524.048150846034	567.026480425808	550.813919017419	7472.87866606667
2	221913	222046	133	221979.5	8.90346952054451	8.67197291310414	17.5754424336487	0.162925	17.4125174336487	11.4279325247916	9.40306219906376	20.8309947238554	0.897925	19.9330697238554	19.2584937861971	20.9511515972699	253.808935426395
2	227333	227485	152	227409	28.0580888115142	22.8060657793866	50.8641545909008	0.1862	50.6779545909008	30.7203497963457	25.0629327052275	55.7832825015732	0.9212	54.8620825015732	56.0505439437502	57.6641642936105	738.693744504034
2	236033	236296	263	236164.5	73.4097241878329	73.3843245600619	146.794048747895	0.322175	146.471873747895	77.8544590506879	76.645976760875	154.500435811563	1.057175	153.443260811563	161.99999116586	161.280377953782	2135.00836323772
2	241435	241626	191	241530.5	30.0369598113576	97.2803743658416	127.317334177199	0.233975	127.083359177199	31.5992369163429	101.319815168241	132.919052084583	0.968975	131.950077084583	140.556016231956	138.689429504281	1852.39683038849
2	242591	242747	156	242669	43.5175622544769	15.1047786409795	58.6223408954563	0.1911	58.4312408954563	46.4740189278999	16.9406517364428	63.4146706643428	0.9261	62.4885706643428	64.6257896937038	65.6801754683341	851.70746296915
2	246681	246867	186	246774	76.6262770495724	45.0490398108264	121.675316860399	0.22785	121.447466860399	83.8472712266248	47.9523972624133	131.799668489038	0.96285	130.836818489038	134.322638572673	137.519311207132	1770.24674298409
2	251013	251754	741	251383.5	531.793706616408	502.799931517283	1034.59363813369	0.907725	1033.68591313369	533.33538402328	504.399408077114	1037.73479210039	1.642725	1036.09206710039	1143.27143164808	1089.01048695828	15067.2481550962
2	255848	256248	400	256048	114.671919494487	124.727272134299	239.399191628786	0.49	238.909191628786	122.104410572073	135.452414958404	257.556825530477	1.225	256.331825530477	264.236989279742	269.423977856595	3482.3963750184
2	258035	258298	263	258166.5	72.2946405292724	200.946755145398	273.24139567467	0.322175	272.91922067467	73.98341578044	206.296276748694	280.279692529134	1.057175	279.222517529134	301.852568735406	293.483812336394	3978.13452998935
2	269675	270152	477	269913.5	155.046727805708	210.470415577106	365.517143382815	0.584325	364.932818382815	159.970355650435	213.337673557727	373.308029208162	1.319325	371.988704208162	403.620926266728	390.988033569663	5319.34629721646
2	288076	288686	610	288381	431.034283235682	511.01231116568	942.046594401362	0.74725	941.299344401362	438.135179172762	520.822167403218	958.95734657598	1.48225	957.47509657598	1041.09056281969	1006.37815333413	13720.5998748
2	289157	289302	145	289229.5	36.1637700235666	28.0534888789258	64.2172589024924	0.177625	64.0396339024924	52.3076334368627	41.2604953315669	93.5681287684296	0.912625	92.6555037684296	70.8287527223486	97.3878851911383	933.456713988874
2	291976	292477	501	292226.5	273.111497578314	230.268525437786	503.3800230161	0.613725	502.7662980161	274.789472987752	233.487978257027	508.277451244779	1.348725	506.928726244779	556.066729761974	532.820119514993	7328.43940308962
2	294115	294195	80	294155	9.85645555462948	14.2063918067487	24.0628473613782	0.098	23.9648473613782	13.5438015169431	20.1864041702655	33.7302056872086	0.833	32.8972056872086	26.5054645748345	34.5774310243053	349.317232251172
2	296114	296271	157	296192.5	45.2346370909168	39.2925241719875	84.5271612629043	0.192325	84.3348362629043	47.0549104149933	42.3177798371682	89.3726902521615	0.927325	88.4453652521615	93.2755373436406	92.9627137789161	1229.28434057922
2	297820	298205	385	298012.5	137.469885392576	121.276022712015	258.745908104591	0.471625	258.274283104591	139.153860714086	125.34826303374	264.502123747826	1.206625	263.295498747826	285.655057935067	276.743320801346	3764.66648734637
2	301314	302036	722	301675	1101.16826248923	1757.54964328573	2858.71790577496	0.88445	2857.83345577496	1105.77089503811	1759.41201599284	2865.18291103095	1.61945	2863.56346103095	3160.80475208434	3009.82001325476	41656.4502979043
2	306010	306228	218	306119	39.8147165193108	105.776649853774	145.591366373085	0.26705	145.324316373085	40.6145047984936	109.091501274958	149.706006073451	1.00205	148.703956073451	160.73077626593	156.299013145982	2118.28129796694
2	307100	307570	470	307335	57.4560579872157	168.639128610434	226.09518659765	0.57575	225.51943659765	67.0325176451571	176.201417785842	243.233935430999	1.31075	241.923185430999	249.427728353029	254.279416220241	3287.22416726481
2	308068	308269	201	308168.5	28.6493801461989	6.08971075589783	34.7390909020967	0.246225	34.4928659020967	36.2194692073007	8.99306820748471	45.2125374147854	0.981225	44.2313124147854	38.1496039372213	46.4904274447668	502.776098159064
2	311490	311689	199	311589.5	82.0374977486741	67.0928167614795	149.130314510154	0.243775	148.886539510154	84.4305626785469	75.8772880259316	160.307850704478	0.978775	159.329075704478	164.67064609875	167.466810941941	2170.20509736102
2	315185	315500	315	315342.5	39.0283280437553	54.2791045451507	93.307432588906	0.385875	92.921557588906	44.7081448066086	58.4923428005654	103.200487607174	1.120875	102.079612607174	102.772574169634	107.293330548278	1354.44640326547
2	318027	318180	153	318103.5	28.9239761220223	39.0621275484269	67.9861036704492	0.187425	67.7986786704492	30.1337583927841	39.9511145204118	70.0848729131958	0.922425	69.1624479131958	74.986310099195	72.6949211105947	988.249431607727
2	321657	321808	151	321732.5	14.1779922229418	36.0248720591024	50.2028642820442	0.184975	50.0178892820442	15.1406781148763	38.6123341401044	53.7530122549806	0.919975	52.8330372549806	55.3205022540554	55.5314855267166	729.072477849676
2	323857	324393	536	324125	293.510298635924	392.221552032377	685.731850668301	0.6566	685.075250668301	295.513969272331	396.160994300244	691.674963572575	1.3916	690.283363572575	757.703043706774	725.539598046677	9985.8174282762
2	326171	326331	160	326251	20.5959981677064	37.0229574322611	57.6189555999675	0.196	57.4229555999675	25.0987321805897	45.0391399559078	70.1378721364975	0.931	69.2068721364975	63.5106117091373	72.7416143018532	837.010460170486
2	326743	326923	180	326833	37.7584466537401	22.8640649294148	60.6225115831549	0.2205	60.4020115831549	43.3331649568008	29.1851722942185	72.5183372510193	0.9555	71.5628372510193	66.8054903135417	75.2179103744622	880.433878441258
2	331540	331787	247	331663.5	165.8013701975	104.360870601877	270.162240799377	0.302575	269.859665799377	168.883225033225	105.833749016991	274.716974050217	1.037575	273.679399050217	298.468657202861	287.657578987377	3933.53774099914
2	332538	332710	172	332624	77.3787660219217	89.7975840253857	167.176350047307	0.2107	166.965650047307	88.0564095421237	94.3941166636596	182.450526205783	0.9457	181.504826205783	184.66640140906	190.775188275315	2433.73045010662
2	336953	337088	135	337020.5	77.8932584820862	87.4548183583823	165.348076840468	0.165375	165.182701840468	82.2894940556934	100.771223207801	183.060717263494	0.900375	182.160342263494	182.694435144368	191.464184826765	2407.74177913916
2	338416	338656	240	338536	185.855676303649	231.814102787505	417.669779091154	0.294	417.375779091154	189.364624880359	242.681543526247	432.046168406606	1.029	431.017168406606	461.6235922672	453.031377575807	6083.76718458741
2	339404	339517	113	339460.5	17.5727424732163	20.1329049542912	37.7056474275075	0.138425	37.5672224275075	22.4853704791441	25.7017233438145	48.1870938229587	0.873425	47.3136688229587	41.5498863068896	49.7302152586411	547.588639470742
2	340845	340961	116	340903	14.6452853748073	19.4950143025149	34.1402996773222	0.1421	33.9981996773222	20.6203978101321	24.4234420768987	45.0438398870308	0.8771	44.1667398870308	37.6024960045308	46.4225568740645	495.565727322117
2	341294	341968	674	341631	252.940093188228	299.762907004574	552.703000192802	0.82565	551.877350192802	291.240031906456	339.594623274755	630.834655181211	1.56065	629.274005181211	610.384257183419	661.414185643192	8044.29361073861
2	342184	342567	383	342375.5	140.58413975349	121.095325360116	261.679465113606	0.469175	261.210290113606	205.54788771626	190.097014147267	395.644901863527	1.204175	394.440726863527	288.902323757186	414.58679366204	3807.46241367938
2	344156	344338	182	344247	58.556041867062	21.188789480409	79.744831347471	0.22295	79.521881347471	61.8958929218787	22.6989673489034	84.5948602707821	0.95795	83.6369102707821	87.9523402421692	87.9086668780034	1159.12958162514
2	347347	347780	433	347563.5	151.933373431605	129.672599661019	281.605973092624	0.530425	281.075548092625	153.90564452817	131.319275529149	285.224920057319	1.265425	283.959495057319	310.873583731969	298.462731071981	4097.02307019203
2	350741	351094	353	350917.5	278.191623129582	373.724423105951	651.916046235533	0.432425	651.483621235533	281.878869093361	375.444497898427	657.323366991788	1.167425	656.155941991788	720.550220218481	689.669117831213	9496.17796413455
2	356612	356806	194	356709	60.3095161700714	106.305642101445	166.615158271517	0.23765	166.377508271517	62.4662845628463	112.280954533839	174.747239096686	0.97265	173.774589096686	184.015908177531	182.650129175074	2425.15755772836
2	360357	360594	237	360475.5	96.0351926138556	124.008182672484	220.043375286339	0.290325	219.753050286339	97.670868643187	130.636285538299	228.307154181486	1.025325	227.281829181486	243.050022465965	238.890252452551	3203.17196880999
2	362644	362819	175	362731.5	30.9686461575874	27.8312921351968	58.7999382927842	0.214375	58.5855632927842	33.4620096175952	29.9881605265063	63.4501701441015	0.949375	62.5007951441015	64.7964724764396	65.6930243136033	853.956902404171
2	369833	369931	98	369882	15.0924788212321	31.3071411969764	46.3996200182085	0.12005	46.2795700182085	19.3166169169107	35.8929739920554	55.2095909089661	0.85505	54.3545409089661	51.1858675817435	57.1307000055734	674.581860036736
2	370993	371414	421	371203.5	101.797808163301	163.798399550834	265.596207714135	0.515725	265.080482714135	116.037399483514	176.087919449149	292.125318932663	1.250725	290.874593932663	293.182812229499	305.731018739388	3863.8752481577
2	375913	376251	338	376082	27.1780017091027	81.5697046041359	108.747706313239	0.41405	108.333656313239	31.0219453764927	90.3729755930798	121.394920969572	1.14905	120.245870969572	119.818576199256	126.38743086391	1579.09676670747
2	378749	379034	285	378891.5	264.644821656603	195.207339255964	459.852160912566	0.349125	459.503035912566	267.942673326916	201.014154157672	468.956827484588	1.084125	467.872702484588	508.216941954644	491.76930868042	6697.82395420849
2	379989	380197	208	380093	127.444932307261	147.250042065358	274.69497437262	0.2548	274.44017437262	136.017306679972	157.696488973723	293.713795653696	0.9898	292.723995653696	303.534765319137	307.674878684614	4000.30430758644
2	381172	381299	127	381235.5	20.530999120261	4.07564027189937	24.6066393921603	0.155575	24.4510643921603	40.5209061701721	12.6536145625439	53.174520732716	0.890575	52.283945732716	27.0432275779007	54.9543491456617	356.404445656084
2	382955	383050	95	383002.5	12.2913198719364	17.0659499002108	29.3572697721472	0.116375	29.2408947721472	19.3183168919977	23.271258962027	42.5895758540248	0.851375	41.7382008540248	32.340848611816	43.8699801688567	426.222135961346
2	389906	389992	86	389949	5.69751650346538	4.46613454924479	10.1636510527102	0.10535	10.0583010527102	11.8464263918059	12.1514219221269	23.9978483139327	0.84035	23.1574983139327	11.124625090051	24.340267932143	146.612153705773
2	391570	391784	214	391677	6.19580920103573	24.4349419083698	30.6307511094055	0.26215	30.3686011094055	10.1508512402901	40.4329074597844	50.5837587000745	0.99715	49.5866087000745	33.588107979768	52.119245578439	442.659847855896
2	392410	392822	412	392616	342.992073485462	314.013198167982	657.005271653444	0.5047	656.500571653444	361.309605043868	321.796584103239	683.106189147108	1.2397	681.866489147108	726.099039268751	716.692831617515	9569.30620934718
2	393208	393393	185	393300.5	140.854035798191	80.223124338135	221.077160136326	0.226625	220.850535136326	152.388666759327	83.962469538405	236.351136297732	0.961625	235.389511297732	244.263856435949	247.412034570067	3219.16916522246
2	400922	401132	210	401027	61.8261939433103	71.5016521504378	133.327846093748	0.25725	133.070596093748	62.1313894707003	73.4643233876871	135.595712858387	0.99225	134.603462858387	147.17798605299	141.478337001378	1939.66819903035
2	407289	407556	267	407422.5	218.383599610186	134.738825415987	353.122425026173	0.327075	352.795350026173	221.81894926548	137.421586100398	359.240535365878	1.062075	358.178460365878	390.196712346066	376.472431289464	5142.42771355332
2	408628	408789	161	408708.5	69.0230884735406	34.5437937641567	103.566882237697	0.197225	103.369657237697	86.2539359571938	44.2885509557145	130.542486912908	0.932225	129.610261912908	114.328322092389	136.230108233123	1506.74035267247
2	410766	410945	179	410855.5	72.4047389157916	56.6563697065675	129.061108622359	0.219275	128.841833622359	75.3987950381985	57.2510609914262	132.649856029625	0.954275	131.695581029625	142.500914165546	138.421935059009	1878.02876606931
2	418173	418388	215	418280.5	70.3676687688508	42.7218739152099	113.089542684061	0.263375	112.826167684061	74.4695086567975	45.8979273704641	120.367436027262	0.998375	119.369061027262	124.787358148741	125.46583783896	1644.58066544665
2	419300	420036	736	419668	142.428612722923	147.793934094675	290.222546817598	0.9016	289.320946817598	143.885591371047	151.118385375174	295.003976746221	1.6366	293.367376746221	319.993112870401	308.351120477326	4217.20993464321
2	423354	423532	178	423443	57.4920574596471	48.3616912642506	105.853748723898	0.21805	105.635698723898	67.2748140943268	60.2107176179543	127.485531712281	0.95305	126.532481712281	116.834596446315	132.995130356672	1539.77070451195
2	426870	427009	139	426939.5	44.8087433323473	45.6400311499074	90.4487744822547	0.170275	90.2784994822547	53.4653164711336	59.0775342246436	112.542850695777	0.905275	111.637575695777	99.8493140312039	117.339466763353	1315.9205687975
2	429297	429477	180	429387	28.1326877182747	35.6055782038119	63.7382659220866	0.2205	63.5177659220866	29.8841620505935	37.0783566203915	66.962518670985	0.9555	66.007018670985	70.251559258155	69.378328266448	925.849843986036
2	431257	432000	743	431628.5	536.506637548877	607.493997236219	1144.0006347851	0.910175	1143.0904597851	541.009271563225	609.677265240645	1150.68653680387	1.645175	1149.04136180387	1264.27442790617	1207.72866879985	16661.9544703783
2	435723	435962	239	435842.5	110.72167738489	138.919264152076	249.640941536965	0.292775	249.348166536965	112.878545776199	140.376442797268	253.254988573468	1.027775	252.227213573468	275.782645108631	265.109722774431	3634.55732006749
2	436793	436867	74	436830	15.5246724874771	5.63251745601993	21.1571899434971	0.09065	21.0665399434971	19.3638162252096	6.7218014926713	26.0856177178809	0.82565	25.2599677178809	23.2998950407079	26.5501209964717	307.070823994932
2	441353	441474	121	441413.5	17.2429473063315	8.87336996165054	26.116317267982	0.148225	25.968092267982	18.3793306527472	9.73585732198452	28.1151879747317	0.883225	27.2319629747317	28.7210821461059	28.6228359444324	378.516999549664
2	444747	444931	184	444839	45.6120315602386	65.5070400008794	111.119071561118	0.2254	110.893671561118	47.5793027300763	70.1036726376878	117.682975367764	0.9604	116.722575367764	122.649989745961	122.684182879625	1616.41214900159
2	447387	447580	193	447483.5	41.2368956774175	32.4808239967724	73.7177196741898	0.236425	73.4812946741898	43.7771584501206	35.000687068431	78.7778455185516	0.971425	77.8064205185516	81.271364825739	81.7803847630255	1071.08057442452
2	449295	449678	383	449486.5	368.481499940466	253.646882830296	622.128382770762	0.469175	621.659207770762	372.117046661892	254.157175352011	626.274222013903	1.204175	625.070047013903	687.563991571363	656.995510241357	9061.4503229388
2	451953	452624	671	452288.5	709.722699084816	600.041506451726	1309.76420553654	0.821975	1308.94223053654	722.296614815338	612.690221086078	1334.98683590142	1.556975	1333.42986090142	1447.70886285319	1401.53481360866	19079.4487547867
2	453399	453587	188	453493	24.2988439028725	52.3648325986147	76.6636765014871	0.2303	76.4333765014871	26.7284082978492	54.0113084696754	80.7397167675246	0.9653	79.7744167675246	84.5364096272153	83.8488964537135	1114.11081107657
2	454582	454807	225	454694.5	109.512495105335	41.8722863658305	151.384781471166	0.275625	151.109156471166	112.526950928787	44.5030478122845	157.029998741071	1.010625	156.019373741071	167.128892305587	163.988065894753	2202.6024831431
2	458427	458797	370	458612	136.084805690781	144.122387900817	280.207193591598	0.45325	279.753943591598	138.451171011934	146.221457139168	284.672628151101	1.18825	283.484378151101	309.411870216516	297.96334756174	4077.75905321468
2	461896	462145	249	462020.5	86.8112277901377	78.0749558193298	164.886183609468	0.305025	164.581158609468	92.6228426215035	83.8615710170628	176.484413638566	1.040025	175.444388638566	182.029119711347	184.40521375681	2398.9735440086
2	465992	466547	555	466269.5	86.4526330453078	343.143371268208	429.596004313516	0.679875	428.916129313516	98.5851552444083	356.682472854028	455.267628098436	1.414875	453.852753098436	474.387384975221	477.033290142152	6251.98203436698
2	466936	467061	125	466998.5	65.2985430563813	6.58410351062145	71.8826465670027	0.153125	71.7295215670027	92.265447859088	11.9430249761633	104.208472835251	0.888125	103.320347835251	79.3338786679709	108.597436349123	1045.54631901671
2	472060	472358	298	472209	115.83120250531	193.742660720681	309.573863225991	0.36505	309.208813225991	120.208538355891	200.291264751544	320.499803107435	1.10005	319.399753107435	341.989378092029	335.713100901658	4507.10013692161
2	473814	474321	507	474067.5	384.450365918332	544.366022370378	928.81638828871	0.621075	928.19531328871	389.862786599848	548.690458996192	938.55324559604	1.356075	937.19717059604	1026.59731664097	985.06453194166	13529.592445853
2	476025	476163	138	476094	10.4049475165346	12.8124122353799	23.2173597519145	0.16905	23.0483097519145	12.0515233861299	17.2884466395433	29.3399700256732	0.90405	28.4359200256732	25.4917608456677	29.8882851221218	335.957565228719
2	476663	477644	981	477153.5	933.079325815787	776.999013157161	1710.07833897295	1.201725	1708.87661397295	941.151907512909	782.043339233067	1723.19524674598	1.936725	1721.25852174598	1890.04202160786	1809.17182986794	24908.9860682282
2	481032	481190	158	481111	40.0327133245894	49.6292726879716	89.661986012561	0.19355	89.468436012561	41.4898919697821	51.7909410089385	93.2808329787206	0.92855	92.3522829787206	98.9533722262944	97.0691773944645	1304.11289379277
2	483486	483780	294	483633	84.6426595702881	110.91477455507	195.557434125358	0.36015	195.197284125358	86.0998382154808	116.484992924077	202.584831139558	1.09515	201.489681139558	215.890993231473	211.780770012977	2845.24136563057
2	484559	484738	179	484648.5	8.43407639945376	29.3873693310411	37.8214457304949	0.219275	37.6021707304949	8.81287084825899	30.6817503620166	39.4946212102756	0.954275	38.5403462102756	41.5885396307692	40.5087950450702	548.098054126607
2	486787	486904	117	486845.5	28.880276762432	24.9788339376865	53.8591107001185	0.143325	53.7157857001185	30.0636594200775	27.9088909979933	57.9725504180708	0.878325	57.0942254180708	59.410428679735	60.0103139473362	782.973882788104
2	488501	488803	302	488652	173.38135911352	282.963753194493	456.345112308013	0.36995	455.975162308013	175.269431444009	287.119392294017	462.388823738026	1.10495	461.283873738026	504.315063196981	484.843955394144	6646.40084165153
2	490234	491231	997	490732.5	1037.30769835941	1093.96116810848	2131.26886646789	1.221325	2130.04754146789	1039.23297014474	1099.01009411697	2138.24306426171	1.956325	2136.28673926171	2355.86310239047	2245.3976206156	31048.0722254926
2	492852	493287	435	493069.5	228.827346558119	450.661595599382	679.488942157501	0.532875	678.956067157501	230.304924904356	453.575852891233	683.880777795588	1.267875	682.612902795588	750.935139061831	717.477368355721	9896.62277514961
2	494165	494309	144	494237	15.390874448274	27.3755988133369	42.7664732616109	0.1764	42.5900732616109	16.7791541031745	29.3321701399798	46.1113242431543	0.9114	45.1999242431543	47.1052313020163	47.5085111386586	620.802890532787
2	496897	497150	253	497023.5	183.854305633536	160.272551221789	344.126856855325	0.309925	343.816931855325	186.053273407883	162.235122460504	348.288395868387	1.044925	347.243470868387	380.266453197035	364.978937018368	5011.55618584692
2	501403	501929	526	501666	457.576594260768	1703.70753233648	2161.28412659725	0.64435	2160.63977659725	465.516877896705	1730.19714413387	2195.71402203058	1.37935	2194.33467203058	2389.69855280077	2306.4103525328	31493.991815241
2	502176	502614	438	502395	19.0812203666236	59.8852223880543	78.966442754678	0.53655	78.429892754678	24.7440373786066	69.6358794931495	94.3799168717561	1.27155	93.1083668717561	86.7445852113967	97.8638782851297	1143.21249994579
2	504446	504828	382	504637	248.684555552706	152.308667931702	400.993223484409	0.46795	400.525273484409	252.855594426549	160.927741620039	413.783336046588	1.20295	412.580386046588	442.986691614646	433.6529362448	5838.1502652797
2	505428	505638	210	505533	56.8972661762538	15.0075800654149	71.9048462416687	0.25725	71.6475962416687	63.213773608469	17.2162476976116	80.4300213060806	0.99225	79.4377713060806	79.2432680842405	83.4950568196302	1044.35215627219
2	515385	515706	321	515545.5	370.123375878938	406.075149009298	776.198524888236	0.393225	775.805299888236	372.596339637902	408.332115933674	780.928455571575	1.128225	779.800230571575	858.051778218126	819.628540542281	11308.3198918887
2	526901	527141	240	527021	47.2221079647299	133.504743501334	180.726851466064	0.294	180.432851466064	50.2570634877602	139.669753153734	189.926816641494	1.029	188.897816641495	199.561319150213	198.54577582262	2630.03153455878
2	528066	528245	179	528155.5	35.7792756582931	43.6717599947244	79.4510356530175	0.219275	79.2317606530175	36.6947622419288	46.1965229945751	82.8912852365039	0.954275	81.9370102365039	87.6314625969539	86.121944420712	1154.90071438151
2	532242	532506	264	532374	116.447593472162	117.723074780111	234.170668252273	0.3234	233.847268252273	118.283366569091	118.917357278021	237.200723847112	1.0584	236.142323847112	258.638429492839	248.203297033144	3408.61259342
2	533311	533649	338	533480	227.35326816059	210.555714327062	437.908982487652	0.41405	437.494932487652	231.145912579765	214.842651502426	445.988564082192	1.14905	444.839514082192	483.875664211792	467.559699790648	6377.0286802157
2	534999	535170	171	535084.5	30.9520464008552	29.1543727455828	60.106419146438	0.209475	59.896944146438	32.0462303656986	29.6754651090263	61.7216954747249	0.944475	60.7772204747249	66.2468784914035	63.8814180388254	873.071897101102
2	536246	536405	159	536325.5	21.6131832609606	10.9864389948352	32.5996222557958	0.194775	32.4048472557958	22.9545636031658	12.6751142474682	35.629677850634	0.929775	34.699902850634	35.840225395119	36.4722009758544	472.340648960662
2	537544	537712	168	537628	125.735057365308	54.5249009430291	180.259958308337	0.2058	180.054158308337	137.732381545721	58.9589359626893	196.691317508411	0.9408	195.750517508411	199.142479091459	205.748478502262	2624.51161433
2	539733	539926	193	539829.5	33.1486142103736	20.8132949832433	53.9619091936169	0.236425	53.7254841936169	35.4212809046704	22.5333697757192	57.9546506803897	0.971425	56.9832256803897	59.4211553525142	59.8936448961749	783.115250302562
2	544547	544879	332	544713	81.7004026887685	90.5477730314409	172.248175720209	0.4067	171.841475720209	83.94646977288	94.8611098199216	178.807579592802	1.1417	177.665879592802	190.059134469169	186.74016739912	2504.80162795781
2	549135	549281	146	549208	16.5354576745213	24.3020438559775	40.8375015304988	0.17885	40.6586515304988	24.4814412269269	47.2295078562852	71.7109490832122	0.91385	70.7970990832122	44.9690511919956	74.413062116778	592.650034674869
2	549539	549682	143	549610.5	32.8844180821414	46.1912230722449	79.0756411543863	0.175175	78.9004661543863	43.2825656983279	58.7030397128232	101.985605411151	0.910175	101.075430411151	87.2650461343372	106.237859729602	1150.07168811746
2	553299	553419	120	553359	18.8459238148711	16.4811584702707	35.3270822851418	0.147	35.1800822851418	22.5381697053767	22.1620752170039	44.7002449223806	0.882	43.8182449223806	38.9096751040172	46.0562625231983	512.793125234723
2	554655	554942	287	554798.5	14.0634939009032	31.0716446481548	45.135138549058	0.351575	44.783563549058	19.6058126787757	41.5168915741056	61.1227042528813	1.086575	60.0361292528813	49.5312629905332	63.1024755702869	652.775719093994
2	555199	555963	764	555581	198.710887911808	87.9519110735383	286.662798985347	0.9359	285.726898985347	205.027595341093	100.616225479277	305.64382082037	1.6709	303.97292082037	316.018044468692	319.498342894509	4164.82225103277
2	561097	561494	397	561295.5	74.9805011682533	51.9485386993601	126.929039867613	0.486325	126.442714867613	79.6413328642309	55.7406831258628	135.382015990094	1.221325	134.160690990094	139.847454445739	141.012950552419	1843.05864877158
2	564878	565210	332	565044	231.348709607795	122.985997652503	354.334707260298	0.4067	353.928007260298	240.095881418867	125.784456641366	365.880338060233	1.1417	364.738638060233	391.449447476894	383.367670170557	5158.93759088104
2	568521	568745	224	568633	51.7584414852158	49.1354799244552	100.893921409671	0.2744	100.619521409671	52.4424314614111	49.703671597663	102.146103059074	1.0094	101.136703059074	111.286632459797	106.302261879055	1466.65372823983
2	581484	581678	194	581581	19.8525090634649	45.5805320218612	65.4330410853261	0.23765	65.1953910853261	20.9201934166575	49.6621722058325	70.5823656224899	0.97265	69.6097156224899	72.1070367274484	73.1650330257088	950.303301583357
2	582185	582408	223	582296.5	137.455685600673	138.617968567532	276.073654168205	0.273175	275.800479168205	142.148216832097	141.95341968683	284.101636518927	1.008175	283.093461518927	305.039281914911	297.552464855963	4020.13242912823
2	583504	583561	57	583532.5	15.1820775081723	7.6405880279465	22.8226655361188	0.069825	22.7528405361188	24.6583386345131	10.3749479561752	35.0332865906883	0.804825	34.2284615906883	25.1649676592087	35.9766808455801	331.65073668436
2	586216	586494	278	586355	150.436595366738	198.403392418124	348.839987784863	0.34055	348.499437784862	151.251983417308	202.554031590922	353.80601500823	1.07555	352.73046500823	385.445371850898	370.746179476744	5079.8094898067
2	589271	589385	114	589328	28.8139777340377	20.5468988872515	49.3608766212891	0.13965	49.2212266212891	38.0564422866439	29.6617653097955	67.7182075964394	0.87465	66.8435575964394	54.4393819358528	70.2575934316742	717.460136177044
2	595640	595948	308	595794	113.596035261463	101.164517444113	214.760552705576	0.3773	214.383252705576	116.673090167531	103.026990149762	219.700080317293	1.1123	218.587780317293	237.11094939762	229.752154895516	3124.90054064792
2	597158	597302	144	597230	14.1369928237838	14.3105902797305	28.4475831035143	0.1764	28.2711831035143	16.461458758968	15.7521691535362	32.2136279125043	0.9114	31.3022279125043	31.2683336112751	32.9009897327708	412.087391388994
2	600053	600497	444	600275	66.6101238352961	78.3228521864334	144.932976021729	0.5439	144.389076021729	70.0283737411855	80.8002158809162	150.828589622102	1.2789	149.549689622102	159.696387036239	157.18794254994	2104.64901539494
2	611964	612097	133	612030.5	19.8748087366654	19.3106170048388	39.1854257415042	0.162925	39.0225007415042	23.7310522238027	24.2969439307164	48.0279961545191	0.897925	47.1300711545191	43.1594449749048	49.5372403361795	568.801117277706
2	618593	618839	246	618716	109.67699269464	93.0535363097306	202.73052900437	0.30135	202.42917900437	115.893501592323	95.9944932103013	211.887994802625	1.03635	210.851644802625	223.88957259374	221.62089612854	2950.65516046822
2	620569	620821	252	620695	151.535479262705	120.032740932185	271.568220194889	0.3087	271.259520194889	157.174396624935	121.479119735648	278.653516360583	1.0437	277.609816360583	300.016916222861	291.788742428373	3953.94234677949
2	623273	623402	129	623337.5	25.1824309539926	22.934463897725	48.1168948517176	0.158025	47.9588698517176	27.4644975105354	25.4701267378396	52.934624248375	0.893025	52.041599248375	53.0431972603516	54.6996248105325	699.059728020431
2	624862	625603	741	625232.5	255.841250672055	173.559956496193	429.401207168248	0.907725	428.493482168248	261.394669287261	179.402770870333	440.797440157594	1.642725	439.154715157594	473.91993117643	461.58454966479	6245.82143051346
2	628518	629078	560	628798	241.155365892228	161.990826040643	403.146191932871	0.686	402.460191932871	252.656897338435	164.988482110293	417.645379448728	1.421	416.224379448728	445.126739144161	437.483046671611	5866.35409010931
2	633393	633644	251	633518.5	133.503943513058	167.022652299733	300.526595812791	0.307475	300.219120812791	144.632080431324	178.898278263622	323.530358694946	1.042475	322.487883694946	332.046649469407	338.958957811178	4376.06427321611
2	634816	635131	315	634973.5	460.605349874657	220.3878702378	680.993220112457	0.385875	680.607345112457	491.417798321307	228.0662577118	719.484056033106	1.120875	718.363181033106	752.761476141234	755.053592659117	9920.69218966349
2	642316	643226	910	642771	2208.84832954861	2581.51916809474	4790.36749764335	1.11475	4789.25274764335	2211.53599016121	2589.22065523022	4800.75664539143	1.84975	4798.90689539143	5296.98216426652	5044.01114627132	69809.2706008326
2	645024	645106	82	645065	23.7703516478736	5.68441669544176	29.4547683433154	0.10045	29.3543183433154	33.558308206349	7.70478708711571	41.2630952934647	0.83545	40.4276452934647	32.4662967067784	42.4924879608664	427.875424520002
2	645371	645511	140	645441	11.2868345925677	6.97369780115608	18.2605323937238	0.1715	18.0890323937238	26.4273127103749	10.6923433047781	37.119656015153	0.9065	36.213156015153	20.0067290258471	38.0627435713555	263.669976052542
2	647224	647484	260	647354	80.8675148946559	86.1077380997088	166.975252994365	0.3185	166.656752994365	86.1904368877663	87.9016118106689	174.092048698435	1.0535	173.038548698435	184.324756842309	181.87649550103	2429.22789426066
2	650085	650321	236	650203	148.000731064086	154.818931144046	302.819662208132	0.2891	302.530562208132	153.633848511313	158.589675884159	312.223524395472	1.0241	311.199424395472	334.60313677338	327.093940261982	4409.7563847725
2	651073	651378	305	651225.5	488.746037475695	150.75529069629	639.501328171985	0.373625	639.127703171985	547.385178124952	162.767214662746	710.152392787698	1.108625	709.043767787698	706.884397791807	745.258190224514	9316.0752063412
2	653126	653318	192	653222	56.4497727342255	26.73570819087	83.1854809250955	0.2352	82.9502809250955	80.8591150177552	30.1697578652154	111.028872882971	0.9702	110.058672882971	91.7441993006814	115.679921462667	1209.10273744991
2	657616	657797	181	657706.5	31.4240394838437	33.9146029848847	65.3386424687284	0.221725	65.1169174687284	35.5905784236322	36.3863667614337	71.9769451850659	0.956725	71.0202201850659	72.0202437830401	74.6475791326841	949.159451754426
2	661618	662899	1281	662258.5	1503.39946783114	1125.71080282075	2629.11027065189	1.569225	2627.54104565189	1505.57193599383	1136.60294319753	2642.17487919136	2.304225	2639.87065419136	2906.09804662009	2774.70209252094	38299.6541497974
2	664739	665086	347	664912.5	102.989190703709	139.052362201537	242.041552905246	0.425075	241.616477905246	103.994075977216	144.123387886163	248.117463863378	1.160075	246.957388863378	267.231286694308	259.570741678108	3521.85841434391
2	666412	666684	272	666548	181.709937059043	425.751560653453	607.461497712496	0.3332	607.128297712496	184.056102676221	433.087553145217	617.143655821437	1.0682	616.075455821437	671.492596832994	647.541520151548	8849.64437203487
2	668444	668790	346	668617	29.650565473928	124.01318259921	153.663748073138	0.42385	153.239898073138	36.3399674414111	169.682413321201	206.022380762612	1.15885	204.863530762612	169.485523048841	215.326939062614	2233.66067215719
2	670297	670514	217	670405.5	82.0121981194377	96.981678743196	178.993876862634	0.265825	178.728051862634	85.1940514896947	100.462827727306	185.656879217	1.000825	184.656054217001	197.675786360685	194.087365310524	2605.18197595183
2	675195	675275	80	675235	11.9535248222891	11.0330383119268	22.9865631342159	0.098	22.8885631342159	21.8040804633812	21.6146832389786	43.4187637023598	0.833	42.5857637023598	25.315078797478	44.7608323040112	333.629061086192
2	679189	679470	281	679329.5	41.6959889494515	118.329165897907	160.025154847358	0.344225	159.680929847358	44.5992464025038	127.844826446853	172.444072849357	1.079225	171.364847849357	176.609396484901	180.117310352765	2327.54666100928
2	680037	680820	783	680428.5	593.843297285862	860.630687543336	1454.4739848292	0.959175	1453.5148098292	601.584283842478	888.409380449369	1489.99366429185	1.694175	1488.29948929185	1607.6082071365	1564.31441088954	21186.77255687
2	681920	682303	383	682111.5	56.5745709053208	102.07540409516	158.649975000481	0.469175	158.180800000481	62.3327865192467	112.386652984839	174.719439504086	1.204175	173.515264504086	174.950231378842	182.37755957452	2305.68041674632
2	683132	683323	191	683227.5	60.8713079370692	62.1917885855574	123.063096522627	0.233975	122.829121522627	70.4215679789633	68.2130003453011	138.634568324264	0.968975	137.665593324264	135.850768426876	144.696865832611	1790.38606518625
2	684803	684943	140	684873	41.775487784404	19.2499178943782	61.0254056787822	0.1715	60.8539056787822	44.8261430773557	20.3018024791148	65.1279455564706	0.9065	64.2214455564706	67.3052916585121	67.5015569748977	887.020792698412
2	686637	686838	201	686737.5	57.4140586027125	65.2141442932367	122.628202895949	0.246225	122.381977895949	62.1374893813068	69.1534865625697	131.290975943876	0.981225	130.309750943876	135.356221168634	136.965323678183	1783.86839487797
2	691735	691892	157	691813.5	35.380381504047	31.0852444488511	66.4656259528981	0.192325	66.2733009528981	36.6325631534502	32.3374260982542	68.9699892517044	0.927325	68.0426642517044	73.2992204863919	71.5179444796458	966.015168463983
2	697384	698211	827	697797.5	562.459757208503	896.562460966789	1459.02221817529	1.013075	1458.00914317529	563.453842640281	900.328205780176	1463.78204842046	1.748075	1462.03397342046	1612.57900421675	1536.7073833506	21252.2830131478
2	700104	700325	221	700214.5	28.2654857721325	50.9839528352695	79.249438607402	0.270725	78.978713607402	29.0809738212367	53.0720222348213	82.152996056058	1.005725	81.147271056058	87.3515889385831	85.2918692982624	1151.21224133301
2	701925	703380	1455	702652.5	1554.87231350173	1650.65550980857	3205.5278233103	1.782375	3203.7454483103	1562.90769574401	1659.87377471582	3222.78147045982	2.517375	3220.26409545982	3543.38837241367	3384.73913862248	46698.5445792836
2	704110	704515	405	704312.5	238.396706320108	62.2742873765458	300.670993696654	0.496125	300.174868696654	245.3650042004	65.7035371212337	311.068541321633	1.231125	309.837416321633	331.99770599487	325.662367602727	4375.41924399906
2	704908	705029	121	704968.5	25.4406271701528	7.4572907141503	32.8979178843031	0.148225	32.7496928843032	32.9783167060665	10.3294486229634	43.3077653290298	0.883225	42.4245403290298	36.2216296015535	44.5913744441606	477.367199670025
2	706797	707395	598	707096	276.994840668309	193.775560238542	470.770400906851	0.73255	470.037850906851	284.869025272921	198.57298993269	483.442015205611	1.46755	481.974465205611	519.868598292061	506.591319171021	6851.38188681658
2	711336	711545	209	711440.5	40.1356118166223	36.3035679748416	76.439179791464	0.256025	76.183154791464	41.3141945446103	37.8765449230217	79.1907394676321	0.991025	78.1997144676321	84.2596608304939	82.1937662072098	1110.4635207819
2	714543	714689	146	714616	23.8068511129776	23.7500519453637	47.5569030583413	0.17885	47.3780530583413	25.7271229715855	26.5486109327616	52.2757339043471	0.91385	51.3618839043471	52.4008055643329	53.9851929938075	690.593606302745
2	716525	716793	268	716659	57.9236511346849	56.3871736516088	114.310824786294	0.3283	113.982524786294	59.5497273047012	59.2811312409497	118.830858545651	1.0633	117.767558545651	126.066305673293	123.782538591004	1661.43599760691
2	718098	719151	1053	718624.5	254.574869230749	576.650949238003	831.225818468752	1.289925	829.935893468752	256.373442872832	581.200782560651	837.574225433482	2.024925	835.549300433482	917.920990357377	878.224995090662	12097.3401115681
2	721147	721302	155	721224.5	33.9448025423132	26.5381110866358	60.482913628949	0.189875	60.293038628949	45.2849363537862	32.4022251486306	77.6871615024168	0.924875	76.7622865024168	66.6849646647126	80.6829215843498	878.845463118622
2	722417	722582	165	722499.5	25.0814324341158	29.7922633973591	54.8736958314749	0.202125	54.6715708314749	31.4669388551577	35.6518775253	67.1188163804577	0.937125	66.1816913804577	60.4675407304942	69.5619223875125	796.905630888878
2	723043	723249	206	723146	97.7920668670391	45.4370341248085	143.229100991848	0.25235	142.976750991848	111.223670028238	52.1734354035214	163.397105431759	0.98735	162.409755431759	158.134335315934	170.704836438418	2084.06263472504
2	727129	727261	132	727195	18.0273358111964	16.9657513686102	34.9930871798066	0.1617	34.8313871798066	20.3154022798111	19.9377078148857	40.2531100946968	0.8967	39.3564100946968	38.5240133210519	41.3665394061961	507.710463648841
2	728189	728366	177	728277.5	18.1795335807533	33.5057089771855	51.6852425579388	0.216825	51.4684175579388	24.8860352976413	38.0661421444934	62.9521774421347	0.951825	62.0003524421347	56.9248073118661	65.1670214921661	750.215717987903
2	728639	728790	151	728714.5	37.5525496711398	11.0439381521908	48.5964878233305	0.184975	48.4115128233305	50.0640663161145	15.7456692487917	65.8097355649062	0.919975	64.8897605649062	53.5438268728927	68.2040061836971	705.657558069481
2	730181	730310	129	730245.5	22.0929762296426	21.3871865729195	43.4801628025621	0.158025	43.3221378025621	31.1720431768244	29.6976647836923	60.8697079605167	0.893025	59.9766829605167	47.9149051740871	63.0399930575339	631.473634870028
2	734630	734827	197	734728.5	38.4544364540792	83.865570958444	122.320007412523	0.241325	122.078682412523	49.0357813855273	97.2343750399571	146.270156425484	0.976325	145.293831425484	135.020772018033	152.714716323921	1779.44748882223
2	735532	735714	182	735623	22.05937672204	51.4824455299089	73.541822251949	0.22295	73.318872251949	35.1666846357533	66.6186237107313	101.785308346485	0.95795	100.827358346485	81.0917232993839	105.977117380036	1068.7130671278
2	736028	736298	270	736163	200.546661008737	215.381443606482	415.928104615219	0.33075	415.597354615219	208.857639212183	225.742591764892	434.600230977074	1.06575	433.534480977074	459.656629313709	455.677261928406	6057.84445258192
2	738179	738565	386	738372	177.832093888447	177.191303279169	355.023397167616	0.47285	354.550547167616	185.483781753727	188.909231554102	374.393013307829	1.20785	373.185163307829	392.137985534785	392.245601838089	5168.01187848701
2	739665	739800	135	739732.5	50.9718530125912	21.938378495257	72.9102315078482	0.165375	72.7448565078482	63.961862645299	27.0347038091191	90.9965664544181	0.900375	90.0961914544181	80.4568536613164	94.697855957385	1060.34607909845
2	741105	741298	193	741201.5	78.6609472316843	66.8589201892104	145.519867420895	0.236425	145.283442420895	86.2660357798721	73.6075212891361	159.873557069008	0.971425	158.902132069008	160.685569089124	167.018061153066	2117.68550965939
2	741679	741824	145	741751.5	59.8483229288122	14.9181813755437	74.766504304356	0.177625	74.588879304356	66.6064238895184	20.7452959797619	87.3517198692803	0.912625	86.4390948692803	82.4963692973223	90.8539731022831	1087.22498760017
2	742576	742765	189	742670.5	45.1091389300798	70.0922728047512	115.201411734831	0.231525	114.969886734831	49.54317394974	77.6612618819731	127.204435831713	0.966525	126.237910831713	127.158342136319	132.685514263395	1675.8280167962
2	744436	744842	406	744639	146.548652344155	83.0974822147078	229.646134558862	0.49735	229.148784558862	152.618263394612	87.8415126914155	240.459776086027	1.23235	239.227426086027	253.441839203186	251.445970921112	3340.12639382898
2	747831	747966	135	747898.5	15.2146770304296	24.9720340373383	40.1867110677679	0.165375	40.0213360677679	17.902137645963	28.7172791511457	46.6194167971087	0.900375	45.7190417971087	44.2641711580993	48.0541426304647	583.360375109968
2	749403	749534	131	749468.5	28.7190791247673	25.6434241981827	54.36250332295	0.160475	54.20202832295	34.4582950171323	32.6491215303888	67.1074165475211	0.895475	66.2119415475211	59.9482199879744	69.5937175823704	790.061469228724
2	757259	757384	125	757321.5	21.0160920112732	13.362204178234	34.3782961895071	0.153125	34.2251711895071	24.7518372643	16.8183535287108	41.5701907930109	0.888125	40.6820657930109	37.8535297492902	42.7599029917317	498.874117283493
2	760158	760306	148	760232	36.9462585562754	36.4774654263919	73.4237239826673	0.1813	73.2424239826673	41.8324869490869	40.4751068413567	82.3075937904436	0.9163	81.3912937904436	81.0071704181284	85.5483554979357	1067.59873923607
2	760894	761190	296	761042	54.0571077984908	34.6676919484412	88.724799746932	0.3626	88.362199746932	56.6190702531873	37.7761463943521	94.3952166475394	1.0976	93.2976166475394	97.72985906521	98.0627939964133	1287.98813469465
2	767674	767854	180	767764	32.5359231892992	62.6978811688212	95.2338043581204	0.2205	95.0133043581204	43.7649586289077	73.5111227018478	117.276081330756	0.9555	116.320581330756	105.086076069099	122.261656990374	1384.93619445729
2	770736	770856	120	770796	10.7473424987704	28.9509757263458	39.6983182251162	0.147	39.5513182251162	29.0221746829322	51.9000394101124	80.9222140930446	0.882	80.0402140930446	43.7443246892241	84.1282693821316	576.509284868168
2	773576	773765	189	773670.5	62.7208808317634	10.2588496575841	72.9797304893475	0.231525	72.7482054893475	67.6336088362258	11.4266325438427	79.0602413800685	0.966525	78.0937163800685	80.4605576828424	82.0823542655304	1060.39489463775
2	774526	774646	120	774586	17.7596397342556	11.2215355495187	28.9811752837743	0.147	28.8341752837743	21.8680795254813	14.5084873795683	36.3765669050496	0.882	35.4945669050496	31.8910110297776	37.307452510295	420.293697367992
2	776329	776449	120	776389	35.5486790376635	11.883325851048	47.4320048887115	0.147	47.2850048887115	42.2704805303348	15.285875987016	57.5563565173508	0.882	56.6743565173508	52.2978929554318	59.5690002354077	689.237314372695
2	784705	784849	144	784777	20.7881953510759	16.1122638763841	36.90045922746	0.1764	36.72405922746	27.3101997717533	23.4796559079906	50.7898556797439	0.9114	49.8784556797439	40.6173357259217	52.425998647533	535.298495038139
2	786460	786614	154	786537	37.041957153822	34.1042002063563	71.1461573601784	0.18865	70.9575073601784	45.0583396745378	42.2420809465279	87.3004206210657	0.92365	86.3767706210657	78.4800198930041	90.7884656420363	1034.29325898591
2	786900	786962	62	786931	15.0445795231915	6.68880197627591	21.7333814994674	0.07595	21.6574314994674	24.3175436288298	15.1197784211592	39.437322049989	0.81095	38.626372049989	23.9534295685173	40.5992146560026	315.68379781361
2	788757	788858	101	788807.5	9.02976766965776	14.504287441118	23.5340551107757	0.123725	23.4103301107757	13.4313031655952	19.095020164389	32.5263233299842	0.858725	31.6675983299842	25.8921605499708	33.2850214505056	341.234458833298
2	792578	792715	137	792646.5	28.2859854717115	30.303455905884	58.5894413775955	0.167825	58.4216163775955	36.1643700147738	41.6215900397601	77.7859600545339	0.902825	76.8831350545339	64.6151448390396	80.8099424783111	851.567173740923
2	798985	799120	135	799052.5	46.2380223864057	37.9851433315229	84.2231657179286	0.165375	84.0577907179286	59.5922266818771	52.2538342252847	111.846060907162	0.900375	110.945685907162	92.9691210011021	116.612238692077	1225.24605977906
2	804940	805165	225	805052.5	95.1737052388669	174.054749245055	269.228454483922	0.275625	268.952829483922	98.5452558291302	182.828420667778	281.373676496908	1.010625	280.363051496908	297.465683243878	294.682599095871	3920.31948231204
3	13030	13205	175	13117.5	37.6872476971537	38.6497335920191	76.3369812891728	0.214375	76.1226062891728	40.4591070758317	46.6440164366035	87.1031235124351	0.949375	86.1537485124351	84.1926933193582	90.5540526754339	2292.41150091229
3	13566	13773	207	13669.5	28.2221864066804	73.519822574352	101.742008981032	0.253575	101.488433981032	29.8735622059332	75.8549883527311	105.728550558664	0.988575	104.739975558664	112.247662214402	110.089571582529	3056.29647497747
3	38902	39251	349	39076.5	82.2909940337114	100.184131811567	182.475125845278	0.427525	182.047600845278	105.661451541994	121.624617603391	227.286069145385	1.162525	226.123544145385	201.347255101425	237.672807988633	5482.3137860765
3	39470	39642	172	39556	30.8058485433701	35.6114781173493	66.4173266607194	0.2107	66.2066266607194	58.8409376919421	64.2099590094716	123.050896701414	0.9457	122.105196701414	73.225477763864	128.341721688965	1993.79448224734
3	40736	41276	540	41006	180.992747569383	136.239103429563	317.231850998946	0.6615	316.570350998946	186.598865412287	147.551537646971	334.150403059258	1.3965	332.753903059258	350.131344352654	349.749314288224	9533.42967161447
3	41889	42041	152	41965	26.3211142667025	33.0064162942698	59.3275305609723	0.1862	59.1413305609723	33.1701138952978	38.9600290446703	72.1301429399681	0.9212	71.2089429399681	65.4111590386646	74.8459409054862	1781.02501958754
3	44471	44537	66	44504	5.96421259506083	6.60570319408025	12.5699157891411	0.08085	12.4890657891411	7.8737846104739	10.156651155293	18.0304357657669	0.81585	17.2145857657669	13.8130857190579	18.0938210250251	376.104805738232
3	48494	48581	87	48537.5	5.45272009093233	24.9803339157045	30.4330540066368	0.106575	30.3264790066368	9.38736242914232	37.405651823913	46.7930142530553	0.841575	45.9514392530553	33.5415203305366	48.298409790406	913.273633759931
3	50336	50444	108	50390	5.55771855219038	30.1820576849628	35.7397762371532	0.1323	35.6074762371532	18.089734896744	70.8608615411601	88.9505964379041	0.8673	88.0832964379041	39.3823789390849	92.5821522938443	1072.30942322742
3	52406	52541	135	52473.5	26.1136173075497	4.41673527318624	30.5303525807359	0.165375	30.3649775807359	43.7934582112492	7.1573951090904	50.9508533203396	0.900375	50.0504783203396	33.5841003051377	52.6068073474078	914.433007805773
3	56625	56811	186	56718	45.7300298309858	65.4019415410868	111.131971372073	0.22785	110.904121372073	46.976211568317	68.4430969732581	115.419308541575	0.96285	114.456458541575	122.661547386612	120.302324098196	3339.84732953203
3	58841	58969	128	58905	32.273227039085	40.8563012549907	73.1295282940757	0.1568	72.9727282940757	42.4046785636761	49.9963673082367	92.4010458719127	0.8918	91.5092458719127	80.708883122067	96.1830821531621	2197.55378525552
3	61230	61634	404	61432	104.077174759411	120.540033497863	224.617208257274	0.4949	224.122308257274	106.118144849199	123.443490947984	229.561635797183	1.2299	228.331735797183	247.882484389072	239.99378306641	6749.38211006923
3	63277	63352	75	63314.5	12.9243105955206	14.0130946394993	26.93740523502	0.091875	26.84553023502	20.8544943794703	22.7999658687802	43.6544602482504	0.826875	42.8275852482504	29.6915411104897	45.0150048894499	808.445812076743
3	65278	66112	834	65695	1825.50174745444	2340.53409970682	4166.03584716126	1.02165	4165.01419716126	1835.95179431005	2354.19389952382	4190.14569383387	1.75665	4188.38904383386	4606.56538269693	4402.31108511545	125428.265169548
3	67678	68823	1145	68250.5	1503.93445999088	2155.78990711449	3659.72436710537	1.402625	3658.32174210537	1507.53730719151	2173.27355089344	3680.81085808495	2.137625	3678.67323308495	4046.1562669909	3866.56153070812	110169.360252615
3	71391	71818	427	71604.5	10.9648393113764	89.5709873461374	100.535826657514	0.523075	100.012751657514	13.4426029999973	100.96782032669	114.410423326687	1.258075	113.152348326687	110.615536419486	118.931606432016	3011.85670478258
3	72975	73085	110	73030	4.33843642064809	3.98594158642464	8.32437800707273	0.13475	8.18962800707273	13.9210959877304	11.3230340620681	25.2441300497985	0.86975	24.3743800497985	9.05784592529345	25.6193019232578	246.628411017467
3	74623	74704	81	74663.5	7.76118626059146	10.4385470241372	18.1997332847287	0.099225	18.1005082847287	11.2795346995469	13.2102064057461	24.489741105293	0.834225	23.655516105293	20.0194215257369	24.8637219906235	545.091864125678
3	76940	77375	435	77157.5	278.281921806264	231.63370543121	509.915627237474	0.532875	509.382752237474	286.337803748119	248.276061539145	534.613865287265	1.267875	533.345990287265	563.384622938221	560.58664576543	15339.9224818926
3	78859	79002	143	78930.5	5.3163220898314	18.9395224431925	24.2558445330239	0.175175	24.0806695330239	19.8960084259861	43.3015654198889	63.1975738458749	0.910175	62.2873988458749	26.6335655562947	65.4687287958342	725.182787061562
3	81048	81559	511	81303.5	170.68249866505	462.159427099811	632.841925764861	0.625975	632.215950764861	193.526063894886	485.380386798969	678.906450693855	1.360975	677.545475693855	699.239900590782	712.151122329025	19039.0107123763
3	93808	94423	615	94115.5	1962.90083388457	886.924202214508	2849.82503609907	0.753375	2849.07166109907	1981.44016219256	890.342552118932	2871.7827143115	1.488375	2870.2943393115	3151.11408162475	3016.89467125737	85799.0150523232
3	95147	96242	1095	95694.5	1622.94751586645	430.836686131448	2053.7842019979	1.341375	2052.4428269979	1637.76489871918	434.076738648802	2071.84163736799	2.076375	2069.76526236799	2270.03117618594	2175.47855816397	61808.7552559815
3	97172	97564	392	97368	0.904686741906265	227.26036952201	228.165056263917	0.4802	227.684856263917	2.68276068441044	236.312536863403	238.995297547814	1.2152	237.780097547814	251.822713532296	249.92472005332	6856.66727043217
3	98626	98779	153	98702.5	7.78888585465668	11.9110254451132	19.6999112997699	0.187425	19.5124862997699	8.50427537069486	12.9580101016577	21.4622854723526	0.922425	20.5398604723526	21.5810894426557	21.5889341935136	587.613196467081
3	100276	100414	138	100345	26.3766134533675	17.6173418196173	43.9939552729848	0.16905	43.8249052729848	34.1911989313987	23.8968497940559	58.0880487254546	0.90405	57.1839987254546	48.4709732005477	60.1046724279136	1319.77505463409
3	108643	108783	140	108713	23.9450490877001	77.5648632946848	101.509912382385	0.1715	101.338412382385	25.0392330525435	83.4606768921261	108.49990994467	0.9065	107.59340994467	112.081736176633	113.08874517808	3051.77861550195
3	109855	109999	144	109927	9.43766169201166	51.7374417929642	61.1751034849758	0.1764	60.9987034849758	10.7055431113362	57.6384553142011	68.3439984255374	0.9114	67.4325984255374	67.4654401069752	70.876719531085	1836.95929798434
3	111135	111235	100	111185	24.1024467810526	20.5453989092335	44.6478456902861	0.1225	44.5253456902861	28.4458831284273	24.3533431041921	52.7992262326194	0.8575	51.9417262326194	49.2456703387186	54.5946507788073	1340.86862652554
3	159382	159503	121	159442.5	16.0084653975404	22.1329756434552	38.1414410409956	0.148225	37.9932160409956	17.4921436543839	25.1943307796018	42.6864744339858	0.883225	41.8032494339857	42.0210413474852	43.9383511061398	1144.15532592467
3	167500	168077	577	167788.5	30.1368583473546	43.8837568879311	74.0206152352857	0.706825	73.3137902352857	37.5259500609544	49.5477738823285	87.0737239432829	1.441825	85.6318989432829	81.0861025161339	90.0055496307075	2207.8247724782
3	172672	172801	129	172736.5	27.1655018922863	0	27.1655018922863	0.158025	27.0074768922863	32.646521568491	5.84381435948493	38.4903359279759	0.893025	37.5973109279759	29.8706564339656	39.5175942197709	813.322791436085
3	176739	177037	298	176888	157.332494308029	121.614817747007	278.947312055036	0.36505	278.582262055036	158.731873800262	123.582288913914	282.314162714176	1.10005	281.214112714176	308.115973648012	295.577128279211	8389.42874681842
3	177724	177922	198	177823	0.478892981871239	49.3392769378303	49.8181699197016	0.24255	49.5756199197016	0.799788279182746	52.6793279897162	53.4791162688989	0.97755	52.5015662688989	54.8313460020111	55.1830846544123	1492.95625582049
3	179745	179841	96	179793	0.762188830198911	2.6184616267067	3.38065045690561	0.1176	3.26305045690561	3.00335598611835	5.87861384950189	8.88196983562024	0.8526	8.02936983562024	3.60898056170367	8.43947003583192	98.2658734391164
3	180837	180941	104	180889	9.51846050791309	11.549730739851	21.0681912477641	0.1274	20.9407912477641	20.8518944175725	25.5663253280589	46.4182197456314	0.8624	45.5558197456314	23.1608151813697	47.8825840099465	630.626209935822
3	181199	181297	98	181248	15.9031669406788	13.2057064716922	29.108873412371	0.12005	28.988823412371	24.3545430866065	23.0528621626103	47.4074052492167	0.85505	46.5523552492167	32.0620540759641	48.9300175812389	872.990500824285
3	190318	190574	256	190446	90.46257428002	30.5045529588268	120.967127238847	0.3136	120.653527238847	92.9871372828017	31.4515390808399	124.438676363642	1.0486	123.390076363642	133.444529974848	129.692226601681	3633.44802485181
3	194569	194763	194	194666	116.634590731736	80.108726014631	196.743316746367	0.23765	196.505666746367	131.519772590884	82.6599886261326	214.179761217017	0.97265	213.207111217017	217.33808315817	224.096668029902	5917.71449249344
3	197297	197522	225	197409.5	54.0194083509725	53.274419268713	107.293827619685	0.275625	107.018202619685	55.1556916988536	54.5844000710753	109.740091769929	1.010625	108.729466769929	118.363665565004	114.282826124912	3222.82394746675
3	201451	201682	231	201566.5	30.3758548448848	41.6501896206361	72.0260444655209	0.282975	71.7430694655209	31.7064353453606	45.0167402841727	76.7231756295334	1.017975	75.7052006295334	79.3488628378603	79.5718450326229	2160.52294542761
3	203733	203879	146	203806	3.07075499839257	26.0634180432149	29.1341730416074	0.17885	28.9553230416074	8.86747004811318	35.2737830662365	44.1412531143497	0.91385	43.2274031143497	32.0250021858716	45.4352434598251	871.981646306989
3	204445	204621	176	204533	35.7609759264738	38.765431896472	74.5264078229459	0.2156	74.3108078229459	36.8393601228613	47.0758101087104	83.9151702315716	0.9506	82.9645702315716	82.1888182543866	87.2019870599142	2237.84968486601
3	204983	205183	200	205083	149.869203681807	71.6830494920779	221.552253173885	0.245	221.307253173885	154.408037165656	74.3813099493407	228.789347114997	0.98	227.809347114997	244.768993129819	239.444713373442	6664.60749496541
3	206773	206996	223	206884.5	18.8091243541635	173.720354145582	192.529478499745	0.273175	192.256303499745	19.8453091689786	177.802194326622	197.647503495601	1.008175	196.639328495601	212.638226518129	206.682685525662	5789.74607873334
3	209658	210078	420	209868	171.43478764033	122.812100200953	294.246887841283	0.5145	293.732387841283	176.042420115937	130.175892285316	306.218312401253	1.2495	304.968812401253	324.872229854292	320.545099654736	8845.67064768986
3	210875	211133	258	211004	121.141224687466	256.924834792238	378.066059479704	0.31605	377.750009479704	124.071381746307	267.454680478403	391.52606222471	1.05105	390.47501222471	417.796923277875	410.418530080946	11375.8383798818
3	212068	212407	339	212237.5	82.5939895933418	271.323423782356	353.917413375698	0.415275	353.502138375698	92.3421467350737	291.303030983211	383.645177718284	1.150275	382.494902718284	390.978430388237	402.030836346456	10645.6203631693
3	213916	214169	253	214042.5	72.7445339361295	168.211234881174	240.955768817303	0.309925	240.645843817303	90.37827551541	191.048900197472	281.427175712882	1.044925	280.382250712882	266.157751484793	294.702778912126	7246.98387122872
3	214499	216852	2353	215675.5	2940.33340970791	2339.97360792077	5280.30701762868	2.882425	5277.42459262868	2960.41171546235	2359.86471641856	5320.27643188091	3.617425	5316.65900688091	5836.90721985202	5588.20745561551	158928.200453117
3	217488	217695	207	217591.5	45.5386326358925	8.11938101128321	53.6580136471757	0.253575	53.4044386471757	89.043895070622	14.2826906885962	103.326585759218	0.988575	102.338010759218	59.0660743778772	107.56492639031	1608.26008622833
3	218070	218446	376	218258	127.192836001707	83.5026762766293	210.695512278337	0.4606	210.234912278337	172.131977423084	90.9398672853388	263.071844708423	1.1956	261.876244708423	232.522825443376	275.251578337866	6331.1669725199
3	219027	219303	276	219165	157.584790610652	38.4966358356514	196.081426446303	0.3381	195.743326446303	181.072846395543	46.900012685004	227.972859080547	1.0731	226.899759080547	216.494923862698	238.488668114742	5894.75682253616
3	220617	221019	402	220818	406.221646862387	62.2077883510824	468.429435213469	0.49245	467.936985213469	427.648132859377	65.3320425654493	492.980175424826	1.22745	491.752725424826	517.545010731802	516.869004196382	14091.7945259338
3	224390	224602	212	224496	69.194185966124	69.362783495344	138.556969461468	0.2597	138.297269461468	72.3559396309402	73.7767188095634	146.132658440504	0.9947	145.137958440504	152.958761690877	152.550882123595	4164.78450375035
3	227536	227778	242	227657	29.4188688694186	172.993964790745	202.412833660164	0.29645	202.116383660164	35.1531848335915	190.712805122912	225.865989956503	1.03145	224.834539956503	223.543616460992	236.317967888995	6086.67970018339
3	228332	229868	1536	229100	566.882392395227	1729.31935699775	2296.20174939298	1.8816	2294.32014939298	577.437437712093	1739.99620052968	2317.43363824177	2.6166	2314.81703824177	2537.55096062366	2433.0463576368	69092.8247682891
3	230201	230820	619	230510.5	44.8641425204777	10.9702392322411	55.8343817527188	0.758275	55.0761067527188	52.0265375562947	12.9798097821856	65.0063473384803	1.493275	63.5130723384803	60.9149632559996	66.7570035828128	1658.60191472929
3	232370	232543	173	232456.5	39.6036196129149	15.5017728230694	55.1053924359843	0.211925	54.8934674359843	73.6771202691701	28.5182820674281	102.195402336598	0.946925	101.248477336598	60.712961554646	106.419745029695	1653.10178158079
3	232892	233482	590	233187	483.687911602024	137.651282734216	621.33919433624	0.72275	620.61644433624	499.750076212607	147.295741395639	647.045817608247	1.45775	645.588067608247	686.410680270987	678.561489084723	18689.6947438602
3	235559	235669	110	235614	26.0644180285602	7.87838454306235	33.9428025716225	0.13475	33.8080525716225	44.7882436327683	10.4719465346707	55.260190167439	0.86975	54.390440167439	37.3921905810023	57.1684328192802	1018.12027092481
3	240542	241326	784	240934	545.078511928915	461.282039957832	1006.36055188675	0.9604	1005.40015188675	548.555160978971	466.268366883709	1014.82352786268	1.6954	1013.12812786268	1111.98697440128	1064.87366413545	30277.3510203888
3	242959	243163	204	243061	180.927448526334	14.5491867831226	195.476635309457	0.2499	195.226735309457	190.505708157897	15.6119712081231	206.11767936602	0.9849	205.13277936602	215.923566663094	215.609939542998	5879.19982152023
3	244816	245055	239	244935.5	63.898263577337	88.4777033681048	152.375966945442	0.292775	152.083191945442	67.1287162353763	92.6707419195441	159.79945815492	1.027775	158.77168315492	168.206189497125	166.880949558484	4579.94379470912
3	246600	246856	256	246728	72.6343355510758	149.234512983135	221.868848534211	0.3136	221.555248534211	77.9151581611486	153.169455316949	231.084613478098	1.0486	230.036013478098	245.043279551874	241.785106758713	6672.07580751932
3	250622	251430	808	251026	563.581440770343	585.872814092496	1149.45425486284	0.9898	1148.46445486284	575.278669348628	592.394618516104	1167.67328786473	1.7248	1165.94848786473	1270.21814346632	1225.49932661034	34585.6934366553
3	252098	252206	108	252152	5.21142362710788	1.19408250084036	6.40550612794824	0.1323	6.27320612794824	18.4029303068966	4.10853978976023	22.5114700966568	0.8673	21.6441700966568	6.93825586650449	22.7496464505641	188.915889462227
3	252989	253247	258	253118	119.545448073413	103.428184270302	222.973632343715	0.31605	222.657582343715	130.233591439741	114.331824478545	244.565415918286	1.05105	243.514365918286	246.262476540566	255.951866277839	6705.27228916829
3	254282	254460	178	254371	16.3268607314886	61.2283027053466	77.5551634368352	0.21805	77.3371134368352	22.3386726289865	74.0521147736631	96.3907874026496	0.95305	95.4377374026495	85.535955627389	100.312221455302	2328.98605200773
3	256619	257412	793	257015.5	254.030077214621	194.650947409831	448.681024624452	0.971425	447.709599624452	262.502153057197	208.957037755507	471.459190812704	1.706425	469.752765812704	495.173232431421	493.74539627483	13482.6523325951
3	258466	258605	139	258535.5	26.9425051602811	6.87719921533321	33.8197043756143	0.170275	33.6494293756143	35.3740815963716	9.45506143702013	44.8291430333917	0.905275	43.9238680333917	37.2167510532998	46.1672803363914	1013.34337669368
3	262902	263120	218	263011	59.9802209958592	11.6367294648933	71.6169504607526	0.26705	71.3499004607526	70.7308634462692	14.2711908571251	85.0020543033943	1.00205	84.0000043033943	78.9140122848539	88.2903059444748	2148.68276821521
3	263633	263798	165	263715.5	35.5247793879105	13.8627968420985	49.387576230009	0.202125	49.185451230009	49.1467797588572	19.5851129821277	68.731892740985	0.937125	67.794767740985	54.3998138404701	71.257386650447	1481.20643227728
3	266911	267544	633	267227.5	198.33489342197	173.728754022482	372.063647444452	0.775425	371.288222444453	204.430804087009	183.63370886636	388.064512953369	1.510425	386.554087953369	410.65009422571	406.297344536103	11181.2434278936
3	269097	269268	171	269182.5	44.9641410550092	67.1148164390765	112.078957494086	0.209475	111.869482494086	62.1705888962367	82.3962924905731	144.56688138681	0.944475	143.62240638681	123.729250620252	150.957923223115	3368.91891610159
3	271190	271392	202	271291	92.2983473769489	40.0295133714844	132.327860748433	0.24745	132.080410748433	96.4960858595112	40.8341015803247	137.330187439836	0.98245	136.347737439836	146.082826872671	143.311700436587	3977.56550130095
3	277171	277323	152	277247	36.2039694344483	32.8701182917034	69.0740877261517	0.1862	68.8878877261517	40.617604753064	36.8988592509075	77.5164640039715	0.9212	76.5952640039716	76.1909909221172	80.5073684089705	2074.53992703671
3	278371	278559	188	278465	70.6689643533942	25.9126202531414	96.5815846065356	0.2303	96.3512846065356	78.3272521219528	29.2259716963073	107.55322381826	0.9653	106.58792381826	106.565901395813	112.031903830751	2901.59262441218
3	284204	284581	377	284392.5	29.1460728672167	25.3962278208209	54.5423006880376	0.461825	54.0804756880376	36.4878652739831	29.3452699480034	65.8331352219865	1.196825	64.6363102219865	59.8137810320293	67.9376108602244	1628.61875710236
3	293620	293752	132	293686	16.6886554294235	20.2875026886768	36.9761581181003	0.1617	36.8144581181003	21.9327785773232	25.2895293844758	47.222307961799	0.8967	46.325607961799	40.7173181942988	48.6916891722797	1108.65735297073
3	297936	298121	185	298028.5	58.6510404748669	64.1713595751425	122.822400050009	0.226625	122.595775050009	62.1865886617617	66.5909241166661	128.777512778428	0.961625	127.815887778428	135.592683884532	134.344086409363	3691.93828729786
3	298552	298694	142	298623	2.69346052760531	28.6526800978384	31.3461406254437	0.17395	31.1721906254437	5.75481566375192	32.2871268353849	38.0419424991368	0.90895	37.1329924991368	34.476889499169	39.0295607193225	938.742008214207
3	303341	303586	245	303463.5	42.2630806387795	34.0305012864066	76.2935819251861	0.300125	75.9934569251861	46.9974112576377	38.55883492413	85.5562461817677	1.035125	84.5211211817677	84.0498522722031	88.8380388762285	2288.52220308382
3	308226	308317	91	308271.5	32.4044251163903	6.30540759488223	38.7098327112725	0.111475	38.5983577112725	73.7418193210119	24.913834890241	98.655654211253	0.846475	97.809179211253	42.690336705908	102.804784694404	1162.37900207357
3	314275	314563	288	314419	38.0072430076544	29.5753665759603	67.5826095836147	0.3528	67.2298095836147	45.0644395851443	40.3134092110193	85.3778487961635	1.0878	84.2900487961635	74.3571327378107	88.5951644646198	2024.60735656055
3	314965	315170	205	315067.5	59.8099234915521	47.087209941647	106.897133433199	0.251125	106.646008433199	62.3343864957992	50.0847660127625	112.419152508562	0.986125	111.433027508562	117.952013461566	117.124471274014	3211.61542117913
4	19962	20464	502	20213	200.143266920437	147.336240802124	347.479507722562	0.61495	346.864557722562	206.818269098948	150.424295546991	357.242564645939	1.34995	355.892614645939	383.637171075738	374.069835960703	2965.78111273689
4	22444	22591	147	22517.5	46.9425120621799	20.5457989033716	67.4883109655515	0.180075	67.3082359655515	51.1664501607895	23.6275537405627	74.7940039013521	0.915075	73.8789289013521	74.4438734400072	77.6522964450242	575.502715725535
4	32034	32258	224	32146	98.6217547080468	94.7714111344468	193.393165842494	0.2744	193.118765842494	100.252730806255	96.0392925537714	196.292023360027	1.0094	195.282623360027	213.592122227463	205.256686652333	1651.21507948597
4	34065	34240	175	34152.5	17.3274460680106	78.4035510038003	95.7309970718109	0.214375	95.5166220718109	18.0427355855142	83.3164790053317	101.359214590846	0.949375	100.409839590846	105.642752672498	105.538273846888	816.691666490717
4	36620	36757	137	36688.5	27.1452021897764	48.7957849026518	75.9409870924281	0.167825	75.7731620924282	30.1065587913915	53.5191156827115	83.625674474103	0.902825	82.722849474103	83.8062030305603	86.947920410668	647.880009596775
4	42355	42585	230	42470	37.9423439587435	32.8507185760043	70.7930625347477	0.28175	70.5113125347477	43.1963669615618	39.4940212190684	82.6903881806301	1.01675	81.6736381806301	77.9865220225363	85.8451206326282	602.889843583004
4	43874	43965	91	43919.5	15.5437722075727	16.2036625369459	31.7474347445185	0.111475	31.6359597445185	19.8199095412076	21.3367873115156	41.1566968527232	0.846475	40.3102218527232	34.9898247902299	42.3690671159022	270.495586258898
4	46191	46496	305	46343.5	158.465477704271	465.429979170198	623.895456874468	0.373625	623.521831874468	178.73848060544	484.079805858852	662.818286464293	1.108625	661.709661464293	689.624080519668	695.506493619745	5331.27190766923
4	47879	48016	137	47947.5	78.2911526509869	0.3786944502707	78.6698471012576	0.167825	78.5020221012576	80.0847263663434	0.74178912915449	80.8265154954979	0.902825	79.9236904954979	86.8243613022578	84.0057943398687	671.212463989429
4	49356	49436	80	49396	12.3634188153336	7.38879171799624	19.7522105333298	0.098	19.6542105333298	18.5893275752633	11.9274252047763	30.5167527800396	0.833	29.6837527800396	21.7378384757446	31.1998509555309	168.048551193078
4	52172	52410	238	52291	116.79068844414	73.201827234542	189.992515678682	0.29155	189.700965678682	118.016270483358	75.01110071982	193.027371203177	1.02655	192.000821203177	209.811986272507	201.807266394794	1621.99200971056
4	56732	56917	185	56824.5	25.4804265868964	26.100317502457	51.5807440893534	0.226625	51.3541190893534	26.8843060131838	30.9129469738533	57.7972529870371	0.961625	56.8356279870371	56.7983915678238	59.738508648137	439.090916225191
4	60979	61147	168	61063	84.3840633599897	171.176091431497	255.560154791487	0.2058	255.354354791487	104.203872902663	204.059109534155	308.262982436818	0.9408	307.322182436818	282.425575381017	323.018668104687	2183.3453595494
4	62124	62418	294	62271	65.0515466760885	110.459281230279	175.510827906368	0.36015	175.150677906368	94.1418203610367	153.32285306892	247.464673429957	1.09515	246.369523429957	193.719159504736	258.952851007728	1497.58330983258
4	63005	63138	133	63071.5	12.0779229992462	6.34180706145169	18.4197300606979	0.162925	18.2568050606979	24.5893396456864	16.9594514609348	41.5487911066212	0.897925	40.6508661066212	20.192287999541	42.7271097808317	156.100375268797
4	63545	63650	105	63597.5	2.36636532115285	12.0294237099985	14.3957890311513	0.128625	14.2671640311513	5.10202523033044	17.5682425391624	22.6702677694928	0.863625	21.8066427694928	15.7796878531542	22.9204174179143	121.987919128226
4	70354	70480	126	70417	13.8082976407789	41.3885934543017	55.1968910950806	0.15435	55.0425410950806	15.6755702760851	47.2531075104347	62.9286777865198	0.88935	62.0393277865198	60.8778391576883	65.2079875029251	470.627872298803
4	74141	74300	159	74220.5	39.7414175934992	32.8507185760043	72.5921361695035	0.194775	72.3973611695035	43.1391677998097	41.4769921588275	84.6161599586373	0.929775	83.6863849586373	80.0725188378342	87.9606684863779	619.016044124761
4	76826	77209	383	77017.5	58.9362362953506	61.3112014904732	120.247437785824	0.469175	119.778262785824	64.2495584291461	72.7246342277577	136.974192656904	1.204175	135.770017656904	132.476474948109	142.704473605966	1024.13492983843
4	80518	80653	135	80585.5	28.3857840091739	24.697838055653	53.0836220648269	0.165375	52.9182470648269	31.2685417626473	27.6385949591547	58.907136721802	0.900375	58.006761721802	58.528339521143	60.9694580582206	452.46461239646
4	83763	84017	254	83890	68.2592996667892	24.715137802127	92.9744374689162	0.31115	92.6632874689162	74.3399105560447	25.9359199116872	100.275830467732	1.04615	99.2296804677319	102.486923716163	104.297838076593	792.29492232883
4	87290	87502	212	87396	87.1258231797737	113.386738328688	200.512561508462	0.2597	200.252861508462	88.5407024448596	114.859516745268	203.400219190127	0.9947	202.405519190127	221.482534258734	212.743384507476	1712.21343089295
4	88046	88227	181	88136.5	26.5013116259282	21.0183919775674	47.5197036034956	0.221725	47.2979786034956	30.4673535039811	22.6914674588135	53.1588209627946	0.956725	52.2020959627946	52.3122420698839	54.8683188973567	404.409872642796
4	89883	89992	109	89937.5	18.591727540092	5.06462577841567	23.6563533185077	0.133525	23.5228283185077	21.9534782739712	7.36849201548635	29.3219702894576	0.868525	28.4534452894576	26.0165851797132	29.9067054890505	201.126227491316
4	93931	94229	298	94080	123.238093958057	171.769182739804	295.00727669786	0.36505	294.64222669786	151.038686543152	201.486247239195	352.524933782347	1.10005	351.424883782347	325.87852466678	369.373915667659	2519.26676133397
4	98189	98399	210	98294	61.556697892748	62.808479548013	124.365177440761	0.25725	124.107927440761	64.2705581213977	65.5070400008794	129.777598122277	0.99225	128.785348122277	137.265146096388	135.363061956678	1061.15467536218
4	103412	103573	161	103492.5	31.4328393548825	58.8919369445532	90.3247762994357	0.197225	90.1275512994357	32.9636169214903	62.9680772091252	95.9316941306155	0.932225	94.9994691306155	99.6823631780641	99.8515686238579	770.613726395447
4	104688	104915	227	104801.5	85.0414537259997	294.99337690156	380.03483062756	0.278075	379.75675562756	86.0463389995065	305.770418965087	391.816757964593	1.013075	390.803682964593	420.01641327214	410.763987684429	3247.01785812117
4	106513	107093	580	106803	357.712957752375	337.485054190279	695.198011942654	0.7105	694.487511942654	366.770125020494	354.041311559983	720.811436580477	1.4455	719.365936580477	768.113139544836	756.107563963036	5938.04671043561
4	111190	111339	149	111264.5	33.551908300139	30.8239482781203	64.3758565782593	0.182525	64.1933315782593	36.1342704558798	32.1496288504041	68.283899306284	0.917525	67.366374306284	70.9987445540863	70.8071130138202	548.869482683601
4	114356	114604	248	114480	67.5571099573092	75.3317960200624	142.888905977372	0.3038	142.585105977372	68.9720892209296	76.4258799863713	145.397969207301	1.0388	144.359169207301	157.701170318028	151.732316217129	1219.13930048602
4	116017	116110	93	116063.5	14.3304899881023	9.29286381401008	23.6233538021123	0.113925	23.5094288021123	28.0171894108909	20.1270050407538	48.1441944516447	0.848925	47.2952694516447	26.0017651225777	49.710876139126	201.011658182459
4	121808	121995	187	121901.5	41.6012903372502	53.7816118358566	95.3829021731068	0.229075	95.1538271731068	43.789658266937	56.4473727693967	100.237031036334	0.964075	99.2729560363337	105.24149631603	104.343323945593	813.589676868491
4	125193	125570	377	125381.5	42.3308796451918	27.2852001381205	69.6160797833123	0.461825	69.1542547833123	43.5515617562176	30.9145469504058	74.4661087066234	1.196825	73.2692837066234	76.4855967041199	77.0115136116595	591.286651044319
4	126451	126600	149	126525.5	24.518340686169	9.62355896770567	34.1418996538747	0.182525	33.9593746538747	29.3889693075936	13.1261076382052	42.5150769457988	0.917525	41.5975519457988	37.5595549722727	43.7221476152633	290.361380851644
4	132758	133245	487	133001.5	223.023431613912	193.20926853749	416.232700151402	0.596575	415.636125151402	233.395379614051	204.426504150024	437.821883764075	1.331575	436.490308764075	459.699510082271	458.78405866964	3553.79568854981
4	134774	135054	280	134914	132.439259115901	387.884415592677	520.323674708579	0.343	519.980674708579	140.917534867618	395.903898067964	536.821432935582	1.078	535.743432935582	575.106077049271	563.106537837575	4445.96840381822
4	135557	135718	161	135637.5	68.2105003819378	23.4373565278838	91.6478569098216	0.197225	91.4506319098216	74.8748027172535	25.420527464712	100.295330181966	0.932225	99.3631051819656	101.14570929162	104.438077460364	781.926405646031
4	137896	138031	135	137963.5	21.7960805806187	27.4465977728543	49.2426783534729	0.165375	49.0773033534729	26.2459153687348	34.1309998136108	60.3769151823456	0.900375	59.4765401823456	54.2802007393664	62.5143054785052	419.623556541654
4	139299	139460	161	139379.5	29.888961980251	19.543213596159	49.4321755764101	0.197225	49.2349505764101	31.8987325272646	20.3744014151847	52.2731339424493	0.932225	51.3409089424493	54.4545608268676	53.9631467353759	420.971480813111
4	141736	141956	220	141846	53.1104216720814	49.4147758314016	102.525197503483	0.2695	102.255697503483	56.5288715750399	54.2540049129833	110.782876488023	1.0045	109.778376488023	113.096266664379	115.385308924605	874.312493374243
4	145533	145728	195	145630.5	34.5589935414055	45.9036272869324	80.4626208283379	0.238875	80.2237458283379	36.2210691838532	50.9526532939612	87.1737224778143	0.973875	86.1998474778143	88.7286124150492	90.6025061462498	685.933644339051
4	147668	148149	481	147908.5	26.113117314877	114.496222069315	140.609339384192	0.589225	140.020114384192	27.0444036669687	119.308651543642	146.353055210611	1.324225	145.028830210611	154.864252862116	152.436180167514	1197.20796316137
4	148833	148972	139	148902.5	52.8411256185881	12.7870126076089	65.628138226197	0.170275	65.457863226197	82.4149922165304	30.9614462631011	113.376438479632	0.905275	112.471163479632	72.3973346762243	118.215630057372	559.681553258166
4	155693	156299	606	155996	411.450470234503	438.134779178624	849.585249413127	0.74235	848.842899413127	415.673508346302	441.385631537708	857.05913988401	1.47735	855.58178988401	938.832409851016	899.280644278826	7257.8249426506
4	158744	159025	281	158884.5	323.023666120475	347.458108036172	670.481774156647	0.344225	670.137549156647	350.332065918607	388.751302888531	739.083368807137	1.079225	738.004143807137	741.181731792029	775.697717939157	5729.84827067358
4	159240	159532	292	159386	366.530728528826	312.046926983489	678.577655512315	0.3577	678.219955512315	412.054361384539	353.021426506296	765.075787890835	1.0927	763.983087890835	750.120989034487	803.003537031495	5798.95492219339
4	163215	163393	178	163304	60.2034177249335	88.3219056513047	148.525323376238	0.21805	148.307273376238	62.9332777191083	94.9174089948628	157.850686713971	0.95305	156.897636713971	164.029969454315	164.911186163854	1268.06530234364
4	163993	164251	258	164122	207.45385978443	271.938814763863	479.392674548293	0.31605	479.076624548293	212.855380625682	279.986496825887	492.841877451569	1.05105	491.790827451569	529.865611456405	516.909052284786	4096.2282626048
4	167296	167725	429	167510.5	297.615138479907	296.818250158225	594.433388638132	0.525525	593.907863638132	300.355598318742	302.156571925654	602.512170244395	1.260525	601.251645244395	656.870607310676	631.960583198464	5078.06486845721
4	172183	172650	467	172416.5	284.125436170145	297.733836740395	581.859272910541	0.572075	581.28719791054	286.224205412892	299.817006211755	586.041211624647	1.307075	584.734136624647	642.911970173992	614.599442546484	4970.15493297457
4	174620	174807	187	174713.5	94.9517084922071	78.7339461618923	173.685654654099	0.229075	173.456579654099	97.0399778888279	83.58897501193	180.628952900758	0.964075	179.664877900758	191.845462562933	188.841264579479	1483.09833439235
4	176380	176643	263	176511.5	225.556694489198	41.8265870355496	267.383281524747	0.322175	267.061106524747	233.314780795219	42.4525778617166	275.767358656935	1.057175	274.710183656935	295.373410544465	288.741010935325	2283.44109550456
4	178134	178247	113	178190.5	27.3780987767002	4.25383766043446	31.6319364371347	0.138425	31.4935114371347	31.8121337963604	5.56871839098884	37.3808521873492	0.873425	36.5074271873492	34.8322749211165	38.3720446486508	269.277616621544
4	183106	183244	138	183175	29.3697695889636	30.9584463070652	60.3282158960288	0.16905	60.1591658960288	32.6772211185922	33.6459069225986	66.3231280411908	0.90405	65.4190780411908	66.5368995038357	68.760358559039	514.376329319744
4	184715	184876	161	184795.5	44.0853539335466	38.1997401866275	82.2850941201741	0.197225	82.087869120174	50.3868615855821	40.8606011919755	91.2474627775576	0.932225	90.3152377775576	90.7903594869089	94.9280900751851	701.872377564031
4	190685	190849	164	190767	30.9225468331684	36.2631685668909	67.1857154000593	0.2009	66.9848154000593	32.4268247881254	38.2509394363076	70.677764224433	0.9359	69.741864224433	74.086165660268	73.303931119732	572.737386771474
4	196200	196300	100	196250	2.28796647008017	14.5019874748237	16.7899539449039	0.1225	16.6674539449039	3.66064635359375	18.7367254151627	22.3973717687564	0.8575	21.5398717687564	18.4344428916041	22.6400210838015	142.511014765441
4	198376	198673	297	198524.5	110.368682557994	433.133652469636	543.50233502763	0.363825	543.13851002763	113.94993007517	450.08050411522	564.030434190389	1.098825	562.931609190389	600.718974741587	591.683350654622	4643.97384736096
4	199731	199985	254	199858	315.42967740962	321.88818276087	637.31786017049	0.31115	637.00671017049	333.210016840524	339.275827946669	672.485844787192	1.04615	671.439694787192	704.538549140369	705.733488559245	5446.57108271463
4	202596	202870	274	202733	116.705789688323	112.976244344437	229.682034032759	0.33565	229.346384032759	123.969283242551	119.676546152184	243.645829394734	1.07065	242.575179394734	253.660387052726	254.964710786706	1960.97052551246
4	211164	211253	89	211208.5	22.0661766223882	19.8575089901915	41.9236856125796	0.109025	41.8146606125796	23.8441505663578	23.3180582761877	47.1622088425456	0.844025	46.3181838425456	46.2476138012723	48.6838858660098	357.526094607462
4	212718	213200	482	212959	523.454128832087	707.891925914614	1231.3460547467	0.59045	1230.7556047467	528.938548458465	717.069791413913	1246.00833987238	1.32545	1244.68288987238	1361.23333439069	1308.25508953271	10523.2767248374
4	215813	215989	176	215901	43.6256606703054	54.586600038835	98.2122607091404	0.2156	97.9966607091404	50.9360535372289	57.6428552497205	108.578908786949	0.9506	107.628308786949	108.385710941946	113.12542647932	837.896634209941
4	219408	219558	150	219483	28.467082817748	32.7519200238872	61.2190028416352	0.18375	61.0352528416352	29.9930604546983	35.581878551128	65.5749390058263	0.91875	64.6561890058262	67.5058642191574	67.9585049532851	521.867097859068
4	221913	222115	202	222014	76.8909731704772	81.3996070968978	158.290580267375	0.24745	158.043130267375	85.5123468251084	92.2535480334788	177.765894858587	0.98245	176.783444858587	174.797966681352	185.812662295925	1351.30938087858
4	223840	223979	139	223909.5	32.8788181642076	23.1085613463443	55.9873795105519	0.170275	55.8171045105519	35.2878828596054	24.3027438457192	59.5906267053246	0.905275	58.6853517053246	61.7345173939463	61.6827070366334	477.25058856392
4	226948	227283	335	227115.5	217.677009965186	274.235181110844	491.91219107603	0.410375	491.50181607603	221.453554620302	275.850457439131	497.304012059433	1.145375	496.158637059433	543.608051327094	521.499947842275	4202.46684344181
4	228959	229105	146	229032	31.146943544657	31.1225439022313	62.2694874468883	0.17885	62.0906374468883	42.7423736147888	39.7525174308322	82.4948910456211	0.91385	81.5810410456211	68.6731347152109	85.7477940973819	530.89090746788
4	230689	230867	178	230778	97.4940712341353	85.5601461246144	183.05421735875	0.21805	182.83616735875	105.383655613065	88.5950016491102	193.978657262175	0.95305	193.025607262175	202.219420964723	202.884393419095	1563.29621982163
4	232348	232509	161	232428.5	21.5599840405898	71.9680453154926	93.5280293560825	0.197225	93.3308043560825	30.9594462924105	80.3149229928349	111.274369285245	0.932225	110.342144285245	103.225206958242	115.977871171609	798.002363265976
4	234133	234649	516	234391	246.444488380667	292.349915641221	538.794404021888	0.6321	538.162304021888	252.024306608989	294.616282427842	546.640589036831	1.3671	545.273489036831	595.215219595004	573.123341715444	4601.42600712667
4	238765	238898	133	238831.5	25.846121227678	53.102821783457	78.9489430111349	0.162925	78.7860180111349	27.9809899413905	58.6884399267816	86.6694298681721	0.897925	85.7715048681721	87.1384648479696	90.1522859305725	673.640702005843
4	239589	240050	461	239819.5	136.734496169632	198.274094312975	335.008590482607	0.564725	334.443865482607	152.209869379585	207.608657515885	359.81852689547	1.299725	358.51880189547	369.899707481807	376.830155768438	2859.58100196674
4	242058	242292	234	242175	123.51158995	23.4186568019264	146.930246751927	0.28665	146.643596751927	127.257035060877	24.9336346000783	152.190669660955	1.02165	151.169019660955	162.189919268945	158.889979897926	1253.8404396408
4	245717	245798	81	245757.5	6.784400575288	11.1612364331962	17.9456370084842	0.099225	17.8464120084842	11.4654319752409	16.5055581126964	27.9709900879373	0.834225	27.1367650879373	19.7383874032559	28.5227758239593	152.591409201334
4	248028	248136	108	248082	14.879281945611	12.2760200961531	27.1553020417641	0.1323	27.0230020417641	21.6691824402982	17.1982479613959	38.8674304016942	0.8673	38.0001304016942	29.8878274717485	39.940987704925	231.053612369983
4	251322	251509	187	251415.5	35.8213750413309	28.214586518056	64.0359615593868	0.229075	63.8068865593868	39.529320701758	29.7079646327491	69.237285334507	0.964075	68.2732103345071	70.5713308258289	71.7602657075285	545.565278455851
4	255184	255573	389	255378.5	96.7863816052561	107.727621262483	204.514002867739	0.476525	204.037477867739	98.0071637148163	108.790305688949	206.797469403765	1.211525	205.585944403765	225.668374181997	216.086249992713	1744.57287341137
4	258645	258844	199	258744.5	61.0958046470924	75.6920907399793	136.787895387072	0.243775	136.544120387072	63.531168957072	77.9913570444615	141.522526001533	0.978775	140.543751001533	151.019753693659	147.722025461945	1167.48732115535
4	264162	264427	265	264294.5	26.7544079168274	170.395902865083	197.15031078191	0.324625	196.82568578191	27.4697974328656	174.156947747346	201.626745180212	1.059625	200.567120180212	217.692028797045	210.811089237023	1682.9101976466
4	265004	265230	226	265117	25.5351257852851	185.415582753176	210.950708538461	0.27685	210.673858538461	26.3554137640468	189.31302563654	215.668439400587	1.01185	214.656589400587	233.00830629675	225.620178336223	1801.31563369621
4	266829	267326	497	267077.5	29.7926633914972	76.4638794294932	106.25654282099	0.608825	105.64771782099	48.4472900098096	97.915465058651	146.362755068461	1.343825	145.018930068461	116.847889739922	152.425774375435	903.315138838326
4	267540	267741	201	267640.5	31.4917384917215	33.9834019766423	65.4751404683638	0.246225	65.2289154683639	44.3658498229074	46.5645176016509	90.9303674245583	0.981225	89.9491424245583	72.1441151754603	94.543296395837	557.723991089107
4	271999	272398	399	272198.5	277.564632318069	231.607305818094	509.171938136163	0.488775	508.683163136163	283.156350372001	237.019326505472	520.175676877472	1.223775	518.951901877472	562.610867367734	545.457379046559	4349.37177641302
4	273565	273722	157	273643.5	9.85635555609495	7.86728470572935	17.7236402618243	0.192325	17.5313152618243	12.5390162419709	9.09286674494713	21.631882986918	0.927325	20.704557986918	19.3898858864176	21.7620436364221	149.897251037512
4	276604	276782	178	276693	31.8716329244066	29.6198659238268	61.4914988482334	0.21805	61.2734488482334	33.9018031724646	31.7767343151362	65.6785374876009	0.95305	64.7254874876009	67.7693124155741	68.0313428561889	523.903734931869
4	281877	282117	240	281997	82.8562857494179	161.227637225099	244.083922974517	0.294	243.789922974517	84.1662665517802	166.188964517344	250.355231069124	1.029	249.326231069124	269.635148084293	262.060572539593	2084.46649545473
4	283205	283367	162	283286	37.8052459679008	31.0503449602996	68.8555909282004	0.19845	68.6571409282004	39.7992167464584	33.5483083528959	73.3475250993543	0.93345	72.4140750993543	75.935781657204	76.1126252103039	587.036199824827
4	285216	285312	96	285264	13.6840994608908	35.7706757843234	49.4547752452142	0.1176	49.3371752452142	17.4497442757426	44.8962420500623	62.3459863258049	0.8526	61.4933863258049	54.5676227753458	64.6341620728669	421.845528003131
4	286746	287010	264	286878	221.695951068006	251.246318010334	472.94226907834	0.3234	472.61886907834	229.979629671525	257.248330051448	487.227959722972	1.0584	486.169559722972	522.72324137323	511.000678211839	4041.01279369322
4	289631	289823	192	289727	63.6497672190263	48.5595883640884	112.209355583115	0.2352	111.974155583115	65.1226456341404	49.4956746458376	114.618320279978	0.9702	113.648120279978	123.845020556583	119.45269994621	957.407807599315
4	292578	292689	111	292633.5	14.2742908116956	15.9201666915491	30.1944575032447	0.135975	30.0584825032447	18.7444253023216	19.7123111180518	38.4567364203734	0.870975	37.5857614203734	33.2451123576536	39.5054548208721	257.007750434276
4	294846	295021	175	294933.5	12.1357221522054	37.6935476048291	49.8292697570346	0.214375	49.6148947570346	13.2456058869703	41.7283884746397	54.9739943616099	0.949375	54.0246193616099	54.8747845348719	56.7839277096037	424.220101203124
4	296329	296623	294	296476	50.5389593566044	81.8677002370397	132.406659593644	0.36015	132.046509593644	55.9138805876713	87.9532110544872	143.867091642158	1.09515	142.771941642158	146.045331709703	150.064020977241	1129.03159298534
4	301031	301113	82	301072	27.4499977230283	27.1149026338134	54.5649003568417	0.10045	54.4644503568417	40.4757068325639	46.9168124388053	87.3925192713692	0.83545	86.5570692713692	60.2384625177133	90.9779730489548	465.685047917511
4	302710	303077	367	302893.5	487.789551492901	744.807584919323	1232.59713641222	0.449575	1232.14756141222	507.53866207166	766.959160290201	1274.49782236186	1.184575	1273.31324736186	1362.77285840815	1338.3477430154	10535.1783120605
4	304851	305069	218	304960	105.999246591641	48.1217947799096	154.121041371551	0.26705	153.853991371551	107.955917916818	48.6163875317023	156.572305448521	1.00205	155.570255448521	170.16471903625	163.516008877811	1315.49116671037
4	307930	308306	376	308118	65.4824403613846	59.1521331314041	124.634573492789	0.4606	124.173973492789	69.5690804720825	63.9022635187183	133.471343990801	1.1956	132.275743990801	137.338193976307	139.031729853244	1061.71938608085
4	310216	310442	226	310329	68.9881889849891	81.3736074779196	150.361796462909	0.27685	150.084946462909	69.9398750381252	83.5881750236537	153.528050061779	1.01185	152.516200061779	165.996101360513	160.305967560517	1283.26486409675
4	312538	312937	399	312737.5	211.285903626211	434.877026920657	646.162930546868	0.488775	645.674155546868	217.480512844832	449.649010438716	667.129523283548	1.223775	665.905748283548	714.124867922777	699.916895644292	5520.67996821657
4	313951	314380	429	314165.5	90.5200734373756	178.74818046329	269.268253900666	0.525525	268.742728900665	96.0622922167136	185.268584907415	281.330877124128	1.260525	280.070352124128	297.233308988257	294.374950097674	2297.8193989957
4	314741	315245	504	314993	1000.78203363937	832.297702760395	1833.07973639977	0.6174	1832.46233639977	1006.77674578747	838.192116378352	1844.96886216582	1.3524	1843.61646216582	2026.72960147614	1937.77920416503	15668.0239191318
4	316470	316670	200	316570	28.3570844297633	19.6654118053565	48.0224962351198	0.245	47.7774962351198	37.5155502133631	30.4530537135431	67.9686039269062	0.98	66.9886039269062	52.8425954414855	70.4100480059238	408.509871629239
4	320313	320406	93	320359.5	8.48827560516982	6.80500027340148	15.2932758785713	0.113925	15.1793508785713	11.1925359745045	10.0871521737936	21.2796881482981	0.848925	20.4307631482981	16.7885795771585	21.4742647217871	129.787351105733
4	321812	322093	281	321952.5	69.4128827611443	65.8717346563157	135.28461741746	0.344225	134.94039241746	87.5790165382704	76.3965804157535	163.975596954024	1.079225	162.896371954024	149.246007579393	171.216306907791	1153.775034857
4	323681	323903	222	323792	43.4785628260096	59.9515214164487	103.430084242458	0.27195	103.158134242458	44.0889538807897	61.0987046045938	105.187658485384	1.00695	104.180708485384	114.094374628734	109.501739934018	882.02855941877
4	326222	326392	170	326307	18.7498252231863	18.2335327894003	36.9833580125866	0.20825	36.7751080125866	19.2287182050575	18.9175227655956	38.1462409706531	0.94325	37.2029909706531	40.6737964137515	39.1031343639559	314.436624712247
4	330876	330985	109	330930.5	21.2100891682642	13.7310987721206	34.9411879403848	0.133525	34.8076629403848	35.6489775677986	41.1695966636778	76.8185742314764	0.868525	75.9500492314764	38.4977739723059	79.829199281053	297.614463711438
4	334400	334773	373	334586.5	98.7680525640663	145.501967683214	244.27002024728	0.456925	243.81309524728	103.801578798243	156.142611745639	259.944190543882	1.191925	258.752265543882	269.660776950005	271.968041884638	2084.66462434213
4	337315	337448	133	337381.5	13.3441044434838	16.3458604530496	29.6899648965334	0.162925	29.5270398965334	16.148563344419	19.9548075642906	36.1033709087096	0.897925	35.2054459087096	32.6573292195708	37.003564654175	252.463779566117
4	340306	340437	131	340371.5	13.1332075341569	15.7205696166243	28.8537771507812	0.160475	28.6933021507812	15.2005772370606	19.0556207417836	34.2561979788442	0.895475	33.3607229788442	31.7352033261111	35.0646224694539	245.335107569293
4	341277	341452	175	341364.5	23.3851572928584	15.5090727160902	38.8942300089486	0.214375	38.6798550089486	25.7360228411588	16.93485182144	42.6708746625988	0.949375	41.7214996625988	42.7804738849154	43.8524259637961	330.722701051217
4	345035	345558	523	345296.5	70.7090637657413	75.9333872038037	146.642450969545	0.640675	146.001775969545	72.050344109412	78.1010554368426	150.151399546255	1.375675	148.775724546255	161.480056286958	156.374447194748	1248.35270700347
4	351219	351410	191	351314.5	51.9757383007527	63.5341689131079	115.509907213861	0.233975	115.275932213861	53.6067143989611	64.7019517993665	118.308666198328	0.968975	117.339691198328	127.496832821463	123.332817911676	985.638846348955
4	352638	352742	104	352690	11.2660348973852	12.2601203291626	23.5261552265477	0.1274	23.3987552265477	16.6310562735334	15.2322767725071	31.8633330460405	0.8624	31.0009330460405	25.8793585621577	32.5843062259045	200.065370668267
4	356934	357365	431	357149.5	113.55073592532	209.45803041351	323.00876633883	0.527975	322.48079133883	122.676502188128	215.722838603372	338.3993407915	1.262975	337.1363657915	356.668376059475	354.355611378667	2757.29364352678
4	361381	361507	126	361444	11.6846287629339	19.9364078339368	31.6210365968707	0.15435	31.4666865968707	12.8209121108151	25.2222303707361	38.0431424815512	0.88935	37.1537924815512	34.8026062634105	39.0514230611906	269.048257343302
4	362431	362584	153	362507.5	12.9017109267165	18.423130010872	31.3248409375885	0.187425	31.1374159375885	14.3322899617238	23.6723530840328	38.0046430457566	0.922425	37.0822180457566	34.4384281961134	38.9761929598768	266.232908583863
4	363642	363837	195	363739.5	50.3024628224375	34.0511009845201	84.3535638069576	0.238875	84.1146888069576	52.6956277508448	36.3235676817479	89.0191954325927	0.973875	88.0453204325927	93.0320511028629	92.542236663419	719.202206778793
4	366097	366579	482	366338	141.971419423045	221.766850028989	363.738269452035	0.59045	363.147819452035	156.344608785392	245.371704102213	401.716312887606	1.32545	400.390862887606	401.646691871972	420.840832984226	3105.00718532298
4	369169	369474	305	369321.5	71.7680482464296	16.9347518229055	88.7028000693351	0.373625	88.3291750693351	143.067803355648	56.0648783748138	199.132681730462	1.108625	198.024056730462	97.693333298576	208.138138778548	755.237147445304
4	372062	372167	105	372114.5	17.9885363797982	7.87338461633577	25.861920996134	0.128625	25.733295996134	20.7869953686615	9.34636302998442	30.133358398646	0.863625	29.269733398646	28.4613941050378	30.7646855272273	220.026294225326
4	375351	375484	133	375417.5	8.21487961176076	25.3975278017698	33.6124074135305	0.162925	33.4494824135305	9.881955180935	28.1490874779379	38.0310426588729	0.897925	37.1331176588729	36.995606848188	39.0296922715942	286.001671154369
4	378499	378642	143	378570.5	30.5109528650368	26.6965087653337	57.2074616303705	0.175175	57.0322866303705	47.8630985710767	50.4798602226963	98.342958793773	0.910175	97.432783793773	63.0785262308534	102.409164874608	487.640707990235
4	381528	381708	180	381618	73.1434280903756	44.7131447333352	117.856572823711	0.2205	117.636072823711	75.7790894650217	47.1330092704624	122.912098735484	0.9555	121.956598735484	130.107182154496	128.185534079411	1005.81865511943
4	385790	386258	468	386024	206.333376205005	182.3990269605	388.732403165504	0.5733	388.159103165504	217.51291237002	195.634532995482	413.147445365502	1.3083	411.839145365502	429.309530046643	432.873836683386	3318.86008897433
4	386517	387610	1093	387063.5	333.958805867095	237.594118081959	571.552923949054	1.338925	570.213998949054	346.184226704776	259.348299276609	605.532525981384	2.073925	603.458600981384	630.664853454326	634.280259237061	4875.47623604117
4	407456	407795	339	407625.5	24.8513358061589	42.2958801581058	67.1472159642647	0.415275	66.7319409642647	26.6872089016222	45.3946347461672	72.0818436477894	1.150275	70.9315686477894	73.8064829108324	74.5543997166413	570.575245356688
4	411476	411579	103	411527.5	60.5677123862317	39.5271207339983	100.09483312023	0.126175	99.96865812023	84.346863905144	64.1590597553951	148.505923660539	0.861175	147.644748660539	110.566768335432	155.185706696533	854.757718878192
4	413246	413737	491	413491.5	47.190508427818	46.5360180193095	93.7265264471274	0.601475	93.1250514471274	51.8200405824872	51.8322404037	103.652280986187	1.336475	102.315805986187	102.997641292697	107.541587508121	796.243123015902
4	417010	417157	147	417083.5	14.0738937484945	16.9720512762857	31.0459450247802	0.180075	30.8658700247802	18.9539222321651	24.8768354324644	43.8307576646294	0.915075	42.9156826646294	34.1380945255564	45.1076018828611	263.911121242038
4	421754	421939	185	421846.5	48.1363945659512	62.7107809797757	110.847175545727	0.226625	110.620550545727	50.8407549338204	65.3776418971957	116.218396831016	0.961625	115.256771831016	122.347913989377	121.143513402436	945.834136653086
4	423626	423705	79	423665.5	15.6342708813236	16.0984640786188	31.7327349599424	0.096775	31.6359599599424	27.3784987708383	28.0643887191897	55.442887490028	0.831775	54.611112490028	34.9898250284918	57.4003759844792	270.495588100828
4	432071	432236	165	432153.5	32.9632169273522	33.1693139070216	66.1325308343738	0.202125	65.9304058343738	34.5408938066553	33.9691021862043	68.5099959928596	0.937125	67.5728709928596	72.9199735719477	71.0241565221566	563.721914001551
4	442432	442822	390	442627	28.4548829965351	32.6533214688392	61.1082044653743	0.47775	60.6304544653743	34.8037899539385	38.4235369069089	73.2273268608475	1.21275	72.0145768608475	67.0581514146425	75.6927225925058	518.405967708834
4	444251	444406	155	444328.5	13.8592968933899	15.1014786893399	28.9607755827299	0.189875	28.7709005827299	16.9253519606595	18.688626120053	35.6139780807126	0.924875	34.6891030807126	31.821028303757	36.4608496075015	245.998594105255
4	452744	452940	196	452842	25.0347331184896	33.8193043814762	58.8540374999658	0.2401	58.6139374999658	26.3918132306162	34.8240896564484	61.2159028870647	0.9751	60.2408028870647	64.8278547561574	63.3176029137992	501.164229409628
4	453930	454020	90	453975	8.04708207081695	8.35337758208686	16.4004596529038	0.11025	16.2902096529038	9.85165562497197	9.57895962130463	19.4306152462766	0.84525	18.5853652462766	18.0172052991051	19.5346130906956	139.285479117038
4	461496	461583	87	461539.5	7.83238521717787	14.3063903412802	22.138775558458	0.106575	22.032200558458	15.2381766860445	24.2630444275102	39.5012211135546	0.841575	38.6596461135546	24.36792951784	40.6341881929278	188.380977051481
4	465325	465820	495	465572.5	54.1841059373458	18.6451267575319	72.8292326948777	0.606375	72.2228576948777	71.2288561482359	26.5936102733008	97.8224664215367	1.341375	96.4810914215367	79.8795154944315	101.408864798357	617.523994569308
4	471539	471761	222	471650	30.9370466206754	12.5943154315668	43.5313620522422	0.27195	43.2594120522422	32.2784269628807	13.4255032505924	45.703930213473	1.00695	44.696980213473	47.8455295954338	46.9798792341515	369.87909071777
4	477597	477767	170	477682	15.1641777704912	18.2431326487153	33.4073104192065	0.20825	33.1990604192065	16.4584588029321	19.684511525452	36.1429703283841	0.94325	35.1997203283841	36.71863653416	36.9975466397375	283.860498744433
4	482366	482582	216	482474	23.5007555987767	44.4118491487918	67.9126047475686	0.2646	67.6480047475686	25.6576239900861	48.0100964168379	73.6677204069241	0.9996	72.6681204069241	74.819662581477	76.3796458862563	578.407826132375
4	485416	485652	236	485534	18.0839349817412	54.7377978230466	72.8217328047878	0.2891	72.5326328047878	21.1452901178878	58.4409435538162	79.586233671704	1.0241	78.562133671704	80.2221312047707	82.5746959782619	620.172651371259
4	489256	489334	78	489295	9.70415778653804	7.5220897645267	17.2262475510647	0.09555	17.1306975510647	11.6402294136019	9.78365662149056	21.4238860350925	0.83055	20.5933360350925	18.9467969578521	21.6451410215252	146.471866651746
4	504904	505076	172	504990	27.5819957886099	24.3109437255508	51.8929395141606	0.2107	51.6822395141606	30.1753577831492	26.6413095742723	56.8166673574215	0.9457	55.8709673574215	57.1612974593099	58.7245779605416	441.896430184259
4	507355	507670	315	507512.5	64.9815477019165	20.4529002647919	85.4344479667084	0.385875	85.0485729667084	75.0204005835314	27.2691003740609	102.289500957592	1.120875	101.168625957592	94.0649403652066	106.335815240155	727.187156352938
4	512113	512503	390	512308	52.6840279208391	67.6890080243562	120.373035945195	0.47775	119.895285945195	53.7045129657329	68.9097901339165	122.614303099649	1.21275	121.401553099649	132.605904239203	127.602139478335	1025.13550792601
4	521448	521608	160	521528	24.1250464498567	9.80805626391624	33.933102713773	0.196	33.737102713773	29.8893619743892	14.2422912806455	44.1316532550346	0.931	43.2006532550347	37.3137190215777	45.407127350993	288.460898639874
4	538832	539067	235	538949.5	52.0633370170023	67.116416415629	119.179753432631	0.287875	118.891878432631	89.3350908031776	112.55395053311	201.889041336288	1.022875	200.866166336288	131.496121152445	211.12540918058	1016.55611581781
4	543720	543806	86	543763	22.9789632455915	23.6580532935948	46.6370165391862	0.10535	46.5316665391862	38.1604407625566	36.7265617759098	74.8870025384664	0.84035	74.0466525384664	51.4646899462449	77.828586569742	397.857707550712
4	546000	546502	502	546251	139.053462185417	163.918997783479	302.972459968896	0.61495	302.357509968896	143.850391886892	168.77872656464	312.629118451532	1.34995	311.279168451532	334.411738517114	327.177757247054	2585.23441612951
4	548520	548675	155	548597.5	38.2044401177505	60.4839136142943	98.6883537320447	0.189875	98.4984787320447	41.1705966490231	65.0852461822256	106.255842831249	0.924875	105.330967831249	108.940728865847	110.710748795435	842.187307273031
4	550698	551960	1262	551329	753.084363623958	338.928233040637	1092.0125966646	1.54595	1090.4666466646	754.893837106305	339.480724943924	1094.37456205023	2.28095	1092.09361205023	1206.07173654641	1147.87231176398	9323.770078966
4	553030	553164	134	553097	18.302331781158	8.07698163264186	26.3793134137998	0.16415	26.2151634137998	20.3906011777788	9.31816344324654	29.7087646210253	0.89915	28.8096146210253	28.9943463736716	30.2810661752544	224.14638448632
4	556633	556903	270	556768	78.5449489316278	82.8638856380422	161.40883456967	0.33075	161.07808456967	84.2777649177828	93.6044282364645	177.882193154247	1.06575	176.816443154247	178.154669627658	185.847345980094	1377.25902014661
4	560798	560977	179	560887.5	36.9475585372243	61.5691977095644	98.5167562467887	0.219275	98.2974812467887	38.4577364057187	63.0058766551781	101.463613060897	0.954275	100.509338060897	108.718422767053	105.642854202981	840.468727117728
4	562540	563146	606	562843	200.595560292123	206.684971052417	407.280531344541	0.74235	406.538181344541	219.687280504873	213.442972014589	433.130252519462	1.47735	431.652902519462	449.637053867122	453.699581819234	3476.00593082912
4	565676	565862	186	565769	33.6956061942607	36.2447688365371	69.9403750307979	0.22785	69.7125250307979	36.3409674267564	39.0542276641989	75.3951950909554	0.96285	74.4323450909554	77.1030515973132	78.2339783758753	596.060005135803
4	568837	568952	115	568894.5	8.91906929193142	12.0817229435584	21.0007922354898	0.140875	20.8599172354898	16.0253651498762	18.4983289088396	34.5236940587159	0.875875	33.6478190587159	23.0713673649478	35.3663819864627	178.357653363229
4	569884	570069	185	569976.5	45.9965259255121	43.9164564087229	89.9129823342351	0.226625	89.6863573342351	54.2755045979076	47.8870982193642	102.162602817272	0.961625	101.200977817272	99.1943963306682	106.369819471615	766.84140460611
4	570340	570499	159	570419.5	66.3575275370696	16.2272621910953	82.5847897281649	0.194775	82.3900147281649	73.8635175375367	21.6815822585801	95.5450997961168	0.929775	94.6153247961168	91.1245368588019	99.447804110975	704.455800163789
4	573881	574029	148	573955	36.1894696469412	23.9553489367568	60.144818583698	0.1813	59.963518583698	42.1960816206434	27.1843016167782	69.3803832374216	0.9163	68.4640832374216	66.3205107729606	71.9608874471889	512.703494517947
4	575914	576323	409	576118.5	96.5868845288658	73.7004199277159	170.287304456582	0.501025	169.786279456582	100.631425256526	75.7884893272676	176.419914583794	1.236025	175.183889583794	187.786057952617	184.131409708407	1451.71632443624
4	579179	579355	176	579267	14.2186916264961	37.6799478041329	51.8986394306289	0.2156	51.6830394306289	16.8479530949322	39.9572144310182	56.8051675259503	0.9506	55.8545675259503	57.1621821783859	58.7073405074006	441.903269675642
4	587761	588030	269	587895.5	41.6769892278905	76.1191844809632	117.796173708854	0.329525	117.466648708854	42.8555719558785	78.9070436251663	121.762615581045	1.064525	120.698090581045	129.91979665578	126.86274759969	1004.3700353954
4	589469	589711	242	589590	146.189757603721	225.27119867311	371.460956276831	0.29645	371.164506276831	146.962946272718	227.438866906149	374.401813178867	1.03145	373.370363178867	410.513262371588	392.440260795675	3173.55191796391
4	591547	592400	853	591973.5	482.111834699273	211.052307049545	693.164141748818	1.044925	692.119216748818	485.188889605341	212.94007938443	698.128968989771	1.779925	696.349043989771	765.493771125067	731.915083193813	5917.79717787633
4	593011	593090	79	593050.5	11.4997314725852	5.24762309660827	16.7473545691935	0.096775	16.6505795691935	28.1565873680277	26.816607005306	54.9731943733337	0.831775	54.1414193733337	18.4157795902749	56.9066932839025	142.366734516401
4	593301	593773	472	593537	516.030137629935	436.216607289241	952.246744919176	0.5782	951.668544919176	536.087543690655	448.164632192131	984.252175882786	1.3132	982.938975882786	1052.55904717304	1033.14260070738	8137.01063792344
4	598278	598389	111	598333.5	25.0006336182144	20.7126964575047	45.713330075719	0.135975	45.577355075719	30.2751563206116	23.3419579259408	53.6171142465523	0.870975	52.7461392465523	50.4092077932872	55.4401492010376	389.698099279972
4	599633	600555	922	600094	239.063896542502	121.45092014891	360.514816691412	1.12945	359.385366691412	256.616739307347	128.567415857377	385.184155164724	1.86445	383.319705164724	397.485365206404	402.897765591803	3072.83724726911
4	602890	603046	156	602968	33.4094103884316	30.8556478135668	64.2650582019985	0.1911	64.0739582019985	39.8468160488954	38.8176311314975	78.6644471803929	0.9261	77.7383471803929	70.8667158894364	81.7088345779686	547.848809637606
4	610160	610388	228	610274	77.3279667663797	78.6293476947723	155.957314461152	0.2793	155.678014461152	79.2905380050945	81.5579047770612	160.848442782156	1.0143	159.834142782156	172.182114709841	167.997674329157	1331.08703290049
4	611881	611987	106	611934	24.7907366942328	2.21936747539158	27.0101041696244	0.12985	26.8802541696244	33.647306902082	4.73323063497836	38.3805375370604	0.86485	37.5156875370604	29.7299462797226	39.4318019127832	229.833081376978
4	614074	614191	117	614132.5	9.07706697649115	30.0638594171466	39.1409263936377	0.143325	38.9976013936377	11.3389338290586	35.3866814117225	46.7256152407811	0.878325	45.8472902407811	43.1319059393808	48.1889413655677	333.439514301146
4	616197	616651	454	616424	310.289552737633	235.681946104648	545.971498842281	0.55615	545.415348842281	317.658544745792	246.084493656354	563.743038402146	1.29115	562.451888402146	603.237191095496	591.179128119002	4663.44140437392
4	617220	617671	451	617445.5	155.062127580026	155.843116134717	310.905243714743	0.552475	310.352768714743	160.358249965882	162.3489207928	322.707170758683	1.287475	321.419695758683	343.254609254368	337.836212157996	2653.59593318841
4	619925	620144	219	620034.5	19.5063141369169	23.0968615178041	42.603175654721	0.268275	42.334900654721	24.076547160609	29.0235746624156	53.1001218230246	1.003275	52.0968468230246	46.8230067424187	54.7576941559921	361.974280669488
4	621304	622022	718	621663	394.308421449514	338.154144384829	732.462565834343	0.87955	731.583015834343	399.545544699996	342.314383416942	741.859928116938	1.61455	740.245378116938	809.141298391839	778.053423329253	6255.22280225594
4	623172	623385	213	623278.5	16.3271607270922	2.9723564404136	19.2995171675058	0.260925	19.0385921675058	17.8953377456148	3.56704772527229	21.4623854708871	0.995925	20.4664604708871	21.0569557419258	21.5117852857313	162.784855951331
4	626056	626364	308	626210	194.06945593153	98.0889625160631	292.158418447593	0.3773	291.781118447593	196.184124941267	99.7090387740075	295.893163715275	1.1123	294.780863715275	322.714097945062	309.836801317241	2494.80355048921
4	628638	629133	495	628885.5	732.991758079083	584.879128654857	1317.87088673394	0.606375	1317.26451173394	743.100709933405	593.110008032142	1336.21071796555	1.341375	1334.86934296555	1456.91342510778	1403.04781724358	11262.9501123718
4	629584	629804	220	629694	110.231384570082	53.598614517664	163.829999087746	0.2695	163.560499087746	135.93670786114	63.164274333876	199.100982195016	1.0045	198.096482195016	180.900255655256	208.214263374929	1398.48430225682
4	630692	631140	448	630916	455.216128853153	321.891882706648	777.1080115598	0.5488	776.5592115598	469.417520733175	324.289747566178	793.707268299353	1.2838	792.423468299353	858.885615329703	832.896510350591	6639.78083459319
4	636213	636993	780	636603	443.291903601481	435.044924460136	878.336828061617	0.9555	877.381328061617	464.99308557283	438.568272825818	903.561358398647	1.6905	901.870858398647	970.396320864406	947.933927751063	7501.8358419728
4	643928	644171	243	644049.5	58.7692387426831	120.884428450789	179.653667193472	0.297675	179.355992193472	60.1421186232657	123.366992069068	183.509110692333	1.032675	182.476435692333	198.370297364372	191.796422732831	1533.53982775331
4	645038	645133	95	645085.5	30.6581507078671	49.4631751221148	80.121325829982	0.116375	80.004950829982	41.2972947922745	73.3558249777204	114.653119769995	0.851375	113.801744769995	88.4866220117462	119.614170809654	684.062890872782
4	651400	651515	115	651457.5	1.29898096356388	130.288990627871	131.587971591435	0.140875	131.447096591435	4.98152699622002	133.118949155112	138.100476151332	0.875875	137.224601151332	145.382372340249	144.233349976984	1123.90645776728
4	652347	652635	288	652491	82.3305934533859	154.297738782068	236.628332235454	0.3528	236.275532235454	84.4342626243245	158.284180361165	242.71844298549	1.0878	241.63064298549	261.324124252917	253.971932164377	2020.21652343694
4	654758	654983	225	654870.5	108.967203096535	100.53332669415	209.500529790686	0.275625	209.224904790686	116.777188641978	102.65289563208	219.430084274058	1.010625	218.419459274058	231.405742689601	229.575236852149	1788.92670677154
4	657539	657779	240	657659	71.907346205032	77.3798660058016	149.287212210834	0.294	148.993212210834	74.0799143662628	79.1627398779632	153.242654244226	1.029	152.213654244226	164.788627634219	159.987969210213	1273.93025566575
4	664950	665160	210	665055	75.4111948564804	89.8232836487603	165.234478505241	0.25725	164.977228505241	76.8103743516448	94.9932078840376	171.803582235682	0.99225	170.811332235682	182.467178691371	179.535523919757	1410.59770287593
4	666855	666985	130	666920	33.8328041836379	31.4340393372969	65.2668435209348	0.15925	65.1075935209348	40.5017064515421	38.0448424566382	78.5465489081803	0.89425	77.6522989081803	72.0099313631772	81.6183913887968	556.686657258841
4	668449	668567	118	668508	14.1135931667035	11.367033417262	25.4806265839654	0.14455	25.3360765839654	19.304817089836	17.8873378628523	37.1921549526883	0.87955	36.3126049526883	28.0220637434083	38.1672718650582	216.629966165876
4	668842	668937	95	668889.5	3.11305437849938	6.7628008918292	9.87585527032858	0.116375	9.75948027032858	6.42660581873438	13.0204091872054	19.4470150059398	0.851375	18.5956400059398	10.7941250229233	19.5454126338824	83.4460644982357
4	671044	671228	184	671136	63.1538744862847	61.6174970017431	124.771371488028	0.2254	124.545971488028	68.3718980166717	66.5556246339764	134.927522650648	0.9604	133.967122650648	137.749629089414	140.809495706761	1064.90006454365
4	674261	674369	108	674315	6.20440907500544	13.0896081731012	19.2940172481066	0.1323	19.1617172481066	9.89665496551113	29.6181659487398	39.5148209142509	0.8673	38.6475209142509	21.1931338453339	40.6214436988645	163.83760703362
4	674596	674994	398	674795	33.6785064448558	105.817049261725	139.49555570658	0.48755	139.00800570658	39.3946226757441	123.570889080977	162.965511756722	1.22255	161.742961756722	153.744846162136	170.003986265146	1188.55417385581
4	675626	676073	447	675849.5	237.338021835023	113.454237339497	350.79225917452	0.547575	350.244684174521	240.945968960919	115.279310593231	356.22527955415	1.282575	354.94270455415	387.375639365557	373.071409194903	2994.68206259381
4	679718	680463	745	680090.5	238.030411688119	301.293884568251	539.32429625637	0.912625	538.41167125637	243.442632372566	313.23350959424	556.676141966806	1.647625	555.028516966806	595.491023329533	583.376607861999	4603.55816106888
4	681737	682087	350	681912	122.486404973984	112.733547901129	235.219952875112	0.42875	234.791202875112	126.446446939965	118.05516991329	244.501616853255	1.16375	243.337866853255	259.682434711371	255.766352520075	2007.5251259333
4	687897	688082	185	687989.5	47.752900186023	16.353260344605	64.1061605306279	0.226625	63.8795355306279	50.6877571759873	18.0685352074234	68.7562923834107	0.961625	67.7946673834107	70.6516816290112	71.2572811671078	546.186445830752
4	690476	690948	472	690712	307.359895671464	257.981319309563	565.341214981028	0.5782	564.763014981028	309.106570074126	259.411898344571	568.518468418696	1.3132	567.205268418696	624.635987078346	596.175287100325	4828.86892221139
4	693291	693420	129	693355.5	19.8193095500004	25.0731325557497	44.8924421057501	0.158025	44.7344171057501	31.0663447258246	37.4669509255808	68.5332956514055	0.893025	67.6402706514055	49.4769063200135	71.0949986194031	382.490763001637
4	694220	694392	172	694306	62.0545905961802	30.3943545737731	92.4489451699533	0.2107	92.2382451699533	64.6792521320278	31.2255423927987	95.9047945248266	0.9457	94.9590945248266	102.016820843064	99.8091318843952	788.660701436805
4	699447	700140	693	699793.5	2426.52443952699	2172.04526889379	4598.56970842077	0.848925	4597.72078342077	2432.71444881302	2189.51671285152	4622.23116166454	1.583925	4620.64723666454	5085.14506736801	4856.64687245879	39311.694312723
4	703097	703219	122	703158	19.2355181054057	17.4638440691115	36.6993621745172	0.14945	36.5499121745172	35.134085113496	30.1659579209032	65.3000430343992	0.88445	64.4155930343992	40.4247265900076	67.7056205385466	312.511142421412
4	704092	704437	345	704264.5	567.802178915847	193.079570438203	760.88174935405	0.422625	760.45912435405	576.255155038328	197.3915072472	773.646662285528	1.157625	772.489037285528	841.078688181421	811.943927935443	6502.1209512608
4	709275	709555	280	709415	220.270271961191	160.674345333536	380.944617294727	0.343	380.601617294727	225.483495561921	162.004825835478	387.488321397398	1.078	386.410321397398	420.95084238208	406.146235100854	3254.24164250494
4	715425	715651	226	715538	100.148332336204	277.928726982299	378.077059318503	0.27685	377.800209318503	100.890121465359	285.545615357561	386.43573682292	1.01185	385.42388682292	417.852445018901	405.109418363794	3230.28888434623
4	716636	716863	227	716749.5	25.0841323945481	94.6681126482758	119.752245042824	0.278075	119.474170042824	26.4412125066748	97.181875809328	123.623088316003	1.013075	122.610013316003	132.140144016995	128.872321820686	1021.53485873393
4	720436	720648	212	720542	51.7941409620435	56.2366758571389	108.030816819182	0.2597	107.771116819182	55.2657900853728	66.0768316506397	121.342621736013	0.9947	120.347921736013	119.196399458182	126.494693874973	921.470745986518
4	721597	722201	604	721899	111.945659447555	107.023731577916	218.969391025471	0.7399	218.229491025471	130.331690002116	112.466151819792	242.797841821907	1.4749	241.322941821908	241.36494409231	253.648515158659	1865.91823325808
4	722427	722833	406	722630	74.8516030572422	14.4990875173223	89.3506905745646	0.49735	88.8533405745646	98.0050637455912	25.4050276918596	123.410091437451	1.23235	122.177741437451	98.2730678581459	128.417971648623	759.718897225578
4	727652	728154	502	727903	120.988926919375	150.966487601221	271.955414520595	0.61495	271.340464520595	125.360162859349	153.444051292772	278.804214152122	1.34995	277.454264152122	300.106441806946	291.625245388233	2320.03070616428
4	730330	730531	201	730430.5	74.0874142563527	35.3400820946309	109.427496350984	0.246225	109.181271350984	76.8074743941434	36.6706625951067	113.47813698925	0.981225	112.49691198925	120.756050576508	118.242693672555	933.527929643205
4	731507	731651	144	731579	30.0321598817001	12.1477219763492	42.1798818580493	0.1764	42.0034818580493	31.4786386836979	13.4204033253313	44.8990420090292	0.9114	43.9876420090292	46.4564528043881	46.2343115689137	359.140564783297
4	741763	742145	382	741954	10.5893448142107	37.8638451091362	48.4531899233469	0.46795	47.9852399233469	10.9681392630159	39.4574217554299	50.4255610184458	1.20295	49.2226110184458	53.0723629374313	51.7366567090622	410.286133553719
4	744004	744236	232	744120	62.2907871347435	61.0810048639817	123.371791998725	0.2842	123.087591998725	63.669466930329	62.1750888302906	125.84455576062	1.0192	124.82535576062	136.136640477074	131.200812918145	1052.43054510651
4	746256	746691	435	746473.5	116.590591376542	117.88127246174	234.471863838282	0.532875	233.938988838282	118.263766856323	119.99114154182	238.254908398143	1.267875	236.987033398143	258.739873775232	249.091150138786	2000.23847689935
4	750989	751554	565	751271.5	121.929513135178	151.411481079886	273.340994215063	0.692125	272.648869215063	126.864040820168	154.562134907369	281.426175727537	1.427125	279.999050727537	301.553556147205	294.300006981045	2331.21790256206
4	755187	755531	344	755359	178.904278175693	178.802779663144	357.707057838837	0.4214	357.285657838837	180.524454432172	182.111331176652	362.635785608825	1.1564	361.479385608825	395.163057128654	379.941951345047	3054.88419695431
4	765270	765606	336	765438	503.591919910772	460.317154098138	963.90907400891	0.4116	963.49747400891	507.215666805124	463.804602989923	971.020269795047	1.1466	969.873669795047	1065.64201224343	1019.40998389014	8238.15102167605
4	768112	768402	290	768257	72.5074374107554	184.853890984713	257.361328395468	0.35525	257.006078395468	73.4965229158062	189.751119216323	263.247642132129	1.09025	262.157392132129	284.252405354626	275.547085370995	2197.46802085648
4	769069	769469	400	769269	377.926361526964	214.937750108766	592.86411163573	0.49	592.374111635729	381.676706566032	221.533153453789	603.209860019821	1.225	601.984860019821	655.174255618832	632.731246930951	5064.95089466233
4	769976	770303	327	770139.5	267.796275472362	116.493592798047	384.289868270409	0.400575	383.889293270409	291.51662785297	121.059025892081	412.575653745051	1.135575	411.440078745051	424.58705912041	432.454387728544	3282.35211702991
4	771618	771783	165	771700.5	17.0708498284028	15.8392678771132	32.910117705516	0.202125	32.707992705516	18.9756219141584	16.2759614774121	35.2515833915705	0.937125	34.3144583915705	36.1755086062915	36.0670699345225	279.661743587952
4	775827	775939	112	775883	16.5808570091986	7.17879479548014	23.7596518046787	0.1372	23.6224518046787	19.5264138423578	9.00386804921411	28.5302818915719	0.8722	27.6580818915719	26.1267701829268	29.0707188921602	201.978033901319
4	781259	781371	112	781315	15.3134755825467	12.4057181954404	27.7191937779871	0.1372	27.5819937779871	20.758295789251	16.5031581478676	37.2614539371186	0.8722	36.3892539371186	30.5060803418236	38.2478356976652	235.833135375594
4	784242	784820	578	784531	198.332293460072	194.470350056467	392.802643516539	0.70805	392.094593516539	202.908726392905	198.725987690523	401.634714083428	1.44305	400.191664083428	433.662238766669	420.631460097754	3352.5095428969
4	787361	787568	207	787464.5	5.77851531643588	41.7928875294125	47.5714028458484	0.253575	47.3178278458484	7.01979712557509	44.0763540654387	51.0961511910138	0.988575	50.1075761910138	52.3341956163465	52.6668214927928	404.579588766169
4	789289	789437	148	789363	18.9958216181337	29.6827650020471	48.6785866201809	0.1813	48.4972866201809	22.6458681270671	33.2123132768701	55.8581814039373	0.9163	54.9418814039373	53.638693921265	57.748038926263	414.664264407677
4	790095	790328	233	790211.5	70.1508719459866	41.9474852637981	112.098357209785	0.285425	111.812932209785	73.7022199013375	43.7411589776892	117.443378879027	1.020425	116.422953879027	123.666705195505	122.369258218281	956.029306322929
4	793950	794702	752	794326	112.705848307063	375.293500111285	487.999348418348	0.9212	487.078148418348	118.275966677536	383.087585889737	501.363552567273	1.6562	499.707352567273	538.715411510806	525.229914054722	4164.64334808581
4	802514	802647	133	802580.5	6.90019887827545	25.6519240736179	32.5521229518933	0.162925	32.3891979518933	8.24137922341161	34.1154000422239	42.3567792656355	0.897925	41.4588542656355	35.8229170407635	43.5763659487389	276.93596651421
4	803751	803903	152	803827	8.4945755128453	7.4734904767444	15.9680659895897	0.1862	15.7818659895897	9.26786418037721	8.24677914427631	17.5146433246535	0.9212	16.5934433246535	17.4549699234053	17.4409537232222	134.939010151355
4	806012	806575	563	806293.5	453.069860306503	661.978498771297	1115.0483590778	0.689675	1114.3586840778	461.621734979635	664.245165553522	1125.86690053316	1.424675	1124.44222553316	1232.49667227527	1181.87313122789	9528.05313910373
4	807839	808271	432	808055	188.650635343804	73.2299268227453	261.880562166549	0.5292	261.351362166549	190.47090866788	74.250411867639	264.721320535519	1.2642	263.457120535519	289.058351469168	276.91319742458	2234.62131383738
4	811695	812123	428	811909	278.191823126651	321.273191773501	599.465014900152	0.5243	598.940714900152	288.73346863989	327.832595646094	616.566064285984	1.2593	615.306764285983	662.437012922376	646.733567682914	5121.09704019052
4	814207	814456	249	814331.5	82.0264979098757	84.7754576241459	166.801955534022	0.305025	166.496930534022	88.2961060293956	87.9839106045883	176.280016633984	1.040025	175.239991633984	184.147990911068	184.19037717176	1423.59154578551
4	816598	816804	206	816701	59.0367348225548	28.1553873856134	87.1921222081681	0.25235	86.9397722081681	64.1761595048	28.9129762832238	93.0891357880238	0.98735	92.1017857880238	96.1566338253222	96.8058860555144	743.357395905721
4	817578	817886	308	817732	120.030240968821	112.447852087972	232.478093056794	0.3773	232.100793056794	126.184050785354	114.562521097709	240.746571883063	1.1123	239.634271883063	256.706802901333	251.873596374116	1984.52143055122
4	819222	819332	110	819277	13.9252959261807	16.5304577477947	30.4557536739754	0.13475	30.3210036739754	16.5236578474466	18.5824276763806	35.1060855238272	0.86975	34.2363355238272	33.535464534157	35.9849569399873	259.252373911978
4	820939	821252	313	821095.5	97.5119709718165	151.152884869587	248.664855841404	0.383425	248.281430841404	99.9691349623239	152.068471451757	252.037606414081	1.118425	250.919181414081	274.602820144046	263.734882850372	2122.87004203437
4	826343	826567	224	826455	7.9617833208616	36.4686655553531	44.4304488762147	0.2744	44.1560488762147	9.7869565731301	40.4301075008175	50.2170640739476	1.0094	49.2076640739476	48.8372227706884	51.7209463491209	377.545565998445
4	827371	827606	235	827488.5	85.2056513197004	80.2064245828683	165.412075902569	0.287875	165.124200902569	88.9029971354671	84.7561579069814	173.659155042449	1.022875	172.636280042449	182.629732268789	181.453680966632	1411.854354645
4	831431	832035	604	831733	116.553591918766	236.301737021674	352.855328940439	0.7399	352.115428940439	124.152480557812	248.970651360001	373.123131917813	1.4749	371.648231917813	389.444709882632	390.630171651324	3010.67741112392
4	832537	832768	231	832652.5	58.8508375468607	122.172509574089	181.02334712095	0.282975	180.74037212095	65.393141670048	133.312346320896	198.705487990944	1.017975	197.687512990944	199.901441400992	207.78440606184	1545.37663191896
4	834959	837014	2055	835986.5	3466.78149466387	3057.203596987	6523.98509165087	2.517375	6521.46771665087	3469.42805587878	3059.00817054116	6528.43622641994	3.252375	6525.18385141994	7212.83674095873	6858.45772703768	55760.2249949001
4	838143	838388	245	838265.5	120.766730175646	38.4213369391492	159.188067114795	0.300125	158.887942114795	124.590774134664	39.6047195967947	164.195493731459	1.035125	163.160368731459	175.732340689937	171.4937873251	1358.53273929071
4	842034	842332	298	842183	155.603019653307	210.8816095511	366.484629204407	0.36505	366.119579204407	160.42064905143	213.706568151614	374.127217203044	1.10005	373.027167203044	404.933500740547	392.07953607958	3130.41649494817
4	844924	845396	472	845160	174.882537113907	110.876575114879	285.759112228786	0.5782	285.180912228786	181.299543073326	118.124368899186	299.423911972512	1.3132	298.110711972512	315.414175292472	313.336721630558	2438.37009106508
4	847930	848518	588	848224	390.431378267194	387.100227084882	777.531605352076	0.7203	776.811305352076	396.132594716437	389.404193320487	785.536788036924	1.4553	784.081488036924	859.16443467622	824.128463305111	6641.93630130526
4	851005	851206	201	851105.5	31.8067338754957	29.823662937202	61.6303968126977	0.246225	61.3841718126977	33.2216131405815	32.9008178418046	66.1224309823861	0.981225	65.1412059823861	67.8917736008249	68.4682941801292	524.850444733846
4	854064	854148	84	854106	5.10652516438436	18.9945216371848	24.1010468015692	0.1029	23.9981468015692	8.69357259656294	25.1425315387145	33.8361041352775	0.8379	32.9982041352775	26.5422942328346	34.6835879698182	205.190322678366
4	856065	856370	305	856217.5	101.011219690676	79.665432511053	180.676652201729	0.373625	180.303027201729	108.811605376804	89.8958825848302	198.707487961634	1.108625	197.598862961634	199.417731653603	207.691228230783	1541.63722046196
4	857948	858169	221	858058.5	61.7943944093293	75.1591985494611	136.95359295879	0.270725	136.68286795879	66.9121194095812	81.1348109774585	148.04693038704	1.005725	147.04120538704	151.173210496099	154.551337440128	1168.67364855168
4	859141	859340	199	859240.5	40.8070019774667	9.24836446614357	50.0553664436102	0.243775	49.8115914436102	44.8575426171986	10.4111474256756	55.2686900428742	0.978775	54.2899150428742	55.0923338886984	57.0627733722774	425.901908424404
4	861485	861827	342	861656	316.308064536945	57.2772606074734	373.585325144418	0.41895	373.166375144418	322.199278201797	58.5606417996504	380.759920001448	1.15395	379.605970001448	412.727358023989	398.994351342226	3190.66841126218
4	866731	866925	194	866828	15.0855789223494	80.875814773022	95.9613936953714	0.23765	95.7237436953714	19.5665132547049	102.768793933602	122.335307188307	0.97265	121.362657188306	105.871832156009	127.561256957662	818.462609602428
4	867604	868044	440	867824	154.927129558409	119.625546899573	274.552676457981	0.539	274.013676457981	162.153523656326	122.649302586735	284.802826243061	1.274	283.528826243061	303.063052514244	298.010065840749	2342.88735524454
4	870719	871014	295	870866.5	162.696415700297	117.218382176331	279.914797876628	0.361375	279.553422876628	165.588773313086	118.196667839652	283.785441152738	1.096375	282.689066152738	309.190091432491	297.127414989604	2390.25361083908
4	884374	884622	248	884498	57.2227614061538	24.6429388601953	81.865700266349	0.3038	81.561900266349	62.6552817931108	28.3569844312288	91.0122662243396	1.0388	89.9734662243396	90.208630397952	94.5688625341037	697.375208689805
4	889047	889523	476	889285	124.862470152986	120.214538267963	245.077008420949	0.5831	244.493908420949	126.477646482738	121.335121845923	247.812768328661	1.3181	246.494668328661	270.41376607548	259.084387684251	2090.48575194602
4	892469	892686	217	892577.5	26.5034115951534	8.14518063319233	34.6485922283457	0.265825	34.3827672283457	27.7290936329057	8.65547315490645	36.3845667878121	1.000825	35.3837417878121	38.0278332264449	37.1909669983195	293.981496175284
4	893800	894744	944	894272	811.873402076479	680.751723651564	1492.62512572804	1.1564	1491.46872572804	828.820953711804	685.422055208322	1514.24300892013	1.8914	1512.35160892013	1649.58578196364	1589.59499293479	12752.4409125132
4	905113	905233	120	905173	10.606344565081	20.4778998984247	31.0842444635058	0.147	30.9372444635058	12.2892199027112	24.1230464791661	36.4122663818773	0.882	35.5302663818773	34.2170356775137	37.3449753385058	264.521391036376
4	907103	907267	164	907185	20.6634971785152	19.2985171821605	39.9620143606757	0.2009	39.7611143606757	22.0313771323712	19.8667088553684	41.8980859877396	0.9359	40.9621859877396	43.9763622213292	43.0543303301458	339.967746392192
4	909472	909968	496	909720	167.750141638449	36.8472600070893	204.597401645538	0.6076	203.989801645538	168.376232463151	37.9257442020112	206.301976665162	1.3426	204.959376665162	225.615643597089	215.427680296259	1744.16522945876
4	911427	911664	237	911545.5	25.3230288935438	90.6688712567585	115.991900150302	0.290325	115.701575150302	26.5016116215318	94.0029223965724	120.504534018104	1.025325	119.479209018104	127.96760000822	125.581611640299	989.278202845788
4	915001	915156	155	915078.5	28.9866752031735	30.0692593380113	59.0559345411848	0.189875	58.8660595411848	46.4040199537279	49.0025818720628	95.4066018257908	0.924875	94.4817268257908	65.1067053464113	99.307382622054	503.319937657429
4	916145	916419	274	916282	118.562362480434	123.830985269294	242.393347749728	0.33565	242.057697749728	121.39222100914	124.88286985403	246.275090863171	1.07065	245.204440863171	267.71928216456	257.72826182913	2069.65552460082
4	923924	924146	222	924035	125.753057101523	124.810870909168	250.563928010691	0.27195	250.291978010691	130.202791891105	133.137348885466	263.340140776571	1.00695	262.333190776571	276.82651412248	275.731862934176	2140.0607370425
4	924484	924685	201	924584.5	95.4937005493677	128.844311799495	224.338012348862	0.246225	224.091787348862	99.9014359544461	133.857438332627	233.758874287073	0.981225	232.777649287073	247.848727827033	244.666771663021	1916.04237343353
4	925904	926487	583	926195.5	79.7346314969488	127.019638539899	206.754270036848	0.714175	206.040095036848	85.509646864676	137.139290237415	222.648937102091	1.449175	221.199762102091	227.883297466604	232.497543694168	1761.69576487996
4	926912	927619	707	927265.5	267.21718395889	244.048823488896	511.266007447787	0.866075	510.399932447787	269.804546041358	252.869194227245	522.673740268603	1.601075	521.072665268603	564.509638826038	547.686460463775	4364.0505952372
4	930356	931063	707	930709.5	544.920014251682	536.919331500888	1081.83934575257	0.866075	1080.97327075257	555.460359783973	542.990442529363	1098.45080231334	1.601075	1096.84972731334	1195.57192675679	1152.87134569462	9242.59927512009
4	933348	933444	96	933396	21.4621854738181	17.228747514428	38.6909329882461	0.1176	38.5733329882461	25.8600210239779	20.437300493405	46.2973215173828	0.8526	45.4447215173828	42.6626590036606	47.7658114378103	329.811910398046
4	935928	936463	535	936195.5	85.5669460249626	79.7651310499809	165.332077074943	0.655375	164.676702074943	87.0929236619129	84.6092600597546	171.702183721667	1.390375	170.311808721667	182.134792153209	179.010487233812	1408.02812466158
4	940863	941058	195	940960.5	16.4338591634373	49.7126714657709	66.1465306292082	0.238875	65.9076556292082	17.1021493697112	51.6800426341431	68.7821920038543	0.973875	67.8083170038543	72.894811519046	71.2716279421466	563.527393900582
4	943461	943649	188	943555	27.3763988016132	44.4603484380396	71.8367472396528	0.2303	71.6064472396528	28.7913780652335	46.9537118980474	75.745089963281	0.9653	74.779789963281	79.1977566983854	78.5991690009337	612.253526759617
4	946309	946662	353	946485.5	74.4757085659384	30.0856590976744	104.561367663613	0.432425	104.128942663613	76.9158728055755	31.1640432940619	108.079916099637	1.167425	106.912491099637	115.168102653279	112.373048391517	890.329220917455
4	950269	950532	263	950400.5	53.4029173855859	50.6278580538029	104.030775439389	0.322175	103.708600439389	54.3498035090645	51.8221405517124	106.171944060777	1.057175	105.114769060777	114.703198130189	110.483507669104	886.735186872367
4	952499	952702	203	952600.5	40.9723995535817	17.174748305781	58.1471478593627	0.248675	57.8984728593627	41.7142886812707	18.021435897659	59.7357245789298	0.983675	58.7520495789298	64.0365406117322	61.7528115052615	495.046822858024
4	954098	954264	166	954181	14.7130843812197	13.3142048816589	28.0272892628785	0.20335	27.8239392628785	15.7807687344123	14.5240871509552	30.3048558853674	0.93835	29.3665058853674	30.773675514959	30.8664006703455	237.901831451418
4	954880	956087	1207	955483.5	1386.11238666158	863.806141007383	2249.91852766897	1.478575	2248.43995266897	1387.53826576547	864.989523665028	2252.5277894305	2.213575	2250.3142144305	2486.80680562793	2365.24905100797	19224.7394445019
4	959728	960572	844	960150	495.254642092745	593.223806364439	1088.47844845718	1.0339	1087.44454845718	499.441280737974	595.217877141531	1094.65915787951	1.7689	1092.89025787951	1202.72925262526	1148.70964629246	9297.93036261323
4	964831	965023	192	964927	38.2876388984807	41.6539895649483	79.9416284634289	0.2352	79.7064284634289	41.7590880247408	43.9375560995091	85.6966441242499	0.9702	84.7264441242499	88.1564519968009	89.053848691472	681.51044791849
4	967901	967968	67	967934.5	7.08339619353711	20.4871997621362	27.5705959556733	0.082075	27.4885209556733	10.6378441034584	31.3892399938268	42.0270840972852	0.817075	41.2100090972852	30.4026980609692	43.3148110092047	235.033918722292
4	969790	970028	238	969909	25.30462916319	149.75010542718	175.05473459037	0.29155	174.76318459037	26.2829148265115	152.900859253197	179.183774079709	1.02655	178.157224079709	193.290586344837	187.25660731401	1494.270142395
4	976083	976410	327	976246.5	21.3077877365015	71.8862465142459	93.1940342507473	0.400575	92.7934592507473	31.2367422286663	112.391452914497	143.628195143163	1.135575	142.492620143163	102.630895572105	149.770433127958	793.407924517641
4	979303	979498	195	979400.5	42.8590719045871	25.5005262923372	68.3595981969243	0.238875	68.1207231969243	45.1786379115792	27.5462963117821	72.7249342233613	0.973875	71.7510592233613	75.3424959600639	75.4157457872264	582.449690363032
4	992766	993099	333	992932.5	292.32451601345	189.087628939706	481.412144953156	0.407925	481.004219953156	301.460382128245	192.432579919784	493.89296204803	1.142925	492.75003704803	531.997559594767	517.917253527616	4112.7096987085
4	998379	998816	437	998597.5	144.014289484989	163.019310968299	307.033600453288	0.535325	306.498275453288	147.465138913136	164.213493467674	311.67863238081	1.270325	310.40830738081	338.991484476027	326.26241693241	2620.63902519801
4	1002244	1002469	225	1002356.5	98.7154533349028	138.652968054618	237.368421389521	0.275625	237.092796389521	100.945720650558	146.315855755765	247.261576406324	1.010625	246.250951406324	262.228030117923	258.828222915981	2027.20434199115
4	1003565	1003943	378	1003754	81.5117054541076	85.082153129554	166.593858583662	0.46305	166.130808583662	84.8783561161788	88.5117028698455	173.390058986024	1.19805	172.192008986024	183.743054787795	180.986718758484	1420.46110901657
4	1005159	1005730	571	1005444.5	1023.51360051053	1019.67565675522	2043.18925726575	0.699475	2042.48978226575	1030.60849653554	1023.70429771589	2054.31279425143	1.434475	2052.87831925143	2259.02296609466	2157.72911414201	17463.8125583502
4	1009948	1010091	143	1010019.5	37.5064503467208	20.0631059771882	57.5695563239089	0.175175	57.3943813239089	40.7620026369275	22.3138729924226	63.0758756293501	0.910175	62.1657006293501	63.4790081503747	65.3408148408412	490.736710678343
4	1011392	1012253	861	1011822.5	314.450591758022	119.658346418899	434.108938176921	1.054725	433.054213176921	320.867097724769	123.256593686945	444.123691411714	1.789725	442.333966411714	478.964165022899	464.926181230507	3702.72481761751
4	1013727	1014180	453	1013953.5	273.444792693907	97.3037740229219	370.748566716829	0.554925	370.193641716829	276.411049223714	99.7393383299706	376.150387553685	1.289925	374.860462553685	409.439472256672	394.006467021274	3165.25077646365
4	1021768	1021957	189	1021862.5	10.1057519012164	30.9323466895525	41.0380985907689	0.231525	40.8065735907689	10.6896433443457	33.504308997702	44.1939523420478	0.966525	43.2274273420478	45.1326551102348	45.4352689249533	348.906691492564
4	1022414	1022848	434	1022631	346.53762152581	300.122801730352	646.660423256162	0.53165	646.128773256162	349.841473108195	302.574065807323	652.415538915518	1.26665	651.148888915518	714.627681623489	684.406329434353	5524.5670664678
4	1030297	1030436	139	1030366.5	10.4143473787806	14.5539867127801	24.9683340915607	0.170275	24.7980590915607	12.6556145332346	18.1897334312755	30.8453479645101	0.905275	29.9400729645101	27.4270086875369	31.4692626977601	212.029778335293
4	1031778	1032263	485	1032020.5	143.086703078675	121.667316977636	264.754020056311	0.594125	264.159895056311	147.730535023782	124.539374887915	272.269909911697	1.329125	270.940784911697	292.164629088812	284.779090085395	2258.63499183794
4	1035599	1035765	166	1035682	40.0175135473407	36.3242676714896	76.3417812188303	0.20335	76.1384312188303	53.8664105931393	50.1995643304046	104.065974923544	0.93835	103.127624923544	84.2101959183154	108.394870111439	651.003154501698
4	1036998	1037150	152	1037074	75.2814967571931	46.7655146560592	122.047011413252	0.1862	121.860811413252	81.6575033174545	48.2226933012519	129.880196618706	0.9212	128.958996618706	134.779803570958	135.545579553	1041.94125581804
4	1039547	1039757	210	1039652	45.0588396672105	49.3978760790658	94.4567157462763	0.25725	94.1994657462763	53.7637120981755	55.2779899065856	109.041702004761	0.99225	108.049452004761	104.185958902877	113.568079594107	805.429641398154
4	1045138	1045380	242	1045259	73.8382179083003	179.412970720855	253.251188629155	0.29645	252.954738629155	75.9323872184584	187.554551406804	263.486938625263	1.03145	262.455488625263	279.771565521293	275.860407147559	2162.82802465998
4	1049500	1049727	227	1049613.5	10.9068401613481	47.9047979599763	58.8116381213244	0.278075	58.5335631213244	12.5112166493711	53.8958101622916	66.4070268116627	1.013075	65.3939518116627	64.7389595416927	68.7339490069126	500.477007816025
4	1050213	1050477	264	1050345	104.304071434263	180.964847978249	285.268919412512	0.3234	284.945519412512	107.13392996297	191.631791655256	298.765721618226	1.0584	297.707321618226	315.153827464722	312.912728107101	2436.35742198998
4	1052321	1052450	129	1052385.5	30.6075514493942	34.2135986031338	64.821150052528	0.158025	64.663125052528	32.4904238560874	36.2497687632637	68.7401926193511	0.893025	67.8471676193511	71.5183428683148	71.3124628534872	552.886337625544
4	1054715	1055235	520	1054975	756.748009933588	783.535217369742	1540.28322730333	0.637	1539.64622730333	760.740551423292	786.533773426203	1547.27432484949	1.372	1545.90232484949	1702.87078904304	1624.85931224793	13164.3709326023
4	1055856	1056574	718	1056215	1188.60358113338	668.412404483053	1857.01598561643	0.87955	1856.13643561643	1205.98852635874	671.289362321523	1877.27788868027	1.61455	1875.66333868027	2052.91349443678	1971.46287543969	15870.4435516789
4	1059008	1059586	578	1059297	297.871134728307	250.635926955554	548.507061683861	0.70805	547.799011683861	299.359712913343	251.988207138023	551.347920051366	1.44305	549.904870051366	605.873556353873	577.99127059366	4683.8223342709
4	1062846	1063315	469	1063080.5	197.892799900806	160.109953604641	358.002753505447	0.574525	357.428228505447	203.630815810757	161.293236263752	364.924052074509	1.309525	363.614527074509	395.320742328824	382.186145197217	3056.10321279449
4	1067484	1067690	206	1067587	91.2891621664572	32.289026807541	123.578188973998	0.25235	123.325838973998	97.2440748978066	34.2879975128252	131.532072410632	0.98735	130.544722410632	136.400145045575	137.212296316579	1054.46761797458
4	1071693	1071814	121	1071753.5	18.7168257067909	21.5510841710165	40.2679098778075	0.148225	40.1196848778075	40.5820052747708	47.4711043157133	88.0531095904841	0.883225	87.1698845904841	44.3729463512467	91.6220879208623	343.03361646631
4	1075211	1075397	186	1075304	30.025559978421	34.3657963726907	64.3913563511117	0.22785	64.1635063511117	46.8134139540998	47.6250020603572	94.438416014457	0.96285	93.475566014457	70.9657574254943	98.2498321302571	548.614469326404
4	1080244	1080924	680	1080584	1676.12963648779	1496.10567472095	3172.23531120873	0.833	3171.40231120873	1678.31790441894	1501.88079008721	3180.19869450615	1.568	3178.63069450615	3507.61639933338	3340.97931101065	27116.3048113901
4	1084626	1085021	395	1084823.5	125.253064428866	115.167912225763	240.420976654629	0.483875	239.937101654629	126.257949702373	116.914586628424	243.172536330797	1.218875	241.953661330797	265.373872497283	254.311448677137	2051.52388299442
4	1087063	1087192	129	1087127.5	18.2493325578563	27.8795914273755	46.1289239852318	0.158025	45.9708989852318	25.9371198941016	36.5746640019565	62.5117838960581	0.893025	61.6187588960581	50.8444729963131	64.765938049267	393.063000847111
4	1090130	1090399	269	1090264.5	53.0075231800485	234.277266690084	287.284789870132	0.329525	286.955264870133	54.4226024422034	238.832999926269	293.255602368472	1.064525	292.191077368472	317.376634738563	307.114741588956	2453.54126215731
4	1092525	1092742	217	1092633.5	42.6595748281968	75.9227873591434	118.58236218734	0.265825	118.31653718734	44.5800466838738	79.1470401080418	123.727086791916	1.000825	122.726261791916	130.859785491068	128.994507689473	1011.63680030784
4	1093477	1093760	283	1093618.5	72.6609351612612	66.6273235832355	139.288258744497	0.346675	138.941583744497	78.3905511943112	71.5822509692702	149.972802163581	1.081675	148.891127163581	153.671382520309	156.495744002707	1187.98624900954
4	1101930	1102115	185	1102022.5	67.4527114872583	16.8794526333096	84.3321641205679	0.226625	84.1055391205679	69.6673790315269	17.7214402940646	87.3888193255915	0.961625	86.4271943255915	93.0219314186097	90.841464738124	719.123974608691
4	1103561	1103726	165	1103643.5	35.0262866932711	25.2674297083443	60.2937164016154	0.202125	60.0915914016154	40.6592041434291	28.8171776871427	69.4763818305718	0.937125	68.5392568305718	66.4621611447372	72.0399005328813	513.798550025861
4	1105878	1106108	230	1105993	48.8240844879242	101.516612284198	150.340696772123	0.28175	150.058946772123	50.7807558131016	105.861448611057	156.642204424158	1.01675	155.625454424158	165.967345329953	163.574027142063	1283.04256005861
4	1108123	1108710	587	1108416.5	190.992301026927	198.524790639045	389.517091665973	0.719075	388.798016665973	198.829986166435	207.687656358165	406.5176425246	1.454075	405.0635675246	430.016177533176	425.752196089617	3324.32296360414
4	1110243	1110536	293	1110389.5	81.4938057164265	83.9740693684107	165.467875084837	0.358925	165.108950084837	84.2923647038244	87.7194144807526	172.011779184577	1.093925	170.917854184577	182.612864645848	179.647486478994	1411.72395623393
4	1112302	1112547	245	1112424.5	16.3364605908037	71.7248488795121	88.0613094703157	0.300125	87.7611844703157	17.6778409330089	75.6484913789236	93.3263323119325	1.035125	92.2912073119325	97.065127557303	97.0049822869617	750.380681850076
4	1116763	1117100	337	1116931.5	35.5507790068887	28.1957867935641	63.7465658004527	0.412825	63.3337408004528	37.6651480210222	29.6371656703008	67.302313691323	1.147825	66.154488691323	70.0480248367254	69.5333303205699	541.519760618481
4	1125132	1125337	205	1125234.5	20.161104541029	140.610639365141	160.77174390617	0.251125	160.52061890617	21.0766911231992	147.83333351728	168.91002464048	0.986125	167.92389964048	177.538104615882	176.500615655899	1372.49254545498
4	1126057	1126262	205	1126159.5	72.0028448055096	87.0261246408459	159.028969446355	0.251125	158.777844446355	80.2541238838398	96.7609819774851	177.015105861325	0.986125	176.028980861325	175.61057109105	185.019664037237	1357.59137593044
4	1127597	1127813	216	1127705	88.1475082070818	87.8662123294448	176.013720536527	0.2646	175.749120536527	91.5814578828927	91.7382555850381	183.319713467931	0.9996	182.320113467931	194.381045628798	191.632116348172	1502.70014812023
4	1129392	1129581	189	1129486.5	67.7976064328574	15.1607778203171	82.9583842531745	0.231525	82.7268592531745	70.3753686560098	16.0969641006008	86.4723327566105	0.966525	85.5058077566105	91.4970917301197	89.8730183345424	707.335907421681
4	1135500	1135722	222	1135611	171.903880765817	166.322962553616	338.226843319433	0.27195	337.954893319433	175.838423105493	169.052622550722	344.891045656214	1.00695	343.884095656214	373.78295457898	361.447981660393	2889.60119230594
4	1140566	1140979	413	1140772.5	373.119331973501	166.661257595936	539.780589569437	0.505925	539.274664569437	387.579620059425	168.102836469742	555.682456529167	1.240925	554.441531529167	596.445506299647	582.7596421332	4610.93697568493
4	1144942	1145165	223	1145053.5	31.8186337011049	21.6783823054751	53.49701600658	0.273175	53.22384100658	47.5079037764209	32.2489273951939	79.7568311716147	1.008175	78.7486561716148	58.8663307995884	82.7707451180116	455.077519136107
4	1146066	1146257	191	1146161.5	89.776184338996	79.1463401183001	168.922524457296	0.233975	168.688549457296	94.7736111022065	82.9653841505917	177.738995252798	0.968975	176.770020252798	186.571952843995	185.798552028168	1442.33045082568
4	1149347	1150053	706	1149700	89.6680859231675	123.410691428658	213.078777351825	0.86485	212.213927351825	92.7764403705439	128.617715120246	221.39415549079	1.59985	219.79430549079	234.711644472032	231.020303362664	1814.48361784824
4	1150528	1151001	473	1150764.5	128.555516031768	220.592467239452	349.147983271219	0.579425	348.568558271219	130.601286051213	231.769903435242	362.371189486455	1.314425	361.056764486455	385.521820099238	379.497744841701	2980.35075535615
4	1153658	1153903	245	1153780.5	96.0734920525812	113.068542991809	209.14203504439	0.300125	208.84191004439	98.9079505138759	117.981570991875	216.889521505751	1.035125	215.854396505751	230.982145012253	226.87916345955	1785.65200326105
4	1161547	1162827	1280	1162187	609.846662758141	958.550352540437	1568.39701529858	1.568	1566.82901529858	612.86591851125	962.317097339169	1575.18301585042	2.303	1572.88001585042	1732.93534206892	1653.21488927319	13396.7907559395
4	1163429	1163600	171	1163514.5	20.3430018753418	14.6660850699899	35.0090869453317	0.209475	34.7996119453317	21.6156832243239	15.4079741976789	37.0236574220028	0.944475	36.0791824220028	38.4888694564142	37.9219272746683	297.545625634627
4	1166432	1166649	217	1166540.5	80.3657222483769	67.9974035048513	148.363125753228	0.265825	148.097300753228	84.7057586455775	71.1166577924916	155.822416438069	1.000825	154.821591438069	163.79773672456	162.729106840358	1266.26998245393
4	1168765	1169110	345	1168937.5	332.505127170611	453.911247976051	786.416375146663	0.422625	785.993750146663	339.441425519853	458.498380752079	797.939806271932	1.157625	796.782181271932	869.320350194611	837.477844661994	6720.44856418776
4	1172103	1172249	146	1172176	31.2475420703957	50.996652649155	82.2441947195507	0.17885	82.0653447195507	32.7783196370035	55.0891926733902	87.8675123103937	0.91385	86.9536623103937	90.7654471770665	91.3948220841578	701.679788149929
4	1174321	1174483	162	1174402	47.8748983981514	35.0419864631925	82.9168848613439	0.19845	82.7184348613439	49.6999716518854	36.5728640283349	86.2728356802203	0.93345	85.3393856802203	91.4877742320417	89.6980962477846	707.263876706461
4	1174874	1175021	147	1174947.5	21.4258860057831	13.5139019551182	34.9397879609014	0.180075	34.7597129609014	27.9426905026649	16.2699615653402	44.2126520680051	0.915075	43.2975770680051	38.4447406079203	45.5090015493509	297.204479063707
4	1181452	1181551	99	1181501.5	9.56065988948537	12.0004241349843	21.5610840244697	0.121275	21.4398090244697	12.7894125724377	15.2401766567351	28.0295892291728	0.856275	27.1733142291728	23.7127359928496	28.5611917132017	183.315877191227
4	1183089	1183158	69	1183123.5	21.5643839761092	17.5371429949231	39.1015269710323	0.084525	39.0170019710323	38.7566320254333	30.6318510932854	69.3884831187186	0.819525	68.5689581187186	43.1533632559708	72.0711188148227	333.605394223819
4	1184465	1184565	100	1184515	17.9910363431615	9.10316659400387	27.0942029371653	0.1225	26.9717029371653	25.5597254247798	15.8504677129807	41.4101931377605	0.8575	40.5526931377605	29.8310899269956	42.6239226259254	230.614991841791
4	1201891	1201944	53	1201917.5	5.31162215870842	6.38500642836928	11.6966285870777	0.064925	11.6317035870777	7.97858307466289	9.29936371875462	17.2779467934175	0.799925	16.4780217934175	12.8648308384024	17.3196370353253	99.4540550179283
4	1206510	1206582	72	1206546	0	5.33332184070175	5.33332184070175	0.0882	5.24512184070175	0.878187130255423	8.4729758293865	9.35116295964193	0.8232	8.52796295964193	5.80117991335355	8.96352881209924	44.84713973458
4	1213636	1213796	160	1213716	5.51821913105045	3.16635359740466	8.68457272845511	0.196	8.48857272845511	6.02851165276457	3.71884550069107	9.74735715345564	0.931	8.81635715345564	9.3884830707319	9.26665274424163	72.5794783919145
4	1219114	1219318	204	1219216	17.5592426710546	19.5784130803141	37.1376557513687	0.2499	36.8877557513687	17.9223373499383	20.5566987436356	38.4790360935739	0.9849	37.4941360935739	40.798386426978	39.409149728956	315.399791829308
4	1222519	1222657	138	1222588	3.40255013596801	9.91395471198508	13.3165048479531	0.16905	13.1474548479531	4.33873641625169	11.8546262716374	16.1933626878891	0.90405	15.2893126878891	14.5412734521843	16.0702145921191	112.414117846564
4	1229647	1229724	77	1229685.5	13.0834082639602	18.2949318896026	31.3783401535628	0.094325	31.2840151535628	16.5236578474466	24.5115407858209	41.0351986332675	0.829325	40.2058736332675	34.6005690296064	42.2593893093722	267.486369556449
4	1233743	1234051	308	1233897	136.592698247666	119.2216528186	255.814351066266	0.3773	255.437051066266	145.71836451194	128.789812598175	274.508177110115	1.1123	273.395877110115	282.517038645881	287.359576159387	2184.0524339517
4	1236262	1236437	175	1236349.5	47.0098110759196	25.3331287455315	72.3429398214511	0.214375	72.1285648214511	47.8987980479044	26.4430124802964	74.3418105282008	0.949375	73.3924355282008	79.7752262252958	77.1409554146077	616.717766268238
4	1242221	1243075	854	1242648	917.688251370444	372.85073590975	1290.53898728019	1.04615	1289.49283728019	923.184870818035	375.843592049742	1299.02846286778	1.78115	1297.24731286778	1426.19755522062	1363.50424132199	11025.4951584705
4	1249953	1250135	182	1250044	45.880227629852	43.2521661438303	89.1323937736823	0.22295	88.9094437736823	48.1417944868159	44.6780452477146	92.8198397345305	0.95795	91.8618897345305	98.3351188002749	96.5537373070299	760.19859399656
4	1251688	1252043	355	1251865.5	234.571962371348	196.416621534053	430.988583905401	0.434875	430.553708905401	247.775568873815	200.687658942427	448.463227816242	1.169875	447.293352816242	476.198571468783	470.13886837956	3681.34486346629
4	1256900	1257070	170	1256985	39.4394220192142	63.4518701191885	102.891292138403	0.20825	102.683042138403	44.787243647423	73.2278268535201	118.015070500943	0.94325	117.071820500943	113.568915954036	123.05126571389	877.966399830399
4	1258081	1258631	550	1258356	140.772036999875	143.325699576205	284.09773657608	0.67375	283.42398657608	146.074259296337	147.795734068297	293.869993364634	1.40875	292.461243364634	313.470990345529	307.398706317943	2423.34792520446
4	1261408	1261552	144	1261480	76.510678743654	53.8044115017298	130.315090245384	0.1764	130.138690245384	81.0389123828428	55.2772899168439	136.316202299687	0.9114	135.404802299687	143.935256173316	142.3206048682	1112.71924724805
4	1263001	1263173	172	1263087	161.629231339777	45.729129844175	207.358361183952	0.2107	207.147661183952	169.861510696547	47.4649044065723	217.326415103119	0.9457	216.380715103119	229.108281495656	227.432363788184	1771.16574008226
4	1266963	1267373	410	1267168	139.05176221033	115.852902187304	254.904664397633	0.50225	254.402414397633	151.819975093447	129.506102101024	281.326077194471	1.23725	280.088827194471	281.372715665027	294.394368782547	2175.20602453322
4	1269527	1269934	407	1269730.5	325.803025389243	366.749425323846	692.552450713089	0.498575	692.053875713089	337.937347561965	372.676538462596	710.613886024561	1.233575	709.380311024561	765.421503003277	745.611922412894	5917.2384952282
4	1270783	1271003	220	1270893	88.0797092006695	85.9584402876533	174.038149488323	0.2695	173.768649488323	95.6108988318386	89.4768887251433	185.087787556982	1.0045	184.083287556982	192.190616271244	193.485344583654	1485.76661167692
4	1274046	1274127	81	1274086.5	10.1477512857197	15.455973494254	25.6037247799737	0.099225	25.5044997799737	13.9195960097124	19.616012529298	33.5356085390104	0.834225	32.7013835390104	28.2083422115354	34.3716072565745	218.070027776517
4	1277478	1277573	95	1277525.5	36.7704611325691	49.4359755207223	86.2064366532914	0.116375	86.0900616532914	41.8240870721863	54.4206024715128	96.2446895436991	0.851375	95.393314543699	95.2168417760958	100.265529698079	736.092152285868
4	1278569	1278980	411	1278774.5	226.258084210401	275.713059452685	501.971143663086	0.503475	501.467668663086	256.011548176362	297.952433536881	553.963981713244	1.238475	552.725506713244	554.630427089434	580.955971320768	4287.67744428576
4	1279218	1279668	450	1279443	306.340010617778	415.050217480567	721.390228098345	0.55125	720.838978098345	347.82460266523	450.435598911341	798.260201576571	1.28625	796.973951576571	797.258238704126	837.679409638187	6163.35851839492
4	1288032	1288245	213	1288138.5	16.021365208495	80.5888189789166	96.6101841874116	0.260925	96.3492591874116	17.405044930807	83.492276429038	100.897321359845	0.995925	99.9013963598451	106.563661253239	105.003861869261	823.810927816885
4	1288942	1289379	437	1289160.5	331.191946415144	286.527300971057	617.719247386201	0.535325	617.183922386201	334.868392537194	289.520057112515	624.388449649708	1.270325	623.118124649708	682.614261809514	654.943893409385	5277.08115270149
4	1293157	1293335	178	1293246	36.7632612380828	54.3296038050891	91.0928650431719	0.21805	90.8748150431719	37.8682450446556	56.3018749016534	94.1701199463091	0.95305	93.2170699463091	100.508847586205	97.9781333710547	777.003023451212
4	1294416	1294646	230	1294531	270.346038105846	254.040177066609	524.386215172455	0.28175	524.104465172455	274.254180832405	256.344243300748	530.598424133153	1.01675	529.581674133153	579.667048392258	556.630067100055	4481.22787209871
4	1295623	1295952	329	1295787.5	51.7331418559793	122.677002180801	174.41014403678	0.403025	174.00711903678	61.8815931314407	135.71891105293	197.600504184371	1.138025	196.462479184371	192.454367008876	206.496803632869	1487.80558760292
4	1296868	1297034	166	1296951	11.4048328633149	35.4559803961528	46.8608132594677	0.20335	46.6574632594677	14.0188945545022	42.4612777342209	56.480172288723	0.93835	55.541822288723	51.6038229214219	58.3786218018902	398.933301838882
4	1298235	1298338	103	1298286.5	16.6956553268407	16.6280563174974	33.3237116443382	0.126175	33.1975366443382	21.241088713969	21.1573899405661	42.3984786545351	0.861175	41.5373036545351	36.7169512173214	43.6588221415039	283.847470077699
4	1301024	1301523	499	1301273.5	151.95157316489	130.199491939465	282.151065104356	0.611275	281.539790104356	155.917615042943	130.852082375818	286.769697418761	1.346275	285.423422418761	311.387042049084	300.001428548179	2407.23756113263
4	1304079	1304187	108	1304133	30.2915560802748	17.0070507633717	47.2986068436465	0.1323	47.1663068436465	37.5188501650027	20.6614972078245	58.1803473728272	0.8673	57.3130473728272	52.1666112167614	60.2403122371343	403.284045256437
4	1305716	1305946	230	1305831	142.820406981218	139.455756289837	282.276163271054	0.28175	281.994413271054	159.58826124999	155.40822250804	314.99648375803	1.01675	313.97973375803	311.889861785764	330.016253972275	2411.12470604608
4	1311829	1311935	106	1311882	24.8548357548675	6.58450350475958	31.439339259627	0.12985	31.309489259627	32.6601213691873	13.1280076103613	45.7881289795485	0.86485	44.9232789795485	34.6287437559327	47.2177362135333	267.704179710145
4	1317885	1318073	188	1317979	17.9089375463111	73.1968273078154	91.1057648541265	0.2303	90.8754648541265	18.6665264439216	75.3850952389677	94.0516216828892	0.9653	93.0863216828892	100.509566286432	97.8407071378685	777.008579501875
4	1319242	1319447	205	1319344.5	68.8419911275041	175.699125146891	244.541116274395	0.251125	244.289991274395	75.5592926861215	182.095531408196	257.654824094318	0.986125	256.668699094318	270.188230789455	269.778057243409	2088.74220793627
4	1319844	1319971	127	1319907.5	31.3481405961343	30.3676549650532	61.7157955611875	0.155575	61.5602205611875	39.6538188772497	36.5480643917711	76.2018832690208	0.890575	75.3113082690208	68.0864860392634	79.1578346131325	526.355706777971
4	1321979	1322153	174	1322066	68.2402999452282	26.4939117343729	94.7342116796011	0.21315	94.5210616796011	71.491152304312	28.0512889111661	99.5424412154781	0.94815	98.5942912154781	104.541648613294	103.629996307529	808.179369278253
4	1325388	1325502	114	1325445	7.41379135162911	31.3385407368193	38.7523320884484	0.13965	38.6126820884484	11.268634859283	36.0136722232349	47.2823070825179	0.87465	46.4076570825179	42.706179672319	48.7779289532276	330.148355317496
4	1328520	1328782	262	1328651	119.121154291396	234.471063850006	353.592218141402	0.32095	353.271268141402	122.456605410693	239.099396022261	361.556001432954	1.05595	360.500051432954	390.723084600957	378.912597659573	3020.56013334288
4	1330942	1331099	157	1331020.5	61.0567052200906	13.5190018803793	74.5757071004699	0.192325	74.3833821004699	67.6050092553498	15.5649718968933	83.1699811522431	0.927325	82.2426561522431	82.2690864452476	86.4432012067692	635.997033492004
4	1333928	1334599	671	1334263.5	590.789842033943	703.319592921697	1294.10943495564	0.821975	1293.28745995564	616.716662078988	739.828457887931	1356.54511996692	1.556975	1354.98814496692	1430.39446227295	1424.19418739758	11057.9401575638
4	1337114	1337318	204	1337216	136.60359808793	70.3422691410799	206.94586722901	0.2499	206.69596722901	140.806036501615	73.1718276741825	213.977864175798	0.9849	212.992964175798	228.608701509151	223.871583424929	1767.30364068214
4	1337879	1338241	362	1338060	227.176770747142	55.3389890126498	282.515759759792	0.44345	282.072309759792	235.69634589362	61.3929002931854	297.089246186806	1.17845	295.910796186806	311.976016418489	311.024445108874	2411.79074104419
4	1339449	1339594	145	1339521.5	38.7786317030302	14.6394854598045	53.4181171628347	0.177625	53.2404921628347	59.2893311207813	17.6162418357375	76.9055729565188	0.912625	75.9929479565188	58.8847472170011	79.8742890592028	455.219890801433
4	1342050	1342428	378	1342239	347.200911805357	321.917482331488	669.118394136845	0.46305	668.655344136845	353.423620612182	326.435916114292	679.859536726474	1.19805	678.661486726474	739.54239180156	713.324133644019	5717.1750368275
4	1345280	1345616	336	1345448	37.5449497825154	170.005408587737	207.550358370253	0.4116	207.138758370253	43.0089697078498	187.481052483924	230.490022191773	1.1466	229.343422191773	229.098434856136	241.057141360722	1771.08961873711
4	1350009	1350225	216	1350117	87.1882222653214	80.5193199974172	167.707542262739	0.2646	167.442942262739	94.6457129765408	85.6265451515433	180.272258128084	0.9996	179.272658128084	185.194293438464	188.429012175279	1431.6801891911
4	1355689	1355969	280	1355829	123.899384266913	111.002273272785	234.901657539699	0.343	234.558657539699	125.656958509839	116.130898113301	241.78785662314	1.078	240.70985662314	259.425236238253	253.00411662299	2005.53680355135
4	1359044	1359150	106	1359097	22.6306683498184	31.8518332145694	54.4825015643877	0.12985	54.3526515643877	26.507111540931	36.717761904871	63.224873445802	0.86485	62.360023445802	60.1148114512904	65.5450626984314	464.729139509734
4	1359627	1359776	149	1359701.5	41.7719878356954	43.8815569201714	85.6535447558668	0.182525	85.4710197558668	50.8649545791771	52.5223302905017	103.387284869679	0.917525	102.469759869679	94.5321725672709	107.703404588817	730.79918496909
4	1362390	1362662	272	1362526	251.037621068767	173.801352958552	424.838974027319	0.3332	424.505774027319	255.398057167012	176.363615408852	431.761672575864	1.0682	430.693472575864	469.50946883255	452.691148975033	3629.63346593911
4	1365446	1365617	171	1365531.5	68.7009931938147	77.7654603549549	146.46645354877	0.209475	146.25697854877	79.3041378057907	93.5237294190976	172.827867224888	0.944475	171.883392224888	161.762313996387	180.662339391051	1250.53475464291
4	1366871	1367421	550	1367146	429.817201071899	297.676537580109	727.493738652008	0.67375	726.819988652008	433.121152652819	300.232700119803	733.353852772622	1.40875	731.945102772622	803.873322078591	769.329211281285	6214.49769574875
4	1369475	1369680	205	1369577.5	40.6361044819524	27.1164026118313	67.7525070937837	0.251125	67.5013820937837	41.6408897569246	27.2901000663125	68.9309898232371	0.986125	67.9448648232371	74.6574958254297	71.4151499437148	577.154164760485
4	1382144	1382206	62	1382175	4.3022369511477	11.6591291366284	15.9613660877761	0.07595	15.8854160877761	8.02098245330423	15.9191667062038	23.940149159508	0.81095	23.129199159508	17.5694978157725	24.3105233979272	135.824390103229
4	1383534	1383728	194	1383631	79.9535282890382	56.0056792423712	135.959207531409	0.23765	135.721557531409	85.1357523440629	60.0233203642423	145.159072708305	0.97265	144.186422708305	150.109987388764	151.550746687774	1160.45419734074
4	1384899	1385045	146	1384972	31.6386363389483	27.0073042106575	58.6459405496058	0.17885	58.4670905496058	36.1084708339707	30.025359981352	66.1338308153227	0.91385	65.2199808153227	64.6654399248841	68.5510924389909	499.908650244377
4	1385787	1386013	226	1385900	156.635304525275	125.68235813761	282.317662662885	0.27685	282.040812662885	159.518262275818	135.286717386685	294.804979662503	1.01185	293.793129662503	311.941180177987	308.798618731011	2411.52143277088
4	1386581	1386762	181	1386671.5	61.5969973021641	32.7759196721747	94.3729169743389	0.221725	94.1511919743389	64.4269558294049	33.8591037982197	98.2860596276246	0.956725	97.3293346276246	104.132567419397	102.300432040548	805.016888241728
4	1388607	1388745	138	1388676	19.6371122200841	15.2100770978411	34.8471893179252	0.16905	34.6781393179252	25.1070320589558	17.3561456474211	42.463177706377	0.90405	41.559127706377	38.354518989917	43.6817608571629	296.50700345183
4	1394655	1395037	382	1394846	69.4757818393646	109.49869530757	178.974477146935	0.46795	178.506527146935	73.1316282633009	112.481751591178	185.613379854479	1.20295	184.410429854479	197.430776850886	193.829195679531	1526.27668329285
4	1398831	1398928	97	1398879.5	16.1178637943179	14.3260900525829	30.4439538469007	0.118825	30.3251288469007	19.8099096877545	17.4140447989149	37.2239544866693	0.853825	36.3701294866693	33.5400270345221	38.2277344655856	259.287645200659
4	1401452	1401547	95	1401499.5	26.3813133844904	33.4368099868933	59.8181233713837	0.116375	59.7017483713837	44.7139447216114	44.2547514510429	88.9686961726543	0.851375	88.1173211726543	66.0309891672263	92.6179148424975	510.465291927701
4	1402761	1402903	142	1402832	21.8117803505401	25.9960190309407	47.8077993814808	0.17395	47.6338493814808	37.5795492754633	35.3049826090103	72.8845318844736	0.90895	71.9755818844736	52.6837199630398	75.6517359470539	407.281654113376
4	1410170	1410539	369	1410354.5	52.8655252610138	341.491195480679	394.356720741693	0.452025	393.904695741693	58.0558491973355	363.90676698272	421.962616180056	1.187025	420.775591180056	435.664237764708	442.266711619123	3367.98638211833
4	1411157	1411609	452	1411383	107.684921888238	142.828306865446	250.513228753684	0.5537	249.959528753684	135.3742161044	172.545471363371	307.919687467772	1.2887	306.630987467772	276.458820480552	322.292170340901	2137.21821045561
4	1411866	1412210	344	1412038	60.343115677674	61.4341996879469	121.777315365621	0.4214	121.355915365621	78.6233477827005	90.6140720598352	169.237419842536	1.1564	168.081019842536	134.221381307604	176.665760774933	1037.62426485248
4	1416881	1417315	434	1417098	432.948955176356	390.963470469436	823.912425645792	0.53165	823.380775645792	434.38563412197	394.015225746268	828.400859868237	1.26665	827.134209868237	910.670936116667	869.380103632414	7040.11724067278
4	1420236	1421129	893	1420682.5	499.18278452621	571.455125382282	1070.63790990849	1.093925	1069.54398490849	502.476036263935	575.82026141165	1078.29629767559	1.828925	1076.46737267559	1182.93097284259	1131.44796194888	9144.87594382618
4	1422563	1422682	119	1422622.5	29.1264731544485	12.7639129461321	41.8903861005807	0.145775	41.7446111005807	31.9564316816893	13.5105020049441	45.4669336866334	0.880775	44.5861586866334	46.1701380372595	46.8633974959535	356.927153277143
4	1434358	1434742	384	1434550	334.466798422515	256.519140737644	590.985939160159	0.4704	590.515539160159	341.530094910612	259.112602730718	600.64269764133	1.2054	599.437297641329	653.118647829301	630.053567760872	5049.05962234299
4	1436718	1436829	111	1436773.5	31.8026339355799	13.9315958338562	45.7342297694361	0.135975	45.5982547694361	37.8562452205119	19.2543178298976	57.1105630504095	0.870975	56.2395880504095	50.4323231540108	59.112025961661	389.876797032475
4	1445613	1445793	180	1445703	88.8093985071457	96.9983784984628	185.807777005609	0.2205	185.587277005609	90.1665786178069	101.748408887242	191.914987505049	0.9555	190.959487505049	205.262187654896	200.712746560415	1586.81891433759
4	1447042	1447761	719	1447401.5	82.3714928540092	104.289671645291	186.6611644993	0.880775	185.7803894993	84.5704606283564	105.751750218676	190.322210847032	1.615775	188.706435847032	205.475772840035	198.344620250842	1588.47007578857
4	1454590	1454864	274	1454727	55.660384302634	72.5869362457079	128.247320548342	0.33565	127.911670548342	57.5384567796697	74.7859040200551	132.324360799725	1.07065	131.253710799725	141.472140477343	137.957496299641	1093.67765649417
4	1459452	1459719	267	1459585.5	64.4918548783158	400.007137935394	464.498992813709	0.327075	464.17191781371	66.3327279005058	408.506513377896	474.839241278402	1.062075	473.777166278402	513.380792237883	497.975343062407	3968.78918951372
4	1466026	1466167	141	1466096.5	30.7521493303267	31.4143396259942	62.1664889563209	0.172725	61.9937639563209	34.4646949233423	34.2283983862444	68.6930933095867	0.907725	67.7853683095867	68.5659912465397	71.247507142931	530.062614227036
4	1468503	1469287	784	1468895	502.458336523323	334.899692078502	837.358028601825	0.9604	836.397628601825	504.604405072903	337.49325407011	842.097659143014	1.6954	840.402259143014	925.067762004989	883.325818748395	7151.41467877873
4	1470818	1470946	128	1470882	23.1926601138853	13.8059976744847	36.9986577883699	0.1568	36.8418577883699	25.9754193328272	17.4510442566915	43.4264635895187	0.8918	42.5346635895187	40.7476226222278	44.7071222520422	315.00735244989
4	1476555	1477128	573	1476841.5	380.165428713658	475.976924605767	856.142353319425	0.701925	855.440428319425	386.193740369354	479.911766941046	866.1055073104	1.436925	864.6685823104	946.129371357609	908.831544782143	7314.23551036471
5	4904	5210	306	5057	36.558964232035	33.8293042349293	70.3882684669643	0.37485	70.0134184669643	45.8885275082181	40.6175047545295	86.5060322627477	1.10985	85.3961822627477	77.435844049226	89.7577937167256	1795.78985216532
5	16055	16200	145	16127.5	60.5331128932838	21.6573826132235	82.1904955065073	0.177625	82.0128705065073	75.1559985963561	26.3542137816324	101.510212377988	0.912625	100.597587377988	90.7074099455356	105.735610855436	2103.56648521636
5	27037	27544	507	27290.5	663.022183476202	685.259757586777	1348.28194106298	0.621075	1347.66086606298	681.314315406838	696.246296580147	1377.56061198699	1.356075	1376.20453698699	1490.53222854614	1446.49420699905	34566.455408518
5	33690	33856	166	33773	37.2680538403977	40.6814038180951	77.9494576584928	0.20335	77.7461076584928	47.1933083867848	56.650069798892	103.843378185677	0.93835	102.905028185677	85.9883090970351	108.160904241419	1994.12732923977
5	42038	42417	379	42227.5	115.392308937252	153.488750637708	268.88105957496	0.464275	268.41678457496	120.178438796997	172.492672137139	292.671110934136	1.199275	291.471835934136	296.872809893559	306.358764886191	6884.68222870732
5	42709	42892	183	42800.5	85.0920529844726	116.297795667434	201.389848651907	0.224175	201.165673651907	105.228557886007	136.196804049456	241.425361935463	0.959175	240.466186935463	222.492117569102	252.748001501893	5159.74342144929
5	46017	46611	594	46314	95.0636068523478	113.561935761187	208.625542613535	0.72765	207.897892613535	101.491312654962	122.004012043404	223.495324698366	1.46265	222.032674698366	229.938048206868	233.37299731539	5332.41961350741
5	51677	51843	166	51760	84.8076571522651	46.1584235529186	130.966080705184	0.20335	130.762730705184	87.7217144470468	47.8893981856585	135.611112632705	0.93835	134.672762632705	144.625453863752	141.551176262841	3353.96256865527
5	56179	56541	362	56360	70.6550645570943	107.55962372447	178.214688281564	0.44345	177.771238281564	72.5067374210137	110.126686104428	182.633423525441	1.17845	181.454973525441	196.617536829807	190.722789368481	4559.69430864927
5	58126	58327	201	58226.5	107.837119657795	58.3629446968817	166.200064354677	0.246225	165.953839354677	110.60427910535	59.3676299733194	169.971909078669	0.981225	168.990684078669	183.547324284739	177.621886127319	4256.58719666176
5	59324	59498	174	59411	38.4472365595929	55.0387934119863	93.4860299715792	0.21315	93.2728799715792	39.3520233000337	56.2015763715183	95.553599671552	0.94815	94.605449671552	103.161141758981	99.4374246142559	2392.37699005127
5	60923	61083	160	61003	29.6932648481729	30.6245512002646	60.3178160484375	0.196	60.1218160484375	32.2494273878665	32.3025266097027	64.5519539975693	0.931	63.6209539975693	66.4955900372125	66.8703952994651	1542.07792616894
5	65213	65292	79	65252.5	8.47127585429947	12.9641100122642	21.4353858665636	0.096775	21.3386108665636	10.93203979205	18.4966289337526	29.4286687258026	0.831775	28.5968937258026	23.6008093801335	30.057480556709	547.318809630196
5	66835	67041	206	66938	75.8671881739439	94.5128149241484	170.380003098092	0.25235	170.127653098092	76.5402783098753	97.0797773055714	173.620055615447	0.98735	172.632705615447	188.163622091683	181.44992397571	4363.64228023536
5	68345	69734	1389	69039.5	909.155576415942	963.675477432244	1872.83105384819	1.701525	1871.12952884819	921.194099992583	971.380564514964	1892.57466450755	2.436525	1890.13813950755	2069.49607038767	1986.67697696414	47993.020389055
5	70218	70414	196	70316	59.1908325642678	9.77415676071007	68.9649893249778	0.2401	68.7248893249778	70.7507631546409	12.1095225361582	82.8602856907991	0.9751	81.8851856907991	76.0107123548091	86.0674729354585	1762.74007959222
5	73367	73609	242	73488	76.0298857896266	42.9180710399607	118.947956829587	0.29645	118.651506829587	76.918972760146	43.5754614059706	120.494434166117	1.03145	119.462984166117	131.230266715185	125.564558103721	3043.31907474616
5	77543	77938	395	77740.5	322.101879629164	56.6868692595996	378.788748888763	0.483875	378.304873888763	329.233875110483	58.1440479047923	387.377923015275	1.218875	386.159048015275	418.410611264966	405.882127926488	9703.22644472325
5	80097	80441	344	80269	107.894518816616	221.797149584952	329.691668401568	0.4214	329.270268401568	109.325097851623	225.421796466115	334.746894317738	1.1564	333.590494317738	364.177634977522	350.628634459386	8445.52686560066
5	82814	82978	164	82896	10.0927520917274	19.063420627477	29.1561727192044	0.2009	28.9552727192044	10.6499439261367	21.0356917240413	31.6856356501781	0.9359	30.7497356501781	32.0249465285727	32.3202789187981	742.680275501211
5	84782	85499	717	85140.5	53.3088187645918	253.333987415747	306.642806180339	0.878325	305.764481180339	56.1383772976945	265.904303199027	322.042680496721	1.613325	320.429355496721	338.179897495582	336.795290250398	7842.62166423619
5	86374	86795	421	86584.5	138.810365747971	83.0714825957296	221.8818483437	0.515725	221.3661233437	144.117787968229	85.3959485309137	229.513736499143	1.250725	228.263011499143	244.834104381188	239.921548673684	5677.86928017758
5	90011	90194	183	90102.5	26.6143099699488	18.1390341742681	44.7533441442168	0.224175	44.5291691442168	28.6444802180068	19.0281211447874	47.6726013627942	0.959175	46.7134263627942	49.2498991335523	49.0993154046677	1142.13863321456
5	94045	94145	100	94095	11.3974329717595	8.12028099809399	19.5177139698535	0.1225	19.3952139698535	15.0534793927648	10.0768523247369	25.1303317175017	0.8575	24.2728317175017	21.4513845653688	25.5125670081707	497.472187336095
5	97910	98112	202	98011	44.2974508252878	62.5392834930542	106.836734318342	0.24745	106.589284318342	46.8594132799843	66.3268279869684	113.186241266953	0.98245	112.203791266953	117.889275777733	117.934601804407	2733.93242780683
5	99518	99606	88	99562	7.29809304717619	5.8942136208888	13.192306668065	0.1078	13.084506668065	10.1388514161464	7.68798733331442	17.8268387494608	0.8428	16.9840387494608	14.4716518632413	17.8514988159604	335.607442253197
5	100198	100670	472	100434	90.8640683961639	99.7167386611664	190.58080705733	0.5782	190.00260705733	100.574526090377	103.124188725326	203.698714815704	1.3132	202.385514815704	210.145605959522	212.72235840929	4873.4194260134
5	101554	101758	204	101656	25.7329228865884	26.2551152339117	51.9880381205001	0.2499	51.7381381205001	27.7534932753314	28.0220893390829	55.7755826144143	0.9849	54.7906826144143	57.2231221188945	57.5891176560068	1327.04309318308
5	106201	106338	137	106269.5	0.799688280648215	4.98132699915095	5.78101527979917	0.167825	5.61319027979917	1.10488380803828	6.49640479583735	7.60128860387563	0.902825	6.69846360387563	6.20826888106105	7.04058774578195	143.973974753035
5	106907	107179	272	107043	140.407142347369	120.166038978715	260.573181326085	0.3332	260.239981326085	141.612224687008	122.218008907301	263.830233594309	1.0682	262.762033594309	287.829148334598	276.182608906087	6674.95357070142
5	110593	110775	182	110684	9.64135870685227	20.3443018562907	29.985660563143	0.22295	29.762710563143	10.4990461375287	22.9111642391792	33.4102103767079	0.95795	32.4522603767079	32.9179843537744	34.1097601245423	763.390429613788
5	111125	111276	151	111200.5	14.0966934143677	9.64515865116447	23.7418520655321	0.184975	23.5568770655321	16.0171652700447	12.2385206457038	28.2556859157484	0.919975	27.3357109157484	26.0542435818079	28.731882813292	604.215616224329
5	115934	116101	167	116017.5	3.99824140617201	29.536367147493	33.5346085536651	0.204575	33.3300335536651	4.8137294552762	30.9043470998836	35.7180765551598	0.939575	34.7785015551598	36.8634946975899	36.5548141105438	854.889496022014
5	117010	117138	128	117074	5.0739256421271	7.55858922963069	12.6325148717578	0.1568	12.4757148717578	7.56228917540835	9.08456686658101	16.6468560419894	0.8918	15.7550560419894	13.7983194131263	16.5597457959104	319.992405109912
5	117623	118090	467	117856.5	47.3349063116814	170.671798821855	218.006705133537	0.572075	217.434630133537	48.1817939006285	176.420214579397	224.602008480026	1.307075	223.294933480026	240.485816556241	234.69972598568	5577.02953023736
5	122468	122573	105	122520.5	0.935986283214617	4.09713995682364	5.03312624003826	0.128625	4.90450124003826	2.08786940248269	6.37460658077801	8.4624759832607	0.863625	7.5988509832607	5.42444864825503	7.98696242580371	125.796650836992
5	123022	123602	580	123312	240.084381587396	290.616741040721	530.701122628117	0.7105	529.990622628117	241.241264633391	295.550168741832	536.791433375222	1.4455	535.345933375222	586.17722288118	562.688735980444	13593.8481893644
5	124242	124433	191	124337.5	26.2503153042542	4.18493867014228	30.4352539743965	0.233975	30.2012789743965	33.9387026317068	9.17486554326294	43.1135681749697	0.968975	42.1445931749697	33.4030473008832	44.2971289844701	774.639369026466
5	128369	128533	164	128451	15.0957787728716	6.24300850933459	21.3387872822062	0.2009	21.1378872822062	15.548172143092	6.62180295813982	22.1699751012319	0.9359	21.2340751012319	23.3788062196588	22.318605846309	542.170405456082
5	131444	131695	251	131569.5	121.030826305343	134.822924183528	255.853750488872	0.307475	255.546275488872	127.111037200461	142.291314735011	269.402351935472	1.042475	268.359876935472	282.637842422363	282.066362190615	6554.56365836635
5	132711	133001	290	132856	273.51459167101	181.655637854793	455.170229525803	0.35525	454.814979525803	278.621516829533	183.286613953001	461.908130782533	1.09025	460.817880782533	503.031884415557	484.354161840565	11665.6512812697
5	141257	141473	216	141365	73.6988199511634	25.4714267187885	99.1702466699519	0.2646	98.9056466699519	97.7808670311716	32.7768196589855	130.557686690157	0.9996	129.558086690157	109.391062439496	136.175268159987	2536.85308474911
5	152797	153273	476	153035	84.7175584726522	54.5623003949439	139.279858867596	0.5831	138.696758867596	91.486859269226	62.0354908760847	153.522350145311	1.3181	152.204250145311	153.400602698352	159.978084796787	3557.46423409069
5	156592	156680	88	156636	11.5445308160553	10.161551083485	21.7060818995403	0.1078	21.5982818995403	16.8203534994015	15.1852774612773	32.0056309606788	0.8428	31.1628309606788	23.8880092634412	32.7544730792723	553.979170117248
5	159117	159575	458	159346	245.907696247302	365.724140349295	611.631836596597	0.56105	611.070786596597	251.115019934494	370.368072292937	621.483092227431	1.29605	620.187042227431	675.853046030872	651.863105902796	15673.4914756753
5	160266	160475	209	160370.5	151.286482911721	19.0017215316711	170.288204443392	0.256025	170.032179443392	168.637528633881	21.7207816841165	190.358310317998	0.991025	189.367285317998	188.058026861539	199.039222619719	4361.19345508136
5	162433	162642	209	162537.5	142.505611594512	20.1066053397094	162.612216934222	0.256025	162.356191934222	148.423024875413	21.9313785978398	170.354403473252	0.991025	169.363378473252	179.568274686898	178.013615894411	4164.310332158
5	171888	172022	134	171955	20.5391990000925	25.730222926156	46.2694219262485	0.16415	46.1052719262485	23.6851528964528	29.5114675123947	53.1966204088475	0.89915	52.2974704088475	50.9930913945122	54.9685645948554	1182.56444649316
5	174399	175130	731	174764.5	462.011729264308	492.745978856954	954.757708121262	0.895475	953.862233121262	464.28429596007	495.375440322459	959.659736282529	1.630475	958.029261282529	1054.98529775798	1006.96062201244	24465.8260674868
5	177629	177744	115	177686.5	23.3278581325718	5.55901853313929	28.8868766657111	0.140875	28.7460016657111	27.3563990947069	6.08501082477486	33.4414099194817	0.875875	32.5655349194817	31.7934897447568	34.2288201665049	737.312635376733
5	178598	178731	133	178664.5	44.5758467454235	15.6405707889991	60.2164175344226	0.162925	60.0534925344226	49.8469694976466	19.1273196910426	68.9742891886893	0.897925	68.0763641886893	66.4200232517019	71.5533656414824	1540.32548105458
5	182369	182569	200	182469	89.472688786693	105.36875583142	194.841444618113	0.245	194.596444618113	92.3963459407897	106.28434241359	198.68068835438	0.98	197.70068835438	215.226456127009	207.798254357186	4991.24779455738
5	184266	184528	262	184397	153.444051292772	83.1891808708731	236.633232163646	0.32095	236.312282163646	163.26470737204	85.3931485719469	248.657855943987	1.05595	247.601905943987	261.364770200088	260.248177479513	6061.2266554552
5	188033	188434	401	188233.5	146.612251412117	140.251544627638	286.863796039755	0.491225	286.372571039755	153.506750373924	146.594651670039	300.101402043963	1.226225	298.875177043963	316.732167012725	314.140231768468	7345.23421755703
5	191920	192001	81	191960.5	7.3244926602925	44.6450457313192	51.9695383916117	0.099225	51.8703133916117	12.3735186673213	94.3201177481063	106.693636415428	0.834225	105.859411415428	57.3693098626881	111.266182644618	1330.43328631701
5	192683	192792	109	192737.5	9.34986297869302	32.854618518851	42.204481497544	0.133525	42.070956497544	13.18910671496	48.3954907689223	61.5845974838822	0.868525	60.7160724838822	46.5310807225158	63.8171469133158	1079.08738643903
5	194610	195262	652	194936	714.100734925139	890.083955908633	1604.18469083377	0.7987	1603.38599083377	723.614395503394	899.363219921947	1622.97761542534	1.5337	1621.44391542534	1773.36788083704	1704.25919084061	41125.6064121757
5	196694	196919	225	196806.5	98.5929551301017	61.1859033267052	159.778858456807	0.275625	159.503233456807	103.627681346692	62.0435907573817	165.671272104074	1.010625	164.660647104074	176.412861730734	173.070692440982	4091.13416115289
5	198626	198778	152	198702	62.6667816245819	19.6878114770916	82.3545931016734	0.1862	82.1683931016734	69.2726848157312	22.0966761754203	91.3693609911515	0.9212	90.4481609911515	90.8794201642782	95.0678023441624	2107.5555190944
5	200898	201022	124	200960	19.9847071261155	9.7440572018161	29.7287643279316	0.1519	29.5768643279316	22.0571767542803	11.2589350014334	33.3161117557138	0.8869	32.4292117557138	32.7124357546333	34.0855342948409	758.623617900214
5	201871	202184	313	202027.5	421.575821848488	67.9667039547501	489.542525803238	0.383425	489.159100803238	427.784030867805	69.6866787486915	497.470709616497	1.118425	496.352284616497	541.016974666535	521.703485951592	12546.5513404584
5	204960	205222	262	205091	157.424392961263	34.0100015868277	191.434394548091	0.32095	191.113444548091	213.613069521827	42.3815789021993	255.994648424026	1.05595	254.938698424026	211.374208141533	267.95969675961	4901.91154562407
5	208555	208789	234	208672	87.0624241088808	90.9772667372536	178.039690846134	0.28665	177.753040846134	88.0987089222305	92.897638594396	180.996347516627	1.02165	179.974697516627	196.597410205469	189.16690823747	4559.22755855199
5	210338	210504	166	210421	59.6732254948476	78.4162508176858	138.089476312533	0.20335	137.886126312533	63.2291733827869	84.0756678794947	147.304841262282	0.93835	146.366491262282	152.50403147687	153.842162280032	3536.67213811692
5	211587	211796	209	211691.5	73.1644277826272	31.0585448401312	104.222972622758	0.256025	103.966947622758	96.5087856733967	43.7312591227706	140.240044796167	0.991025	139.249019796167	114.988933816861	146.361165838358	2666.67152653957
5	212066	212138	72	212102	15.1397781280655	6.83499983376093	21.9747779618264	0.0882	21.8865779618264	56.9016661117732	18.1669337654023	75.0685998771755	0.8232	74.2453998771755	24.2068688393341	78.0374849321385	561.373740392614
5	213227	213477	250	213352	182.079731639741	168.10633641845	350.186068058191	0.30625	349.879818058191	186.22907083159	171.472787083452	357.701857915042	1.04125	356.660607915042	386.972092212717	374.87705449902	8974.14582095882
5	214776	214981	205	214878.5	100.86542182733	100.893321418464	201.758743245793	0.251125	201.507618245793	104.85216340203	104.070674854667	208.922838256697	0.986125	207.936713256697	222.870313189677	218.557084404584	5168.51403492811
5	221550	221791	241	221670.5	33.712205950993	37.6887476751716	71.4009536261646	0.295225	71.1057286261646	39.5235207867552	44.2045521867081	83.7280729734633	1.030225	82.6978479734633	78.6439547370527	86.92164195796	1823.80676009897
5	222327	222567	240	222447	105.633251955256	21.7928806275137	127.426132582769	0.294	127.132132582769	126.958639433835	28.4775826638738	155.436222097709	1.029	154.407222097709	140.609960317393	162.293573578928	3260.8405442165
5	223102	223272	170	223187	40.4176076840011	9.60815919338782	50.0257668773889	0.20825	49.8175168773889	51.7929409796292	13.8155975337997	65.6085385134288	0.94325	64.6652885134288	55.0988875033634	67.9680692183924	1277.78064872953
5	225332	225867	535	225599.5	300.723392928749	361.671699737407	662.395092666156	0.655375	661.739717666155	305.772718931381	365.418244832163	671.190963763544	1.390375	669.800588763544	731.89360983072	704.010665167705	16973.1102377232
5	228242	228415	173	228328.5	20.1979040017366	54.4269023791882	74.6248063809249	0.211925	74.4128813809249	24.4209421135354	72.8179328604756	97.238874974011	0.946925	96.291949974011	82.301713072127	101.210062948199	1908.6326618561
5	229455	229736	281	229595.5	273.098797764428	284.934924307177	558.033722071606	0.344225	557.689497071606	281.698471737066	287.312589462732	569.011061199798	1.079225	567.931836199798	616.812574913836	596.938964343141	14304.3028240783
5	234684	234831	147	234757.5	63.1735741975874	10.3641481144458	73.5377223120332	0.180075	73.3576473120332	67.5451101331654	10.8165414846662	78.3616516178316	0.915075	77.4465766178316	81.1346090714463	81.4021618289877	1881.56672686723
5	237195	237473	278	237334	196.859715040562	148.934617378076	345.794332418637	0.34055	345.453782418637	198.590689673302	156.43590744742	355.026597120721	1.07555	353.951047120721	382.076833374548	372.029102841283	8860.62144147744
5	238119	238364	245	238241.5	29.6460655398741	208.12075001122	237.766815551094	0.300125	237.466690551094	33.4116103561913	220.77096462359	254.182574979782	1.035125	253.147449979782	262.641562418166	266.076960270768	6090.83633475422
5	239815	239950	135	239882.5	8.01348256321437	16.1008640434475	24.1143466066619	0.165375	23.9489716066619	9.40186221664939	18.0574353700904	27.4592975867398	0.900375	26.5589225867398	26.487905762634	27.9154200072359	614.272536932785
5	241764	243078	1314	242421	470.996597591961	347.351809593965	818.348407185926	1.60965	816.738757185926	475.356833693137	349.366380070636	824.723213763773	2.34465	822.378563763773	903.324768526337	864.381562822698	20948.7153197163
5	246711	246876	165	246793.5	21.4773852510669	32.9309174006985	54.4083026517654	0.202125	54.2061776517654	22.9454637365235	35.3349821693698	58.2804459058932	0.937125	57.3433209058932	59.9528092051001	60.2721319914138	1390.3463919226
5	248247	248424	177	248335.5	44.3470500984154	64.1543598242721	108.501409922688	0.216825	108.284584922688	47.0514104662847	66.5899241313207	113.641334597605	0.951825	112.689509597605	119.764302538161	118.445128207016	2777.4155727284
5	250455	250641	186	250548	33.1657139597784	26.9018057567268	60.0675197165052	0.22785	59.8396697165052	45.4475339709343	34.9221882188238	80.3697221897582	0.96285	79.4068721897582	66.1835321512106	83.4625795304187	1534.84109170486
5	251423	251613	190	251518	64.1529598447887	55.5694856347449	119.722445479534	0.23275	119.489695479534	67.58360956896	56.7950676739627	124.378677242923	0.96775	123.410927242923	132.157315372461	129.714142439975	3064.81796316972
5	254433	254642	209	254537.5	51.6195435207516	61.7840945602725	113.403638081024	0.256025	113.147613081024	53.7342125304887	64.5824535506014	118.31666608109	0.991025	117.32564108109	125.142881363785	123.318050184463	2902.1484712035
5	258141	258361	220	258251	58.7561389346594	71.2388560016891	129.994994936349	0.2695	129.725494936349	61.6016972332871	74.0639146007378	135.665611834025	1.0045	134.661111834025	143.478256240833	141.538930399421	3327.35827609589
5	260173	260309	136	260241	23.0336624439802	33.2534126745625	56.2870751185428	0.1666	56.1204751185428	41.3978933180132	46.7208153111236	88.1187086291368	0.9016	87.2171086291368	62.0700496333924	91.6717239280882	1439.44663642054
5	264268	264757	489	264512.5	275.645460443341	242.736242724636	518.381703167977	0.599025	517.782678167977	282.228763965687	256.230244971383	538.459008937069	1.334025	537.124983937069	572.675061380195	564.558651579839	13280.7238875184
5	265989	266189	200	266089	40.9340001163216	12.4010182643174	53.3350183806391	0.245	53.0900183806391	48.2190933540087	17.0446502123556	65.2637435663643	0.98	64.2837435663643	58.7183210577485	67.5670368567008	1361.71777277533
5	268332	268731	399	268531.5	108.270713303523	271.829216370017	380.09992967354	0.488775	379.61115467354	114.949215430743	278.255422194613	393.204637625356	1.223775	391.980862625356	419.855376530673	412.001291816283	9736.73153315838
5	271612	271719	107	271665.5	19.7252109290063	16.1396634748457	35.864874403852	0.131075	35.733799403852	32.746620101557	22.5394696863257	55.2860897878827	0.866075	54.4200147878827	39.522094171543	57.1995179639634	916.544224719258
5	280902	281075	173	280988.5	51.7055422604486	49.4426754225359	101.148217682985	0.211925	100.936292682985	72.6383354924571	80.1354256233509	152.773761115808	0.946925	151.826836115808	111.636986027109	159.581394339341	2588.9375791702
5	281378	281491	113	281434.5	38.0625421972503	19.3790160024584	57.4415581997087	0.138425	57.3031331997087	57.7543536157231	50.9400534786102	108.694407094333	0.873425	107.820982094333	63.3780864175116	113.327940579138	1469.7808984412
5	284518	284983	465	284750.5	253.809780443048	215.543441232423	469.353221675471	0.569625	468.783596675471	259.016604137568	225.880189748407	484.896793885975	1.304625	483.592168885975	518.481375139902	508.291647094232	12023.9354712924
5	287197	287372	175	287284.5	23.8128510250495	17.2675469458262	41.0803979708757	0.214375	40.8660229708757	29.0163747679294	21.4287859632846	50.4451607312139	0.949375	49.4957857312139	45.1984069764852	52.0237838249071	1048.18177652732
5	291558	291817	259	291687.5	91.5341585760593	95.8593951901493	187.393553766209	0.317275	187.076278766209	93.6862270377112	97.7375676657195	191.423794703431	1.052275	190.371519703431	206.909044938079	200.09474829338	4798.36137622284
5	292653	292915	262	292784	312.930014041937	210.081721273383	523.011735315319	0.32095	522.690785315319	317.76464319093	211.333902922786	529.098546113716	1.05595	528.042596113716	578.103498213597	555.012380644733	13406.6130270795
5	294969	295316	347	295142.5	98.3661584537843	122.252308404645	220.61846685843	0.425075	220.19339185843	102.626296021894	124.208779732754	226.835075754648	1.160075	225.675000754648	243.537046554367	237.201355236625	5647.78962763844
5	298448	298638	190	298543	54.753297595899	58.7708387192356	113.524136315135	0.23275	113.291386315135	57.6049558051331	62.5052839913135	120.110239796447	0.96775	119.142489796447	125.301896620843	125.227694478698	2905.83614308815
5	303429	303792	363	303610.5	187.786048014245	227.854660812731	415.640708826976	0.444675	415.196033826976	193.672161753836	232.388694366923	426.060856120759	1.179675	424.881181120759	459.212762771372	446.581994635515	10649.4560690189
5	311390	311967	577	311678.5	204.52130276076	306.960801520149	511.482104280909	0.706825	510.775279280909	209.180634478719	322.122779322881	531.3034138016	1.441825	529.8615888016	564.92477780183	556.924278414929	13100.9895439167
5	313757	314079	322	313918	29.8144630720251	27.7254936856625	57.5399567576876	0.39445	57.1455067576876	36.4986651157125	33.983901969315	70.4825670850275	1.12945	69.3531170850275	63.2037493140014	72.8953287136038	1465.73790252396
5	316597	316750	153	316673.5	21.4764852642561	28.4710827591292	49.9475680233853	0.187425	49.7601430233853	22.4391711561906	30.8859473695298	53.3251185257204	0.922425	52.4026935257204	55.0354311987234	55.0791619842031	1276.30905389735
5	318490	318871	381	318680.5	686.989332240034	601.971378169649	1288.96071040968	0.466725	1288.49398540968	694.279625401517	610.46055376163	1304.74017916315	1.201725	1303.53845416315	1425.09281073926	1370.11670276547	33048.8708341895
5	319747	319926	179	319836.5	84.2927646979625	30.4315540286188	114.724318726581	0.219275	114.505043726581	89.1369937062708	32.0516302865633	121.188623992834	0.954275	120.234348992834	126.644219108443	126.375320402015	2936.96551387454
5	321929	322566	637	322247.5	133.367645510492	71.3014550843058	204.669100594797	0.780325	203.888775594797	138.428971337268	72.1905420548251	210.619513392093	1.515325	209.104188392093	225.503907337363	219.784188352273	5229.58887311456
5	326026	326183	157	326104.5	11.7532277576225	46.1010243940975	57.8542521517201	0.192325	57.6619271517201	12.6423147281419	47.9791968696677	60.6215115978096	0.927325	59.6941865978096	63.7749176696075	62.7430681883216	1478.98368488055
5	327055	327256	201	327155.5	65.1726449014061	86.0158394464744	151.18848434788	0.246225	150.94225934788	67.6865080609929	89.1039941898754	156.790502250868	0.981225	155.809277250868	166.944301695759	163.767238722758	3871.55181870929
5	328156	328406	250	328281	141.93731992277	107.861119306083	249.798439228853	0.30625	249.492189228853	143.846891938183	111.091471965587	254.93836390377	1.04125	253.89711390377	275.941936269565	266.864913292359	6399.28104386288
5	332890	333053	163	332971.5	15.5029728054838	42.2852803134455	57.7882531189293	0.199675	57.5885781189293	15.8660674843676	45.7723292110926	61.6383966954602	0.934675	60.7037216954602	63.69379258832	63.8041653081661	1477.10233910947
5	334506	334644	138	334575	2.986356235248	9.19656522525627	12.1829214605043	0.16905	12.0138714605043	3.71734552267309	10.968339260085	14.6856847827581	0.90405	13.7816347827581	13.2875139825092	14.4855320124734	308.146480009
5	335399	336288	889	335843.5	321.993781213335	490.146616950342	812.140398163678	1.089025	811.051373163678	327.437401437625	509.919727177389	837.357128615015	1.824025	835.533103615015	897.034440303002	878.207971019417	20802.838333045
5	337637	337882	245	337759.5	110.956673941039	78.8025451565809	189.75921909762	0.300125	189.45909409762	113.202841023685	79.6916321271002	192.894473150785	1.035125	191.859348150785	209.544472838066	201.658567603857	4859.47874037142
5	339515	339602	87	339558.5	4.65913172089054	1.60417649095394	6.26330821184448	0.106575	6.15673321184448	5.7846152270423	2.30386623707068	8.08848146411298	0.841575	7.24690646411298	6.80943515234917	7.61704233438561	157.915429162145
5	342363	342637	274	342500	188.817332900868	181.969033262014	370.786366162882	0.33565	370.450716162882	204.09010907986	201.156852066448	405.246961146308	1.07065	404.176311146308	409.723800277636	424.819623076792	9501.77339400415
5	349457	349913	456	349685	342.151885798328	349.330580595274	691.482466393602	0.5586	690.923866393602	352.113339814216	352.523433804329	704.636773618545	1.2936	703.343173618545	764.171696503981	739.266438111718	17721.6610052244
5	351354	351493	139	351423.5	61.5432980891207	18.3263314294455	79.8696295185662	0.170275	79.6993545185662	64.9992474425286	20.7723955826199	85.7716430251485	0.905275	84.8663680251485	88.14862811242	89.2009192079766	2044.22659545042
5	355048	355199	151	355123.5	38.3252383474645	29.1987720949148	67.5240104423793	0.184975	67.3390354423793	51.463645805417	38.7719318012166	90.2355776066336	0.919975	89.3156026066336	74.4779381027055	93.8773985209923	1727.19400294795
5	359103	359510	407	359306.5	179.116375067435	185.880375941678	364.996751009113	0.498575	364.498176009113	185.085587589222	187.295255206764	372.380842795986	1.233575	371.147267795986	403.140205573408	390.103620778498	9349.09535832462
5	362245	362449	204	362347	39.1260266119925	38.3089385863359	77.4349651983284	0.2499	77.1850651983284	58.3501448844616	54.1453065059476	112.495451390409	0.9849	111.510551390409	85.3677880968958	117.205954689439	1979.73702551432
5	364190	364359	169	364274.5	27.9002911240236	37.2771537070401	65.1774448310637	0.207025	64.9704198310637	32.7397202026743	43.0257694616511	75.7654896643254	0.942025	74.8234646643254	71.8582152966131	78.6450743880729	1666.44085060061
5	372064	372270	206	372167	41.1081975634755	39.7544174029883	80.8626149664638	0.25235	80.6102649664638	42.696874281577	41.327494349703	84.02436863128	0.98735	83.03701863128	89.1561081202629	87.2781357628636	2067.59074155818
5	374769	374914	145	374841.5	17.2118477620922	25.3866279615058	42.5984757235981	0.177625	42.4208507235981	18.9320225531027	29.2055719952629	48.1375945483656	0.912625	47.2249695483656	46.9180687501783	49.6369856670974	1088.0619018139
5	377678	378631	953	378154.5	671.06596559538	581.449178920427	1252.51514451581	1.167425	1251.34771951581	672.260148094755	585.452720248929	1257.71286834368	1.902425	1255.81044334368	1384.00850839046	1319.95098298584	32096.0979400973
5	382352	382480	128	382416	10.3135488559729	40.8486013678318	51.1621502238046	0.1568	51.0053502238046	14.4373884215164	45.656130913967	60.0935193354834	0.8918	59.2017193354834	56.4126482050055	62.2254481522395	1308.24765228776
5	386865	387123	258	386994	55.1608916226493	36.7543613685095	91.9152529911588	0.31605	91.5992029911588	56.397373502131	37.4540511146263	93.8514246167572	1.05105	92.8003746167572	101.310031036459	97.5401553204955	2349.44847430311
5	394030	394237	207	394133.5	24.8837353313471	74.5655072499477	99.4492425812947	0.253575	99.1956675812947	25.982719225848	78.2529532107959	104.235672436644	0.988575	103.247097436644	109.711829723161	108.520444685167	2544.29189606427
5	396335	396594	259	396464.5	58.8874370104993	53.7648120820553	112.652249092555	0.317275	112.334974092555	67.8019063698422	62.6430819718979	130.44498834174	1.052275	129.39271334174	124.244090998205	136.001448365001	2881.30491176988
5	399225	399431	206	399328	75.5896922406191	105.653351660697	181.243043901316	0.25235	180.990693901316	76.9733719629311	110.187485213423	187.160857176354	0.98735	186.173507176354	200.178300876946	195.682322205452	4642.27084694777
5	400822	401139	317	400980.5	251.961907523441	206.612972107555	458.574879630996	0.388325	458.186554630996	261.239871555806	215.533841373108	476.773712928914	1.123325	475.650387928914	506.76089479332	499.944239540414	11752.1295663227
5	402143	402251	108	402197	35.2206838444003	21.7867807169072	57.0074645613075	0.1323	56.8751645613075	57.582556133398	39.1882257004711	96.7707818338692	0.8673	95.9034818338692	62.9047469710621	100.801753791226	1458.8038349766
5	404399	404640	241	404519.5	83.3520784836249	76.4958789605433	159.847957444168	0.295225	159.552732444168	85.2773502689594	78.3318520545412	163.609202323501	1.030225	162.578977323501	176.467608320028	170.882701341144	4092.40377176672
5	406401	406971	570	406686	48.6137875698045	9.11706639030374	57.7308539601082	0.69825	57.0326039601082	50.5498591968684	10.7056431098708	61.2555023067392	1.43325	59.8222523067392	63.0788772020904	62.8776748555017	1462.84203338039
5	409379	409723	344	409551	206.85516855819	425.618062609854	632.473231168044	0.4214	632.051831168044	211.83669555441	429.463206259658	641.299901814068	1.1564	640.143501814068	699.058381965026	672.838842000485	16211.6389873128
5	414229	414487	258	414358	166.658457636969	123.484490347142	290.142947984111	0.31605	289.826897984111	173.132962753744	126.383247866141	299.516210619885	1.05105	298.465160619885	320.552702110357	313.709273748592	7433.8350230678
5	415690	415860	170	415775	39.7784170512759	38.9177296645635	78.6961467158394	0.20825	78.4878967158394	44.5016478328011	42.2889802592231	86.7906280920242	0.94325	85.8473780920242	86.8087384235821	90.2320343806167	2013.15364292075
5	416511	416879	368	416695	175.373429919922	94.4175163207399	269.790946240662	0.4508	269.340146240662	180.396056313834	98.2414602812236	278.637516595058	1.1858	277.451716595058	297.894061126707	291.622567714649	6908.36573888942
5	422603	422816	213	422709.5	75.7848893800245	91.3868607346945	167.171750114719	0.260925	166.910825114719	81.754301898881	98.7237532132689	180.47805511215	0.995925	179.48213011215	184.605764248029	188.649182944475	4281.13313877087
5	424449	424566	117	424507.5	5.32272199604141	9.28336395322959	14.606085949271	0.143325	14.462760949271	7.65788777442044	12.0815229464894	19.7394107209098	0.878325	18.8610857209098	15.9960208473098	19.8244159932359	370.958595019163
5	430774	431351	577	431062.5	150.409095769742	152.664262720496	303.073358490238	0.706825	302.366533490238	158.318979851182	158.602375698044	316.921355549226	1.441825	315.479530549226	334.421718661017	331.592652909959	7755.46694284587
5	432262	432432	170	432347	52.7451270254379	43.7236592341462	96.4687862595841	0.20825	96.2605362595841	54.3808030547692	45.8068287055059	100.187631760275	0.94325	99.2443817602752	106.465532423748	104.313290237902	2469.0080553704
5	432874	433062	188	432968	160.507447779403	20.7324961673419	181.239943946745	0.2303	181.009643946745	163.395205459603	21.4586855251095	184.853890984713	0.9653	183.888590984713	200.199259898727	193.280703880662	4642.7569009075
5	435623	435763	140	435693	23.4615561732404	2.97645638032939	26.4380125535698	0.1715	26.2665125535698	25.3023291968958	3.47094913358754	28.7732783304834	0.9065	27.8667783304833	29.0511392580408	29.2900745052202	673.7156637728
5	438977	439466	489	439221.5	180.694351942341	131.552672108745	312.247024051087	0.599025	311.647999051087	185.538780947719	133.988136417259	319.526917364978	1.334025	318.192892364978	344.687152565765	334.444599726361	7993.52933191859
5	442214	442558	344	442386	255.886950002336	54.3962028290871	310.283152831423	0.4214	309.861752831423	294.28278731518	78.5255492159287	372.808336531108	1.1564	371.651936531108	342.711538651632	390.634065477806	7947.71350253934
5	451362	451566	204	451464	43.565561551052	58.1863472848991	101.751908835951	0.2499	101.502008835951	48.1732940251933	63.3934709750221	111.566765000215	0.9849	110.581865000215	112.262676198457	116.229835626153	2603.44775948917
5	453141	453387	246	453264	188.988130397848	35.4244808577754	224.412611255623	0.30135	224.111261255623	195.736531500704	36.8176604408679	232.554191941572	1.03635	231.517841941572	247.870266246953	243.342619636033	5748.27993734826
5	456055	456286	231	456170.5	94.4740154927502	80.5149200618979	174.988935554648	0.282975	174.705960554648	96.4679862713079	82.7766869159308	179.244673187239	1.017975	178.226698187239	193.227295741364	187.329629812757	4481.07231365753
5	460284	460434	150	460359	16.7984538203391	39.7182179334879	56.516671753827	0.18375	56.332921753827	18.3027317752961	43.9847554078079	62.287487183104	0.91875	61.368737183104	62.3050186561722	64.5031464730934	1444.89572775366
5	461003	461104	101	461053.5	3.27095206452458	18.5229285483344	21.793880612859	0.123725	21.670155612859	6.19010928456744	39.5960197242905	45.7861290088579	0.858725	44.9274040088579	23.9675026202526	47.2220719287845	555.822675088741
5	461386	462269	883	461827.5	410.899078315097	819.580889124027	1230.47996743912	1.081675	1229.39829243912	423.551592893761	852.076812899513	1275.62840579327	1.816675	1273.81173079327	1359.73212752953	1338.8716864965	31533.1121686805
5	462981	463125	144	463053	12.064523195619	22.253173881962	34.317697077581	0.1764	34.141297077581	26.6792090188597	39.5272207325328	66.2064297513925	0.9114	65.2950297513925	37.7607637796648	68.6299745007404	875.697775857223
5	463474	463647	173	463560.5	66.9101194388905	38.5855345328499	105.49565397174	0.211925	105.28372897174	81.9986983172759	52.621528836757	134.620227154033	0.946925	133.673302154033	116.445312857042	140.50066832331	2700.44594629795
5	464976	465069	93	465022.5	10.2444498686116	5.10802514240233	15.3524750110139	0.113925	15.2385500110139	18.2070331777495	7.05969654085315	25.2667297186026	0.848925	24.4178047186026	16.8540546659065	25.6649445077558	390.856982428373
5	467551	468168	617	467859.5	285.970109136647	264.172328580941	550.142437717589	0.755825	549.386612717589	287.605785165979	265.834604220458	553.440389386437	1.490825	551.949564386437	607.629465845968	580.140397726491	14091.3402835664
5	472558	472711	153	472634.5	12.3023197107349	53.0380227330806	65.3403424438154	0.187425	65.1529174438154	16.1052639789669	66.2403292545987	82.3455932335656	0.922425	81.4231682335656	72.0600602713313	85.5818579287794	1671.12177274668
5	474004	474979	975	474491.5	432.164366674422	622.01888437545	1054.18325104987	1.194375	1052.98887604987	440.196348966525	642.578183080984	1082.77453204751	1.929375	1080.84515704751	1164.62078522622	1136.04934173167	27008.3475347739
5	482899	483299	400	483099	163.8622986144	191.433194565677	355.295493180077	0.49	354.805493180076	164.97208235063	194.026456561681	358.998538912312	1.225	357.773538912312	392.419959477696	376.046828465806	9100.48556543393
5	484287	484759	472	484523	161.619031489255	138.961363535113	300.580395024368	0.5782	300.002195024369	163.728700572266	141.8285215172	305.557222089466	1.3132	304.244022089466	331.806726439075	319.78329066551	7694.82349596009
5	490861	491676	815	491268.5	446.544455935652	386.952529249379	833.496985185031	0.998375	832.498610185031	453.133759370069	408.540612878172	861.674372248241	1.733375	859.940997248241	920.75539176684	903.862498232944	21352.9433192499
5	503874	504020	146	503947	43.8430574843768	36.5425644723719	80.3856219567487	0.17885	80.2067719567487	52.2947336259081	40.7244031879437	93.0191368138518	0.91385	92.1052868138518	88.7098390698523	96.8095658962957	2057.24145897589
5	509933	510132	199	510032.5	43.3618645362113	27.8169923447588	71.1788568809702	0.243775	70.9350818809702	44.5404472641993	28.327284866473	72.8677321306723	0.978775	71.8889571306723	78.4552169916644	75.5606868324865	1819.42980350929
5	512301	512421	120	512361	26.2703150111605	22.4654707707724	48.7357857819329	0.147	48.5887857819329	30.5946516384397	24.1903454929058	54.7849971313455	0.882	53.9029971313455	53.7398933052575	56.6560936218706	1246.26464964571
5	517613	517786	173	517699.5	55.5887853519095	26.8861059868053	82.4748913387148	0.211925	82.2629663387148	61.2952017249481	28.1587873357874	89.4539890607356	0.946925	88.5070640607356	90.9840195195892	93.027563855182	2109.98124923419
5	522705	523109	404	522907	137.696982064497	115.64780519298	253.344787257477	0.4949	252.849887257477	143.198201444677	117.925171818399	261.123373263077	1.2299	259.893473263077	279.655598401797	273.1675368074	6485.40339267069
5	525800	525884	84	525842	20.9581928597794	2.62936146697063	23.5875543267501	0.1029	23.4846543267501	35.3265822924691	4.62803217665125	39.9546144691204	0.8379	39.1167144691204	25.9743641978327	41.1146013224876	602.363159020548
5	526804	526914	110	526859	30.6450508998435	2.95005676721308	33.5951076670566	0.13475	33.4603576670566	34.9788873879032	3.79684435762562	38.7757317455288	0.86975	37.9059817455288	37.0076350344198	39.842030404553	858.232208396948
5	541456	541592	136	541524	30.5385524605675	8.72987206459787	39.2684245251654	0.1666	39.1018245251654	36.6549628251852	12.1011226592575	48.7560854844428	0.9016	47.8544854844428	43.2471782162673	50.2986541402612	1002.93145544055
5	546594	546653	59	546623.5	21.6295830206238	9.20706507138207	30.8366480920058	0.072275	30.7643730920058	33.521808741245	20.161104541029	53.6829132822741	0.807275	52.8756382822741	34.0258374635547	55.5762624021999	789.082296173267
5	559155	559265	110	559210	24.9921337427792	16.417059409636	41.4091931524152	0.13475	41.2744431524152	32.5713226705233	21.6756823450428	54.2470050155661	0.86975	53.3772550155661	45.6501255495352	56.1034992186322	1058.65743724334
5	570500	570689	189	570594.5	64.654252498395	109.905989338717	174.560241837112	0.231525	174.328716837112	74.9884010524813	117.422779180913	192.411180233395	0.966525	191.444655233395	192.81005878423	201.222694238694	4471.39630504977
5	571643	571960	317	571801.5	14.7495838463237	41.6046902874242	56.3542741337479	0.388325	55.9659491337479	16.8324533220798	44.5286474371246	61.3611007592044	1.123325	60.2377757592044	61.899141680001	63.3144211753322	1435.48316482514
6	4171	4493	322	4332	5.04872601142517	29.1353730240218	34.184099035447	0.39445	33.789649035447	7.02099710798947	48.963282447992	55.9842795559815	1.12945	54.8548295559815	37.3718360062873	57.6565409036999	1124.36031953067
6	16562	16695	133	16628.5	18.8067243893347	14.1970919430373	33.003816332372	0.162925	32.840891332372	27.3125997365821	19.67321169105	46.985811427632	0.897925	46.087886427632	36.3224963919034	48.4418260067329	1092.79013325654
6	27455	27758	303	27606.5	11.9748245101443	25.8105217493848	37.785346259529	0.371175	37.414171259529	58.4422435347651	66.8061209629778	125.248364497743	1.106175	124.142189497743	41.3806095220299	130.482753926833	1244.96734216473
6	27961	28190	229	28075.5	98.3992579687143	69.8801759130099	168.279433881724	0.280525	167.998908881724	113.050043262921	88.7966986932602	201.846741956181	1.015525	200.831216956181	185.809200485528	211.088674760293	5590.21215854902
6	30706	31532	826	31119	220.290671662236	212.026392774416	432.317064436652	1.01185	431.305214436652	222.788735053366	216.796722865706	439.585457919072	1.74685	437.838607919072	477.029747354696	460.201222226792	14351.8054363486
6	32041	32331	290	32186	65.9654332831717	52.9074246469825	118.872857930154	0.35525	118.517607930154	78.234153486304	60.7970090259123	139.031162512216	1.09025	137.940912512216	131.08217261377	144.986246952746	3943.70759467098
6	36057	36263	206	36160	12.9619100445045	34.3333968475025	47.295306892007	0.25235	47.042956892007	16.5382576334882	46.5399179621562	63.0781755956444	0.98735	62.0908255956444	52.0301844027623	65.2621155635221	1565.36796186539
6	36509	36830	321	36669.5	295.985362364113	276.053054470092	572.038416834204	0.393225	571.645191834204	303.006359472102	292.003920711742	595.010280183844	1.128225	593.882055183844	632.247773292916	624.214591200876	19021.6586705183
6	40206	40429	223	40317.5	54.6493991185208	74.112313891451	128.761713009972	0.273175	128.488538009972	57.6688548686987	78.15175469385	135.820609562549	1.008175	134.812434562549	142.11016415586	141.697981938865	4275.49316956111
6	42648	42761	113	42704.5	24.7678370298251	15.4711732715028	40.2390103013279	0.138425	40.1005853013279	32.9578170064875	19.2685176218011	52.2263346282886	0.873425	51.3529096282886	44.3518219459817	53.9757603564475	1334.35854440125
6	44453	44697	244	44575	47.5460032180774	203.025324684169	250.571327902246	0.2989	250.272427902246	50.4289609686198	210.126220621249	260.555181589869	1.0339	259.521281589869	276.804891422406	272.776335438186	8327.8872388017
6	47745	47920	175	47832.5	64.5948533688833	65.9872329636995	130.582086332583	0.214375	130.367711332583	89.8560831680866	93.3145324848578	183.170615652944	0.949375	182.221240652944	144.188556777409	191.528193602487	4338.02320398817
6	48940	49183	243	49061.5	200.469862134217	134.521828596054	334.991690730271	0.297675	334.694015730271	225.378797096266	145.061174142999	370.439971239265	1.032675	369.407296239265	370.176377240136	388.274780145077	11137.0399283141
6	54497	54594	97	54545.5	17.1417487893856	52.0845367063229	69.2262854957086	0.118825	69.1074604957086	23.6803529667953	71.3057550212906	94.9861079880859	0.853825	94.1322829880859	76.4338415515132	98.9400909344258	2299.57068460212
6	54867	55261	394	55064	159.511062381332	169.932109661926	329.443172043258	0.48265	328.960522043258	166.081266095653	194.274952919992	360.356219015645	1.21765	359.138569015645	363.835051066864	377.481577504764	10946.25627184
6	56053	56272	219	56162.5	113.240140477065	188.288240654662	301.528381131727	0.268275	301.260106131727	115.969800474171	191.465394093796	307.435194567967	1.003275	306.431919567967	333.197994148466	322.082935044745	10024.5169411725
6	64087	64180	93	64133.5	16.6534559452684	8.75027176564229	25.4037277109107	0.113925	25.2898027109107	20.2408033730506	10.312448872093	30.5532522451436	0.848925	29.7043272451436	27.9708841767498	31.2214762617882	841.525480986137
6	65027	65262	235	65144.5	70.7198636074707	49.3291770858427	120.049040693313	0.287875	119.761165693313	74.2975111774033	51.2170494192624	125.514560596666	1.022875	124.491685596666	132.457565318808	130.850100544922	3985.08733799041
6	74484	75058	574	74771	660.239724252864	649.038988398528	1309.27871265139	0.70315	1308.57556265139	668.281406402816	665.953440518924	1334.23484692174	1.43815	1332.79669692174	1447.30332291822	1400.86931076801	43543.229354329
6	75585	75689	104	75637	21.7487812737853	3.77504467709776	25.523825950883	0.1274	25.396425950883	31.9997310471414	5.27912263498569	37.2788536821271	0.8624	36.4164536821271	28.0888110079674	38.2764246701102	845.073400055639
6	76216	76911	695	76563.5	691.032172992607	358.393547778396	1049.425720771	0.851375	1048.574345771	733.981143579738	369.685482296225	1103.66662587596	1.586375	1102.08025087596	1159.73825148183	1158.36901833671	34891.61385565
6	80250	80432	182	80341	10.938239701191	47.3330063395253	58.2712460407163	0.22295	58.0482960407163	13.0841082537019	51.6197435178206	64.7038517715226	0.95795	63.7459017715226	64.2022471971309	67.0017247830872	1931.57379693652
6	81960	82407	447	82183.5	51.6219434855803	40.4472072502224	92.0691507358027	0.547575	91.5215757358027	59.9435215336862	47.3961054148147	107.339626948501	1.282575	106.057051948501	101.224174179712	111.473917671262	3045.40683539824
6	87327	87519	192	87423	18.7025259163529	103.778079142628	122.480605058981	0.2352	122.245405058981	22.4527709568869	121.555618614565	144.008389571451	0.9702	143.038189571451	135.20516965399	150.343867524027	4067.75111955388
6	90404	90837	433	90620.5	79.3630369426298	35.3330821972137	114.696119139843	0.530425	114.165694139843	87.3732195542046	41.7543880936179	129.127607647822	1.265425	127.862182647822	126.268893602959	134.392745789995	3798.89640782762
6	93789	93890	101	93839.5	0.757488899075932	4.98612692880846	5.74361582788439	0.123725	5.61989082788439	1.59947655983096	9.83005594151317	11.4295325013441	0.858725	10.5708075013441	6.21567978325571	11.1107116733339	187.00348856358
6	95073	96568	1495	95820.5	3629.22191411577	1578.47766756763	5207.69958168339	1.831375	5205.86820668339	3633.4728518187	1597.51688854975	5230.98974036845	2.566375	5228.42336536845	5757.76483166253	5495.46517721985	173226.766402952
6	98812	99018	206	98915	46.7253152451775	33.7557053135141	80.4810205586917	0.25235	80.2286705586917	47.8193992114864	37.2802536616106	85.099652873097	0.98735	84.112302873097	88.7340592373871	88.4083401655252	2669.63215777297
6	103246	103671	425	103458.5	94.5570142764113	101.827307730988	196.384322007399	0.520625	195.863697007399	99.2529454580095	108.806505451543	208.059450909553	1.255625	206.803825909553	216.628055428064	217.366334817015	6517.42102206138
6	106314	106871	557	106592.5	254.464470848626	326.746511562547	581.210982411173	0.682325	580.528657411173	272.961899770655	341.039302103131	614.001201873786	1.417325	612.583876873786	642.073013512538	643.871608750067	19317.2585503567
6	107808	107958	150	107883	5.23352330323934	30.7178498329824	35.9513731362218	0.18375	35.7676231362218	8.5107752754394	38.576134670604	47.0869099460434	0.91875	46.1681599460434	39.5595037042054	48.5261994964553	1190.17797835387
6	109999	110180	181	110089.5	35.2396835659613	59.1582330420105	94.3979166079718	0.221725	94.1761916079717	39.6796184991588	62.3511862496005	102.030804748759	0.956725	101.074079748759	104.160217372416	106.236440082106	3133.73994436697
6	111863	112067	204	111965	38.469836228397	31.8763328555296	70.3461690839266	0.2499	70.0962690839266	42.6722746420823	34.0065016381191	76.6787762802014	0.9849	75.6938762802014	77.5274780187557	79.5599422919572	2332.47357563355
6	114015	114248	233	114131.5	90.2255777531804	130.845582471073	221.071160224254	0.285425	220.785735224254	102.645495740524	143.264200477468	245.909696217993	1.020425	244.889271217993	244.192186804678	257.396994888991	7346.7090334125
6	114520	114801	281	114660.5	71.7682482434987	46.6979156467159	118.466163890215	0.344225	118.121938890215	83.3668782667356	58.553041911026	141.919920177762	1.079225	140.840695177762	130.644556986041	148.034136066998	3930.5415932216
6	115725	116238	513	115981.5	267.224083857773	238.629602907032	505.853686764805	0.628425	505.225261764805	272.721003300968	245.4930023246	518.214005625568	1.363425	516.850580625568	558.78637890262	543.248732776159	16811.5163361693
6	118937	119376	439	119156.5	174.465243229307	155.786216968569	330.251460197875	0.537775	329.713685197875	196.171725122985	168.808726124999	364.980451247984	1.272775	363.707676247984	364.668060307973	382.284051966304	10971.3179930877
6	123223	123294	71	123258.5	12.6322148761542	8.46047601257007	21.0926908887243	0.086975	21.0057158887243	22.23547414135	12.2623202969223	34.4977944382722	0.821975	33.6758194382722	23.2326227645792	35.3958124858787	698.971256074312
6	129950	130146	196	130048	113.061843089996	35.4429805866637	148.504823676659	0.2401	148.264723676659	122.825700001649	39.4344220924876	162.260122094136	0.9751	161.285022094136	163.982908876884	169.522657326546	4933.55145279361
6	131245	131795	550	131520	213.35097336282	203.908511741151	417.259485103971	0.67375	416.585735103971	218.952491273135	206.217177907879	425.169669181014	1.40875	423.760919181014	460.749792296808	445.404515298243	13862.0105151745
6	137090	137597	507	137343.5	159.356564645481	190.529007816443	349.885572461924	0.621075	349.264497461924	162.901512694621	199.240080156549	362.14159285117	1.356075	360.78551785117	386.291538816295	379.21264427993	11621.8769113301
6	144187	144346	159	144266.5	7.89998422652115	3.33985105481677	11.2398352813379	0.194775	11.0450602813379	19.8633089051943	6.22750873648221	26.0908176416765	0.929775	25.1610426416765	12.2159949362214	26.4461433203263	367.527567218378
6	155925	156228	303	156076.5	66.1604304255081	40.9732995403925	107.133729965901	0.371175	106.762554965901	71.4940522618134	44.1553529077186	115.649405169532	1.106175	114.543230169532	118.080915596734	120.393527588519	3552.55481610489
6	157824	158013	189	157918.5	30.3666549797079	26.4520123484042	56.8186673281121	0.231525	56.5871423281121	41.9830847420913	36.3180677623487	78.30115250444	0.966525	77.33462750444	62.5861902540671	81.2844949127354	1882.95348562569
6	160171	160503	332	160337	103.097289119538	68.3249987039764	171.422287823514	0.4067	171.015587823514	111.366867929687	72.6229357181392	183.989803647826	1.1417	182.848103647826	189.145690621247	192.187073635439	5690.59302060988
6	162112	162444	332	162278	87.0345245177465	114.722318755891	201.756843273637	0.4067	201.350143273637	94.4888152758609	116.105898479668	210.594713755529	1.1417	209.453013755529	222.696143614007	220.150829977049	6699.98410433915
6	164798	165001	203	164899.5	39.6414190589678	21.1319903127951	60.7734093717629	0.248675	60.5247343717629	41.9717849076893	21.3527870770406	63.3245719847299	0.983675	62.3408969847299	66.9412234762414	65.5249593530364	2013.97799682249
6	167308	167758	450	167533	65.5845388651413	65.9209339353052	131.505472800446	0.55125	130.954222800446	68.0355029465078	67.3780125819633	135.413515528471	1.28625	134.127265528471	144.83724686501	140.977817884778	4357.53954228229
6	169291	169855	564	169573	167.601143821997	40.3896080943323	207.990751916329	0.6909	207.299851916329	170.488801503663	41.1471969919427	211.635998495605	1.4259	210.210098495605	229.276606626412	220.946582833035	6897.96237583863
6	173368	174158	790	173763	191.935387206094	205.176793154614	397.112180360707	0.96775	396.144430360707	193.455264932438	210.089721156145	403.544986088583	1.70275	401.842236088583	438.141416346575	422.366335096	13181.8202027907
6	176488	176962	474	176725	167.666942857719	215.569240854332	383.236183712051	0.58065	382.655533712051	170.113307006497	223.30562747836	393.418934484856	1.31565	392.103284484856	423.222503370281	412.12996637433	12732.9732754346
6	181954	182246	292	182100	42.8099726241321	132.455658875565	175.265631499697	0.3577	174.907931499697	47.1225094243366	153.77104650069	200.893555925027	1.0927	199.800855925027	193.450678500636	210.005688022039	5820.11187932561
6	183991	184448	457	184219.5	125.715057658401	33.2709124181056	158.985970076507	0.559825	158.426145076507	146.468853513598	42.542576542795	189.011430056393	1.294825	187.716605056393	175.221586548484	197.304233835824	5271.67568131202
6	191417	191787	370	191602	186.965160044276	204.663600675398	391.628760719674	0.45325	391.175510719674	194.297452590262	208.687641703479	402.985094293741	1.18825	401.796844293741	432.645720023766	422.318624914468	13016.4779682663
6	192321	192783	462	192552	1155.87546076071	272.889600830188	1428.7650615909	0.56595	1428.1991115909	1195.40178150643	284.785926490725	1480.18770799716	1.30095	1478.88675799716	1579.6086821354	1554.42092418471	47523.7374551358
6	194149	194847	698	194498	180.082060915405	178.608982503222	358.691043418627	0.85505	357.835993418627	208.273947766123	196.386121981021	404.660069747143	1.59005	403.070019747143	395.771736165679	423.656827825695	11907.095912055
6	196280	196808	528	196544	281.733171228549	162.291821629583	444.024992858131	0.6468	443.378192858132	303.194456715556	169.086222058324	472.28067877388	1.3818	470.89887877388	490.382634482989	494.950046974891	14753.5372762213
6	199029	199930	901	199479.5	123.676787529046	120.993326854894	244.67011438394	1.103725	243.56638938394	128.063723238942	124.616973750711	252.680696989653	1.838725	250.841971989653	269.387916730095	263.653729953285	8104.7418724998
6	203285	204252	967	203768.5	768.22074180185	940.29902001189	1708.51976181374	1.184575	1707.33518681374	776.230724416356	952.007248428974	1728.23797284533	1.919575	1726.31839784533	1888.33718108262	1814.49013922468	56812.0708853188
6	204649	205167	518	204908	237.350821647443	211.278303737586	448.62912538503	0.63455	447.99457538503	248.616056556552	221.167558811542	469.783615368094	1.36955	468.414065368094	495.488419706048	492.338321682361	14907.1487365704
6	205723	205980	257	205851.5	19.0648206069605	167.005552550328	186.070373157288	0.314825	185.755548157288	23.9248493837247	189.006330131132	212.931179514857	1.049825	211.881354514857	205.448297959817	222.703198281747	6181.06945300389
6	206321	206569	248	206445	82.856885740625	260.420883557993	343.277769298618	0.3038	342.973969298618	91.6074575018709	282.935253612151	374.542711114022	1.0388	373.503911114022	379.334124530477	392.580629693878	11412.5577719602
6	207113	207460	347	207286.5	341.39499689046	291.988720934493	633.383717824953	0.425075	632.958642824953	356.051882095273	303.796247896366	659.848129991639	1.160075	658.688054991639	700.061328651304	692.330558545375	21061.881440372
6	209946	211219	1273	210582.5	598.516828795725	586.375106731447	1184.89193552717	1.559425	1183.33251052717	604.287144232329	592.070623264222	1196.35776749655	2.294425	1194.06334249655	1308.78271265669	1255.05014791818	39375.7306638969
6	212974	213234	260	213104	185.375683337898	103.59408183909	288.969765176988	0.3185	288.651265176988	201.880641459387	107.023331583778	308.903973043165	1.0535	307.850473043165	319.252435379994	323.573941162692	9604.95412091628
6	220157	220328	171	220242.5	43.7221592561283	60.5976119480566	104.319771204185	0.209475	104.110296204185	48.4300902618701	70.9584601108628	119.388550372733	0.944475	118.444075372733	115.147479401966	124.493608526476	3464.30014066649
6	221540	221855	315	221697.5	93.9205236041185	104.248872243202	198.16939584732	0.385875	197.78352084732	103.423684336248	129.312304941102	232.73598927735	1.120875	231.61511427735	218.751408104242	243.444860158006	6581.30371417908
6	223863	224171	308	224017	66.4799257433361	69.6443793685847	136.124305111921	0.3773	135.747005111921	67.790006544233	73.6888200977102	141.478826641943	1.1123	140.366526641943	150.138132777449	147.53574936519	4517.02075635223
6	224907	225562	655	225234.5	72.2580410656339	368.889693958423	441.147735024057	0.802375	440.345360024057	81.8153010049452	391.958955880697	473.774256885642	1.537375	472.236881885642	487.028277910934	496.356388618225	14652.6188887345
6	225971	226956	985	226463.5	821.522060676352	527.798365167738	1349.32042584409	1.206625	1348.11380084409	839.896091406769	537.218627114741	1377.11471852151	1.941625	1375.17309352151	1491.03318090417	1445.41008254112	44858.8756364607
6	228992	229637	645	229314.5	367.104420121433	281.805270171946	648.909690293379	0.790125	648.119565293379	370.6181686278	287.38668837682	658.00485700462	1.525125	656.47973200462	716.829526142781	690.009445424429	21566.3655092387
6	233604	234166	562	233885	311.152040097967	196.328322828061	507.480362926029	0.68845	506.791912926029	314.329193537101	201.120452599879	515.44964613698	1.42345	514.02619613698	560.519117535534	540.280092802028	16863.6471055176
6	237419	237580	161	237499.5	13.1452073583007	59.5224277047741	72.6676350630748	0.197225	72.4704100630748	16.0331650355697	63.8456643481734	79.8788293837431	0.932225	78.9466043837431	80.1533119608442	82.9788035384237	2411.47380162363
6	238248	238437	189	238342.5	38.455536437959	35.6846770446263	74.1402134825853	0.231525	73.9086884825853	43.6891597397329	39.8087166072389	83.4978763469718	0.966525	82.5313513469718	81.7440685019655	86.7466415134534	2459.33293095754
6	239758	239877	119	239817.5	8.47877574438933	10.0735523730973	18.5523281174866	0.145775	18.4065531174866	25.314029025436	36.4232662206758	61.7372952461118	0.880775	60.8565202461118	20.3579114960945	63.9647680473776	612.48336503658
6	241464	241978	514	241721	110.291483689336	115.43000838477	225.721492074105	0.62965	225.091842074105	115.483107606606	121.279122666585	236.762230273191	1.36465	235.397580273191	248.954802682972	247.420515668584	7489.99598109739
6	244083	244286	203	244184.5	18.3314313547066	65.4722405108624	83.803671865569	0.248675	83.554996865569	24.4958410158995	77.3744660849369	101.870307100836	0.983675	100.886632100836	92.4130237958414	106.039418542394	2780.31662523638
6	245183	245403	220	245293	137.148290105523	139.262759118191	276.411049223714	0.2695	276.141549223714	149.902203198202	150.555893618434	300.458096816636	1.0045	299.453596816636	305.416510283509	314.748194340817	9188.68971368004
6	245880	246117	237	245998.5	99.12584732062	85.6205452394714	184.746392560091	0.290325	184.456067560091	109.840790294202	93.8512246196882	203.69201491389	1.025325	202.66668991389	204.011053799014	213.017894530374	6137.82886124885
6	248103	248354	251	248228.5	212.976778846603	69.0276884061291	282.004467252732	0.307475	281.696992252732	216.590525887502	70.663464433995	287.253990321497	1.042475	286.211515321497	311.560909877744	300.829773309257	9373.54868314399
6	251919	252057	138	251988	46.1471237185165	68.3467983845043	114.493922103021	0.16905	114.324872103021	89.4582889977204	94.87850956493	184.33679856265	0.90405	183.43274856265	126.4449467111	192.80157929918	3804.19310047313
6	253538	253622	84	253580	2.81755870895887	12.2682202104596	15.0857789194185	0.1029	14.9828789194185	8.57127438883095	27.9994896702788	36.5707640591097	0.8379	35.7328640591097	16.5712787750818	37.5579206955308	498.559618410192
6	255290	256297	1007	255793.5	160.448548642564	340.512709820288	500.961258462853	1.233575	499.727683462853	165.408075961187	346.555421264956	511.963497226144	1.968575	509.994922226144	552.705978525666	536.042921507986	16628.5828321917
6	261111	261270	159	261190.5	36.2275690885977	35.0190867987848	71.2466558873825	0.194775	71.0518808873825	39.2890242232789	39.4001225951433	78.6891468184222	0.929775	77.7593718184222	78.5843983663735	81.7309330497409	2364.27183407518
6	261593	261750	157	261671.5	28.1674872082917	25.8229215676667	53.9904087759583	0.192325	53.7980837759583	33.1119147482005	28.105088122744	61.2170028709445	0.927325	60.2896778709445	59.5014515308659	63.3689741883077	1790.1467576955
6	262836	264117	1281	263476.5	328.536185335057	331.550741157043	660.0869264921	1.569225	658.5177014921	330.503556503429	333.070818880456	663.574375383885	2.304225	661.270150383885	728.33001377383	695.044534503469	21912.3664909788
6	268444	268575	131	268509.5	7.710487003584	10.3088489248499	18.0193359284339	0.160475	17.8588609284339	13.7064991326258	19.117219839055	32.8237189716808	0.895475	31.9282439716808	19.7521560871013	33.558979572762	594.258749443745
7	20533	20665	132	20599	83.4959763748157	22.3907718654774	105.886748240293	0.1617	105.725048240293	166.788655728929	46.811013989271	213.5996697182	0.8967	212.7029697182	116.933418291741	223.566777495503	1210.31296686031
7	23470	23575	105	23522.5	158.113782858323	26.7356081923355	184.849391050659	0.128625	184.720766050659	202.855827168138	36.0057723390069	238.861599507145	0.863625	237.997974507145	204.303814122456	250.153725082036	2114.63548251451
7	38868	38984	116	38926	24.0166480384246	22.1928747656396	46.2095228040642	0.1421	46.0674228040642	26.5835104213131	24.6077393760402	51.1912497973533	0.8771	50.3141497973533	50.9512297230349	52.8839458495713	527.367923662445
7	41222	41435	213	41328.5	99.9523352085226	94.9336087574569	194.885943965979	0.260925	194.62501896598	101.367414470678	95.7961961163254	197.163610587003	0.995925	196.167685587003	215.258059765193	206.186953447527	2228.01680444337
7	43245	43325	80	43285	13.9014962749622	4.23333796085551	18.1348342358177	0.098	18.0368342358177	18.9768218965728	6.18990928749837	25.1667311840711	0.833	24.3337311840711	19.9489971152537	25.5765769160256	206.481006346805
7	45237	45435	198	45336	38.0723420536344	31.5953369734961	69.6676790271305	0.24255	69.4251290271305	40.8914007406112	33.0369158473019	73.9283165879131	0.97755	72.9507665879131	76.7851874991496	76.6767282257218	794.76089428222
7	53636	53796	160	53716	32.9257174769029	58.7292393288705	91.6549568057734	0.196	91.4589568057734	41.3678937576537	69.7425779294946	111.110471687148	0.931	110.179471687148	101.15491674583	115.806890067812	1046.9984473874
7	56151	56389	238	56270	103.951476601505	112.688048567917	216.639525169422	0.29155	216.347975169422	110.300883551581	120.158039095953	230.458922647534	1.02655	229.432372647534	239.283960595212	241.150634962515	2476.69558027906
7	67258	67303	45	67280.5	6.3161074380771	4.90642809678688	11.222535534864	0.055125	11.167410534864	19.7926099412805	16.9097521892726	36.7023621305532	0.790125	35.9122371305532	12.3513160697823	37.7464552496332	127.841623168417
7	74490	74733	243	74611.5	24.1121466389022	101.953505881566	126.065652520469	0.297675	125.767977520469	27.2049013148917	110.074786865006	137.279688179897	1.032675	136.247013179897	139.101185271462	143.205831683368	1439.75922964684
7	75675	76836	1161	76255.5	356.074581762611	405.446958215371	761.521539977983	1.422225	760.099314977983	360.809012380004	406.714839634696	767.5238520147	2.157225	765.3666270147	840.680733855769	804.457740439521	8701.4200734021
7	79017	79200	183	79108.5	13.9867950249176	27.4429978256111	41.4297928505287	0.224175	41.2056178505287	15.3125755957359	29.8626623656693	45.1752379614051	0.959175	44.2160629614051	45.5740037794485	46.4743991252971	471.711239881741
7	80404	80660	256	80532	17.5488428234633	74.1207137683517	91.669556591815	0.3136	91.355956591815	18.9480223186277	78.3712514771466	97.3192737957743	1.0486	96.2706737957743	101.040997033299	101.187700088799	1045.8193276176
7	81224	81452	228	81338	76.9976716068223	94.5057150281967	171.503386635019	0.2793	171.224086635019	81.3002085535735	107.181029272734	188.481237826308	1.0143	187.466937826308	189.376293294359	197.041814847737	1960.12899253705
7	82286	82447	161	82366.5	59.5554272211695	54.635899316359	114.191326537529	0.197225	113.994101537529	64.5042546965978	57.8288525239491	122.333107220547	0.932225	121.400882220547	126.079109726042	127.601434334071	1304.97494711835
7	84294	84656	362	84475	107.74742097232	102.377999660653	210.125420632973	0.44345	209.681970632973	110.577279501026	104.976461580453	215.553741081479	1.17845	214.375291081479	231.911264060483	225.324512700708	2400.38488700534
7	87285	87481	196	87383	49.4912747103182	19.4217153767033	68.9129900870215	0.2401	68.6728900870215	51.2850484227438	20.4313005813331	71.7163490040769	0.9751	70.7412490040769	75.9532004525304	74.3543594939059	786.149457744287
7	91308	91446	138	91377	24.4582415669156	31.7911341041088	56.2493756710244	0.16905	56.0803256710244	27.0405037241219	35.0202867811992	62.0607905053211	0.90405	61.1567405053211	62.0256437691342	64.2803220614058	641.993042094655
7	92369	92486	117	92427.5	22.049576865656	6.00991192534172	28.0594887909977	0.143325	27.9161637909977	26.8937058754297	6.6516025214302	33.5453083968599	0.878325	32.6669833968599	30.8756771645473	34.3354501265817	319.577012104536
7	93548	93752	204	93650	108.066316298941	21.9927776980421	130.059093996983	0.2499	129.809193996983	111.017973042707	23.0445622842441	134.062535326951	0.9849	133.077635326951	143.570828601221	139.874577802956	1486.02202909526
7	94679	94877	198	94778	29.6564653874653	55.8058821703773	85.4623475578426	0.24255	85.2197975578427	49.3596766388748	112.089457340211	161.449133979086	0.97755	160.471583979086	94.2543172164843	168.667672846006	975.574168413183
7	97092	97326	234	97209	43.3217651238642	58.335345101351	101.657110225215	0.28665	101.370460225215	48.9345828685814	63.243673170294	112.178256038875	1.02165	111.156606038875	112.117181550018	116.833931573087	1160.46277120937
7	98658	98862	204	98760	73.8522177031347	42.99396992767	116.846187630805	0.2499	116.596287630805	76.3453811660734	43.7358590553591	120.081240221432	0.9849	119.096340221432	128.957164832023	125.179187813359	1334.76409948381
7	107621	107950	329	107785.5	130.000394857213	148.25172738576	278.252122242973	0.403025	277.849097242973	136.584698364904	153.654348210892	290.239046575796	1.138025	289.101021575796	307.305082860326	303.866861144385	3180.7444954699
7	114789	114962	173	114875.5	142.599410219903	116.103398516305	258.702808736208	0.211925	258.490883736208	145.397969207301	120.679931447672	266.077900654973	0.946925	265.130975654973	285.894621337313	278.672544722582	2959.1366814991
7	115330	115919	589	115624.5	294.032590981782	278.711015517938	572.74360649972	0.721525	572.02208149972	299.198915269816	281.56747365683	580.766388926646	1.456525	579.309863926646	632.664618663442	608.898125028654	6548.36062118421
7	120967	121214	247	121090.5	74.4177094159102	106.171744063708	180.589453479618	0.302575	180.286878479618	76.4273799643892	111.989158810076	188.416538774466	1.037575	187.378963774466	199.399870935552	196.949347519709	2063.87748608745
7	121856	122583	727	122219.5	251.186118892546	165.299877546824	416.48599643937	0.890575	415.59542143937	256.203845358266	168.234434541185	424.438279899451	1.625575	422.812704899451	459.654491193519	444.407870956205	4757.6287351756
7	123337	123597	260	123467	480.315961017622	481.591842319709	961.907803337331	0.3185	961.589303337331	484.47630004827	503.11322692597	987.58952697424	1.0535	986.53602697424	1063.53154813842	1036.92337124419	11008.0252692644
7	124240	124510	270	124375	263.432639421012	79.6095333302499	343.042172751262	0.33075	342.711422751262	279.306406792539	82.6550886979405	361.961495490479	1.06575	360.895745490479	379.043744287062	379.328501797781	3923.27159694704
7	129558	129751	193	129654.5	42.1557822112272	20.767695651497	62.9234778627242	0.236425	62.6870528627242	50.5035598753803	23.4190567960645	73.9226166714448	0.971425	72.9511916714448	69.3327787111831	76.677175020402	717.625143679977
7	131286	131461	175	131373.5	27.3703988895413	22.5740691792736	49.9444680688148	0.214375	49.7300930688148	28.811777766278	23.5679546139819	52.3797323802599	0.949375	51.4303573802599	55.0021955183816	54.0571637536611	569.297224131395
7	141763	142182	419	141972.5	75.6494913642689	183.57500972659	259.224501090859	0.513275	258.711226090859	77.2116684707196	186.21077109977	263.42243957049	1.248275	262.17416457049	286.13832313885	275.564714461929	2961.65910370104
7	144445	144764	319	144604.5	157.760288038755	106.606537691851	264.366825730605	0.390775	263.976050730605	171.612785031796	116.136298034166	287.749083065962	1.125775	286.623308065962	291.96129463027	301.262598375113	3021.92945245745
7	147776	148077	301	147926.5	47.0331107344654	36.072771357143	83.1058820916084	0.368725	82.7371570916084	52.9808235713286	47.6650014741698	100.645825045498	1.103725	99.5421000454984	91.5084812869857	104.62621448958	947.153543420833
7	150654	150730	76	150692	4.30213695261317	7.0156971856593	11.3178341382725	0.0931	11.2247341382725	11.5137312674196	18.8708234499694	30.384554717389	0.8281	29.556454717389	12.4147167965441	31.0660511421765	128.497848932011
7	152935	153042	107	152988.5	4.80772954320431	11.2549350600522	16.0626646032565	0.131075	15.9315896032565	7.47459046062425	14.9527808684916	22.4273713291159	0.866075	21.5612963291159	17.6205663855158	22.6625399039438	182.380711103516
7	159226	159559	333	159392.5	129.769698238049	98.3927580639697	228.162456302019	0.407925	227.754531302019	137.812180376278	99.5338413415084	237.346021717786	1.142925	236.203096717786	251.899775122813	248.267173879216	2607.27488030571
7	165175	165610	435	165392.5	56.932665657478	142.547210984878	199.479876642355	0.532875	198.947001642356	58.3054455395261	151.909773777456	210.215219316982	1.267875	208.947344316982	220.038234535108	219.619333463373	2277.49374262243
7	165970	166846	876	166408	275.878357030265	223.404826024615	499.28318305488	1.0731	498.21008305488	278.755314868736	230.400623501902	509.155938370638	1.8081	507.347838370638	551.027490728698	533.260637799771	5703.37998211541
7	167528	167715	187	167621.5	49.3675765231027	10.595044730679	59.9626212537817	0.229075	59.7335462537817	55.5526858809436	11.8361265427491	67.3888124236927	0.964075	66.4247374236927	66.0661580807915	69.817382011518	683.814165051845
7	173170	173692	522	173431	2.72975999564024	252.982492566869	255.71225256251	0.63945	255.07280256251	3.6973458157668	256.88933531248	260.586681128246	1.37445	259.212231128246	282.114174581396	272.451500219007	2920.00737358991
7	174302	174429	127	174365.5	60.9351070021003	0	60.9351070021003	0.155575	60.7795320021003	77.9580575324625	0.247296375896341	78.2053539083589	0.890575	77.3147789083589	67.2230333063988	81.2636325492736	695.788338962495
7	180459	180671	212	180565	55.8892809481765	92.9910372256484	148.880318173825	0.2597	148.620618173825	61.2278027126739	100.639125143685	161.866927856359	0.9947	160.872227856359	164.376533290374	169.088779616089	1701.37034044901
7	185785	185954	169	185869.5	20.961492811419	14.4718879159298	35.4333807273487	0.207025	35.2263557273487	24.9696340725096	18.9058229370554	43.875457009565	0.942025	42.933432009565	38.9608541941519	45.1262577758896	403.262195871909
7	190239	190358	119	190298.5	7.01959712850603	23.6715530957565	30.6911502242625	0.145775	30.5453752242625	8.22937939926783	28.031889195467	36.2612685947348	0.880775	35.3804935947348	33.7836226838024	37.1875529037258	349.675543561957
7	190858	191115	257	190986.5	65.8116355370623	215.525741491811	281.337377028873	0.314825	281.022552028873	70.971659917421	225.218499445412	296.190159362833	1.049825	295.140334362833	310.814969326077	310.214631934205	3217.07338385584
7	191801	191991	190	191896	28.0882883689427	14.7238842229491	42.8121725918918	0.23275	42.5794225918918	31.1280438216306	16.9542515371391	48.0822953587697	0.96775	47.1145453587697	47.0934515086932	49.5209215601495	487.438200711562
7	196530	198058	1528	197294	1598.4894742966	866.452702222293	2464.94217651889	1.8718	2463.07037651889	1604.80638172295	878.665723241691	2483.47210496465	2.6068	2480.86530496465	2724.19112985293	2607.57554239209	28196.591674424
7	200205	200488	283	200346.5	233.659975736421	178.156789130071	411.816764866492	0.346675	411.470089866492	238.515104584993	181.52803972473	420.043144309724	1.081675	418.961469309724	455.091815361893	440.359933443569	4710.4030078919
7	202523	202636	113	202579.5	10.6844434205501	16.3760600104781	27.0605034310282	0.138425	26.9220784310282	13.1559072014955	19.1856188366745	32.34152603817	0.873425	31.46810103817	29.7762045121366	33.0753348311365	308.196980396227
7	205689	205767	78	205728	6.99519748608035	10.1756508768539	17.1708483629343	0.09555	17.0752983629343	16.1413634499328	22.3840719636637	38.5254354135965	0.83055	37.6948854135965	18.8855246619629	39.6201523238955	195.473592735537
7	206082	206779	697	206430.5	131.763769015141	155.024228135439	286.78799715058	0.853825	285.93417215058	137.133790318016	159.810457993719	296.944248311735	1.588825	295.355423311735	316.247291559465	310.440706554812	3273.30033877841
7	208762	208863	101	208812.5	22.1842748916699	15.1542779155726	37.3385528072424	0.123725	37.2148278072424	30.0788591973263	19.298417183626	49.3772763809523	0.858725	48.5185513809523	41.1601328074014	50.996637213671	426.02570917923
7	210096	210340	244	210218	221.675651365496	150.217698574649	371.893349940145	0.2989	371.594449940145	227.643963900473	153.283953638988	380.927917539461	1.0339	379.894017539461	410.988786223891	399.297110913116	4253.91701078912
7	213821	213958	137	213889.5	36.0707713864524	22.4144715181613	58.4852429046137	0.167825	58.3174179046137	39.9103151183229	26.2693150258152	66.1796301441381	0.902825	65.2768051441381	64.4998998348582	68.6108190713621	667.602694522733
7	216052	216253	201	216152.5	69.3234840712732	83.6063747569385	152.929858828212	0.246225	152.683633828212	75.2506972085574	90.4345746903512	165.685271898909	0.981225	164.704046898909	168.870286823222	173.116308881072	1747.88269123918
7	217286	217478	192	217382	67.5530100173934	30.5498522949696	98.1028623123629	0.2352	97.8676623123629	72.1198430909114	32.6438216080587	104.76366469897	0.9702	103.79346469897	108.243036866688	109.094717664661	1120.36364801408
7	225469	226458	989	225963.5	1255.14420598717	1396.35143660933	2651.4956425965	1.211525	2650.2841175965	1263.32318612504	1401.32116377847	2664.64434990351	1.946525	2662.69782490351	2931.25221007712	2798.69516136345	30339.766089305
7	229779	230152	373	229965.5	232.057499220554	185.593180150504	417.650679371058	0.456925	417.193754371058	237.47431983759	197.989898477837	435.464218315426	1.191925	434.272293315426	461.422270318536	456.452758044423	4775.92603656992
7	234520	234734	214	234627	34.3860960752006	122.940498319291	157.326594394492	0.26215	157.064444394492	36.5477643961675	131.46737335879	168.015137754957	0.99715	167.017987754957	173.715526082318	175.548434305495	1798.03307586399
7	235846	236143	297	235994.5	54.5276009034614	45.1713380185584	99.6989389220198	0.363825	99.3351139220198	58.6077411094147	51.015652370716	109.623393480131	1.098825	108.524568480131	109.866059374135	114.067462651495	1137.16265393528
7	238139	238368	229	238253.5	65.5685390996162	57.6329553948019	123.201494494418	0.280525	122.920969494418	69.1498866153265	61.6882959641914	130.838182579518	1.015525	129.822657579518	135.95235359977	136.453352011998	1407.1674192099
7	245046	245413	367	245229.5	72.9191313774215	174.020849741849	246.93998111927	0.449575	246.49040611927	77.2424680193553	181.732136733709	258.974604753064	1.184575	257.790029753064	272.62192113771	270.956659884524	2821.75832216002
7	249516	249994	478	249755	286.649799175858	268.448465914576	555.098265090434	0.58555	554.512715090434	288.72816871756	271.462821739493	560.190990457053	1.32055	558.870440457053	613.299008522438	587.414757659516	6347.91792988837
7	253923	254534	611	254228.5	296.941848346906	269.167355379323	566.109203726229	0.748475	565.360728726229	303.53725169193	272.475706895763	576.012958587692	1.483475	574.529483587692	625.297067045201	603.873586683004	6472.10318008792
7	255315	255547	232	255431	241.788056620209	127.17743622739	368.965492847598	0.2842	368.681292847598	247.422274051316	129.223406243904	376.645680295219	1.0192	375.626480295219	407.766792736802	394.811609131918	4220.56794297316
7	257223	257538	315	257380.5	167.963038518467	191.241997367652	359.205035886119	0.385875	358.819160886119	174.110848422927	194.89214387512	369.002992298048	1.120875	367.882117298048	396.859133472567	386.671702663631	4107.66881081351
7	265936	266038	102	265987	15.40667421673	12.3852184958614	27.7918927125914	0.12495	27.6669427125914	19.0468208707448	17.1617484962919	36.2085693670367	0.85995	35.3486193670367	30.6000350807323	37.1540506993087	316.723993753346
7	269112	269345	233	269228.5	58.8519375307406	171.787982464296	230.639919995036	0.285425	230.354494995036	63.6754668424009	185.480081807949	249.15554865035	1.020425	248.13512365035	254.775372222262	260.808629289251	2637.03859120867
7	270836	270951	115	270893.5	19.848009129411	49.3095773730745	69.1575865024855	0.140875	69.0167115024855	22.294373278189	64.3886563906794	86.6830296688684	0.875875	85.8071546688684	76.3334718646629	90.1897565454426	790.085436250294
7	271315	271670	355	271492.5	133.670041078915	77.2984671986929	210.968508277608	0.434875	210.533633277608	306.034715091853	103.561582315367	409.596297407221	1.169875	408.426422407221	232.853215148954	429.286808842267	2410.13450035949
7	271895	272401	506	272148	1018.79896960298	155.329523661363	1174.12849326434	0.61985	1173.50864326434	1154.26208440458	177.762794904017	1332.02487930859	1.35485	1330.67002930859	1297.91737469745	1398.63402357054	13434.0229804141
7	272869	273191	322	273030	66.7159222848304	12.5770156850928	79.2929379699232	0.39445	78.8984879699232	101.573311453278	20.1832042171605	121.756515670438	1.12945	120.627065670438	87.2628582339755	126.788095090573	903.209453625742
7	277094	277412	318	277253	99.2548454301656	271.855515984598	371.110361414764	0.38955	370.720811414764	105.87564840296	279.855098751513	385.730747154473	1.12455	384.606197154473	410.022529496422	404.249965181696	4243.91582324447
7	280581	280760	179	280670.5	19.5709131902243	34.8073899011817	54.3783030914059	0.219275	54.1590280914059	20.3128023179133	36.6482629233716	56.9610652412849	0.954275	56.0067902412849	59.9006611157349	58.8673380004965	619.998525066634
7	281318	281457	139	281387.5	18.305731731332	22.0916762486937	40.3974079800257	0.170275	40.2271329800257	22.6551679907786	27.1831016343638	49.8382696251424	0.905275	48.9329946251424	44.4917854919278	51.4322481535705	460.509798535933
7	284027	284330	303	284178.5	39.129126566563	33.1577140770159	72.286840643579	0.371175	71.915665643579	44.5941464772427	37.5495497151038	82.1436961923465	1.106175	81.0375211923465	79.5397566839293	85.176513958405	823.271912356924
7	287123	287476	353	287299.5	35.7246764584389	87.3099204818462	123.034596940285	0.432425	122.602171940285	42.8961713608983	97.6959682753544	140.592139636253	1.167425	139.424714636253	135.599758936838	146.545834295373	1403.51790738661
7	288166	288428	262	288297	177.291801806373	138.414471549761	315.706273356134	0.32095	315.385323356134	179.80566496596	141.939319893461	321.744984859421	1.05595	320.689034859421	348.820686799401	337.068232740942	3610.4494892052
7	289398	289594	196	289496	91.6636566782776	62.5657831047051	154.229439782983	0.2401	153.989339782983	94.2571186713514	63.9807623683255	158.237881039677	0.9751	157.262781039677	170.314416318706	165.294980242173	1762.83007479936
7	291695	291849	154	291772	40.5118063035297	19.4590148300835	59.9708211336133	0.18865	59.7821711336133	47.6483017189031	24.5140407491842	72.1623424680873	0.92365	71.2386924680873	66.1199378946328	74.8772098912574	684.370810081114
7	293015	293246	231	293130.5	75.9852864432256	45.3565353045107	121.341821747736	0.282975	121.058846747736	89.2612918846934	52.7294272555164	141.99071914021	1.017975	140.97274414021	133.892819159517	148.172929432438	1385.85032034159
7	295701	295862	161	295781.5	47.0812100295751	32.7029207419668	79.7841307715418	0.197225	79.5869057715418	50.5587590664417	34.2180985371877	84.7768576036294	0.932225	83.8446326036294	88.0242581869289	88.1269986325155	911.090282301485
7	299766	299925	159	299845.5	34.3076972241279	45.2213372858241	79.529034509952	0.194775	79.334259509952	37.4585510486802	50.0184669843681	87.4770180330483	0.929775	86.5472430330483	87.7448278014333	90.9676449353453	908.198053340417
7	303470	303670	200	303570	15.27647612477	48.3266917771646	63.6031679019346	0.245	63.3581679019346	23.6449534855711	64.6408526947677	88.2858061803389	0.98	87.3058061803389	70.0750415609811	91.7649517082187	725.307894813514
7	304120	304272	152	304196	15.5451721870561	51.0332521127935	66.5784242998496	0.1862	66.3922242998496	18.3075317049536	54.4265023850501	72.7340340900037	0.9212	71.8128340900037	73.4307514121772	75.4806758062277	760.040986561421
7	306314	306549	235	306431.5	112.743447756047	118.988656233142	231.732103989189	0.287875	231.444228989189	115.253710968391	126.373948002429	241.62765897082	1.022875	240.60478397082	255.980633634632	252.893677383176	2649.51358370575
7	307145	307398	253	307271.5	192.020885953118	60.827608577479	252.848494530597	0.309925	252.538569530597	196.786516113285	62.2377879114418	259.024304024727	1.044925	257.979379024727	279.311276534986	271.15568017344	2890.99613026943
7	310239	310382	143	310310.5	25.1849309173559	26.8110070873722	51.9959380047281	0.175175	51.8207630047281	69.6928786578325	61.4980987515125	131.190977409345	0.910175	130.280802409345	57.3145064247855	136.934896596761	593.230672022662
7	310601	310793	192	310697	67.4601113788137	37.232554360639	104.692665739453	0.2352	104.457465739453	88.1605080165709	59.3161307280357	147.476638744607	0.9702	146.506438744607	115.531453882577	153.989257582384	1195.80201072581
7	313030	313136	106	313083	8.84537037198172	8.16178038992455	17.0071507619063	0.12985	16.8773007619063	12.8115122485691	10.5127459367596	23.3242581853287	0.86485	22.4594081853287	18.6665364781113	23.6065228384088	193.206967485229
7	320903	321119	216	321011	60.7359099213136	88.7055000297675	149.441409951081	0.2646	149.176809951081	64.6379527372663	97.941064683491	162.579017420757	0.9996	161.579417420757	164.991689365711	169.832088899455	1707.73747984765
7	321491	321658	167	321574.5	82.3290934753679	47.9966966132107	130.325790088579	0.204575	130.121215088579	85.622145216024	50.9314536046405	136.553598820664	0.939575	135.614023820664	143.915928399487	142.540512381902	1489.59396573069
7	324741	325051	310	324896	95.3778022478457	40.8691010674107	136.246903315256	0.37975	135.867153315256	112.605949771067	51.6952424113919	164.301192182458	1.11475	163.186442182458	150.271018411946	171.521192478051	1555.37197821
7	326385	326651	266	326518	54.3504035002717	17.4781438595495	71.8285473598212	0.32585	71.5026973598212	62.8490789530328	20.3551016980201	83.2041806510529	1.06085	82.1433306510528	79.083007844656	86.338802653925	818.544358413434
7	330655	330908	253	330781.5	70.6574645219231	161.365935198356	232.023399720279	0.309925	231.713474720279	71.6357501852445	162.870213153313	234.505963338558	1.044925	233.461038338558	256.27842327125	245.385064821873	2652.59583909399
7	334603	334887	284	334745	114.181626679679	153.601148990521	267.7827756702	0.3479	267.4348756702	116.906586745662	154.958329101183	271.864915846844	1.0829	270.782015846844	295.786804575087	284.612211887868	3061.52518444499
7	337634	337757	123	337695.5	30.749949362567	14.1292929366249	44.879242299192	0.150675	44.728567299192	33.722005807377	15.5393722720533	49.2613780794303	0.885675	48.3757030794303	49.4704363501381	50.8464929327318	512.041052639259
7	343123	343312	189	343217.5	50.1916644461766	40.841301474811	91.0329659209876	0.231525	90.8014409209876	52.4544312855549	42.9196710165132	95.374102302068	0.966525	94.407577302068	100.427694755689	99.2294459101525	1039.4713758512
7	345721	345955	234	345838	59.951021423776	53.3276184890837	113.27863991286	0.28665	112.99198991286	65.7310367182299	56.3470742392616	122.078110957492	1.02165	121.056460957492	124.970759909865	127.239421749177	1293.50303281077
7	346937	347187	250	347062	96.2053901196282	67.1851154088521	163.39050552848	0.30625	163.08425552848	98.157061518079	69.3999829501898	167.557044468269	1.04125	166.515794468269	180.373523454597	175.020591488192	1866.94631444637
7	352333	353000	667	352666.5	246.576986438921	202.303335264852	448.880321703773	0.817075	448.063246703773	250.04863556225	204.827998266168	454.876633828418	1.552075	453.324558828418	495.564371168572	476.478118340856	5129.31198883512
7	355564	355748	184	355656	124.840670472458	90.8848680913465	215.725538563805	0.2254	215.500138563805	130.252591161302	93.4881299408044	223.740721102106	0.9604	222.780321102106	238.346241160718	234.158829771851	2466.98976642854
7	357047	357312	265	357179.5	89.240892183649	74.4768085498183	163.717700733467	0.324625	163.393075733467	95.6313985314175	77.6107626220347	173.242161153452	1.059625	172.182536153452	180.715083026409	180.976762100828	1870.48160816101
7	357670	357776	106	357723	19.5216139127002	6.30460760660598	25.8262215193062	0.12985	25.6963715193062	30.8812474384069	9.31316351651997	40.1944109549268	0.86485	39.3295609549268	28.4205551045742	41.3383189461581	294.165405159148
7	358344	358570	226	358457	132.961451463225	26.4067130122614	159.368164475486	0.27685	159.091314475486	144.227886354748	28.521282023464	172.749168378212	1.01185	171.737318378212	175.957273434992	180.508804820184	1821.23615954189
7	364127	364214	87	364170.5	8.05068201806008	12.3854184929305	20.4361005109906	0.106575	20.3295255109906	9.46546128461141	18.8069243864038	28.2723856710152	0.841575	27.4308106710152	22.4847465176497	28.8318397901681	232.727142201408
7	368279	368684	405	368481.5	90.8521685705547	76.2849820512164	167.137150621771	0.496125	166.641025621771	94.7024121456201	81.2918086766729	175.994220822293	1.231125	174.763095822293	184.307362142862	183.689123898418	1907.6632971832
7	371185	371607	422	371396	561.771567293858	288.143977278827	849.915544572685	0.51695	849.398594572685	600.264203188128	297.456740801209	897.720943989337	1.25195	896.468993989337	939.447016660063	942.256163025647	9723.6950954868
7	374926	375044	118	374985	15.9911656510665	20.3200022123995	36.311167863466	0.14455	36.166617863466	24.8222362326102	26.5729105766527	51.3951468092629	0.87955	50.5155968092629	40.0007975897472	53.0956817710227	414.026073255101
7	375919	375983	64	375951	8.02528239028909	7.02669702445777	15.0519794147468	0.0784	14.9735794147468	14.6362855066995	11.4232325936686	26.0595181003682	0.8134	25.2461181003682	16.560993389662	26.5355640095102	171.413658613721
7	377242	377415	173	377328.5	40.2274104713222	14.0614939302126	54.2889044015348	0.211925	54.0769794015348	41.6580895048641	14.9505809007319	56.608670405596	0.946925	55.661745405596	59.8099140890588	58.5046699939866	619.059252917623
7	381347	381437	90	381392	8.84537037198172	18.1367342079738	26.9821045799555	0.11025	26.8718545799555	11.3855331461503	27.9231907884313	39.3087239345816	0.84525	38.4634739345816	29.7206562131909	40.4279965165944	307.622030758363
7	381980	382099	119	382039.5	4.03924080532992	5.48921955603632	9.52846036136624	0.145775	9.38268536136624	5.51221921897856	10.9955388614775	16.5077580804561	0.880775	15.6269830804561	10.3773844545033	16.4251315056998	107.410551670045
7	383038	383457	419	383247.5	65.0681464328207	142.979804645261	208.047951078081	0.513275	207.534676078081	74.250411867639	159.186667135312	233.437079002951	1.248275	232.188804002951	229.536325514113	244.047851096049	2375.80321514318
7	383727	384226	499	383976.5	106.676136671885	141.920120174831	248.596256846715	0.611275	247.984981846715	132.464158751	167.390546908274	299.854705659274	1.346275	298.508430659274	274.274943308092	313.754753805975	2838.86783795584
7	384559	385220	661	384889.5	410.322286767919	66.3928270197592	476.715113787678	0.809725	475.905388787678	454.536638811011	77.0512708213311	531.587909632342	1.544725	530.043184632342	526.358179264415	557.115149255799	5448.04161961031
7	391995	392185	190	392090	52.3668325693053	24.8968351393707	77.263667708676	0.23275	77.030917708676	54.3550034328601	26.0851177252082	80.4401211580683	0.96775	79.4723711580683	85.1972987645554	83.5314238596436	881.829993021733
7	393679	393922	243	393800.5	157.453192539208	79.0367417244536	236.489934263662	0.297675	236.192259263662	161.955926552092	79.9993276178536	241.955254169945	1.032675	240.922579169945	261.232023152894	253.227703977473	2703.867804431
7	395814	395946	132	395880	7.50908995503761	15.4812731234905	22.9903630785281	0.1617	22.8286630785281	8.61887369126793	18.663226492282	27.28210018355	0.8967	26.38540018355	25.2488284775773	27.7330349443672	261.336621736321
7	397582	398546	964	398064	1854.25812603259	1796.06347886932	3650.32160490191	1.1809	3649.14070490191	1863.30419346337	1801.27560248617	3664.57979594954	1.9159	3662.66389594954	4036.00190828846	3849.73451640764	41774.4175722904
7	401371	401503	132	401437	2.91865722737019	23.2289595819202	26.1476168092904	0.1617	25.9859168092904	7.35859216056773	31.0965442832531	38.4551364438209	0.8967	37.5584364438209	28.7407963442014	39.4767342206798	297.480044639517
7	404328	404819	491	404573.5	51.1700501080326	101.600911048809	152.770961156841	0.601475	152.169486156841	53.2785192086288	107.339026957294	160.617546165922	1.336475	159.281071165922	168.301632131446	167.416354570766	1741.99686187426
7	405529	405703	174	405616	39.5009211179511	0.115798302987449	39.6167194209385	0.21315	39.4035694209385	45.5751321009965	0.862487360333982	46.4376194613305	0.94815	45.4894694613305	43.5809123947057	47.8128448837523	451.081856234773
7	409803	409921	118	409862	16.7549544578179	32.1945281924087	48.9494826502266	0.14455	48.8049326502266	18.8586236287566	36.3391674531348	55.1977910818914	0.87955	54.3182410818914	53.9789548387665	57.0925461642166	558.706227298759
7	411343	411486	143	411414.5	20.875694068791	35.5385791856758	56.4142732544668	0.175175	56.2390982544668	24.2311448949946	38.5312353285993	62.762380223594	0.910175	61.852205223594	62.2012485214795	65.0113076519317	643.81062950389
7	413263	413636	373	413449.5	355.922483991589	200.594260311174	556.516744302763	0.456925	556.059819302763	379.703835478261	220.852963421906	600.556798900167	1.191925	599.364873900167	615.010127949785	629.977444975905	6365.62877817297
7	417250	417487	237	417368.5	72.6316355906435	119.160353716932	191.791989307576	0.290325	191.501664307576	74.6461060687801	120.675431513619	195.321537582399	1.025325	194.296212582399	211.803584758338	204.219894927547	2192.26144933984
7	418667	418780	113	418723.5	16.0614646208421	14.0193945471748	30.0808591680169	0.138425	29.9424341680169	18.1231344072775	15.7130697265344	33.836204133812	0.873425	32.962779133812	33.1167612360309	34.6463536358035	342.773230526659
7	420641	420951	310	420796	204.135708411606	157.719888630804	361.85559704241	0.37975	361.47584704241	216.469827656322	165.168079478312	381.637907134634	1.11475	380.523157134634	399.797466429175	399.958383823758	4138.08186578351
7	421906	422017	111	421961.5	11.8846258319969	12.9754098466662	24.8600356786631	0.135975	24.7240606786631	17.2951465413569	19.2822174210319	36.5773639623888	0.870975	35.7063889623888	27.3451653825463	37.5300933827969	283.03464250795
7	423159	423398	239	423278.5	76.0424856049776	27.0666033416346	103.109088946612	0.292775	102.816313946612	88.3027059326747	30.3175556992529	118.620261631928	1.027775	117.592486631928	113.716316483573	123.598524876325	1177.01453010016
7	426950	427194	244	427072	69.197385919229	95.9360940661349	165.133479985364	0.2989	164.834579985364	70.8331619470949	100.733523760282	171.566685707377	1.0339	170.532785707377	182.309407384372	179.242750622806	1886.98357545158
7	428056	428608	552	428332	842.193457739095	649.236685501297	1491.43014324039	0.6762	1490.75394324039	846.290797692988	658.641147679844	1504.93194537283	1.4112	1503.52074537283	1648.79522229015	1580.3130928824	17065.7650001842
7	433150	434081	931	433615.5	460.350453610137	555.748655559027	1016.09910916916	1.140475	1014.95863416916	464.153897871041	570.1546444407	1034.30854231174	1.875475	1032.43306731174	1122.55879276946	1085.16460369351	11618.9835446545
7	435417	435553	136	435485	13.4936022526083	18.8475237914236	32.3411260440319	0.1666	32.1745260440319	17.3327459903408	22.6182685315365	39.9510145218772	0.9016	39.0494145218772	35.5854868346274	41.0438640293003	368.325640156441
7	438552	438919	367	438735.5	94.867209730528	67.2913138525245	162.158523583052	0.449575	161.708948583052	100.05863365073	75.3339959878221	175.392629638552	1.184575	174.208054638552	178.852414266132	183.105733976825	1851.20215677353
7	439850	439942	92	439896	16.8909524647807	13.6264003064661	30.5173527712468	0.1127	30.4046527712468	21.9605781699229	17.8877378569905	39.8483160269134	0.8477	39.0006160269134	33.62798163435	40.9925731503806	348.064589370419
7	443160	443638	478	443399	262.235056971463	371.673953155383	633.909010126847	0.58555	633.323460126846	264.481124055575	376.092488402191	640.573612457766	1.32055	639.253062457766	700.464821814679	671.902923438993	7250.12292513886
7	446174	446347	173	446260.5	25.5024262644933	57.8847517047522	83.3871779692455	0.211925	83.1752529692455	27.3431992881487	62.5347835590003	89.877982847149	0.946925	88.931057847149	91.9930216051437	93.4732131314106	952.168751550387
7	448446	448778	332	448612	37.0296573340747	187.105857982362	224.135515316436	0.4067	223.728815316436	39.5543203353909	199.046682990765	238.601003326156	1.1417	237.459303326156	247.447275558131	249.587541261364	2561.18952646247
7	449882	450166	284	450024	48.3049920951713	211.216004650573	259.520996745744	0.3479	259.173096745744	52.6497284234948	227.484166242292	280.133894665787	1.0829	279.050994665787	286.649158701315	293.3035289399	2966.94647932228
7	451736	452718	982	452227	672.740641053178	693.335039244332	1366.07568029751	1.20295	1364.87273029751	675.890994885058	696.249196537649	1372.14019142271	1.93795	1370.20224142271	1509.56879701895	1440.18534408727	15624.7094807524
7	454598	454767	169	454682.5	81.4755059846072	12.3561189223128	93.83162490692	0.207025	93.62459990692	85.6840443088989	14.0761937147887	99.7602380236876	0.942025	98.8182130236876	103.550149047276	103.865354925882	1071.79016865436
7	457834	458321	487	458077.5	123.732186717177	142.096117595606	265.828304312783	0.596575	265.231729312783	135.827209465828	156.237910349047	292.065119814875	1.331575	290.733544814875	293.350093134821	305.582765535522	3036.3041356145
7	459602	459932	330	459767	121.592118079669	123.046796761498	244.638914841167	0.40425	244.234664841167	142.586310411879	142.826006899151	285.412317311031	1.13925	284.273067311031	270.12703896153	298.792319033857	2795.93518030091
7	461358	461651	293	461504.5	182.655423203038	118.657661083842	301.313084286881	0.358925	300.954159286881	199.31557905012	123.969983232293	323.285562282413	1.093925	322.191637282413	332.859612554143	338.647580608112	3445.24526096773
7	464981	465162	181	465071.5	8.43917632471487	8.23407933039081	16.6732556551057	0.221725	16.4515306551057	12.4993168237619	13.5993007036081	26.09861752737	0.956725	25.14189252737	18.1956286391148	26.4260151136076	188.332861587532
7	465499	465813	314	465656	114.107327768522	78.3262521366074	192.43357990513	0.38465	192.04892990513	120.108239825756	84.0389684173216	204.147208243078	1.11965	203.027558243078	212.408868351021	213.39719421558	2198.52640414535
7	472166	472866	700	472516	847.999672649596	614.296397547723	1462.29607019732	0.8575	1461.43857019732	891.345837415886	623.701159721873	1515.04699713776	1.5925	1513.45449713776	1616.37199964349	1590.7542111868	16730.1702029917
7	475230	475499	269	475364.5	156.738503012912	152.148270282314	308.886773295226	0.329525	308.557248295226	161.114638881078	158.458877800991	319.57351668207	1.064525	318.50899168207	341.268737942305	334.776843821421	3532.28345454773
7	478734	479194	460	478964	258.345513972327	291.100633949319	549.446147921646	0.5635	548.882647921646	262.711849984109	296.276458098134	558.988308082243	1.2985	557.689808082243	607.072073560326	586.173824466186	6283.46637926631
7	482764	484597	1833	483680.5	801.671251587974	947.783710324502	1749.45496191248	2.245425	1747.20953691248	806.998973510742	951.228759837646	1758.22773334839	2.980425	1755.24730834839	1932.4387836528	1844.89659432116	20001.6022082196
7	484969	485508	539	485238.5	278.328321126286	347.351709595431	625.680030721717	0.660275	625.019755721717	287.395388249324	350.875157959647	638.270546208971	1.395275	636.875271208971	691.28080575853	669.403686461934	7155.06426797314
7	492003	492143	140	492073	75.6724910272111	70.9063608743719	146.578851901583	0.1715	146.407351901583	80.3646222644971	78.2060538981006	158.570676162598	0.9065	157.664176162598	161.928629079304	165.716876627789	1676.03344145493
7	494285	494418	133	494351.5	52.2378344597597	48.1702940691574	100.408128528917	0.162925	100.245203528917	60.0320202367465	57.8195526602376	117.851572896984	0.897925	116.953647896984	110.872631520069	122.927057442185	1147.58112401939
7	499939	500089	150	500014	28.6715798208648	27.439397878368	56.1109776992328	0.18375	55.9272276992328	30.3338554603816	28.6807796860417	59.0146351464233	0.91875	58.0958851464233	61.8563152185865	61.0631334632624	640.240416169736
7	516407	516525	118	516466	73.9109168429046	12.310619589101	86.2215364320056	0.14455	86.0769864320056	95.27550374702	14.6614851374014	109.936988884421	0.87955	109.057438884421	95.2023803939984	114.627549420701	985.387044611545
7	523470	523579	109	523524.5	14.6778848970646	6.18830931094587	20.8661942080105	0.133525	20.7326692080105	22.3090730627651	10.0320529812667	32.3411260440319	0.868525	31.4726010440319	22.9306292232141	33.080064674874	237.342226820733
7	524802	524925	123	524863.5	31.3181410357749	8.12088098930118	39.4390220250761	0.150675	39.2883470250761	37.3451527105215	10.8397411446775	48.184893855199	0.885675	47.299218855199	43.4534747738561	49.7150272585336	449.762820092381
7	527450	527547	97	527498.5	13.6046006259383	18.0656352499219	31.6702358758602	0.118825	31.5514108758602	18.2700322545043	25.1444315108706	43.4144637653749	0.853825	42.5606387653749	34.8963125299901	44.7344241104448	361.192379113406
7	528664	528984	320	528824	76.2179830330803	74.1102139222259	150.328196955306	0.392	149.936196955306	94.64481298973	86.5478316501818	181.192644639912	1.127	180.065644639912	165.831582273668	189.262500486616	1716.43074557206
7	532655	532850	195	532752.5	16.7635543317876	15.6245710234741	32.3881253552617	0.238875	32.1492503552617	17.6682410736939	16.1348635451882	33.8031046188821	0.973875	32.8292296188821	35.5575315606713	34.5059830771388	368.036290618426
7	544992	545139	147	545065.5	20.6478974071283	1.26768142225552	21.9155788293838	0.180075	21.7355038293838	24.2819441505366	1.55717717972415	25.8391213302608	0.915075	24.9240463302608	24.0397786841059	26.1970424182951	248.822417807319
7	546216	546332	116	546274	19.0520207945404	30.7558492761044	49.8078700706448	0.1421	49.6657700706448	21.5766837958566	35.1839843822272	56.7606681780838	0.8771	55.8835681780838	54.9310533607191	58.7378223683325	568.560871109587
7	547225	548215	990	547720	378.910347106754	95.7388969560389	474.649244062792	1.21275	473.436494062792	388.625904726228	102.466798359317	491.092703085545	1.94775	489.144953085545	523.627546321811	514.128039840748	5419.77835230443
7	557661	557931	270	557796	16.9636513993851	81.8086011031316	98.7722525025167	0.33075	98.4415025025167	18.278632128474	86.2533359659866	104.531968094461	1.06575	103.466218094461	108.877712339574	108.750756934289	1126.9328218722
7	559022	559169	147	559095.5	18.1300343061602	13.5542013645344	31.6842356706946	0.180075	31.5041606706946	22.0913762530901	18.2257329037068	40.317109156797	0.915075	39.402034156797	34.8440531260271	41.4144937180399	360.651471003638
7	560099	560285	186	560192	58.0287495944775	41.1824964746324	99.2112460691098	0.22785	98.9833960691098	69.7410779514766	56.4351729481839	126.176250899661	0.96285	125.21340089966	109.477054389038	131.608677469228	1133.13627905876
7	576584	576851	267	576717.5	213.402372609569	75.8164889169364	289.218861526506	0.327075	288.891786526506	217.726709236848	77.1530693294842	294.879778566333	1.062075	293.817703566333	319.518455439	308.824447747395	3307.15834205895
7	581631	582024	393	581827.5	127.505431420653	132.405559609764	259.910991030417	0.481425	259.429566030417	140.116646604555	141.710223250849	281.826869855405	1.216425	280.610444855405	286.932817405121	294.942628074338	2969.88247326135
7	582245	582432	187	582338.5	11.2119356902036	4.84252903322126	16.0544647234249	0.229075	15.8253897234249	25.990619110076	20.3084023823939	46.2990214924699	0.964075	45.3349464924699	17.5031077966802	47.6504296516425	181.164962387592
7	584163	584768	605	584465.5	185.575080415754	86.1447375574854	271.719817973239	0.741125	270.978692973239	186.800762453506	87.5753165924927	274.376079045999	1.476125	272.899954045999	299.706317291732	286.83832381638	3102.09388699411
7	589504	589742	238	589623	94.4864153110321	147.33284085195	241.819256162982	0.29155	241.527706162982	96.8592805369295	151.95157316489	248.81085370182	1.02655	247.78430370182	267.133103875351	260.439891205914	2764.9466185221
7	591034	591160	126	591097	26.4357125872756	22.7076672214076	49.1433798086832	0.15435	48.9890298086832	31.127743826027	27.3620990111752	58.4898428372021	0.88935	57.6004928372021	54.1825689339542	60.5424389834657	560.813723883066
7	592792	593235	443	593013.5	365.214447818788	87.8102131501072	453.024660968895	0.542675	452.481985968895	415.920104732457	127.284934652011	543.205039384467	1.277675	541.927364384467	500.451560112069	569.606313689845	5179.89657137981
7	596002	596448	446	596225	34.6861916773295	53.7403124410951	88.4265041184247	0.54635	87.8801541184247	36.8850594531422	59.174132809001	96.0591922621432	1.28135	94.7778422621432	97.1967096928318	99.6186221593284	1006.02924122078
7	598820	599367	547	599093.5	484.145404897505	302.073173147854	786.218578045359	0.670075	785.548503045359	488.300943998495	302.962260118374	791.263204116869	1.405075	789.858129116869	868.827900520609	830.200146425956	8992.75578643017
7	601390	601650	260	601520	56.8297671654451	74.1043140086885	130.934081174134	0.3185	130.615581174134	67.31681347883	77.8276594434335	145.144472922264	1.0535	144.090972922264	144.4627043739	151.450421802295	1495.25334062511
7	605597	606115	518	605856	99.3618438621142	120.50223405181	219.864077913924	0.63455	219.229527913924	100.124232689382	121.507119325317	221.631352014699	1.36955	220.261802014699	242.470999220503	231.511677279442	2509.6828497049
7	609153	610682	1529	609917.5	3075.52042855567	2885.16641817465	5960.68684673032	1.873025	5958.81382173032	3081.10014678545	2886.17610337782	5967.27625016327	2.608025	5964.66822516327	6590.53347088893	6269.313755686	68214.9571514507
7	616067	616362	295	616214.5	53.8431109345935	230.306224885305	284.149335819898	0.361375	283.787960819898	55.142391893761	236.644531998048	291.786923891809	1.096375	290.690548891809	313.873551074592	305.537573594958	3248.73106738642
7	617317	617449	132	617383	16.5279577844314	40.1705113051738	56.6984690896053	0.1617	56.5367690896053	28.1059881095548	57.7970529899681	85.9030410995229	0.8967	85.0063410995229	62.5304767304786	89.348041409493	647.218288120468
7	617860	618012	152	617936	41.2961948083946	30.7997486327637	72.0959434411584	0.1862	71.9097434411584	43.3166651986031	34.2243984448632	77.5410636434663	0.9212	76.6198636434663	79.5332066431926	80.5332244754686	823.204116517609
7	619971	620259	288	620115	134.813724318351	116.46719318493	251.280917503282	0.3528	250.928117503282	140.089247006094	121.543918786024	261.633165792118	1.0878	260.545365792118	277.53009351655	273.852724758393	2872.56009260751
7	621956	622072	116	622014	17.851338390421	26.3621136658604	44.2134520562814	0.1421	44.0713520562814	28.0769885345407	36.5036650424391	64.5806535769798	0.8771	63.7035535769798	48.7435468742184	66.9572136537917	504.517422773373
7	624899	626251	1352	625575	275.667960113611	1067.38055764466	1343.04851775828	1.6562	1341.39231775828	280.033196141513	1085.47849242124	1365.51168856275	2.3912	1363.12048856275	1483.59912429888	1432.74189058017	15355.9118000091
7	627098	627720	622	627409	412.896649040897	240.695172636314	653.591821677212	0.76195	652.829871677212	416.042402940189	242.178950891692	658.221353831881	1.49695	656.724403831881	722.039192497448	690.266613869407	7473.42727192584
7	634159	634265	106	634212	10.2587496590496	13.4092034894638	23.6679531485134	0.12985	23.5381031485134	13.0305090391931	16.5125580101136	29.5430670493067	0.86485	28.6782170493067	26.033479360573	30.142957470337	269.45810789504
7	635501	635686	185	635593.5	28.5235819897583	28.1425875731933	56.6661695629516	0.226625	56.4395445629516	35.0918857319237	29.6783650665277	64.7702507984515	0.961625	63.8086257984515	62.422945010866	67.0676524407528	646.105286922887
7	639566	639923	357	639744.5	13.0995080280198	25.9475197416929	39.0470277697127	0.437325	38.6097027697127	14.8774819719894	30.8652476728818	45.7427296448713	1.172325	44.5704046448713	42.7028845031065	46.8468388162417	441.993876442578
7	640406	640820	414	640613	431.752072716549	679.286645122143	1111.03871783869	0.50715	1110.53156783869	438.164378744845	683.846078304106	1122.01045704895	1.24215	1120.76830704895	1228.26382687593	1178.01156729494	12713.0777335567
7	641816	641936	120	641876	31.5590375054612	10.2023504855739	41.7613879910351	0.147	41.6143879910351	37.4233515645251	12.0587232806162	49.4820748451413	0.882	48.6000748451413	46.0261094121305	51.0823244901728	476.390734568712
7	643798	644006	208	643902	118.023770373447	132.718455024313	250.742225397761	0.2548	250.487425397761	120.348236308632	134.801824492742	255.150060801374	0.9898	254.160260801374	277.042681733151	267.141500422209	2867.51516353363
7	648187	648250	63	648218.5	5.96891252618381	11.618229736005	17.5871422621888	0.077175	17.5099672621888	14.4733878939477	18.5667279064592	33.0401158004069	0.812175	32.2279408004069	19.3662746929246	33.8739834220862	200.449569704239
7	650745	651549	804	651147	447.701138984578	624.138553311914	1071.83969229649	0.9849	1070.85479229649	451.7814791876	633.700913176487	1085.48239236409	1.7199	1083.76249236409	1184.38074459633	1139.1156799989	12258.8682844129
7	653258	653417	159	653337.5	40.104512272383	30.0542595578316	70.1587718302146	0.194775	69.9639968302146	42.1721819708904	31.6586360458546	73.8308180167449	0.929775	72.9010430167449	77.3811830108164	76.6244650223148	800.929713311878
7	656510	656613	103	656561.5	6.44920548753849	8.01098259985108	14.4601880873896	0.126175	14.3340130873896	10.2620496106891	10.2256501441197	20.4876997548088	0.861175	19.6265247548088	15.8536238672362	20.6289498387426	164.092068961584
7	661786	662013	227	661899.5	99.4026432642031	26.6450095200499	126.047652784253	0.278075	125.769577784253	106.988232098157	30.273156349921	137.261388448078	1.013075	136.248313448078	139.102955186137	143.207198362768	1439.77754905213
7	666178	666273	95	666225.5	8.72137218916269	9.27376409391457	17.9951362830773	0.116375	17.8787612830773	11.4934315649097	11.0566379660763	22.550069530986	0.851375	21.698694530986	19.7741661644898	22.8069557212992	204.671428128624
7	667839	668046	207	667942.5	65.612338457741	20.6738970261064	86.2862354838475	0.253575	86.0326604838475	68.3322985969972	21.3578870023017	89.6901855992989	0.988575	88.7016105992989	95.1533552601875	93.2320468614942	984.879612638544
7	670145	670301	156	670223	29.2738709943479	25.2304302505677	54.5043012449156	0.1911	54.3132012449156	31.7200351460569	26.1037174526311	57.823752598688	0.9261	56.897652598688	60.0711788326691	59.8037011678773	621.763459393364
7	671945	672214	269	672079.5	68.0551026592759	47.4098052140455	115.464907873321	0.329525	115.135382873321	69.4701819214309	48.5932878702255	118.063469791656	1.064525	116.998944791656	127.34138323689	122.974667876519	1318.0400402305
7	676456	676551	95	676503.5	9.32416335531843	20.0161066659584	29.3402700212768	0.116375	29.2238950212768	13.989694982419	30.2887561213079	44.2784511037269	0.851375	43.4270761037269	32.3220466437634	45.6451147505132	334.547580494135
7	677039	678575	1536	677807	612.078530050349	389.088397948436	1001.16692799879	1.8816	999.285327998785	618.395437476702	396.672286807303	1015.06772428401	2.6166	1012.45112428401	1105.22389156166	1064.16208258754	11439.5595953888
7	687698	687808	110	687753	16.4700586329377	16.829853360182	33.2999119931197	0.13475	33.1651619931197	18.9005230147252	20.3543017097438	39.2548247244691	0.86975	38.3850747244691	36.6811443891762	40.3455930654989	379.666183902459
7	693169	693289	120	693229	21.9188787810233	10.1602511025361	32.0791298835594	0.147	31.9321298835594	24.7751369228459	12.1746215821382	36.949758504984	0.882	36.067758504984	35.3173932078416	37.9099198808945	365.550751697935
7	695125	695351	226	695238	80.28502343101	48.6008877588499	128.88591118986	0.27685	128.60906118986	83.1837809500084	51.3149479845687	134.498728934577	1.01185	133.486878934577	142.243464519797	140.304723534766	1472.2832195833
7	699856	700077	221	699966.5	25.4266273753184	137.053091500649	162.479718875968	0.270725	162.208993875968	26.2578151943441	139.073461892323	165.331277086667	1.005725	164.325552086667	179.405471525263	172.718482439891	1856.92654576276
7	701600	701717	117	701658.5	15.3725747164548	9.0832668856321	24.4558416020869	0.143325	24.3125166020869	22.2417740490255	14.2057918155415	36.447565864567	0.878325	35.569240864567	26.8899917368232	37.3859404435582	278.323392519369
7	702657	703221	564	702939	258.938805277702	326.900409307191	585.839214584893	0.6909	585.148314584893	266.008501672008	330.940050106659	596.948551778668	1.4259	595.522651778668	647.182420541905	625.938981294539	6698.62633752523
7	706800	707024	224	706912	8.04358212210835	136.81919492838	144.862777050488	0.2744	144.588377050488	10.242449897921	147.69473554842	157.937185446341	1.0094	156.927785446341	159.916816829838	164.942874743239	1655.21028851893
7	712573	712701	128	712637	32.9317173889748	0	32.9317173889748	0.1568	32.7749173889748	35.5878784631999	0.278595917204693	35.8664743804045	0.8918	34.9746743804046	36.2495282651631	36.7610064661571	375.198764757184
7	713470	713646	176	713558	35.5693787343115	44.9805408146723	80.5499195489839	0.2156	80.3343195489839	42.5275767626152	51.6600429272368	94.1876196898521	0.9506	93.2370196898521	88.8509085344984	97.9991020480867	919.646481627043
7	726616	726845	229	726730.5	45.6536309506037	51.0360520717604	96.6896830223641	0.280525	96.4091580223641	53.9372095555876	61.4857989317651	115.423008487353	1.015525	114.407483487353	106.629910222989	120.25084764225	1103.66706869075
7	729844	729933	89	729888.5	2.47126378387637	11.3868331270992	13.8580969109756	0.109025	13.7490719109756	5.7687154600518	19.3869158866863	25.1556313467381	0.844025	24.3116063467381	15.2066705444794	25.5533220522515	157.395813888185
7	730938	731096	158	731017	23.1613605725769	19.9470076785971	43.1083682511741	0.19355	42.9148182511741	33.0951149943992	32.1375290277258	65.232644022125	0.92855	64.304094022125	47.4644039137557	67.5884267123338	491.277723343278
7	732434	732686	252	732560	4.90552810997609	5.63631740033212	10.5418455103082	0.3087	10.2331455103082	10.0801522763764	13.3717040390145	23.4518563153908	1.0437	22.4081563153908	11.3180055655069	23.5526532783467	117.146399164982
7	733038	733883	845	733460.5	1116.6703353079	1065.78438103647	2182.45471634437	1.035125	2181.41959134437	1121.59396315263	1070.23411582605	2191.82807897868	1.770125	2190.05795397868	2412.68132566579	2301.91520103404	24972.3264402447
7	738304	738452	148	738378	22.1025760889576	33.1429142939053	55.2454903828629	0.1813	55.0641903828629	23.3860572796691	34.8786888563026	58.2647461359718	0.9163	57.3484461359718	60.9017835801889	60.2775189927054	630.360588519879
7	739003	739368	365	739185.5	154.21284002625	21.1148905633903	175.327730589641	0.447125	174.880605589641	174.339945065539	30.7335496029039	205.073494668443	1.182125	203.891369668443	193.42045565256	214.305124824112	2001.98787440098
7	739579	739867	288	739723	117.45757867093	51.2083495467581	168.665928217688	0.3528	168.313128217688	134.308431723364	54.2913043663636	188.599736089727	1.0878	187.511936089727	186.156731573564	197.089111398222	1926.80509458546
7	742002	742241	239	742121.5	18.5715278361167	20.0239065516518	38.5954343877685	0.292775	38.3026593877685	30.8099484832859	28.8959765323535	59.7059250156394	1.027775	58.6781500156394	42.3632901230407	61.6751375205257	438.478923337889
7	745585	745670	85	745627.5	9.38786242181498	4.59633264120477	13.9841950630197	0.104125	13.8800700630197	15.4211740042371	7.38399178833873	22.8051657925758	0.839125	21.9660407925758	15.3515563777175	23.0879566977232	158.895446801036
7	746522	746739	217	746630.5	57.6904545521575	26.1086173808231	83.7990719329806	0.265825	83.5332469329806	61.3309012017759	29.0011749906806	90.3320761924565	1.000825	89.3312511924565	92.388968058743	93.8938463586008	956.266973717963
7	754103	754527	424	754315	70.4606674059651	62.4477848339579	132.908452239923	0.5194	132.389052239923	76.4202800684375	69.0072887050846	145.427568773522	1.2544	144.173168773522	146.424188784793	151.536815808048	1515.55557801353
7	756548	756890	342	756719	27.3831987019613	45.4837334404347	72.866932142396	0.41895	72.447982142396	27.6883942293514	46.7721145593383	74.4605087886896	1.15395	73.3065587886896	80.128506359203	77.050692519173	829.365733752283
7	761208	761296	88	761252	14.7406839767504	4.92822777731474	19.6689117540651	0.1078	19.5611117540651	21.1632898541035	6.08011089658281	27.2434007506863	0.8428	26.4006007506863	21.6348698918621	27.7490118807272	223.930540550236
7	762196	762388	192	762292	73.9242166479973	18.8005244801938	92.7247411281911	0.2352	92.4895411281911	75.3127962985014	19.8523090663958	95.1651053648972	0.9702	94.1949053648972	102.294757773704	99.0059117501923	1058.79630976368
7	765725	766957	1232	766341	481.460744240938	1456.85025000527	1938.31099424621	1.5092	1936.80179424621	484.889793988557	1460.72089328138	1945.61068726994	2.2442	1943.36648726994	2142.1305369381	2042.62396348912	22172.0052611063
7	767225	767452	227	767338.5	68.3788979140889	38.7402322657701	107.119130179859	0.278075	106.841055179859	72.0709438075255	40.7124033637999	112.783347171325	1.013075	111.770272171325	118.167737958204	117.478940713635	1223.08872523114
7	772040	772255	215	772147.5	42.7432736015996	39.1658260287361	81.9090996303357	0.263375	81.6457246303357	46.9566118555489	40.259909995045	87.2165218505938	0.998375	86.2181468505938	90.3013413456436	90.6217401598037	934.659107312105
7	774440	774858	418	774649	102.582996656442	119.073054996286	221.656051652728	0.51205	221.144001652728	107.684221898496	134.935522533411	242.619744431907	1.24705	241.372694431907	244.588434608183	253.700808884056	2531.59924917082
7	784042	784133	91	784087.5	1.98777086941668	6.1004105990927	8.08818146850938	0.111475	7.97670646850938	4.77513002094705	8.56217452218858	13.3373045431356	0.846475	12.4908295431356	8.82235165268209	13.1287988733968	91.3152694878227
7	785195	785888	693	785541.5	461.781532637817	291.207832378337	752.989365016153	0.848925	752.140440016153	464.852487633278	292.959306710656	757.811794343934	1.583925	756.227869343934	831.878104104983	794.852220566092	8610.30893438395
7	787020	787203	183	787111.5	32.7990193336515	36.0506716810115	68.8496910146631	0.224175	68.625516014663	33.119914630963	36.7660611970497	69.8859758280127	0.959175	68.9268008280127	75.9008040496772	72.4472383465487	785.60713163498
7	788383	788905	522	788644	167.390646906808	138.166175188519	305.556822095327	0.63945	304.917372095327	176.499613415815	148.458224359568	324.957837775383	1.37445	323.583387775383	337.242982709302	340.110414781059	3490.61509462899
7	793007	793303	296	793155	104.92056239965	115.924901132166	220.845463531816	0.3626	220.482863531816	108.913203887888	120.127539542921	229.040743430809	1.0976	227.943143430809	243.857206372983	239.585343338348	2524.0307112137
7	794327	794414	87	794370.5	0.0735989214151664	13.6887993920138	13.7623983134289	0.106575	13.6558233134289	1.29928095916747	14.6779848955991	15.9772658547666	0.841575	15.1356908547666	15.1035362594304	15.9087465212705	156.328328097158
7	795652	795874	222	795763	115.172212162748	166.623858144021	281.796070306769	0.27195	281.524120306769	119.154953796067	170.984294242266	290.139248038334	1.00695	289.132298038333	311.36971102842	303.899735052776	3222.81520758264
7	798037	798498	461	798267.5	309.37236617891	114.586320748928	423.958686927838	0.564725	423.393961927838	314.737687550662	117.27398136153	432.011668912193	1.299725	430.711943912193	468.279788719329	452.710563735178	4846.90440667329
7	800150	800396	246	800273	103.522082894227	82.0168980505606	185.538980944788	0.30135	185.237630944788	105.353156060033	82.9794839439606	188.332640003994	1.03635	187.296290003994	204.875474101538	196.862451185011	2120.55241794175
7	801853	802343	490	802098	742.650816526548	579.323210076288	1321.97402660284	0.60025	1321.37377660284	757.41980008857	584.361136245984	1341.78093633455	1.33525	1340.44568633455	1461.45833093458	1408.90897244451	15126.7447261574
7	807914	808029	115	807971.5	27.6190952449211	31.8969325536431	59.5160277985641	0.140875	59.3751527985641	34.5181941393167	37.1029562598862	71.6211503992029	0.875875	70.7452753992029	65.6697697838883	74.3585915372311	679.711369609257
7	809555	810139	584	809847	366.968522113005	390.585576007442	757.554098120446	0.7154	756.838698120446	369.519884723041	394.424919742243	763.944804465284	1.4504	762.494404465284	837.074444889839	801.438819074795	8664.09337619719
7	810857	811086	229	810971.5	44.8828422464351	28.3950838728853	73.2779261193204	0.280525	72.9974011193204	46.4715189645367	31.2186424939161	77.6901614584527	1.015525	76.6746364584527	80.7361716203254	80.5907948129072	835.655339887049
7	823714	823886	172	823800	50.6049583893952	15.7525691476744	66.3575275370696	0.2107	66.1468275370696	60.393914933216	19.5339137324476	79.9278286656636	0.9457	78.9821286656636	73.1593390762435	83.0161422236443	757.231747984928
7	832224	832372	148	832298	20.8109950169491	8.90346952054451	29.7144645374936	0.1813	29.5331645374936	24.9664341194046	10.2182502525644	35.1846843719689	0.9163	34.2683843719689	32.664103160233	36.0186426835902	338.088017807354
7	834548	834668	120	834608	7.30909288597465	21.3326873715998	28.6417802575745	0.147	28.4947802575745	10.444146942071	31.7610345452148	42.2051814872858	0.882	41.3231814872858	31.5156352675972	43.4337636809394	326.200863537974
7	836768	837031	263	836899.5	97.0977770417871	110.730777251532	207.828554293319	0.322175	207.506379293319	99.6333398833672	115.316710045146	214.950049928513	1.057175	213.892874928513	229.505028864701	224.817457134566	2375.47928088079
7	840457	840594	137	840525.5	29.7974633211547	7.29329311751868	37.0907564386734	0.167825	36.9229314386734	31.8963325624359	8.37657724209816	40.272909804534	0.902825	39.370084804534	40.8372912411707	41.3809125520696	422.684155160209
7	843636	843777	141	843706.5	18.5218285644545	17.584542300291	36.1063708647456	0.172725	35.9336458647456	20.3735014283739	19.6520120017293	40.0255134301032	0.907725	39.1177884301032	39.7431272208983	41.1157301360458	411.359070159242
7	846350	846458	108	846404	15.0023801416192	9.68615805032237	24.6885381919416	0.1323	24.5562381919416	18.4003303449988	12.0590232762198	30.4593536212186	0.8673	29.5920536212186	27.1595513074979	31.1034682606215	281.113454150124
7	848150	849584	1434	848867	1620.54545106847	2343.12366175705	3963.66911282551	1.75665	3961.91246282551	1624.96368631967	2345.45882753542	3970.4225138551	2.49165	3967.9308638551	4381.93195426962	4170.5929998641	45354.9476414019
7	856380	856854	474	856617	62.8865784034821	166.112465638427	228.999044041909	0.58065	228.418394041909	81.8843999923064	193.598362835352	275.482762827659	1.31565	274.167112827659	252.634016825644	288.170202754254	2614.87460899516
7	866166	866308	142	866237	11.9793244441982	31.9040324495948	43.883356893793	0.17395	43.709406893793	14.8765819851786	35.3863814161189	50.2629634012976	0.90895	49.3540134012976	48.3432303381811	51.8747704708415	500.373968305928
7	867572	867691	119	867631.5	22.1072760200806	19.258717765417	41.3659937854976	0.145775	41.2202187854976	25.1682311620891	21.9412784527584	47.1095096148475	0.880775	46.2287346148475	45.5901526227415	48.5898680174935	471.878387603263
7	871543	871665	122	871604	17.8017391172934	20.2317035064083	38.0334426237016	0.14945	37.8839926237016	19.5954128311845	23.9820485454767	43.5774613766612	0.88445	42.6930113766612	41.9002386828918	44.8735576550923	433.686134667866
7	875173	875316	143	875244.5	25.0501328928074	25.6255244605015	50.675657353309	0.175175	50.500482353309	27.2224010584347	27.4503977171665	54.6727987756011	0.910175	53.7626237756011	55.8542571059676	56.5085506946065	578.116441110462
7	875824	875921	97	875872.5	3.71984548603638	5.36492137761369	9.08476686365008	0.118825	8.96594186365008	6.5544039458656	9.17286557257231	15.7272695184379	0.853825	14.8734445184379	9.91646017449686	15.6331059488766	102.639780055033
7	878492	878739	247	878615.5	14.5457868329485	63.1316748116187	77.6774616445672	0.302575	77.3748866445672	15.9449663281129	68.7706921723832	84.7156585004961	1.037575	83.6780835004961	85.5777333363942	87.9519430311217	885.76766030338
7	879436	879624	188	879530	34.408195751332	42.1858817701212	76.5940775214532	0.2303	76.3637775214532	37.7750464104723	45.3630352092552	83.1380816197275	0.9653	82.1727816197275	84.4594321580115	86.3697578313231	874.192744964166
7	879966	880128	162	880047	55.4933867499664	43.4403633858186	98.933750135785	0.19845	98.735300135785	59.9855209181894	48.6679867755205	108.65350769371	0.93345	107.72005769371	109.202656731806	113.221861463045	1130.29614107702
7	882266	882489	223	882377.5	29.390169290008	12.7331133974965	42.1232826875045	0.273175	41.8501076875045	34.5403938139826	15.7896686039856	50.3300624179682	1.008175	49.3218874179682	46.2868187740616	51.84100365237	479.08919259668
7	887895	888654	759	888274.5	123.621088345312	176.158918408666	299.780006753979	0.929775	298.850231753979	127.187736076446	179.951262832238	307.138998908684	1.664775	305.474223908684	330.532638555501	321.076325063461	3421.16004354018
7	894331	894648	317	894489.5	370.584969114336	135.221618340705	505.806587455041	0.388325	505.418262455041	379.842433447121	137.862179643543	517.704613090665	1.123325	516.581288090665	558.999840431535	542.965686120479	5785.89735279224
7	897326	897414	88	897370	2.42416447411204	2.70416037080018	5.12832484491222	0.1078	5.02052484491222	6.0016120469756	4.60273254741478	10.6043445943904	0.8428	9.76154459439039	5.55277241775199	10.2601156497147	57.4736679848193
7	902333	902522	189	902427.5	34.3544965382886	53.5046158952044	87.8591124334931	0.231525	87.6275874334931	38.7619319477634	65.7020371432158	104.463969090979	0.966525	103.497444090979	96.9173673202605	108.783577799108	1003.13792323268
7	904693	905868	1175	905280.5	585.007726770264	659.571334048056	1244.57906081832	1.439375	1243.13968581832	591.598030190027	662.73768764546	1254.33571783549	2.174375	1252.16134283549	1374.93030550784	1316.11550460745	14231.141119415
7	906201	906284	83	906242.5	8.76847149892702	2.68746061553342	11.4559321144604	0.101675	11.3542571144604	18.3461311392827	4.19163857195589	22.5377697112386	0.836675	21.7010947112386	12.5579710641473	22.8094784907988	129.980594413766
7	908830	909132	302	908981	351.505648719868	178.118789686949	529.624438406817	0.36995	529.254488406817	364.845753221971	181.978633121329	546.8243863433	1.10495	545.7194363433	585.363047884329	573.592065788136	6058.76829331787
7	910258	910409	151	910333.5	41.1626967647951	28.8303774937008	69.9930742584959	0.184975	69.8080992584959	46.6968156628361	32.1703285470521	78.8671442098882	0.919975	77.9471692098882	77.2087580626338	81.9283221961536	799.145038292158
7	911650	911855	205	911752.5	66.7371219741511	52.9004247495653	119.637546723716	0.251125	119.386421723716	70.045773486194	55.1992910599094	125.245064546103	0.986125	124.258939546103	132.043093118714	130.605466985889	1366.70483186593
7	913276	914002	726	913639	129.037108974072	223.602423128849	352.63953210292	0.88935	351.750182102921	134.912522870468	232.359394796305	367.271917666773	1.62435	365.647567666773	389.040741646701	384.323023372131	4026.74497274327
7	914822	915258	436	915040	350.298466411004	240.832470624226	591.13093703523	0.5341	590.59683703523	359.156436598337	247.996165640992	607.152602239329	1.2691	605.883502239329	653.208564444049	636.829012367784	6760.99961123501
7	916860	917064	204	916962	71.9068462123593	56.4476727650003	128.35451897736	0.2499	128.10461897736	75.8632882310972	58.5731416164668	134.436429847564	0.9849	133.451529847564	141.685544204602	140.267568992536	1466.50849579757
7	919723	920429	706	920076	136.782295469138	132.735954767856	269.518250236994	0.86485	268.653400236994	141.552425563358	137.396386469696	278.948812033054	1.59985	277.348962033054	297.134510206243	291.514564961652	3075.47453805773
7	921933	922056	123	921994.5	17.2878466483361	14.1485926537895	31.4364393021256	0.150675	31.2857643021256	19.5917128854068	15.7685689131994	35.3602817986062	0.885675	34.4746067986062	34.6025036129804	36.2353979241573	358.151325946305
7	924503	924712	209	924607.5	21.1731897090221	24.945434427153	46.1186241361751	0.256025	45.8625991361751	24.6711384469331	28.3758841542553	53.0470226011884	0.991025	52.0559976011884	50.7246918114239	54.7147585594594	525.023155366832
7	932067	932217	150	932142	39.8605158481262	4.85342887348519	44.7139447216114	0.18375	44.5301947216114	44.15185295901	5.78471522557683	49.9365681845868	0.91875	49.0178181845868	49.2510334368463	51.5214040777488	509.770134754506
7	936892	937084	192	936988	41.8228870897719	54.6880985513845	96.5109856411564	0.2352	96.2757856411564	43.0062697474174	55.6772840549698	98.6835538023872	0.9702	97.7133538023872	106.482398458276	102.704065001159	1102.14025621742
7	939180	939346	166	939263	17.3108463112784	40.9974991857491	58.3083454970275	0.20335	58.1049954970275	19.94640768739	46.4097198701962	66.3561275575862	0.93835	65.4177775575862	64.2649576082596	68.7589916532123	665.170937823328
7	939667	939843	176	939755	66.0707317400333	32.5169234677382	98.5876552077715	0.2156	98.3720552077716	71.1523572693193	36.7614612644613	107.913818533781	0.9506	106.963218533781	108.800902636473	112.426366730217	1126.13780723052
7	942472	942641	169	942556.5	18.8100243409743	43.705359502327	62.5153838433012	0.207025	62.3083588433012	25.85742106208	56.4079733467913	82.2653944088714	0.942025	81.3233694088714	68.9139376993813	85.4769618774253	713.289952636712
7	944850	945030	180	944940	28.5587814739133	32.339826063083	60.8986075369963	0.2205	60.6781075369963	30.0316598890274	34.4544950728201	64.4861549618475	0.9555	63.5306549618475	67.1108563946791	66.7754842389661	694.627257957422
7	947142	947270	128	947206	35.6008782726889	8.09798132489347	43.6988595975824	0.1568	43.5420595975824	42.3539793066686	11.3061343097323	53.6601136164009	0.8918	52.7683136164009	48.1581418306469	55.4634561272013	498.458219805985
7	951062	951546	484	951304	161.718930025252	333.821407880649	495.540337905901	0.5929	494.947437905901	165.794670295686	339.086830716404	504.88150101209	1.3279	503.55360101209	547.418958443369	529.272609703937	5666.03006555545
7	951813	951962	149	951887.5	24.9813339010498	18.9693220064829	43.9506559075327	0.182525	43.7681309075327	29.5310672251629	22.4614708293911	51.992538054554	0.917525	51.075013054554	48.4081799388357	53.6836702105074	501.046225604252
7	953584	953822	238	953703	46.4267196210666	34.533693912169	80.9604135332356	0.29155	80.6688635332356	51.8339403787871	40.2242105182172	92.0581508970043	1.02655	91.0316008970043	89.2209189747734	95.6810414530785	923.476254503615
7	958540	958748	208	958644	71.1249576708577	106.776235204951	177.901192875808	0.2548	177.646392875808	73.2441266146488	110.931874304475	184.176000919124	0.9898	183.186200919124	196.479456022126	192.542439230589	2033.64989084592
7	959111	959729	618	959420	215.543941225095	216.714524070321	432.258465295416	0.75705	431.501415295416	220.719865372445	221.507053836276	442.226919208721	1.49205	440.734869208721	477.246748315858	463.245410110815	4939.71643279498
7	962189	962293	104	962241	8.67187291456961	12.2862199466753	20.9580928612449	0.1274	20.8306928612449	14.4310885138409	17.6562412495501	32.087329763391	0.8624	31.224929763391	23.0390447882758	32.8197435793837	238.464376212417
7	968656	969113	457	968884.5	523.785323978455	322.91896765482	846.704291633275	0.559825	846.144466633275	534.063273356134	353.170124327144	887.233397683279	1.294825	885.938572683279	935.847904530561	931.187900273207	9686.44268173583
7	969468	969641	173	969554.5	70.2238708761946	110.88077505333	181.104645929524	0.211925	180.892720929524	81.295408623916	139.343157939954	220.638566563871	0.946925	219.691641563871	200.069941366286	230.91239587394	2070.81301352584
7	970132	970430	298	970281	214.335958927955	78.9113435621511	293.247302490106	0.36505	292.882252490106	217.364814540379	80.7099172042342	298.074731744613	1.10005	296.974681744613	323.931967974271	312.142668639547	3352.84016278117
7	974106	974313	207	974209.5	26.6390096079781	19.0611206611828	45.7001302691609	0.253575	45.4465552691609	37.1588554406893	26.8444065979057	64.0032620385951	0.988575	63.0146870385951	50.2645413329988	66.2331632453033	520.260392942874
7	976954	977233	279	977093.5	85.866941628557	78.2496532591563	164.116594887713	0.341775	163.774819887713	94.0147222236471	88.1324084283676	182.147130652015	1.076775	181.070355652015	181.13729753103	190.318527130662	1874.85171635767
7	979469	979625	156	979547	22.1772749942527	21.773180916211	43.9504559104636	0.1911	43.7593559104636	24.5811397658548	23.2725589429759	47.8536987088307	0.9261	46.9275987088307	48.3984746663401	49.3244266069018	500.945771710746
7	984316	984773	457	984544.5	46.0894245640919	43.4789628201477	89.5683873842396	0.559825	89.0085623842396	48.7141860984741	46.0411252719132	94.7553113703873	1.294825	93.4604863703873	98.4447454038253	98.2339822931113	1018.94696676226
7	986763	987103	340	986933	31.9903311848955	54.5459006352807	86.5362318201762	0.4165	86.1197318201762	61.8434936897842	86.6006308764144	148.444124566199	1.1515	147.292624566199	95.2496574058153	154.815597858117	985.876382743212
7	987459	987803	344	987631	111.275169273522	51.0133524044218	162.288521677943	0.4214	161.867121677943	139.519455356333	77.4138655075423	216.933320863876	1.1564	215.776920863876	179.027355975549	226.797730747956	1853.01288139311
7	989735	989832	97	989783.5	26.6586093207462	10.9270398653235	37.5856491860697	0.118825	37.4668241860697	46.4560191916843	23.7110525168964	70.1670717085807	0.853825	69.3132467085807	41.4388444132495	72.8534219570054	428.910498450768
7	993759	994327	568	994043	104.38057031318	343.601064560758	447.981634873938	0.6958	447.285834873938	110.76007682215	355.093196144719	465.853272966869	1.4308	464.422472966869	494.704542545213	488.142858631706	5120.41237957601
7	1004135	1004382	247	1004258.5	73.3864245292871	54.4734016977454	127.859826227032	0.302575	127.557251227032	79.4413357951679	60.1330187566233	139.574354551791	1.037575	138.536779551791	141.080147629488	145.612547911449	1460.24237157357
7	1007505	1007584	79	1007544.5	9.02376775758588	10.0177531908287	19.0415209484146	0.096775	18.9447459484146	13.1056079386262	13.5992007050736	26.7048086436998	0.831775	25.8730336436998	20.9531604788851	27.1944992748249	216.874544461092
7	1010887	1011494	607	1011190.5	143.44519782497	116.57399161981	260.01918944478	0.743575	259.27561444478	153.773346466985	133.251947206039	287.025293673023	1.478575	285.546718673023	286.762544745428	300.131022160714	2968.12007538623
7	1011755	1012424	669	1012089.5	347.556506594151	305.231126868358	652.787633462509	0.819525	651.968108462509	364.349160499487	318.100138274283	682.44929877377	1.554525	680.89477377377	721.086070033751	715.671485865043	7463.56202986186
7	1016808	1016953	145	1016880.5	13.9880950058665	31.9536317227224	45.9417267285889	0.177625	45.7641017285889	20.157704590855	42.1888817261571	62.3465863170121	0.912625	61.4339613170121	50.6157522672607	64.5717019307445	523.895582558042
7	1017817	1017960	143	1017888.5	14.6624851227468	25.6739237512148	40.3364088739615	0.175175	40.1612338739615	18.339031243331	31.5699373457251	49.9089685890561	0.910175	48.9987935890561	44.4189001363501	51.5014078006795	459.755402639204
7	1021984	1022522	538	1022253	96.6851830883102	74.0188152616641	170.703998349974	0.65905	170.044948349974	101.289015619605	77.2068685410621	178.495884160667	1.39405	177.101834160667	188.072149455185	186.147313336996	1946.63052287575
7	1043122	1043205	83	1043163.5	14.1472926728406	9.2989637246165	23.4462563974571	0.101675	23.3445813974571	20.7532958625244	13.1760069069364	33.9293027694608	0.836675	33.0926277694608	25.8194415309247	34.7828342927151	267.242721015853
7	1046599	1046673	74	1046636	6.67930211549542	4.82812924424873	11.5074313597441	0.09065	11.4167813597441	8.13158083249605	5.94871282220845	14.0802936547045	0.82565	13.2546436547045	12.6271237753432	13.9316248036378	130.696355778453
7	1050166	1050580	414	1050373	160.566446914777	150.773490429575	311.339937344352	0.50715	310.832787344352	169.395417527095	159.398564029984	328.793981557079	1.24215	327.551831557079	343.785516736919	344.281546896052	3558.3332361614
7	1058853	1058956	103	1058904.5	21.1134905839068	19.173119019858	40.2866096037649	0.126175	40.1604346037649	24.1156465876108	21.9341785568066	46.0498251444174	0.861175	45.1886501444174	44.4180161320598	47.496661215138	459.746252801023
7	1065150	1065417	267	1065283.5	170.716398168256	145.64576557587	316.362163744126	0.327075	316.035088744126	176.065919771552	152.004572388192	328.070492159744	1.062075	327.008417159744	349.539336629031	343.710377599178	3617.88783506167
7	1076241	1076412	171	1076326.5	62.4888842316504	0.35229483715439	62.8411790688048	0.209475	62.6317040688048	72.8432324897121	0.410193988648115	73.2534264783602	0.944475	72.3089514783602	69.2715621520134	76.0021323985889	716.99152502389
7	1085917	1086026	109	1085971.5	9.3796625419834	30.6701505320109	40.0498130739943	0.133525	39.9162880739943	13.2866052861282	39.7241178470253	53.0107231331535	0.868525	52.1421981331535	44.1479865717493	54.8053617850531	456.951326568181
8	10675	10815	140	10745	28.5448816776135	28.2519859699708	56.7968676475842	0.1715	56.6253676475842	49.6074730074437	46.4521192488375	96.0595922562813	0.9065	95.1530922562813	62.6284680051353	100.013038053266	1562.48268549311
8	17483	17568	85	17525.5	7.39449163446453	9.88855508421408	17.2830467186786	0.104125	17.1789217186786	16.4348591487826	18.5993274287164	35.0341865774991	0.839125	34.1950615774991	19.0001335782389	35.9415749261521	474.023725690054
8	21148	21683	535	21415.5	163.138009228788	206.886868093636	370.024877322425	0.655375	369.369502322425	166.440860825828	211.263103960337	377.703964786166	1.390375	376.313589786166	408.527962277339	395.533812751741	10192.1360673518
8	25567	26144	577	25855.5	87.0631240986225	98.2356603662208	185.298784464843	0.706825	184.591959464843	88.5204027423497	99.4299428641302	187.95034560648	1.441825	186.50852060648	204.161352192869	196.03444645219	5093.50760140043
8	32847	33091	244	32969	98.8628511748022	197.023612638659	295.886463813461	0.2989	295.587563813461	100.54082658424	202.57803123921	303.11885782345	1.0339	302.08495782345	326.924081062403	317.513952155577	8156.24639084047
8	34225	34381	156	34303	22.1290757006085	21.3662868792024	43.4953625798109	0.1911	43.3042625798109	24.233844855427	23.8814500197381	48.1152948751651	0.9261	47.1891948751651	47.8951349215896	49.5993838018579	1194.90898337485
8	48045	48588	543	48316.5	155.102526987977	166.036366753649	321.138893741626	0.665175	320.473718741626	161.556732402242	169.013323126651	330.570055528893	1.400175	329.169880528893	354.448525007553	345.982237746478	8842.93837712049
8	50582	50930	348	50756	103.816378581353	54.7017983506153	158.518176931969	0.4263	158.091876931969	107.541223994116	59.4359289724044	166.977152966521	1.1613	165.815852966521	174.851881190885	174.284900462399	4362.28197158288
8	54406	54746	340	54576	38.9269295297404	52.5447299622368	91.4716594919772	0.4165	91.0551594919772	40.9786994612572	56.2428757662798	97.221575227537	1.1515	96.070075227537	100.708311130746	100.976855945294	2512.51543330329
8	65935	66140	205	66037.5	39.2042254659962	84.7765576080258	123.980783074022	0.251125	123.729658074022	42.6974742727842	91.5096589350991	134.207133207883	0.986125	133.221008207883	136.84677475654	140.025273456208	3414.11378776081
8	67523	67743	220	67633	52.8180259571113	187.694449356614	240.512475313725	0.2695	240.242975313725	56.3160746935569	201.125052532467	257.441127226024	1.0045	256.436627226024	265.712173147118	269.534132300515	6629.10467222475
8	69567	69662	95	69614.5	18.0251358434367	18.8509237415976	36.8760595850343	0.116375	36.7596845850343	26.1682165074039	29.2285716582052	55.396788165609	0.851375	54.545413165609	40.6567378818759	57.3313210659539	1014.32225651527
8	70082	70235	153	70158.5	48.8494841156952	20.767695651497	69.6171797671921	0.187425	69.4297547671921	54.520001014837	26.1119173324626	80.6319183472997	0.922425	79.7094933472997	76.7903036339401	83.780657068702	1915.79841665538
8	74558	74765	207	74661.5	16.6272563292212	51.7728412741883	68.4000976034095	0.253575	68.1465226034095	20.9985922677301	60.1363187082629	81.134910975993	0.988575	80.146335975993	75.3710304733172	84.2398114420473	1880.38976288987
8	75094	75258	164	75176	20.3650015529387	20.4021010092499	40.7671025621886	0.2009	40.5662025621886	26.9302053405337	26.961304884773	53.8915102253067	0.9359	52.9556102253067	44.86680130834	55.6603189135761	1119.35677864566
8	78388	78546	158	78467	18.5639279474923	43.8960567076785	62.4599846551708	0.19355	62.2664346551708	21.1352902644347	46.4737189322964	67.609009196731	0.92855	66.680459196731	68.8675689465758	70.0861647784411	1718.1385318607
8	81883	81977	94	81930	1.38847965196955	16.6160564933537	18.0045361453232	0.11515	17.8893861453232	3.46084928159986	20.8977937449224	24.3586430265223	0.85015	23.5084930265223	19.7859174143779	24.7091897056169	493.62780794873
8	98169	98357	188	98263	10.7798420224931	46.9135124871658	57.6933545096589	0.2303	57.4630545096589	13.9365957605828	56.9438654933455	70.8804612539283	0.9653	69.9151612539283	63.5549616778347	73.486079297941	1585.59725891192
8	98911	99018	107	98964.5	30.0504596135194	21.9350785436174	51.9855381571368	0.131075	51.8544631571368	42.862071860623	31.8181337084323	74.6802055690553	0.866075	73.8141305690553	57.3517792762403	77.5841885368089	1430.83752414318
8	113270	113446	176	113358	36.4158663291205	52.3080334310008	88.7238997601213	0.2156	88.5082997601213	38.8404307973707	57.7939530353976	96.6343838327682	0.9506	95.6837838327682	97.8914477732695	100.570834711002	2442.23908193069
8	116975	117149	174	117062	52.3573327085248	43.440063390215	95.7973960987398	0.21315	95.5842460987398	58.6319407547713	50.4538606037182	109.08580135849	0.94815	108.13765135849	105.717545815268	113.660783731319	2637.48803300821
8	117620	117702	82	117661	20.5502988374255	10.0321529798013	30.5824518172268	0.10045	30.4820018172268	31.9674315204878	15.2755761379592	47.243007658447	0.83545	46.407557658447	33.7135307875411	48.7778244510706	841.100058811158
8	121738	122803	1065	122270.5	573.367197361059	1399.44229131316	1972.80948867422	1.304625	1971.50486367422	575.17677084194	1409.25544750234	1984.43221834428	2.039625	1982.39259334428	2180.512628987	2083.64332859153	54400.3922946335
8	123727	123917	190	123822	30.7217497758292	24.8463358794323	55.5680856552614	0.23275	55.3353356552614	33.183513698925	26.4348126004648	59.6183262993898	0.96775	58.6505762993898	61.201674136712	61.6461554762521	1526.88640178717
8	125956	126101	145	126028.5	37.3280529611166	27.4992970005523	64.8273499616689	0.177625	64.6497249616689	51.1994496771849	49.1249800783294	100.324429755514	0.912625	99.4118047555142	71.5035221758143	104.489264365455	1783.9014574382
8	138449	138746	297	138597.5	164.781985136486	123.612988464015	288.394973600501	0.363825	288.031148600501	170.85749610048	127.967424650188	298.824920750668	1.098825	297.726095750668	318.566577560727	312.932461128676	7947.73970161016
8	141432	141877	445	141654.5	745.220778864007	818.568903954568	1563.78968281857	0.545125	1563.24455781857	748.233934706509	832.05970624821	1580.29364095472	1.280125	1579.01351595472	1728.97088073422	1659.6616579991	43135.129293718
8	143361	144079	718	143720	313.194210170169	475.850526458119	789.044736628288	0.87955	788.165186628288	319.12732322099	477.933895926548	797.061219147538	1.61455	795.446669147538	871.72199005788	836.07412123325	21748.1052852411
8	151231	151532	301	151381.5	93.5120295905574	76.2606824073253	169.772711997883	0.368725	169.403986997883	103.0273901439	87.67301516073	190.70040530463	1.103725	189.59668030463	187.363237015413	199.280333959175	4674.4208034998
8	159202	159439	237	159320.5	99.2890449289753	112.294754331605	211.58379926058	0.290325	211.29347426058	106.920633088814	121.209623685086	228.1302567739	1.025325	227.1049317739	233.693610163909	238.704320006879	5830.29141893661
8	160469	160740	271	160604.5	161.585931974325	165.287377730008	326.873309704333	0.331975	326.541334704333	169.780711880645	170.510301188587	340.291013069232	1.066975	339.224038069232	361.159395205392	356.549911553307	9010.36413129759
8	161429	161561	132	161495	19.3382166003695	3.32285130394642	22.6610679043159	0.1617	22.4993679043159	40.256910039009	7.57238902739603	47.829299066405	0.8967	46.932599066405	24.8846232964164	49.3296823578238	620.832574612571
8	167448	167673	225	167560.5	37.243654197972	74.8997023523519	112.143356550324	0.275625	111.867731550324	41.6195900690694	80.9199141267503	122.53950419582	1.010625	121.52887919582	123.727314051363	127.735968757022	3086.80368665527
8	170534	170721	187	170627.5	31.9551317007404	48.1051950231774	80.0603267239178	0.229075	79.8312517239178	32.2917267679733	50.2087641955815	82.5004909635549	0.964075	81.5364159635549	88.2945083114985	85.7008897884941	2202.8103968555
8	172977	173225	248	173101	165.46507512587	196.509820168236	361.974895294106	0.3038	361.671095294106	171.665984252167	206.682071094916	378.348055347083	1.0388	377.309255347083	400.01341379327	396.580331948029	9979.71135052718
8	175242	175507	265	175374.5	40.8061019906559	29.3603697267176	70.1664717173735	0.324625	69.8418467173735	73.0819289916387	47.6461017511434	120.728030742782	1.059625	119.668405742782	77.2460832357209	125.780471590891	1927.16940749816
8	175746	175856	110	175801	21.7646810407758	18.4034302995693	40.1681113403451	0.13475	40.0333613403451	48.535988709939	33.7222058044461	82.2581945143851	0.86975	81.3884445143851	44.2774712818802	85.5453606950543	1104.653912813
8	176109	176374	265	176241.5	98.1996608937894	21.5727838530099	119.772444746799	0.324625	119.447819746799	133.407944919908	36.5272646965885	169.935209616496	1.059625	168.875584616496	132.111000212018	177.500907958168	3295.96359242779
8	176763	177066	303	176914.5	17.3535456855233	8.61407376161042	25.9676194471337	0.371175	25.5964444471337	35.6610773904769	21.4314859237169	57.0925633141938	1.106175	55.9863883141938	28.3100343308928	58.845894044634	706.291242252783
8	180090	180199	109	180144.5	46.3622205662938	9.8066562844328	56.1688768507266	0.133525	56.0353518507266	53.3738178120373	11.8525263024123	65.2263441144495	0.868525	64.3578191144495	61.9759020794533	67.6448958146579	1546.20218251263
8	181707	181932	225	181819.5	144.849977238068	23.9392491726973	168.789226410766	0.275625	168.513601410766	162.673816031493	30.7383495325614	193.412165564055	1.010625	192.401540564055	186.378457797695	202.228452503808	4649.85209655662
8	186885	187144	259	187014.5	106.249042930901	185.897675688152	292.146718619053	0.317275	291.829443619053	108.116315566207	190.669605755994	298.785921322201	1.052275	297.733646322201	322.76754627715	312.940397345777	8052.54732489692
8	187580	187925	345	187752.5	286.423302495144	288.959565326466	575.38286782161	0.422625	574.96024282161	291.677425496497	295.770865507543	587.448291004039	1.157625	586.290666004039	635.91426718647	616.235471690266	15865.0700485829
8	189091	191136	2045	190113.5	2666.86471736425	2577.67382444787	5244.53854181211	2.505125	5242.03341681212	2683.23677743335	2582.63365176209	5265.87042919544	3.240125	5262.63030419544	5797.76407227748	5531.41923602621	144645.179198137
8	194941	195462	521	195201.5	307.280696832116	269.817145856709	577.097842688824	0.638225	576.459617688824	311.284238160618	271.900415326603	583.184653487221	1.373225	581.811428487221	637.572597274205	611.527457041487	15906.4428001677
8	198396	198581	185	198488.5	40.0355132835563	32.8391187459986	72.874632029555	0.226625	72.648007029555	41.3298943145317	34.7437908332197	76.0736851477514	0.961625	75.1120601477514	80.3497367505645	78.948409890698	2004.60072640437
8	201248	201725	477	201486.5	255.956248986766	185.94947492904	441.905723915806	0.584325	441.321398915806	258.465312216696	187.696149331701	446.161461548396	1.319325	444.842136548396	488.107790910904	467.562456199359	12177.5287859515
8	204289	204463	174	204376	14.0409942306336	16.9335518404911	30.9745460711247	0.21315	30.7613960711247	14.493387600854	18.0011361951491	32.4945237960032	0.94815	31.5463737960032	34.0225448358024	33.1576053714004	848.809477792041
8	206133	206385	252	206259	43.5388619423321	41.2730951469179	84.8119570892499	0.3087	84.5032570892499	45.2746365047294	43.9604557639168	89.2350922686462	1.0437	88.1913922686462	93.4618131908869	92.6957691209705	2331.72660160837
8	207291	207508	217	207399.5	80.9809132328145	84.7685577252633	165.749470958078	0.265825	165.483645958078	83.9058703678602	87.3089204965009	171.214790864361	1.000825	170.213965864361	183.027283650683	178.907647050913	4566.24552357851
8	209321	209548	227	209434.5	78.1636545194593	48.494789313712	126.658443833171	0.278075	126.380368833171	81.1781103429106	49.7625707345021	130.940681077413	1.013075	129.927606077413	139.778498838288	136.563660756199	3487.25573522149
8	210605	210749	144	210677	43.309865298255	12.7952124874405	56.1050777856955	0.1764	55.9286777856955	46.6185168102979	14.8564822797378	61.4749990900357	0.9114	60.5635990900357	61.8579190349925	63.6568859382987	1543.25868940121
8	217681	218122	441	217901.5	131.916766772974	135.512414079123	267.429180852097	0.540225	266.888955852097	140.811036428342	158.092283173399	298.903319601741	1.275225	297.628094601741	295.183009433761	312.829454569409	7364.35611444597
8	218876	218978	102	218927	8.46567593636571	22.5097701215698	30.9754460579355	0.12495	30.8504960579355	11.5947300803901	30.1990574358331	41.7937875162233	0.85995	40.9338375162233	34.121090697932	43.0245339599671	851.268043492416
8	219907	220048	141	219977.5	48.1523943314762	44.2621513425982	92.4145456740745	0.172725	92.2418206740745	54.5636003758928	49.7682706509704	104.331871026863	0.907725	103.424146026863	102.020775401856	108.706536035127	2545.25937171113
8	222657	222880	223	222768.5	75.8005891499459	90.718270532817	166.518859682763	0.273175	166.245684682763	79.3772367345333	96.887780119271	176.265016853804	1.008175	175.256841853804	183.870109399465	184.208088016843	4587.27271267168
8	223809	223916	107	223862.5	13.9845950571579	19.8564090063116	33.8410040634695	0.131075	33.7099290634695	14.9579807922873	21.912978867486	36.8709596597732	0.866075	36.0048846597732	37.2836645749698	37.8438347529758	930.169333622318
8	225243	225432	189	225337.5	68.3726980049479	78.9646427810564	147.337340786004	0.231525	147.105815786004	70.2508704805181	85.3445492841646	155.595419764683	0.966525	154.628894764683	162.701140143787	162.526568181118	4059.13991643244
8	227189	227387	198	227288	44.1214534045124	65.0126472461558	109.134100650668	0.24255	108.891550650668	47.6396018463988	71.0134593048551	118.653061151254	0.97755	117.675511151254	120.435615330541	123.68578987438	3004.68093288263
8	229075	229267	192	229171	33.5095089214977	40.8821008768998	74.3916097983975	0.2352	74.1564097983974	34.7927901151401	41.8290869989129	76.621877114053	0.9702	75.651677114053	82.0180518268612	79.5155878026837	2046.22258789469
8	231823	232055	232	231939	179.110075159759	88.4994030500981	267.609478209857	0.2842	267.325278209857	183.902304930111	92.2228484833776	276.125153413489	1.0192	275.105953413489	295.665588213522	289.156994638891	7376.39570301936
8	236055	236588	533	236321.5	363.870467514685	183.43621176066	547.306679275345	0.652925	546.653754275345	375.462797630246	191.957886876363	567.42068450661	1.387925	566.03275950661	604.60688524962	594.942892275715	15083.9996541987
8	238806	239042	236	238924	86.2459360744313	92.6156427270173	178.861578801449	0.2891	178.572478801449	95.2076047420731	99.1575468560664	194.36515159814	1.0241	193.34105159814	197.503720325802	203.215949079856	4927.41006061711
8	241399	241622	223	241510.5	145.462068267936	107.428125651561	252.890193919497	0.273175	252.617018919497	150.180999112476	108.900904068141	259.081903180617	1.008175	258.073728180617	279.398042683213	271.254848214063	6970.54579105129
8	242306	242505	199	242405.5	50.1310653342506	54.861296013193	104.992361347444	0.243775	104.748586347444	54.3711031969197	59.6159263345611	113.987029531481	0.978775	113.008254531481	115.853437446492	118.780153043782	2890.36273488537
8	245729	245880	151	245804.5	25.6751237336292	22.7418667202174	48.4169904538465	0.184975	48.2320154538465	35.983972658479	33.3955105921318	69.3794832506108	0.919975	68.4595082506108	53.3453002102192	71.9560787928494	1330.88211456913
8	249694	249868	174	249781	11.915125385029	61.5599978443875	73.4751232294165	0.21315	73.2619732294165	14.5398869194112	67.2994137338216	81.8393006532327	0.94815	80.8911506532327	81.0287921651549	85.0226675415293	2021.54210085569
8	255594	256291	697	255942.5	120.646931931277	94.0898211230803	214.736753054357	0.853825	213.882928054357	123.739886604336	97.7991667629909	221.539053367326	1.588825	219.950228367326	236.557583164203	231.184190002758	5901.74308248858
8	261849	262070	221	261959.5	16.1337635613084	53.5205156621949	69.6542792235033	0.270725	69.3835542235033	18.5898275679359	62.3726859345248	80.9625135024608	1.005725	79.9567885024608	76.739205170611	84.0405828280972	1914.52358961985
8	262542	262727	185	262634.5	64.6232529526902	71.4623527263669	136.085605679057	0.226625	135.858980679057	67.6159090956137	79.2249389664418	146.840848062055	0.961625	145.879223062056	150.261979359204	153.330006848234	3748.80223826373
8	267034	267479	445	267256.5	224.297612940912	133.689040800476	357.986653741387	0.545125	357.441528741388	227.617264291753	140.890035270622	368.507299562375	1.280125	367.227174562375	395.335452580354	385.983308716652	9863.0035077297
8	272389	272571	182	272480	92.4361453575333	70.8980609960058	163.334206353539	0.22295	163.111256353539	99.1473470055442	76.7468752822173	175.894222287762	0.95795	174.936272287762	180.403386754008	183.87114535479	4500.78338471161
8	273669	273780	111	273724.5	19.8641088934705	8.03018231848113	27.8942912119517	0.135975	27.7583162119517	25.0603327433296	10.0603525665392	35.1206853098688	0.870975	34.2497103098688	30.7010954803189	35.9990148434523	765.944492043711
8	276650	276720	70	276685	6.45370542159241	9.86075549161433	16.3144609132067	0.08575	16.2287109132067	10.361748149617	13.0692084720567	23.4309566216738	0.82075	22.6102066216738	17.9491868117826	23.7650233074417	447.804241511895
8	277725	277934	209	277829.5	66.1214309970408	35.9599730101915	102.081404007232	0.256025	101.825379007232	76.645976760875	40.64620433394	117.292181094815	0.991025	116.301156094815	112.620328241476	122.24123961018	2809.70169823457
8	280130	280459	329	280294.5	180.985247679294	160.998340585418	341.983588264712	0.403025	341.580563264712	189.600621421853	165.369676523927	354.97029794578	1.138025	353.83227294578	377.792997490812	371.904262273347	9425.34658889524
8	281262	281432	170	281347	52.1786353273171	18.8196242002893	70.9982595276063	0.20825	70.7900095276063	55.8551814479013	21.754381191719	77.6095626396203	0.94325	76.6663126396203	78.294764890097	80.5820458548872	1953.33238065954
8	286696	286942	246	286819	29.4698681220296	25.0109334672711	54.4808015893007	0.30135	54.1794515893007	36.2436688526573	31.8435333362033	68.0872021888605	1.03635	67.0508521888605	59.9232497970555	70.4754755989107	1494.99170662614
8	290633	290733	100	290683	13.8045976950012	15.3303753348825	29.1349730298837	0.1225	29.0124730298837	22.7504665941871	22.6360682706831	45.3865348648701	0.8575	44.5290348648701	32.0882108918094	46.8033560740271	800.550860078401
8	296724	297259	535	296991.5	156.187111093505	157.782087719282	313.969198812788	0.655375	313.313823812788	160.352050056741	170.825296572361	331.177346629102	1.390375	329.786971629102	346.529578621869	346.630846785072	8645.3730045496
8	298832	298924	92	298878	34.7610905796936	22.3003731902609	57.0614637699545	0.1127	56.9487637699545	40.9417000034806	31.0110455362287	71.9527455397093	0.8477	71.1050455397093	62.9861487504313	74.7367369437512	1571.4062627298
8	302061	302247	186	302154	124.271478813905	127.448832250108	251.720311064013	0.22785	251.492461064013	133.26124706975	132.540257635778	265.801504705528	0.96285	264.838654705528	278.154265581218	278.365293475698	6939.51549048063
8	314759	314859	100	314809	9.54846006827253	19.5566133997863	29.1050734680588	0.1225	28.9825734680588	12.3784185955133	23.044162290106	35.4225808856193	0.8575	34.5650808856193	32.0551415479991	36.3304929766954	799.725831480865
8	316002	316416	414	316209	167.66034295444	191.530693136845	359.191036091285	0.50715	358.683886091285	175.387129719152	195.790830704955	371.177960424107	1.24215	369.935810424107	396.709517611123	388.830288200853	9897.28428910123
8	319949	320176	227	320062.5	125.790556551973	99.847036751661	225.637593303634	0.278075	225.359518303634	134.233632819534	101.330815007039	235.564447826573	1.013075	234.551372826573	249.250856428372	246.531088162313	6218.42047105045
8	323127	323328	201	323227.5	100.41812838237	58.2181468188801	158.63627520125	0.246225	158.39005020125	109.340197630338	61.4112000250047	170.751397655342	0.981225	169.770172655342	175.181665099246	178.441187096235	4370.50956620847
8	324520	324601	81	324560.5	26.6398095962543	15.2605763577795	41.9003859540338	0.099225	41.8011609540338	43.8750570154269	25.7479226667681	69.622979682195	0.834225	68.7887546821949	46.2326829854835	72.3021414914976	1153.433398096
8	325438	325613	175	325525.5	90.6665712904643	34.3121971581818	124.978768448646	0.214375	124.764393448646	99.9035359236712	37.815245821354	137.718781745025	0.949375	136.769406745025	137.991206907634	143.754906508673	3442.66558661146
8	328029	328390	361	328209.5	327.099806385047	275.745558976407	602.845365361454	0.442225	602.403140361454	339.109330386674	282.314362711245	621.423693097919	1.177225	620.246468097919	666.266505095793	651.925566950625	16622.3110878399
8	330174	330264	90	330219	14.4368884288437	7.80288564949108	22.2397740783348	0.11025	22.1295240783348	19.681311572347	10.2384499565397	29.9197615288867	0.84525	29.0745115288867	24.475570725376	30.5594926971669	610.627350374055
8	332093	332278	185	332185.5	97.2675745534215	50.6453577973459	147.912932350767	0.226625	147.686307350767	103.341685537932	52.1811352906804	155.522820828613	0.961625	154.561195828613	163.3431721323	162.455411520743	4075.15761409512
8	332861	333024	163	332942.5	50.5918585813716	9.35446291128147	59.9463214926531	0.199675	59.7466464926531	57.6191555970366	11.7633276096102	69.3824832066468	0.934675	68.4478082066468	66.080647132697	71.9437811689419	1648.60917534424
8	335739	336343	604	336041	266.073000726781	360.406718275584	626.479719002365	0.7399	625.739819002365	273.48369212384	366.344931251666	639.828623375506	1.4749	638.353723375506	692.077206064739	670.95765059789	17266.2478573153
8	337823	337991	168	337907	51.2225493386616	12.0043240778311	63.2268734164927	0.2058	63.0210734164927	58.1497478212606	13.3928037298006	71.5425515510612	0.9408	70.6017515510612	69.7022102298435	74.2077372061171	1738.96153129279
8	341521	342319	798	341920	657.275067699609	302.804662427952	960.079730127562	0.97755	959.102180127562	680.73862384354	313.535005175852	994.273629019393	1.71255	992.561079019393	1060.78075423034	1043.2561529245	26464.8268492425
8	345701	345904	203	345802.5	23.4777559358345	31.2192424851233	54.6969984209578	0.248675	54.4483234209578	29.2061719864701	36.8691596861517	66.0753316726218	0.983675	65.0916566726218	60.2206258955422	68.4162141385303	1502.41077689506
8	349358	349550	192	349454	63.5320689438827	25.2733296218817	88.8053985657644	0.2352	88.5701985657644	67.3666127490267	27.1984014101471	94.5650141591739	0.9702	93.5948141591739	97.959908739261	98.3751708759831	2443.94707635241
8	352555	352665	110	352610	23.8211509034156	20.5668985941578	44.3880494975733	0.13475	44.2532994975734	28.7603785195288	22.8863646026154	51.6467431221441	0.86975	50.7769931221441	48.9447833514187	53.3704289050072	1221.0960760773
8	353403	353566	163	353484.5	49.2278785703623	37.7802463342679	87.0081249046302	0.199675	86.8084499046302	50.9636531327596	39.0951270648223	90.0587801975819	0.934675	89.1241051975819	96.0113894758873	93.6761203785332	2395.33455702459
8	354594	354789	195	354691.5	55.4687871104717	113.748133032485	169.216920142957	0.238875	168.978045142957	57.0259642901958	116.393494264981	173.419458555177	0.973875	172.445583555177	186.892139220529	181.253244653046	4662.66764760877
8	356306	356390	84	356348	24.8762354412572	28.9491757527242	53.8254111939814	0.1029	53.7225111939814	38.6041342602728	40.3833081866568	78.9874424469296	0.8379	78.1495424469296	59.4178671723172	82.141031649701	1482.38319765482
8	359904	359974	70	359939	10.0064533564267	14.0614939302126	24.0679472866393	0.08575	23.9821972866393	22.669367782682	27.4567976233765	50.1261654060585	0.82075	49.3054154060585	26.524653840781	51.8236903321733	661.748781105749
8	360512	360864	352	360688	117.042384755555	37.1857550464783	154.228139802034	0.4312	153.796939802034	129.29880513894	42.0295840606485	171.328389199589	1.1662	170.162189199589	170.10161918287	178.853225892111	4243.7703366109
8	361795	361997	202	361896	68.3754979639148	28.5018823077649	96.8773802716797	0.24745	96.6299302716797	70.4007682837808	29.1701725140388	99.5709407978195	0.98245	98.5884907978195	106.874087494186	103.623899633441	2666.34194570828
8	364297	364445	148	364371	28.8201776431786	24.8005365506169	53.6207141937955	0.1813	53.4394141937955	32.3761255311179	28.9184762026231	61.294601733741	0.9163	60.378301733741	59.1047578336046	63.462124516396	1474.57160755869
8	368007	368307	300	368157	38.4574364101151	41.2863949520106	79.7438313621256	0.3675	79.3763313621256	42.1975815986614	47.114509541574	89.3120911402354	1.1025	88.2095911402354	87.7913598727864	92.714897500234	2190.2576273441
8	369825	370060	235	369942.5	180.537554240196	249.601842109964	430.13939635016	0.287875	429.85152135016	184.882490565589	257.513326167956	442.395816733545	1.022875	441.372941733545	475.421941971015	463.91607220064	11861.0366227115
8	371610	371771	161	371690.5	30.3458552845253	49.282577768751	79.6284330532763	0.197225	79.4312080532763	36.5263647097778	56.9985646917342	93.524929401512	0.932225	92.592704401512	87.8520542795291	97.3218783454928	2191.77185821486
8	374447	374624	177	374535.5	42.1444823768252	26.497311684547	68.6417940613721	0.216825	68.4249690613721	43.6596601720461	29.9376612665679	73.5973214386139	0.951825	72.6454964386139	75.678996245693	76.3558663983819	1888.07302902089
8	375049	375641	592	375345	158.798372825726	197.483605897504	356.281978723229	0.7252	355.55677872323	161.117938832718	201.643744931082	362.7616837638	1.4602	361.3014837638	393.250892053621	379.754963160277	9810.99697086829
8	377816	377999	183	377907.5	39.2812243375854	50.8200552371724	90.1012795747578	0.224175	89.8771045747578	42.7008742229583	56.7953676695663	99.4962418925245	0.959175	98.5370668925245	99.4053655119104	103.569849251313	2480.00897043719
8	379589	379789	200	379689	35.4251808475171	92.0118515755162	127.437032423033	0.245	127.192032423033	45.028640109782	104.12987398711	149.158514096892	0.98	148.178514096892	140.676210399032	155.746734211579	3509.65223979692
8	380330	380454	124	380392	31.0942443169589	9.13406614117409	40.228310458133	0.1519	40.076410458133	38.1008416359759	11.190736000883	49.2915776368588	0.8869	48.4046776368588	44.325084223006	50.8769473661712	1105.8417815009
8	384816	384994	178	384905	60.1437185998182	56.7475683700602	116.891286969878	0.21805	116.673236969878	61.358400798772	57.536456808979	118.894857607751	0.95305	117.941807607751	129.042271903648	123.965687426899	3219.40360300067
8	387003	387092	89	387047.5	17.2552471260789	14.1855921115661	31.440839237645	0.109025	31.331814237645	24.6969380688423	23.7983512375424	48.4952893063847	0.844025	47.6512643063847	34.653435501516	50.0850534370953	864.549216811937
8	389796	390231	435	390013.5	67.9321044618022	62.1622890178706	130.094393479673	0.532875	129.561518479673	71.9353457947008	63.6614670475665	135.596812842267	1.267875	134.328937842267	143.296895930125	141.189790615414	3575.0342600967
8	393380	393476	96	393428	8.85137028405361	6.77820066614705	15.6295709502007	0.1176	15.5119709502007	12.1441220291061	8.75017176710776	20.8942937962138	0.8526	20.0416937962138	17.1564621425054	21.065323645962	428.026996282022
8	396885	397173	288	397029	69.7624776378664	88.9873958986117	158.749873536478	0.3528	158.397073536478	72.8659321570507	91.2645625269625	164.130494684013	1.0878	163.042694684013	175.189433008645	171.370103073691	4370.70336344359
8	401043	401294	251	401168.5	64.4688552153736	89.8219836678114	154.290838883185	0.307475	153.983363883185	66.8041209922872	94.9084091267549	161.712530119042	1.042475	160.670055119042	170.307806887901	168.876280902793	4248.91439855802
8	402677	402900	223	402788.5	56.7566682367026	51.0065525040736	107.763220740776	0.273175	107.490045740776	57.9774503462628	51.6434431705046	109.620893516767	1.008175	108.612718516767	118.885530817987	114.160114952744	2966.00873972411
8	406832	406936	104	406884	8.37267729925143	8.90496949856248	17.2776467978139	0.1274	17.1502467978139	10.9612393641332	13.4187033502443	24.3799427143775	0.8624	23.5175427143775	18.9684187048786	24.7187016064324	473.232489019631
8	412474	412909	435	412691.5	39.6282192524096	35.1155853846077	74.7438046370173	0.532875	74.2109296370173	45.7460295965108	42.8950713770184	88.6411009735292	1.267875	87.3732259735292	82.0783515495915	91.835814968487	2047.72697201435
8	417292	417487	195	417389.5	45.068339527991	42.1021829967183	87.1705225247093	0.238875	86.9316475247093	49.2876776940121	47.7088008322946	96.9964785263067	0.973875	96.0226035263067	96.1476478089979	100.926959626121	2398.73399011023
8	420133	420272	139	420202.5	34.2137986002028	50.0820660523301	84.295864652533	0.170275	84.125589652533	38.1482409413438	53.8118113932851	91.9600523346289	0.905275	91.0547773346289	93.0441075942678	95.7054016276469	2321.3054978653
8	422409	422930	521	422669.5	1330.16540655898	1082.23593994052	2412.4013464995	0.638225	2411.7631214995	1344.57609537178	1089.83752854	2434.41362391178	1.373225	2433.04039891178	2667.444570618	2557.30797845338	66548.5854733265
8	423506	423633	127	423569.5	32.9592169859709	6.65170251996473	39.6109195059357	0.155575	39.4553445059357	43.0266694484618	11.163836395094	54.1905058435558	0.890575	53.2999308435558	43.6381763805997	56.0222257132282	1088.70450121166
8	429299	429462	163	429380.5	23.7836514529663	23.7933513108158	47.5770027637821	0.199675	47.3773277637821	29.2331715907936	31.2465420850504	60.479713675844	0.934675	59.545038675844	52.4000033781577	62.586302533718	1307.2984316244
8	439144	439274	130	439209	26.8797060805953	19.1585192338165	46.0382253144118	0.15925	45.8789753144118	30.2463567426665	21.9835778328652	52.2299345755317	0.89425	51.3356845755317	50.7428040992086	53.9576555338296	1265.95389195663
8	443542	443674	132	443608	21.9409784571548	12.4808170948735	34.4217955520283	0.1617	34.2600955520283	29.6095660747701	21.0744911554395	50.6840572302096	0.8967	49.7873572302096	37.8921565946711	52.3302473431474	945.350261327047
8	445496	445676	180	445586	82.114996612936	51.3940468253831	133.509043438319	0.2205	133.288543438319	83.8507711753334	52.8355257006543	136.686296875988	0.9555	135.730796875988	147.419038939061	142.663249623001	3677.87530481235
8	452752	452900	148	452826	40.7020035162086	32.3826254358625	73.0846289520711	0.1813	72.9033289520711	42.8852715206343	33.5925077051588	76.4777792257931	0.9163	75.5614792257931	80.6321264553842	79.4207830557549	2011.64590950394
8	453988	454077	89	454032.5	26.3547137743051	23.2335595145086	49.5882732888137	0.109025	49.4792482888137	37.0365572329573	31.0541449046118	68.0907021375691	0.844025	67.2466771375691	54.7247575973366	70.6813023101879	1365.29742682888
8	455505	456486	981	455995.5	115.771303383126	160.56034700417	276.331650387296	1.201725	275.129925387296	120.787829866432	163.394905464	284.182735330432	1.936725	282.246010330432	304.297639824837	296.661730083676	7591.75193976869
8	459094	459200	106	459147	22.9033643534857	17.4674440163547	40.3708083698404	0.12985	40.2409583698404	26.9320053141553	19.5867129586802	46.5187182728355	0.86485	45.6538682728355	44.5070765711672	47.9856403673365	1110.38220699671
8	461515	461706	191	461610.5	51.7441416947778	31.3214409874144	83.0655826821922	0.233975	82.8316076821922	61.7359952651629	43.3173651883448	105.053360453508	0.968975	104.084385453508	91.6129449935573	109.400497201659	2285.6002210964
8	461993	462445	452	462219	1551.60256141962	1172.36061917236	2723.96318059198	0.5537	2723.40948059198	1562.47890202794	1180.92289369308	2743.40179572102	1.2887	2742.11309572102	3012.12990936605	2882.16656848167	75147.9475668235
8	464698	464931	233	464814.5	285.109921742607	114.715818851146	399.825740593754	0.285425	399.540315593754	287.498186742823	118.318566053246	405.816752796069	1.020425	404.796327796069	441.897314074085	425.471307087429	11024.6493966618
8	466901	467156	255	467028.5	39.0491277389378	27.9104909745458	66.9596187134836	0.312375	66.6472437134836	44.0242548289478	29.8513625312672	73.875617360215	1.047375	72.828242360215	73.7128065378386	76.5479460710209	1839.01965963837
8	470648	470863	215	470755.5	142.306414513726	123.224994150033	265.531408663759	0.263375	265.268033663759	150.267997837518	127.264634949501	277.532632787019	0.998375	276.534257787019	293.390246267207	290.658249682466	7319.62946702581
8	475552	475680	128	475616	5.78591520799121	20.1548046333535	25.9407198413448	0.1568	25.7839198413448	7.41679130766505	23.2054599263053	30.6222512339703	0.8918	29.7304512339703	28.5173848032318	31.2489345337863	711.464313432361
8	483899	483996	97	483947.5	15.8693674360071	30.1960574797972	46.0654249158043	0.118825	45.9465999158043	26.8970058270693	53.8167113214772	80.7137171485464	0.853825	79.8598921485464	50.817597877344	83.9387374912672	1267.8198801732
8	484591	484788	197	484689.5	143.118402614121	15.1869774363643	158.305380050486	0.241325	158.064055050486	154.02084283995	17.8962377324256	171.917080572376	0.976325	170.940755572376	174.821109791304	179.671557555562	4361.51427311308
8	488290	488437	147	488363.5	30.8693476127976	15.5262724640296	46.3956200768273	0.180075	46.2155450768273	49.4180757830411	29.3954692123382	78.8135449953793	0.915075	77.8984699953793	51.1150550791602	81.8771356684397	1275.24097384381
8	498556	498659	103	498607.5	21.1494900563381	32.2166278685402	53.3661179248783	0.126175	53.2399429248783	88.1970074816749	84.0787678340651	172.27577531574	0.861175	171.41460031574	58.8841397519513	180.169603927211	1469.06753020107
8	498867	499010	143	498938.5	58.0331495299969	36.8199604071622	94.853109937159	0.175175	94.677934937159	95.9581937422664	82.1623959183039	178.12058966057	0.910175	177.21041466057	104.715152683995	186.261439587769	2612.47988636884
8	501231	501310	79	501270.5	18.5940275063863	20.5560987524284	39.1501262588146	0.096775	39.0533512588146	27.8076924810474	27.7879927697447	55.5956852507921	0.831775	54.7639102507921	43.1935660891082	57.5609778934597	1077.61216725596
8	502010	502283	273	502146.5	34.9507877996998	33.59010774033	68.5408955400299	0.334425	68.2064705400299	51.3227478702622	49.9213684073381	101.2441162776	1.069425	100.1746912776	75.4373337502154	105.291115329565	1882.04392633095
8	508822	508885	63	508853.5	7.77178610525179	12.4695172604715	20.2413033657233	0.077175	20.1641283657233	17.7792394470238	17.9443370275353	35.7235764745591	0.812175	34.9114014745591	22.3018149050025	36.694501895575	556.395529925487
8	512054	512412	358	512233	98.2711598459794	84.5291612335949	182.800321079574	0.43855	182.361771079574	102.195202339529	86.3120351057566	188.507237445286	1.17355	187.333687445286	201.694731882313	196.90175870125	5031.96926827988
8	516516	516716	200	516616	82.5729899010902	94.2070194055512	176.780009306641	0.245	176.535009306641	89.094694326164	99.365743804961	188.460438131125	0.98	187.480438131125	195.250249869573	197.056004680851	4871.18948421981
8	517250	517481	231	517365.5	205.202392779454	199.797171992424	404.999564771878	0.282975	404.716589771878	214.69135371968	208.494844528903	423.186198248583	1.017975	422.168223248583	447.622347486107	443.730472394114	11167.4800592196
8	531454	532168	714	531811	56.7208687613403	180.001262099504	236.722130860844	0.87465	235.847480860844	58.7196394695554	181.82153542358	240.541174893136	1.60965	238.931524893136	260.850693299036	251.134956569787	6507.81832544903
8	540660	540986	326	540823	42.6997742390784	123.275993402644	165.975767641723	0.39935	165.576417641723	55.4088879882873	145.131173117171	200.540061105458	1.13435	199.405711105458	183.129890462123	209.590361174125	4568.80540363618
8	541319	541422	103	541370.5	37.006757669667	28.7366788668448	65.7434365365118	0.126175	65.6172615365118	56.1045777930228	47.640201837606	103.744779630629	0.861175	102.883604630629	72.5736314914565	108.138386477934	1810.59901735838
8	554026	554096	70	554061	9.6560584914284	4.66523163149696	14.3212901229254	0.08575	14.2355401229254	16.8570529615745	12.6018153216566	29.4588682832312	0.82075	28.6381182832312	15.7447113575162	30.1008106591057	392.806014066777
9	5292	5642	350	5467	43.2759657950488	29.1979721066385	72.4739379016873	0.42875	72.0451879016873	49.4224757185605	33.0904150632762	82.5128907818367	1.16375	81.3491407818368	79.6830101573262	85.504049523701	2782.39363056729
9	6657	6808	151	6732.5	36.3565671981433	56.513471800722	92.8700389988653	0.184975	92.6850639988653	40.5964050637434	63.9602626687465	104.55666773249	0.919975	103.63669273249	102.511008870324	108.92993856734	3579.50807305931
9	21765	22440	675	22102.5	143.970590125399	195.726031654578	339.696621779977	0.826875	338.869746779977	150.381496174211	202.442133230781	352.823629404993	1.561875	351.261754404993	374.794795615309	369.202454454596	13087.1894777927
9	32961	33177	216	33069	42.8211724599997	50.4527606198383	93.273933079838	0.2646	93.009333079838	45.3675351433092	52.8302257783242	98.1977609216333	0.9996	97.1981609216333	102.869655120343	102.162558635304	3592.03138310632
9	36001	36228	227	36114.5	50.7703559655103	58.2479463821705	109.018302347681	0.278075	108.740227347681	60.7920090991858	83.5435756772527	144.335584776438	1.013075	143.322509776438	120.26824958912	150.642709388295	4199.56036996525
9	36555	37405	850	36980	501.441751421276	456.342312349046	957.784063770322	1.04125	956.742813770322	514.549759324731	487.569254721328	1002.11901404606	1.77625	1000.34276404606	1058.17126123179	1051.43528764557	36949.519997896
9	39216	39408	192	39312	26.1777163681844	28.9796753057563	55.1573916739407	0.2352	54.9221916739407	28.481582605255	31.7674344514248	60.2490170566798	0.9702	59.2788170566798	60.7447309734164	62.3064836408506	2121.10150228076
9	41564	41784	220	41674	26.1265171185042	33.6205072948276	59.7470244133318	0.2695	59.4775244133318	30.9017471379858	35.6504775458166	66.5522246838024	1.0045	65.5477246838024	65.7829942567079	68.8955758310987	2297.02898846474
9	45959	46173	214	46066	50.098965804666	23.6549533390243	73.7539191436902	0.26215	73.4917691436902	53.3025188569163	25.3797280626232	78.6822469195395	0.99715	77.6850969195395	81.2829497390954	81.6528645591411	2838.2607682773
9	47571	47681	110	47626	24.3429432566008	24.9910337588993	49.3339770155002	0.13475	49.1992270155002	47.0400106333481	46.6195167956432	93.6595274289913	0.86975	92.7897774289913	54.415050056617	97.5290168811852	1900.07993404867
9	47930	48131	201	48030.5	25.9910191042141	20.6398975243657	46.6309166285798	0.246225	46.3846916285798	51.4514459842042	43.1979669381143	94.6494129223184	0.981225	93.6681879223184	51.3021335891055	98.4522922053217	1791.38224636604
9	53661	54124	463	53892.5	191.496493638035	532.768592329555	724.26508596759	0.567175	723.69791096759	207.72815576465	586.732401495328	794.460557259978	1.302175	793.158382259978	800.420259423262	833.66896005419	27949.2984414011
9	54848	55416	568	55132	177.441799608171	79.1635398662395	256.60533947441	0.6958	255.90953947441	203.691814916821	94.2428188809134	297.934633797735	1.4308	296.503833797735	283.039617595591	311.647772125815	9883.25651404583
9	56395	56535	140	56465	29.957260979336	18.0825350022578	48.0397959815938	0.1715	47.8682959815938	50.6688574529608	29.8518625239399	80.5207199769007	0.9065	79.6142199769007	52.9430212621585	83.6805176092979	1848.67922097788
9	60929	61030	101	60979.5	4.55423325816702	11.727728131317	16.281961389484	0.123725	16.158236389484	8.19917984183932	23.0943615544408	31.2935413962801	0.858725	30.4348163962801	17.8712409787133	31.9892751586789	624.032989859798
9	68407	68530	123	68468.5	14.2162916616673	25.7632224425514	39.9795141042187	0.150675	39.8288391042187	22.6944674148494	35.394681294485	58.0891487093345	0.885675	57.2034737093345	44.0512667581181	60.1251420969247	1538.19445078957
9	73678	73849	171	73763.5	11.4868316616307	14.3806892524371	25.8675209140677	0.209475	25.6580459140677	12.4338177836437	18.747325259823	31.1811430434668	0.944475	30.2366680434668	28.3781664360114	31.7810063753929	990.916751046923
9	76154	76263	109	76208.5	8.12548092188963	15.1301782687505	23.2556591906401	0.133525	23.1221341906401	11.4860316733544	21.5894836082766	33.075515281631	0.868525	32.2069902816311	25.5734117327312	33.8519628552094	892.979542019522
9	77411	77534	123	77472.5	8.54017484459166	14.5258871245768	23.0660619691684	0.150675	22.9153869691684	14.3307899837058	17.13014895938	31.4609389430858	0.885675	30.5752639430858	25.3447463432952	32.1368960663141	884.99494000911
9	83097	83300	203	83198.5	43.5791613517482	59.7875238198171	103.366685171565	0.248675	103.118010171565	45.5310327472681	62.0177911354726	107.548823882741	0.983675	106.565148882741	114.049996831387	112.007965665015	3982.42968135026
9	84878	85124	246	85001	147.414139660524	64.446155548035	211.860295208559	0.30135	211.558945208559	152.489865276273	65.3977416026365	217.88760687891	1.03635	216.85125687891	233.987224836317	227.926938493135	8170.43134707465
9	88694	88881	187	88787.5	47.7229006256635	64.7268514344648	112.449752060128	0.229075	112.220677060128	50.4636604601022	71.279855400847	121.743515860949	0.964075	120.779440860949	124.117676842575	126.948252846517	4333.97574722318
9	89741	89880	139	89810.5	15.246376565876	16.2613616913705	31.5077382572466	0.170275	31.3374632572466	16.5829569784238	19.4179154323911	36.0008724108148	0.905275	35.0955974108148	34.6596833981403	36.8881056423917	1210.25651684166
9	92853	92989	136	92921	19.9882070748241	30.3396553753844	50.3278624502085	0.1666	50.1612624502085	31.4958384316373	48.8797836716582	80.3756221032955	0.9016	79.4740221032955	55.4790750324444	83.5331591269261	1937.23385568969
9	93262	93548	286	93405	102.198502291169	120.534133584326	222.732635875494	0.35035	222.382285875494	117.782773905227	139.774151623785	257.556925529012	1.08535	256.471575529012	245.957994701981	269.570865588669	8588.43003665034
9	96456	96848	392	96652	104.141373818581	137.696782067428	241.838155886009	0.4802	241.357955886009	110.595579232846	144.429983393036	255.025562625882	1.2152	253.810362625882	266.945357636661	266.773731191484	9321.27264433499
9	99707	99769	62	99738	4.92812777878021	11.2128356770144	16.1409634557946	0.07595	16.0650134557946	15.0273797752521	43.346564760428	58.3739445356801	0.81095	57.5629945356801	17.7681350782581	60.503025455559	620.432709196028
9	102354	102668	314	102511	214.020263554439	199.832371476579	413.852635031018	0.38465	413.467985031018	216.766823303881	202.920326222911	419.687149526792	1.11965	418.567499526792	457.30151604177	439.945841647308	15968.1822131364
9	113343	113700	357	113521.5	54.0585077779743	51.350947457	105.409455234974	0.437325	104.972130234974	54.6845986026759	52.4451314218434	107.129730024519	1.172325	105.957405024519	116.100680189269	111.369181278952	4054.03601627683
9	114593	114740	147	114666.5	30.7538493054138	17.2434472990042	47.9972966044179	0.180075	47.8172216044179	33.7465054483373	19.7728102314433	53.5193156797806	0.915075	52.6042406797806	52.8865322691554	55.291003162567	1846.70672252409
9	122271	122487	216	122379	53.077622152755	70.0385735917078	123.116195744463	0.2646	122.851595744463	69.6725789553226	73.8935170978962	143.566096053219	0.9996	142.566496053219	135.875625238261	149.84808225137	4744.54307719857
9	127272	127418	146	127345	24.2452446883636	23.312458358254	47.5577030466175	0.17885	47.3788530466176	26.6179099171919	25.42202744273	52.0399373599219	0.91385	51.1260873599219	52.4016903628295	53.7373531368861	1829.77687726184
9	129965	130266	301	130115.5	81.263409092866	184.025103130516	265.288512223382	0.368725	264.919787223382	88.3231056337191	188.617035836201	276.94014146992	1.103725	275.83641646992	293.005080714114	289.924766108289	10231.2333418776
9	131884	132141	257	132012.5	80.6167185700509	95.656698160654	176.273416730705	0.314825	175.958591730705	86.4919324693787	100.59002586323	187.081958332609	1.049825	186.032133332609	194.612723771079	195.533727690245	6795.54150852089
9	134061	134222	161	134141.5	29.3858693530232	47.5761027769713	76.9619721299945	0.197225	76.7647471299945	31.9104323558048	49.574773486652	81.4852058424568	0.932225	80.5529808424568	84.902910290566	84.6672257019461	2964.66356306919
9	136036	136268	232	136152	84.5616607573176	30.0035603008241	114.565221058142	0.2842	114.281021058142	87.3177203675396	31.8503332365514	119.168053604091	1.0192	118.148853604091	126.39644682712	124.183308301005	4413.5464747598
9	138174	138318	144	138246	21.1242904256362	32.5098235717865	53.6341139974227	0.1764	53.4577139974227	28.4203835021218	41.1459970095284	69.5663805116501	0.9114	68.6549805116501	59.1249976786348	72.1615348029287	2064.54320216483
9	141767	142208	441	141987.5	134.249032593852	235.133154147139	369.382186740991	0.540225	368.841961740991	139.813151052252	239.970783252168	379.783934304421	1.275225	378.508709304421	407.944494835125	397.841048036532	14244.7199448562
9	142570	142814	244	142692	39.5981196935156	37.359352502425	76.9574721959406	0.2989	76.6585721959406	42.3073799895769	39.1421263760521	81.449506365629	1.0339	80.415606365629	84.7854792921179	84.52283482139	2960.56307462795
9	148945	149108	163	149026.5	10.3857477979046	30.7294496629881	41.1151974608927	0.199675	40.9155224608927	10.9430396308485	32.2867268412468	43.2297664720953	0.934675	42.2950914720953	45.2531541217239	44.4553139846678	1580.16228983774
9	150063	150477	414	150270	137.80628046274	161.052739788203	298.859020250944	0.50715	298.351870250944	142.70350869435	164.281792466759	306.98530116111	1.24215	305.74315116111	329.981443592104	321.358987779854	11522.3843206136
9	151383	151473	90	151428	17.1140491953204	6.0788109156339	23.1928601109543	0.11025	23.0826101109543	23.7718516258916	9.53436027490359	33.3062119007952	0.84525	32.4609619007952	25.5296975342568	34.1189060791195	891.453117413318
9	154932	155226	294	155079	55.5877853665641	21.2319888473266	76.8197742138908	0.36015	76.4596242138907	58.907336718871	22.1946747392611	81.1020114581322	1.09515	80.0068614581321	84.5654399732381	84.0932132608267	2952.87968016134
9	160243	160864	621	160553.5	391.181967267387	391.963455814751	783.145423082138	0.760725	782.384698082138	395.163908912431	397.444175495352	792.608084407783	1.495725	791.112359407783	865.328686897012	831.5184365502	30215.7890623819
9	165980	166306	326	166143	67.9168046860189	55.855681440574	123.772486126593	0.39935	123.373136126593	68.7744921166954	57.6384553142011	126.412947430896	1.13435	125.278597430896	136.452456374067	131.6772039144	4764.68502809892
9	169792	169987	195	169889.5	52.8087260933999	49.8455695181632	102.654295611563	0.238875	102.415420611563	55.3550887767094	52.2074349052621	107.562523681972	0.973875	106.588648681972	113.272922710594	112.032665716889	3955.29558990586
9	173234	173406	172	173320	20.7494959182122	40.6424043896278	61.3919003078401	0.2107	61.1812003078401	31.5305379231197	53.9844088638865	85.5149467870062	0.9457	84.5692467870062	67.6672842080665	88.8886224975688	2362.82515189344
9	173652	173810	158	173731	41.0372986024926	41.7602880071552	82.7975866096479	0.19355	82.6040366096479	47.5797027242145	50.6384578984633	98.2181606226777	0.92855	97.2896106226777	91.3612481264492	102.258679131377	3190.1776095784
9	177359	177912	553	177635.5	472.791371289732	401.276419334202	874.067790623934	0.677425	873.390365623934	490.164716685093	427.631733099714	917.796449784807	1.412425	916.384024784807	965.982259221685	963.188354355958	33730.4386467421
9	180237	180357	120	180297	15.4041742533667	17.0814496730632	32.4856239264299	0.147	32.3386239264299	21.3218875298704	23.5563547839762	44.8782423138466	0.882	43.9962423138466	35.7669814439239	46.2433511344452	1248.92145963994
9	183198	183760	562	183479	89.672885852825	98.2335603969956	187.906446249821	0.68845	187.217996249821	91.6198573201528	100.668824708441	192.288682028593	1.42345	190.865232028593	207.065786505629	200.613676983904	7230.38103535672
9	187732	187952	220	187842	45.1553382530334	187.615950507007	232.77128876004	0.2695	232.50178876004	46.0444252235527	193.996656998391	240.041082221944	1.0045	239.036582221944	257.150309895005	251.245379703442	8979.24642828623
9	188829	189001	172	188915	35.8586744947111	41.1641967428131	77.0228712375242	0.2107	76.8121712375242	40.9642996722847	45.7925289150679	86.7568285873526	0.9457	85.8111285873526	84.9553620330355	90.1939334318806	2966.49508767991
9	193195	193441	246	193318	63.8549642118849	96.6819831352052	160.53694734709	0.30135	160.23559734709	66.8430204222199	101.590211205614	168.433231627834	1.03635	167.396881627834	177.222866687455	175.94668018934	6188.31761612001
9	197654	197789	135	197721.5	48.6429871418877	32.422424852606	81.0654119944936	0.165375	80.9000369944936	55.6654842278951	41.3164945109045	96.9819787387996	0.900375	96.0816037387996	89.4766001354176	100.988973275465	3124.36894402028
9	199485	199611	126	199548	19.2695176071464	32.6700212241059	51.9395388312523	0.15435	51.7851888312523	21.8943791400631	37.6192486936723	59.5136278337354	0.88935	58.6242778337354	57.2751608791777	61.6185138160194	1999.95008352843
9	202130	202252	122	202191	5.54811869287536	23.9114495800975	29.4595682729729	0.14945	29.3101182729729	6.33710713032871	28.592580978585	34.9296881089137	0.88445	34.0452381089137	32.4174107956352	35.7840992213737	1131.96021509694
9	203337	203470	133	203403.5	15.146078035741	22.5763691455678	37.7224471813087	0.162925	37.5595221813087	17.4392444296168	25.706523273472	43.1457677030888	0.897925	42.2478427030888	41.5413697242568	44.4056519839849	1450.55316431449
9	204796	205012	216	204904	24.3183436171061	104.243372323803	128.561715940909	0.2646	128.297115940909	26.7177084546543	119.704945735991	146.422654190645	0.9996	145.423054190645	141.898448604583	152.850539143998	4954.849707676
9	212060	212456	396	212258	128.175621599083	108.634807967753	236.810429566835	0.4851	236.325329566835	129.980095154703	109.918289158464	239.898384313167	1.2201	238.678284313167	261.379200814973	250.868781722912	9126.91202396154
9	216001	216176	175	216088.5	88.7788989541136	74.6758056335359	163.454704587649	0.214375	163.240329587649	96.7635819393829	83.0595827701203	179.823164709503	0.949375	178.873789709503	180.546143600429	188.00977154547	6304.36072866073
9	220749	220944	195	220846.5	47.6056023446581	53.6822132925323	101.28781563719	0.238875	101.04894063719	48.2581927810105	55.5916853094109	103.849878090421	0.973875	102.876003090421	111.761576278597	108.130396688932	3902.52197257308
9	222680	222821	141	222750.5	18.0634352821623	63.1888739733707	81.252309255533	0.172725	81.079584255533	21.2933879475289	71.7994477862725	93.0928357338015	0.907725	92.1851107338015	89.6751819788661	96.8934668243075	3131.30308035959
9	231192	231298	106	231245	11.2241355114165	15.5619719408574	26.7861074522739	0.12985	26.6562574522739	14.4953875715447	19.0178212957307	33.5132088672753	0.86485	32.6483588672753	29.4822027006761	34.3158743488334	1029.46779805999
9	232688	232792	104	232740	18.0572353730213	11.0611379001302	29.1183732731515	0.1274	28.9909732731515	30.4017544653284	25.1367316237117	55.5384860890401	0.8624	54.6760860890401	32.0644318527927	57.4686681111602	1119.63479766667
9	237828	238026	198	237927	36.331667563045	64.3578568420437	100.689524405089	0.24255	100.446974405089	39.2568246951597	70.2500704922418	109.506895187402	0.97755	108.529345187402	111.095793000297	114.072483329171	3879.2739658873
9	240919	241121	202	241020	61.2269027258631	56.8513668489039	118.078269574767	0.24745	117.830819574767	62.3837857718578	61.5797975542247	123.963583326083	0.98245	122.981133326083	130.322574851697	129.26239679156	4550.64011099174
9	241875	241976	101	241925.5	25.7024233335563	36.1710699165874	61.8734932501437	0.123725	61.7497682501437	35.6817770871249	50.1284653723527	85.8102424594776	0.858725	84.9515174594776	68.2961284992845	89.2904176511048	2384.78331269897
9	244547	244636	89	244591.5	13.5984007167973	26.9037057288829	40.5021064456802	0.109025	40.3930814456802	19.7618103926448	43.4610630824666	63.2228734751114	0.844025	62.3788484751114	44.675326872823	65.5648492164313	1559.98555638182
9	248566	248769	203	248667.5	72.4602381024565	82.6522887389736	155.11252684143	0.248675	154.86385184143	83.1355816563643	108.662607560352	191.798189216717	0.983675	190.814514216717	171.281639186263	200.560368758927	5980.86017287797
9	249053	249902	849	249477.5	386.83803092734	380.749420155322	767.587451082662	1.040025	766.547426082662	398.202264385635	406.127548241393	804.329812627028	1.775025	802.554787627028	847.812437132758	843.545286984349	29604.1517550154
9	254071	254316	245	254193.5	117.353180200879	96.5025857642557	213.855765965135	0.300125	213.555640965135	153.464650990886	138.956563605456	292.421214596342	1.035125	291.386089596342	236.195598953815	306.268639052744	8247.54397204078
9	254554	254997	443	254775.5	226.05878713108	162.261922067758	388.320709198838	0.542675	387.778034198838	269.990043322914	203.017224802872	473.007268125786	1.277675	471.729593125786	428.88806230916	495.823190076376	14976.0332903994
9	258360	258711	351	258535.5	73.4007243197251	64.432055754666	137.832780074391	0.429975	137.402805074391	84.0821677842392	73.5199225728866	157.602090357126	1.164975	156.437115357126	151.969471261958	164.427143670916	5306.51249300317
9	260938	261137	199	261037.5	27.7892927506936	39.3961226537621	67.1854154044557	0.243775	66.9416404044557	30.808448505268	42.3885787996165	73.1970273048844	0.978775	72.2182523048844	74.0384134964744	75.9068007632932	2585.29402595563
9	267579	268635	1056	268107	1384.92940399808	1262.4270992571	2647.35650325518	1.2936	2646.06290325518	1411.11862019773	1268.70770721542	2679.82632741315	2.0286	2677.79772741315	2926.58348652968	2814.56629164926	102191.260548092
9	268856	268980	124	268918	12.6168151018363	2.89225761425388	15.5090727160902	0.1519	15.3571727160902	147.255841980361	27.0825031086252	174.338345088986	0.8869	173.451445088986	16.9852530774699	182.310480581714	593.095816573899
9	270674	271054	380	270864	338.506939214656	310.357551741114	648.86449095577	0.4655	648.39899095577	344.2304553371	312.94001389539	657.170469232489	1.2005	655.969969232489	717.138574929286	689.473646510087	25041.2452940433
9	273872	274045	173	273958.5	35.9552730790685	117.284581206191	153.239854285259	0.211925	153.027929285259	39.5064210373503	125.759357009199	165.265778046549	0.946925	164.318853046549	169.251082532138	172.711441246186	5909.95662782128
9	274943	275106	163	275024.5	14.5975860738358	78.6471474339189	93.2447335077548	0.199675	93.0450585077548	24.8064364641542	93.9227235718782	118.729160036032	0.934675	117.794485036032	102.90916795553	123.810840352337	3593.41110333442
9	276280	276537	257	276408.5	184.929389878284	186.955360187892	371.884750066176	0.314825	371.569925066176	195.596933546498	198.358593074654	393.955526621152	1.049825	392.905701621152	410.961661361863	412.973366979439	14350.0742093322
9	277544	277802	258	277673	107.818219934769	60.0089205752698	167.827140510038	0.31605	167.511090510038	133.181448239194	81.9692987481236	215.150746987318	1.05105	214.099696987318	185.269666376476	225.034842633523	6469.29801780134
9	282919	283057	138	282988	9.43396174623399	13.0126093015119	22.4465710477459	0.16905	22.2775210477459	10.922439932735	16.5999567292941	27.5223966620291	0.90405	26.6183466620291	24.6392574941985	27.9778791681761	860.36048309932
9	285243	285528	285	285385.5	76.2898819794085	89.6051868449472	165.895068824356	0.349125	165.545943824356	77.5046641768968	90.5050736571959	168.009737834093	1.084125	166.925612834093	183.096185983455	175.451341333985	6393.40382166384
9	289104	289225	121	289164.5	10.9646393143073	23.5496548821626	34.5142941964699	0.148225	34.3660691964699	14.9304811952911	27.9254907547255	42.8559719500166	0.883225	41.9727469500166	38.0093649639236	44.1165057106699	1327.22163443276
9	291820	292188	368	292004	243.326234078372	287.58418548252	530.910419560892	0.4508	530.459619560892	271.97781419233	304.988830419189	576.966644611519	1.1858	575.780844611519	586.695940209103	605.188860992296	20486.4128989912
9	300095	300419	324	300257	45.4897333525066	69.405482869589	114.895216222096	0.3969	114.498316222096	49.5812733913965	74.0238151883907	123.605088579787	1.1319	122.473188579787	126.636778392083	128.728508758753	4421.93843954951
9	301349	301579	230	301464	203.797413369287	154.079841975324	357.87725534461	0.28175	357.59550534461	215.856636642575	164.310792041773	380.167428684349	1.01675	379.150678684349	395.505752909854	398.515806013402	13810.3804760433
9	307992	308172	180	308082	51.5485445612342	60.3215159942152	111.870060555449	0.2205	111.649560555449	60.9540067251268	72.3707394140508	133.324746139178	0.9555	132.369246139178	123.486013804851	139.130007625431	4311.91916063895
9	310858	311052	194	310955	78.6654471657382	82.0591974306675	160.724644596406	0.23765	160.486994596406	94.1291205471511	89.5746872919151	183.703807839066	0.97265	182.731157839066	177.500915647479	192.064154817518	6198.0266074574
9	312624	312797	173	312710.5	58.2225467543995	11.8740259873365	70.096572741736	0.211925	69.884647741736	66.8429204236854	13.4048035539444	80.2477239776298	0.946925	79.3007989776298	77.2934217819632	83.3510886271861	2698.95331547176
9	314915	314981	66	314948	6.55400395172748	7.82628530657145	14.3802892582989	0.08085	14.2994392582989	17.2894466248886	15.8794672879948	33.1689139128834	0.81585	32.3530639128834	15.8153847168524	34.0054971996496	552.246026025604
9	321129	321399	270	321264	25.3542284363177	30.9347466543812	56.2889750906989	0.33075	55.9582250906989	35.5301793087752	40.5646055297624	76.0947848385375	1.06575	75.0290348385376	61.8905987777106	78.8611440624112	2161.11323469204
9	325816	325903	87	325859.5	14.3656894722573	8.16768030346191	22.5333697757192	0.106575	22.4267947757192	29.6987647675722	21.4695853653734	51.1683501329456	0.841575	50.3267751329456	24.8043563762855	52.8972160243926	866.125452030912
9	332357	333785	1428	333071	1323.07321049441	1551.98345583765	2875.05666633206	1.7493	2873.30736633206	1324.91398351806	1555.1873088855	2880.10129240357	2.4843	2877.61699240357	3177.91911888671	3024.59132898002	110967.468440139
9	334613	334839	226	334726	114.123427532582	40.2534100903004	154.376837622882	0.27685	154.099987622882	121.260322942093	41.8937860507547	163.154108992848	1.01185	162.142258992848	170.436794415111	170.423677614363	5951.35964691353
9	337164	339371	2207	338267.5	2405.40564902075	1507.42400885189	3912.82965787264	2.703575	3910.12608287264	2416.4016878749	1508.09719898636	3924.49888686126	3.438575	3921.06031186126	4324.65547599286	4121.32853363413	151009.529221383
9	342321	342473	152	342397	48.5483885282209	49.4421754298632	97.9905639580841	0.1862	97.8043639580841	56.1376773079527	56.3124747463138	112.450152054266	0.9212	111.528952054266	108.173027979851	117.225295167514	3777.21603960568
9	343698	344046	348	343872	109.878489741721	113.70233370367	223.58082344539	0.4263	223.15452344539	114.11852760439	117.884172419241	232.002700023631	1.1613	230.841400023631	246.812100519705	242.631628435687	8618.25394242869
9	345407	345554	147	345480.5	59.8628227163193	24.7991365711334	84.6619592874527	0.180075	84.4818842874527	65.4908402382853	26.4349125989993	91.9257528372846	0.915075	91.0106778372846	93.4381745658476	95.6590497477296	3262.70030776373
9	348527	348667	140	348597	58.7618388511277	23.727152280956	82.4889911320837	0.1715	82.3174911320837	67.7816066673323	29.2694710588285	97.0510777261609	0.9065	96.1445777261609	91.044324722343	101.055163660296	3179.11118953199
9	348972	349044	72	349008	24.0223479548929	13.2511058063695	37.2734537612624	0.0882	37.1852537612624	34.141199664133	18.5304284384242	52.6716281025572	0.8232	51.8484281025572	41.12742348878	54.4965874451736	1436.09887391163
9	353755	353851	96	353803	6.55390395319295	7.47279048700268	14.0266944401956	0.1176	13.9090944401956	12.1927213168884	9.98185371693195	22.1745750338203	0.8526	21.3219750338203	15.3836577547653	22.4109952694417	537.170863238915
9	370440	370578	138	370509	21.0954908476911	12.8172121650374	33.9127030127286	0.16905	33.7436530127286	28.2443860813464	20.202303937256	48.4466900186024	0.90405	47.5426400186024	37.320963746082	49.9708811619766	1303.18384820938
9	378299	378398	99	378348.5	11.2538350761723	11.0079386797594	22.2617737559317	0.121275	22.1404987559317	16.4655586988838	20.2238036221803	36.6893623210641	0.856275	35.8330873210641	24.4877088760547	37.6632628622852	855.068666073181
9	394042	395428	1386	394735	61.2894018099453	355.009597369851	416.298999179796	1.69785	414.601149179796	70.4455676272509	380.70082086754	451.146388494791	2.43285	448.713538494791	458.554811827468	471.63159006567	16011.9451458426
9	407983	408167	184	408075	33.9196029116112	10.2749494216437	44.1945523332549	0.2254	43.9691523332549	36.1558701393386	11.1748362338925	47.3307063732311	0.9604	46.3703063732311	48.6305125161277	48.738670555832	1698.09383466992
9	410483	410628	145	410555.5	16.353260344605	9.53676023973235	25.8900205843373	0.177625	25.7123955843373	20.8245948176454	13.0504087475648	33.8750035652102	0.912625	32.9623785652102	28.4382779501079	34.6459326081536	993.015741705228
10	5297	5620	323	5458.5	42.998469861724	29.3378700564481	72.336339918172	0.395675	71.940664918172	49.4767749228111	33.2446128035238	82.7213877263349	1.130675	81.5907127263349	79.5674062398447	85.7579597593518	1119.36639945308
10	6624	6801	177	6712.5	35.2836829211551	61.4726991237415	96.7563820448966	0.216825	96.5395570448966	38.8865301217897	66.9788184321137	105.865348553903	0.951825	104.913523553903	106.774133410402	110.271983544561	1502.11478441375
10	21673	21872	199	21772.5	149.963402301335	162.193223074535	312.15662537587	0.243775	311.91285037587	152.94505860546	165.752970906786	318.698029512247	0.978775	317.719254512247	344.98008192604	333.946770812287	4853.23237789805
10	31184	31689	505	31436.5	218.971590993231	74.2110124450336	293.182603438264	0.618625	292.563978438264	224.804805508055	77.9031583370048	302.70796384506	1.353625	301.35433884506	323.579952312374	316.746016800504	4552.17209246822
10	36439	36720	281	36579.5	162.690815782364	101.210616768532	263.901432550896	0.344225	263.557207550896	173.426658449663	105.88094832529	279.307606774953	1.079225	278.228381774953	291.498048071892	292.438901081748	4100.83897336394
10	54170	54317	147	54243.5	47.8153992701052	7.83008525088364	55.6454845209888	0.180075	55.4654095209888	50.3509621116853	8.88206983415477	59.23303194584	0.915075	58.31795694584	61.3455376960395	61.2965475835919	863.018375216842
10	58895	59140	245	59017.5	18.6521266549491	45.4832334477621	64.1353601027111	0.300125	63.8352351027111	19.9777072286983	49.8701691576579	69.8478763863562	1.035125	68.8127513863562	70.6026847209528	72.3273638277299	993.249330631549
10	60181	60323	142	60252	15.1508779653985	43.1960669659582	58.3469449313566	0.17395	58.1729949313566	42.0811833044667	82.170495799601	124.251679104068	0.90895	123.342729104068	64.3401659569939	129.642461080024	905.147262063557
10	60542	60771	229	60656.5	99.6289399478478	105.134159269409	204.763099217257	0.280525	204.482574217257	114.244625756434	138.853565114888	253.098190871322	1.015525	252.082665871322	226.160657122365	264.957792295953	3181.66259809828
10	63608	63719	111	63663.5	10.361548152548	8.90966942968546	19.2712175822334	0.135975	19.1352425822334	11.9609247138444	10.1304515392457	22.0913762530901	0.870975	21.2204012530901	21.1638524855217	22.304233606142	297.736302775338
10	68899	69162	263	69030.5	131.327975401653	94.4647156290388	225.792691030692	0.322175	225.470516030692	140.943334489527	100.080333332723	241.02366782225	1.057175	239.96649282225	249.373621504989	252.222785503393	3508.22611938847
10	73604	73675	71	73639.5	7.18339472806859	13.2584056993903	20.4418004274589	0.086975	20.3548254274589	14.6204857382435	18.8646235408284	33.485109279072	0.821975	32.663134279072	22.5127285877871	34.3314044150376	316.712497391381
10	75649	75766	117	75707.5	22.0372770459086	31.7252350698525	53.7625121157611	0.143325	53.6191871157611	29.6009662008004	39.4942212161374	69.0951874169378	0.878325	68.2168624169378	59.3035892612711	71.701039819116	834.291933382033
10	79489	79628	139	79558.5	51.1949497431309	51.4854454859449	102.680395229076	0.170275	102.510120229076	66.3625274637962	74.8883025194153	141.250829983211	0.905275	140.345554983211	113.377661844517	147.513706578633	1595.01422900164
10	79869	80046	177	79957.5	83.1771810467293	88.0893090599845	171.266490106714	0.216825	171.049665106714	93.6754271959818	100.080433331257	193.755860527239	0.951825	192.804035527239	189.183380584761	202.651504904048	2661.46063531579
10	83072	83373	301	83222.5	44.9177417349866	47.743500323777	92.6612420587636	0.368725	92.2925170587636	49.2308785263982	50.4044613276596	99.6353398540578	1.103725	98.5316148540578	102.076846329752	103.564118749889	1436.03263375503
10	85451	85597	146	85524	51.9141392034813	41.6902890329832	93.6044282364645	0.17885	93.4255782364645	54.0551078278002	42.6106755448109	96.6657833726111	0.91385	95.7519333726111	103.330028227963	100.642464989745	1453.66258772176
10	94552	94978	426	94765	192.958472212885	209.846824715768	402.805296928653	0.52185	402.283446928653	196.666717868916	216.421628362678	413.088346231594	1.25685	411.831496231594	444.93125663691	432.865796869834	6259.36073930222
10	96552	96699	147	96625.5	24.2238450019738	39.357723216502	63.5815682184758	0.180075	63.4014932184758	25.576125184443	42.9871700273219	68.5632952117649	0.915075	67.6482202117649	70.1229599818857	71.1033542036924	986.500489877843
10	97318	97644	326	97481	105.523053570202	57.9251511127029	163.448204682905	0.39935	163.048854682905	112.697348431628	61.2495023946673	173.946850826296	1.13435	172.812500826296	180.334369612131	181.638902229996	2536.97140009684
10	100942	101123	181	101032.5	44.5414472495446	73.000330187461	117.541777437006	0.221725	117.320052437006	58.0006500062741	86.2121365697597	144.212786576034	0.956725	143.256061576034	129.757659078533	150.57286734493	1825.45052689506
10	104542	104911	369	104726.5	43.448163271512	45.6366311997334	89.0847944712454	0.452025	88.6327694712454	48.0774954291122	53.0846220501722	101.162117479284	1.187025	99.9750924792844	98.0291130573037	105.081322019248	1379.08850508167
10	106149	106330	181	106239.5	67.7968064445811	47.1709087150498	114.967715159631	0.221725	114.745990159631	71.4936522676753	48.833084356032	120.326736623707	0.956725	119.370011623707	126.910709315926	125.466836987135	1785.39920367376
10	109631	109820	189	109725.5	37.767646518917	60.5893120696905	98.3569585886074	0.231525	98.1254335886074	39.6929183042515	67.5948094048275	107.287727709079	0.966525	106.321202709079	108.528135591828	111.751559936406	1526.79035446484
10	111372	111565	193	111468.5	60.3047162404139	58.1107483927933	118.415464633207	0.236425	118.179039633207	61.8824931182515	61.5665977476666	123.449090865918	0.971425	122.477665865918	130.70771122599	128.733214722349	1838.81600532207
10	123164	123718	554	123441	189.76121906831	135.523513916456	325.284732984766	0.67865	324.606082984766	194.531749156669	143.838592059817	338.370341216486	1.41365	336.956691216486	359.01897907326	354.166759921694	5050.73372291621
10	129041	129191	150	129116	7.80838556889031	36.5306646467626	44.3390502156529	0.18375	44.1553002156529	8.92906914538457	39.8552159257961	48.7842850711806	0.91875	47.8655350711806	48.8363947413795	50.3102680848287	687.037845360261
10	134031	134256	225	134143.5	23.1239611206621	81.8379006737493	104.961861794411	0.275625	104.686236794411	27.1999013881651	104.87246310454	132.072364492705	1.010625	131.061739492705	115.78447794743	137.755720054867	1628.87368480873
10	136032	136474	442	136253	89.6386863540152	216.82572244072	306.464408794735	0.54145	305.922958794735	90.7485700887801	221.511853765934	312.260423854714	1.27645	310.983973854714	338.355176007935	326.867485581209	4760.0321916068
10	136950	137308	358	137129	126.802641719966	58.26404614623	185.066687866196	0.43855	184.628137866196	137.031891811328	60.9200072233861	197.951899034715	1.17355	196.778349034715	204.201366023167	206.828806541163	2872.73594365692
10	140120	140380	260	140250	63.2616729065096	71.6046506410052	134.866323547515	0.3185	134.547823547515	64.560753868608	73.0088300628962	137.569583931504	1.0535	136.516083931504	148.811820784101	143.488645228165	2093.50737819755
10	142638	143179	541	142908.5	245.758098439643	281.779570548571	527.537668988214	0.662725	526.874943988214	249.813239011963	285.50321597892	535.316454990883	1.397725	533.918729990883	582.731237660777	561.188638159101	8197.95187721652
10	144920	145124	204	145022	62.9310777513486	58.1602476673864	121.091325418735	0.2499	120.841425418735	65.7500364397909	60.3108161510203	126.060852590811	0.9849	125.075952590811	133.652348054204	131.464208985679	1880.24160507279
10	146027	146343	316	146185	221.438254844519	221.010661110862	442.448915955381	0.3871	442.061815955381	229.570535666757	225.864289981416	455.434825648173	1.1221	454.312725648173	488.926702766136	477.51675579765	6878.29538168022
10	146821	147071	250	146946	209.134235158697	124.739671952581	333.873907111278	0.30625	333.567657111278	221.257257497017	127.317534174268	348.574791671285	1.04125	347.533541671285	368.930608467897	365.283823192433	5190.17203607103
10	150534	150865	331	150699.5	238.336707199389	212.918379702437	451.255086901826	0.405475	450.849611901826	241.209065105271	216.39452875982	457.603593865092	1.140475	456.463118865092	498.646131003545	479.776980384507	7015.02977965791
10	154748	154988	240	154868	40.4094078041695	246.472787965939	286.882195770109	0.294	286.588195770109	40.9040005559622	250.265132389511	291.169132945473	1.029	290.140132945473	316.970651054191	304.95904514485	4459.19143491138
10	156198	156367	169	156282.5	47.6892011195264	63.9561627288307	111.645363848357	0.207025	111.438338848357	54.3615033376047	75.5050934804054	129.86659681801	0.942025	128.92457181801	123.252399570204	135.509396505026	1733.93354453427
10	157441	157572	131	157506.5	62.8610787771765	48.4980892653516	111.359168042528	0.160475	111.198693042528	78.7542458644022	69.5332809967202	148.287526861122	0.895475	147.392051861122	122.987347875064	154.920103403811	1730.20475688517
10	157975	158093	118	158034	30.114358677085	40.9853993630708	71.0997580401558	0.14455	70.9552080401558	39.9542144749822	50.6190581827642	90.5732726577464	0.87955	89.6937226577464	78.4774768121121	94.2748310601135	1104.03310612565
10	159886	160472	586	160179	331.430342921467	387.216125386404	718.64646830787	0.71785	717.92861830787	341.793691047637	409.572997748675	751.366688796311	1.45285	749.913838796311	794.039339073212	788.215700801416	11170.6664576103
10	161666	161925	259	161795.5	175.566127095964	114.868416614841	290.434543710805	0.317275	290.117268710805	182.06603184051	117.098883927566	299.164915768075	1.052275	298.112640768075	320.873856294813	313.338748939387	4514.10232120257
10	165393	165579	186	165486	30.7792489331848	28.0387890943497	58.8180380275344	0.22785	58.5901880275344	36.9474585386898	36.3009680129438	73.2484265516336	0.96285	72.2855765516336	64.8015874993413	75.9775635970842	911.63861065585
10	172497	172803	306	172650	223.560323745811	413.61433852323	637.174662269041	0.37485	636.799812269041	286.936594972894	465.211582370781	752.148177343675	1.10985	751.038327343675	704.309717096719	789.397622620362	9908.33645814611
10	173025	173530	505	173277.5	204.719499856201	114.333624452167	319.053124308368	0.618625	318.434499308368	214.464957037501	131.56777188746	346.03272892496	1.353625	344.67910392496	352.193119094322	362.283594989917	4954.70648426571
10	177552	177867	315	177709.5	275.304965433262	283.608443746617	558.913409179879	0.385875	558.527534179879	277.13013868553	297.219844272904	574.349982958434	1.120875	573.229107958434	617.739455963849	602.506794346479	8690.45282861178
10	180151	180763	612	180457	425.005371588779	460.929345126539	885.934716715319	0.7497	885.185016715319	441.229633823839	481.707340627093	922.936974450932	1.4847	921.452274450932	979.027312334732	968.515464959536	13773.1054631962
10	181769	182002	233	181885.5	34.975087443591	188.344839825207	223.319927268798	0.285425	223.034502268798	36.3165677843307	198.264694450729	234.58126223506	1.020425	233.56083723506	246.679355378606	245.489960948703	3470.32277283514
10	184250	184439	189	184344.5	54.5558004901993	66.8219207314338	121.377721221633	0.231525	121.146196221633	59.542527410215	72.2768407901258	131.819368200341	0.966525	130.852843200341	133.989428929281	137.536154380835	1884.98371020466
10	186703	186919	216	186811	43.2834656851387	66.1186310380739	109.402096723213	0.2646	109.137496723213	43.9360561214911	69.4272825501169	113.363338671608	0.9996	112.363738671608	120.707635210946	118.102718525461	1698.13341162943
10	187820	187972	152	187896	19.3577163146032	24.5831397365454	43.9408560511486	0.1862	43.7546560511486	20.451800280912	28.2656857692016	48.7174860501136	0.9212	47.7962860501136	48.3932765545932	50.2374821688389	680.803991163984
10	189389	189720	331	189554.5	230.326824583418	276.374949752748	506.701774336167	0.405475	506.296299336166	240.313778225611	285.51161585582	525.825394081431	1.140475	524.684919081431	559.970961803482	551.483210201213	7877.75684710402
10	190204	190276	72	190240	6.38500642836928	4.00084136806983	10.3858477964391	0.0882	10.2976477964391	22.9715633540362	16.8655528370097	39.8371161910459	0.8232	39.0139161910459	11.3893460182232	41.0065526206211	160.227055863983
10	191131	191663	532	191397	169.647513832649	349.921671932889	519.569185765539	0.6517	518.917485765539	180.03516160271	361.165507155609	541.200668758319	1.3867	539.813968758319	573.930174843797	567.384976346332	8074.13718395999
10	192243	192489	246	192366	224.015717072068	49.4463753683135	273.462092440381	0.30135	273.160742440381	229.017843766401	52.8864249547308	281.904268721132	1.03635	280.867918721132	302.119695269056	295.213252422114	4250.26592519282
10	195159	196138	979	195648.5	403.753083038943	479.987065837548	883.740148876491	1.199275	882.540873876491	407.487528311021	483.015821451437	890.503349762458	1.934275	888.569074762458	976.102852466972	933.952755290588	13731.9637160008
10	204681	205244	563	204962.5	144.66927988617	78.2222536606947	222.891533546865	0.689675	222.201858546865	148.198528165389	78.7481459537957	226.946674119185	1.424675	225.521999119185	245.758439491167	237.040539040042	3457.36718775531
10	207574	207812	238	207693	76.2427826696441	32.319126366435	108.561909036079	0.29155	108.270359036079	78.1365549166012	33.2660124899135	111.402567406515	1.02655	110.376017406515	119.748568503729	116.013474363121	1684.64111500164
10	211664	211911	247	211787.5	115.345509623091	127.08033765036	242.42584727345	0.302575	242.12327227345	116.755688957054	128.521816525631	245.277505482685	1.037575	244.239930482685	267.791808527417	256.714489064641	3767.33598190682
10	220268	220423	155	220345.5	9.76245693216989	40.7465028640751	50.508959796245	0.189875	50.319084796245	21.8705794888446	74.9081022292525	96.7786817180971	0.924875	95.8538067180971	55.6536288086028	100.749541518076	782.943733369909
10	220795	220926	131	220860.5	27.7502933222264	15.0869789018329	42.8372722240592	0.160475	42.6767972240592	41.0323986743006	26.070217943563	67.1026166178636	0.895475	66.2071416178636	47.2011492471549	69.5886724962245	664.032962486808
10	224027	224090	63	224058.5	13.9095961562593	3.63404674340837	17.5436428996676	0.077175	17.4664678996676	33.3905106654052	14.772983503404	48.1634941688092	0.812175	47.3513191688092	19.3181637746722	49.7697885965431	271.770872652516
10	224392	224724	332	224558	52.6031291064032	9.00396804774864	61.6070971541518	0.4067	61.2003971541518	67.034017623175	12.8637114835946	79.8977291067696	1.1417	78.7560291067696	67.6885161951596	82.7784946259542	952.25236360357
10	227097	227259	162	227178	23.1515607161928	16.4846584189793	39.6362191351721	0.19845	39.4377691351721	24.0092481468693	17.3158462380049	41.3250943848742	0.93345	40.3916443848742	43.6187377686971	42.4546483052605	613.635051740377
10	228537	228646	109	228591.5	16.1890627509043	11.8909257396724	28.0799884905766	0.133525	27.9464634905766	24.2040452921366	18.6177271590702	42.8217724512068	0.868525	41.9532474512068	30.9091890664471	44.0960102746285	434.835183278825
10	231019	231300	281	231159.5	121.926613177676	133.823138835282	255.749752012959	0.344225	255.405527012959	124.582774251901	135.874908766799	260.457683018701	1.079225	259.378458018701	282.482172591213	272.626217150704	3974.00226281058
10	236435	237237	802	236836	1322.65151667429	1515.31049327625	2837.96200995054	0.98245	2836.97955995054	1326.21266448602	1522.90108203693	2849.11374652295	1.71745	2847.39629652295	3137.74004448632	2992.82711054596	44142.2052319908
10	239137	239320	183	239228.5	45.9222270143553	23.9585488898618	69.8807759042171	0.224175	69.6566009042171	47.9161977929129	24.6582386359786	72.5744364288915	0.959175	71.6152614288915	77.0411987119761	75.2730121181062	1083.82732688086
10	241592	241969	377	241780.5	443.165905447972	123.684187420602	566.850092868573	0.461825	566.388267868573	449.625210787498	124.441776318212	574.06698710571	1.196825	572.87016210571	626.433540060278	602.129515328254	8812.7625289208
10	246250	246449	199	246349.5	50.3071627535605	40.6152047882353	90.9223675417958	0.243775	90.6785925417958	55.3251892148845	42.598275726529	97.9234649414135	0.978775	96.9446899414135	100.291822688004	101.896141620481	1410.92064907151
10	246951	247156	205	247053.5	64.1706595854007	33.2383128958483	97.408972481249	0.251125	97.157847481249	68.1152017785294	35.967972892954	104.083174671483	0.986125	103.097049671483	107.457971492514	108.362733227862	1511.73512279043
10	254477	254706	229	254591.5	86.5582314977731	154.566434844354	241.124666342127	0.280525	240.844141342127	90.7967693824242	170.320303972977	261.117073355401	1.015525	260.101548355401	266.37707138866	273.386239338586	3747.43324419021
10	256774	257237	463	257005.5	196.724817017479	227.845960940227	424.570777957705	0.567175	424.003602957705	201.484447265573	232.406494106069	433.890941371643	1.302175	432.588766371643	468.95406043393	454.6832449335	6597.31720491807
10	262598	262709	111	262653.5	4.77982995207003	14.7830833553917	19.5629133074617	0.135975	19.4269383074617	6.67360219902712	17.6552412642048	24.3288434632319	0.870975	23.4578684632319	21.4864721373427	24.6559794918999	302.274965214114
10	265160	265620	460	265390	86.2340362488221	99.6682393719187	185.902275620741	0.5635	185.338775620741	106.257142812198	109.054501817181	215.311644629379	1.2985	214.013144629379	204.987341562447	224.943869612438	2883.79316734988
10	268433	268800	367	268616.5	257.155331414333	53.8656106048631	311.020942019196	0.449575	310.571367019196	263.666535993281	55.7595828488892	319.426118842171	1.184575	318.241543842171	343.496382111396	334.495736078574	4832.35946274506
10	270927	271097	170	271012	6.66380234264304	35.0969856571848	41.7607879998279	0.20825	41.5525379998279	8.03658222469114	39.4996211370021	47.5362033616933	0.94325	46.5929533616933	45.9577024356046	48.9726892429971	646.539963203146
10	272536	272784	248	272660	72.9580308073542	73.7363194016127	146.694350208967	0.3038	146.390550208967	79.5270345392614	78.0448562604359	157.571890799697	1.0388	156.533090799697	161.910046166518	164.52802106084	2277.77520944174
10	278205	278758	553	278481.5	148.704720747188	187.740948675171	336.445669422359	0.677425	335.768244422359	153.102756294417	191.622491791545	344.725248085961	1.412425	343.312823085961	371.364489566246	360.847531333949	5224.41224635944
10	280728	281141	413	280934.5	1088.45934873709	194.839044653284	1283.29839339037	0.505925	1282.79246839037	1096.19553536405	196.401321758269	1292.59685712232	1.240925	1291.35593212232	1418.78685121866	1357.31195820528	19959.7096888238
10	285370	285434	64	285402	4.97392710759562	8.80797092006695	13.7818980276626	0.0784	13.7034980276626	6.42010591398983	14.6989845878507	21.1190905018406	0.8134	20.3056905018406	15.1562651765055	21.3428039877955	213.220648774716
10	289462	289698	236	289580	50.324762495638	86.0817384807306	136.406500976369	0.2891	136.117400976369	50.9194537804967	89.0865944448669	140.006048225364	1.0241	138.981948225364	150.547795910944	146.080453582556	2117.92934089691
10	290767	291469	702	291118	103.427384282026	628.798485021081	732.225869303107	0.85995	731.365919303107	139.852550474858	634.711098372323	774.563648847181	1.59495	772.968698847181	808.901186517508	812.448088219474	11379.7451928502
10	294370	294573	203	294471.5	98.2846596481412	37.885244795526	136.169904443667	0.248675	135.921229443667	158.284180361165	43.8329576323891	202.117137993554	0.983675	201.133462993554	150.330827384827	211.406358019139	2114.87699459896
10	294922	295164	242	295043	103.395184753907	22.812165689993	126.2073504439	0.29645	125.9109004439	150.759590633275	26.0317185077684	176.791309141043	1.03145	175.759859141043	139.259260072724	184.736796920539	1959.12049801173
10	302788	303211	423	302999.5	355.515389957511	353.588618194159	709.10400815167	0.518175	708.58583315167	360.980509866725	360.588215615758	721.568725482484	1.253175	720.315550482484	783.706084817354	757.105679411155	11025.2966616395
10	305876	306083	207	305979.5	51.0550517933214	84.0673680011286	135.12241979445	0.253575	134.86884479445	62.8825784621008	95.7378969706935	158.620475432794	0.988575	157.631900432794	149.166874883136	165.68295241454	2098.50233338372
10	310679	310895	216	310787	43.3117652704111	55.3964881700054	98.7082534404165	0.2646	98.4436534404165	48.5975878072104	73.1169284787247	121.714516285935	0.9996	120.714916285935	108.880091307712	126.880432677742	1531.74172112456
10	312699	312934	235	312816.5	71.5232518338966	124.40707682673	195.930328660626	0.287875	195.642453660626	76.4770792360514	133.111949257695	209.589028493746	1.022875	208.566153493746	216.38335711633	219.21867331239	3044.11405125816
10	313955	314145	190	314050	36.8887593989198	150.484794660383	187.373554059302	0.23275	187.140804059302	41.5748907241339	172.099477899361	213.674368623495	0.96775	212.706618623495	206.980410836826	223.570612768698	2911.83196970567
10	314892	315792	900	315342	115.334409785758	393.624131477715	508.958541263473	1.1025	507.856041263473	123.202094485625	427.7863308341	550.988425319725	1.8375	549.150925319725	561.69605872468	577.198818122094	7902.02577354821
10	316035	317249	1214	316642	1102.16804783747	617.996343325387	1720.16439116286	1.48715	1718.67724116286	1113.27118512211	643.190074113782	1756.46125923589	2.22215	1754.23910923589	1900.88165571344	1843.83690142193	26741.8928842355
10	319783	319914	131	319848.5	53.4116172580902	10.3325485775338	63.744165835624	0.160475	63.583690835624	64.7299513890353	13.6194004090489	78.3493517980842	0.895475	77.4538767980842	70.3244731571677	81.4098348660702	989.335407944392
10	322508	322728	220	322618	91.0944650197244	45.624331379986	136.71879639971	0.2695	136.44929639971	95.8915947182684	50.0475665579168	145.939161276185	1.0045	144.934661276185	150.914877004901	152.337201553169	2123.09349368092
10	323099	323371	272	323235	317.596545654383	245.224206263779	562.820751918162	0.3332	562.487551918162	324.823939737645	249.667941141289	574.491880878934	1.0682	573.423680878934	622.119292325625	602.711305082186	8752.06903416832
10	324735	324911	176	324823	51.3262478189708	19.8699088084734	71.1961566274441	0.2156	70.9805566274441	53.7930116687932	21.0641913063828	74.857202975176	0.9506	73.906602975176	78.5055127128738	77.6813839726369	1104.42751945108
10	327959	328051	92	328005	7.09429603380104	19.0845203182632	26.1788163520642	0.1127	26.0661163520642	11.4078328193508	27.5688959805863	38.976728799937	0.8477	38.129028799937	28.8294981876914	40.0764695910391	405.577774988915
10	330198	330359	161	330278.5	29.6525654446186	65.1409453659597	94.7935108105783	0.197225	94.5962858105783	32.2822269071929	71.5097520317348	103.791978938928	0.932225	102.859753938928	104.624847580044	108.113317611751	1471.87830373632
10	332780	333473	693	333126.5	499.122685406957	476.496716988261	975.619402395218	0.848925	974.770477395218	504.267310012998	482.224933041828	986.492243054826	1.583925	984.908318054826	1078.11011551995	1035.21252706418	15167.0174416116
10	334124	334237	113	334180.5	29.2697710544321	6.43560568684221	35.7053767412743	0.138425	35.5669517412743	35.1653846548044	8.0713817147081	43.2367663695125	0.873425	42.3633413695125	39.337558265966	44.5270497467504	553.406765915161
10	335576	335851	275	335713.5	55.7773825880358	13.4070035217041	69.1843861097399	0.336875	68.8475111097399	61.9152926375778	14.7952831766046	76.7105758141824	1.071875	75.6387008141824	76.1463338058078	79.5019487380777	1071.2382309765
10	337188	338146	958	337667	552.033310007044	654.230412318729	1206.26372232577	1.17355	1205.09017232577	558.655212963719	656.423580178074	1215.07879314179	1.90855	1213.17024314179	1332.84699837225	1275.13293383717	18750.6947391566
10	339360	339663	303	339511.5	115.834002464277	103.167988083451	219.001990547728	0.371175	218.630815547728	117.770074091341	104.525168194112	222.295242285453	1.106175	221.189067285453	241.80881476452	232.486302639589	3401.80326505899
10	341701	341840	139	341770.5	23.7827514661555	6.00391201326983	29.7866634794253	0.170275	29.6163884794253	32.2182278450927	8.67447287646743	40.8927007215601	0.905275	39.9874257215601	32.7561500325283	42.0297841668783	460.818511682176
10	342208	342459	251	342333.5	68.0689024570413	14.4116887981418	82.4805912551831	0.307475	82.1731162551831	75.8470884685031	16.3887598243636	92.2358482928667	1.042475	91.1933732928667	90.8846440397381	95.8510763767968	1278.57902591014
10	345788	345859	71	345823.5	9.52896035403889	5.08622546187447	14.6151858159134	0.086975	14.5282108159134	14.2003918946768	9.61565908347768	23.8160509781545	0.821975	22.9940759781545	16.0684093376497	24.1684987977998	226.052831871956
10	348735	349547	812	349141	255.220959762356	400.342733017281	655.563692779638	0.9947	654.568992779638	260.154187466398	415.174415660455	675.328603126853	1.7297	673.598903126853	723.962685356659	708.002978501387	10184.8174113317
10	352216	352329	113	352272.5	13.4758025134617	16.3227607915729	29.7985633050346	0.138425	29.6601383050346	15.2115770758591	18.5689278742189	33.780504950078	0.873425	32.907079950078	32.804537966545	34.5878096153178	461.499240513701
10	355684	355881	197	355782.5	74.413909471598	48.9881820830903	123.402091554688	0.241325	123.160766554688	93.8636244379701	63.5857681569261	157.449392594896	0.976325	156.473067594896	136.21757258449	164.464932169838	1916.32957478239
10	359696	360059	363	359877.5	180.967347941612	371.152560796336	552.119908737949	0.444675	551.675233737949	183.397912321934	380.921217637647	564.319129959581	1.179675	563.139454959581	610.160713488218	591.901812149993	8583.83392423582
10	360399	361167	768	360783	841.529967462479	311.544334348934	1153.07430181141	0.9408	1152.13350181141	878.336028073341	324.120650044285	1202.45667811763	1.6758	1200.78087811763	1274.27616196535	1262.11078178476	17926.7112846235
10	361685	361877	192	361781	35.8916740111065	4.18043873608836	40.0721127471948	0.2352	39.8369127471948	69.5421808662935	10.4391470153444	79.9813278816379	0.9702	79.0111278816379	44.0601963229372	83.0466225750652	619.845557973017
10	365530	365690	160	365610	49.9223683926834	13.9106961401391	63.8330645328225	0.196	63.6370645328225	55.2030910042216	17.8188388666983	73.0219298709198	0.931	72.0909298709198	70.3835052310628	75.7729753338595	990.165880158216
10	374004	374701	697	374352.5	122.607503199301	184.56739518328	307.174898382581	0.853825	306.321073382581	126.1572511781	193.946457734056	320.103708912156	1.588825	318.514883912156	338.795496446691	334.783036997258	4766.22668665733
10	376208	376301	93	376254.5	7.85658486253449	15.9042669245586	23.7608517870931	0.113925	23.6469267870931	14.8366825699006	33.3099118465728	48.1465944164734	0.848925	47.2976694164734	26.15383986418	49.7133986821989	367.936205842782
10	378466	378716	250	378591	102.447198646548	108.725306641504	211.172505288052	0.30625	210.866255288052	116.426393782842	120.644531966448	237.07092574929	1.04125	236.02967574929	233.221099858658	248.08489543182	3280.98998273672
10	380576	381451	875	381013.5	523.600426688106	365.813639037701	889.414065725807	1.071875	888.342190725807	532.651194050016	376.922076244664	909.57327029468	1.806875	907.76639529468	982.519192029591	954.130579293813	13822.2297590112
10	383586	383795	209	383690.5	68.0699024423866	45.4313342083402	113.501236650727	0.256025	113.245211650727	70.8309619793352	45.8366282687963	116.667590248131	0.991025	115.676565248131	125.25082678037	121.584747775434	1762.04772314742
10	387481	387661	180	387571	29.3617697062011	39.6336191732743	68.9953888794754	0.2205	68.7748888794754	33.6064075014587	48.1346945908642	81.7411020923228	0.9555	80.7856020923228	76.0660125785288	84.911728086085	1070.10825970776
10	390195	390348	153	390271.5	7.52498972202811	27.0571034808542	34.5820932028823	0.187425	34.3946682028823	8.95576875410447	29.9136616182803	38.8694303723848	0.922425	37.9470053723848	38.0409958748118	39.8851493138447	535.166528561217
10	390931	392452	1521	391691.5	1674.10536615327	998.608665489867	2672.71403164313	1.863225	2670.85080664313	1678.06050819106	1000.43383874214	2678.49434693319	2.598225	2675.89612193319	2953.99926286351	2812.56756163724	41557.3119084879
10	393656	393926	270	393791	238.92129863226	109.165400191977	348.086698824237	0.33075	347.755948824237	246.60078609014	110.91697452283	357.517760612969	1.06575	356.45201061297	384.623062406966	374.657803086214	5410.93587008882
10	396646	396977	331	396811.5	30.3149557373551	27.1721017955654	57.4870575329205	0.405475	57.0815825329205	32.6141220433028	28.9344759681481	61.5485980114509	1.140475	60.4081230114509	63.1330482054365	63.4934689163695	888.165345533518
10	402533	402771	238	402652	38.8586305306554	74.3006111319738	113.159241662629	0.29155	112.867691662629	42.2673805757643	78.1195551657309	120.386935741495	1.02655	119.360385741495	124.833284264036	125.456719462826	1756.17367138158
10	407333	407510	177	407421.5	45.9755262332605	23.2015599834586	69.1770862167191	0.216825	68.9602612167191	48.0056964813186	23.6961527352512	71.7018492165698	0.951825	70.7500242165698	76.2710370397271	74.3635829005254	1072.99257507981
10	411032	411212	180	411122	23.9633488195194	45.8585279478587	69.8218767673781	0.2205	69.6013767673781	24.7474373287807	47.4159051246519	72.1633424534326	0.9555	71.2078424534326	76.9801200253235	74.8447842115822	1082.9680626068
10	413450	413680	230	413565	123.586488852364	145.331370183303	268.917859035667	0.28175	268.636109035667	125.948354239463	147.503938344534	273.452292583997	1.01675	272.435542583997	297.115385889809	286.350192531099	4179.86453803799
10	421799	421884	85	421841.5	11.302134368351	9.82945595030598	21.131590318657	0.104125	21.027465318657	21.1739896972984	15.5043727849673	36.6783624822656	0.839125	35.8392374822656	23.2566779457331	37.6697271430742	327.178490359271
10	424248	424673	425	424460.5	76.6616765307965	103.831178364464	180.492854895261	0.520625	179.972229895261	97.8766656272527	129.258005736852	227.134671364104	1.255625	225.879046364104	199.051865092642	237.415822479037	2800.29197962714
10	448953	449053	100	449003	29.884062052059	25.0003336226108	54.8843956746697	0.1225	54.7618956746697	37.4047518371022	35.6335777934807	73.038329630583	0.8575	72.180829630583	60.5674413013357	75.8674667252686	852.071996530806
10	454828	455404	576	455116	207.766455203375	215.716338698628	423.482793902003	0.7056	422.777193902003	209.134435155766	217.931106241431	427.065541397197	1.4406	425.624941397197	467.597634445064	447.363742480656	6578.2347973465
10	455735	456010	275	455872.5	101.532512051189	51.2737485883417	152.806260639531	0.336875	152.469385639531	104.484368792024	52.4680310862512	156.952399878275	1.071875	155.880524878275	168.633325256571	163.84212532394	2372.35932451098
10	458427	458586	159	458506.5	30.7989486444875	43.0224695100115	73.821418154499	0.194775	73.626643154499	32.6239218996869	45.3155359053528	77.9394578050397	0.929775	77.0096828050397	81.4321223276644	80.9429536573151	1145.59950961547
10	459475	459594	119	459534.5	26.2935146711718	26.0161187363815	52.3096334075533	0.145775	52.1638584075533	31.7154352134684	33.6054075161133	65.3208427295818	0.880775	64.4400677295818	57.6939748565365	67.7313452791997	811.647632582475
10	460193	460368	175	460280.5	35.7415762107747	48.1428944706958	83.8844706814705	0.214375	83.6700956814705	39.8702157059758	51.5771441421102	91.447359848086	0.949375	90.497984848086	92.5403247354834	95.1201709554329	1301.87139431352
10	461587	461790	203	461688.5	112.981144272629	23.2880587158283	136.269202988457	0.248675	136.020527988457	117.261981537387	24.429341990436	141.691323527823	0.983675	140.707648527823	150.440652998217	147.894294057162	2116.42203806886
10	462478	462662	184	462570	58.9186365532731	18.1308342944365	77.0494708477096	0.2254	76.8240708477096	67.5329103119526	20.8761940614636	88.4091043734162	0.9604	87.4487043734162	84.9685231724105	91.9151484289253	1195.35013575344
10	466059	466696	637	466377.5	126.845941085418	909.930265062957	1036.77620614837	0.780325	1035.99588114838	142.260215190772	928.949286341102	1071.20950153187	1.515325	1069.69417653187	1145.82628937193	1124.32882469752	16119.6588973472
10	466952	467249	297	467100.5	75.5454928883562	136.157704622454	211.70319751081	0.363825	211.33937251081	92.1994488262973	156.86160120892	249.061050035217	1.098825	247.962225035217	233.744374286342	260.626899874426	3288.35148714818
10	468097	468525	428	468311	117.810473499292	155.13172656006	272.942200059352	0.5243	272.417900059352	133.792539283716	194.975742649989	328.768281933705	1.2593	327.508981933705	301.298100951423	344.236508727439	4238.70761109662
10	469547	469773	226	469660	77.2928672807592	60.5735123012345	137.866379581994	0.27685	137.589529581994	83.2731796398796	64.5711537161993	147.844333356079	1.01185	146.832483356079	152.175991242948	154.331954927904	2140.83504101359
10	471733	472074	341	471903.5	125.024867773065	128.561815939443	253.586683712508	0.417725	253.168958712508	125.666558369154	130.371189423256	256.03774779241	1.152725	254.88502279241	280.008496003049	267.9032796442	3939.20220350541
10	486283	486500	217	486391.5	27.2873001073456	64.8142501536453	92.1015502609909	0.265825	91.8357252609909	28.1183879278367	65.8818345083034	94.0002224361401	1.000825	92.9993974361401	101.57162805603	97.7493432337458	1428.92514606981
10	490870	491108	238	490989	41.6069902537185	42.3234797536365	83.930470007355	0.29155	83.638920007355	42.9169710560808	44.2390516811215	87.1560227372022	1.02655	86.1294727372022	92.5058439931943	90.5285370145703	1301.3863139751
10	496468	496657	189	496562.5	25.735122854348	26.432412635636	52.1675354899841	0.231525	51.9360104899841	31.3837400744275	40.6960036041367	72.0797436785643	0.966525	71.1132186785643	57.441971794864	74.7453275258115	808.102415098005
10	497186	497254	68	497220	4.1478392138311	10.4096474476576	14.5574866614887	0.0833	14.4741866614887	12.1881213842999	28.8376773867216	41.0257987710215	0.8183	40.2074987710215	16.008657848742	42.2610974510645	225.212238818075
10	503499	504133	634	503816	170.545100678604	100.479927476711	271.025028155314	0.77665	270.248378155314	176.46131397709	110.530380188331	286.991694165421	1.51165	285.480044165421	298.898578638401	300.060942251508	4204.9507654375
10	507534	507679	145	507606.5	15.1518779507438	19.9615074661042	35.113385416848	0.177625	34.935760416848	22.321272883978	25.8788207484698	48.2000936324478	0.912625	47.2874686324478	38.6394516167875	49.7026768929566	543.585695162024
10	513826	514052	226	513939	27.6652945678746	21.1389902102123	48.8042847780869	0.27685	48.5274347780869	30.3901546353228	24.6262391049285	55.0163937402513	1.01185	54.0045437402513	53.6720382159031	56.7628267255445	755.066414857676
10	517606	517711	105	517658.5	19.2853173756024	17.7133404127676	36.9986577883699	0.128625	36.8700327883699	38.8159311564104	37.9829433637632	76.7988745201737	0.863625	75.9352495201737	40.7787845759484	79.8136436742451	573.682157330323
10	517907	517994	87	517950.5	10.6401440697527	6.17540949999131	16.815553569744	0.106575	16.708978569744	39.1791258338288	37.9516438224549	77.1307696562836	0.841575	76.2891946562836	18.4803697216851	80.1856665641707	259.984658210027
10	519325	519408	83	519366.5	4.02824096653145	7.92178390704901	11.9500248735805	0.101675	11.8483498735805	8.23077937875127	14.6185857660874	22.8493651448387	0.836675	22.0126901448387	13.1044447356068	23.1369886664423	184.355326052874
10	521741	521955	214	521848	122.749001125663	81.6757030507392	204.424704176402	0.26215	204.162554176402	127.650829289862	85.8842413750309	213.535070664893	0.99715	212.537920664893	225.806710371602	223.393298559005	3176.68322125639
10	524580	524710	130	524645	21.887779236784	20.2389034008945	42.1266826376785	0.15925	41.9674326376785	24.5750398552484	23.4943556925667	48.0693955478151	0.89425	47.1751455478151	46.4165818501075	49.5846169048758	652.995548753426
10	525660	526289	629	525974.5	604.930234807901	465.271381494431	1070.20161630233	0.770525	1069.43109130233	611.899532673538	470.589403559349	1082.48893623289	1.505525	1080.98341123289	1182.80611089652	1136.19465725191	16639.8966633945
10	528471	528737	266	528604	255.561154776832	127.362533514807	382.92368829164	0.32585	382.59783829164	264.687821026451	130.328790044615	395.016611071066	1.06085	393.955761071066	423.158691408587	414.077058233524	5953.06097287498
10	529648	529837	189	529742.5	28.6200805755811	24.1228464820971	52.7429270576782	0.231525	52.5114020576782	31.8864327075173	25.4956263641452	57.3820590716624	0.966525	56.4155340716624	58.0783631135399	59.2969584289265	817.055265174356
10	538450	538656	206	538553	40.7159033125085	42.2991801097453	83.0150834222538	0.25235	82.7627334222538	47.4267049663813	45.0506397873789	92.4773447537602	0.98735	91.4899947537602	91.5367690751637	96.1628477838243	1287.75322031202
10	542728	542841	113	542784.5	8.59817399461991	19.6011127476528	28.1992867422727	0.138425	28.0608617422727	10.2760494055236	36.9005592259945	47.1766086315181	0.873425	46.3031836315181	31.0357151720396	48.6681195189503	436.615171818691
10	545185	545771	586	545478	578.494522220625	662.709388060188	1241.20391028081	0.71785	1240.48606028081	604.274244421375	680.567126356819	1284.84137077819	1.45285	1283.38852077819	1371.99535763946	1348.93761119194	19301.4398247177
10	548402	548881	479	548641.5	184.548295463185	136.070405901808	320.618701364993	0.586775	320.031926364993	185.437282435169	137.50108493535	322.93836737052	1.321775	321.61659237052	353.959896308538	338.043165267614	4979.5617754254
10	549995	550270	275	550132.5	212.818881160578	53.0594224194703	265.878303580048	0.336875	265.541428580048	225.794691001382	54.5636003758928	280.358291377275	1.071875	279.286416377275	293.692624962109	293.550974819286	4131.71261557517
10	554890	555161	271	555025.5	165.834869706568	157.399093332027	323.233963038595	0.331975	322.901988038595	168.891524911591	159.551161793679	328.44268670527	1.066975	327.37571170527	357.134225644757	344.096431719832	5024.21872439081
10	555649	555861	212	555755	46.9789115287494	32.1483288694552	79.1272403982046	0.2597	78.8675403982046	49.6408725179773	33.0060163001317	82.6468888181089	0.9947	81.6521888181089	87.2286297762058	85.8225757435534	1227.145659964
10	559016	559605	589	559310.5	415.839005920951	527.48726972681	943.326275647762	0.721525	942.604750647762	418.327469452767	532.88499062375	951.212460076517	1.456525	949.755935076517	1042.53436083342	998.264735530473	14666.5323018642
10	567403	567652	249	567527.5	73.0668292129245	62.6065825067939	135.673411719718	0.305025	135.368386719718	80.7200170562219	68.2864992681818	149.006516324404	1.040025	147.966491324404	149.719375410437	155.523882372399	2106.27499501952
10	569403	569600	197	569501.5	38.9148297070621	78.2897526715035	117.204582378566	0.241325	116.963257378566	48.2916922900786	95.3282029747181	143.619895264797	0.976325	142.643570264797	129.363038631369	149.929093029608	1819.89894629231
10	570472	571116	644	570794	530.48602578034	956.660680233396	1487.14670601374	0.7889	1486.35780601374	542.375751537598	982.76909761715	1525.14484915475	1.5239	1523.62094915475	1643.93303152506	1601.43991491258	23127.1004724383
10	571324	571390	66	571357	3.38065045690561	12.6816141522127	16.0622646091184	0.08085	15.9814146091184	16.1439634118306	39.1913256550416	55.3352890668722	0.81585	54.5194390668722	17.6756735559433	57.3040203396846	248.664069890422
10	572038	572369	331	572203.5	137.005292201143	321.599686988747	458.60497918989	0.405475	458.19950418989	149.58900778805	345.619934974414	495.208942762464	1.140475	494.068467762464	506.775217191011	519.303023113097	7129.39100326094
10	572658	573967	1309	573312.5	1783.91515690176	1352.72847589946	3136.64363280122	1.603525	3135.04010780122	1794.19660622815	1366.87656856057	3161.07317478873	2.338525	3158.73464978873	3467.39928132936	3320.06707547265	48779.9016259027
10	576649	577056	407	576852.5	186.206771158389	203.110323438521	389.31709459691	0.498575	388.81851959691	187.006459439037	207.650656900388	394.657116339425	1.233575	393.423541339425	430.038854068579	413.517655370084	6049.85214991992
10	578142	579862	1720	579002	1347.53075207158	1088.59334677336	2436.12409884494	2.107	2434.01709884494	1352.54967851971	1093.11758047117	2445.66725899088	2.842	2442.82525899088	2692.05778844009	2567.59260042658	37872.2793185233
10	580240	580367	127	580303.5	8.75637167624871	2.62936146697063	11.3857331432193	0.155575	11.2301581432193	17.9616367740092	4.73293063937477	22.694567413384	0.890575	21.803992413384	12.4207158237361	22.9176316948223	174.736523499783
10	581596	581803	207	581699.5	20.9254933389876	38.8077312765789	59.7332246155665	0.253575	59.4796496155665	24.0339477848986	43.8362575840287	67.8702053689272	0.988575	66.8816303689272	65.7853447608315	70.2976107716611	925.478257764753
10	582401	582550	149	582475.5	20.7987951957363	33.8121044869899	54.6108996827262	0.182525	54.4283746827262	28.0253892907224	41.7319884218828	69.7573777126052	0.917525	68.8398527126052	60.1985623052119	72.3558493546756	846.882550585059
10	583590	583705	115	583647.5	18.556528055937	13.1802068453867	31.7367349013236	0.140875	31.5958599013236	21.1331902952095	16.4513589069803	37.5845492021898	0.875875	36.7086742021898	34.9454737890643	38.5835703581795	491.618252008052
10	585471	585978	507	585724.5	69.0582879576957	51.0552517903905	120.113539748086	0.621075	119.492464748086	73.2823260548398	56.8305671537213	130.112893208561	1.356075	128.756818208561	132.160378223161	135.333074877136	1859.25234606851
10	587416	587598	182	587507	26.9475050870077	24.3798427158429	51.3273478028506	0.22295	51.1043978028506	28.1151879747317	26.0578181252811	54.1730061000128	0.95795	53.2150561000128	56.5221962466866	55.9330159907227	795.162872484729
10	594615	594773	158	594694	10.7352426760921	13.0430088560095	23.7782515321016	0.19355	23.5847015321016	11.7399279525298	15.2623763314011	27.0023042839309	0.92855	26.0737542839309	26.0850178405315	27.405471725152	366.968007123543
10	598346	598713	367	598529.5	485.797380687965	290.023349736811	775.820730424776	0.449575	775.371155424776	489.522426097797	300.149101344934	789.671527442731	1.184575	788.486952442731	857.571608220668	828.758936879986	12064.4481042095
10	604280	604484	204	604382	14.7541837789121	75.1731983442955	89.9273821232076	0.2499	89.6774821232076	16.2427619639477	81.8372006840076	98.0799626479552	0.9849	97.0950626479552	99.1845802200987	102.054194615553	1395.34379325589
10	605915	606402	487	606158.5	83.2753796076393	277.151338374851	360.42671798249	0.596575	359.83014298249	88.2568066053247	287.766782806574	376.023589411899	1.331575	374.692014411899	397.977294157552	393.829415387796	5598.80523794348
10	606806	606912	106	606859	6.65260250677551	8.50907530035237	15.1616778071279	0.12985	15.0318278071279	17.5502428029467	27.5899956713724	45.1402384743191	0.86485	44.2753884743191	16.6254169462787	46.536754689787	233.888899814898
10	609247	609471	224	609359	53.333318405552	36.8806595176228	90.2139779231748	0.2744	89.9395779231748	72.4745378928945	52.9123245751745	125.386862468069	1.0094	124.377462468069	99.4744619304424	130.730043468099	1399.42189334372
10	615217	615433	216	615325	45.7217299526196	50.126265404593	95.8479953572127	0.2646	95.5833953572127	48.3102920175014	51.6992423527732	100.009534370275	0.9996	99.0099343702746	105.716604882949	104.06686844349	1487.23731189031
10	617410	617508	98	617459	10.6181443921557	11.8060269838551	22.4241713760109	0.12005	22.3041213760109	18.8537237005645	20.4051009652858	39.2588246658503	0.85505	38.4037746658503	24.6686778384165	40.3652481067026	347.042720080884
10	617795	618106	311	617950.5	42.2294811311769	27.9039910698012	70.1334722009781	0.380975	69.7524972009781	51.6965423923408	38.8690303782466	90.5655727705875	1.115975	89.4495977705875	77.1472613902952	94.0182374902123	1085.3194328066
10	620309	620638	329	620473.5	77.5101640962961	128.381818577287	205.891982673583	0.403025	205.488957673583	90.0586801990474	139.495655705115	229.554335904162	1.138025	228.416310904162	227.273731645566	240.082677848409	3197.32150015678
10	621896	621978	82	621937	13.6794995283023	5.01632648623697	18.6958260145393	0.10045	18.5953760145393	28.7102792537285	9.11266645478436	37.8229457085129	0.83545	36.9874957085129	20.5667523258848	38.8766326776556	289.336206713504
10	622884	623895	1011	623389.5	260.549081679262	865.661913811218	1126.21099549048	1.238475	1124.97252049048	265.745105532053	871.963321464719	1137.70842699677	1.973475	1135.73495199677	1244.23572743373	1193.7426338867	17504.0978725651
10	624155	624311	156	624233	21.7851807403547	5.25262302333485	27.0378037636896	0.1911	26.8467037636896	34.4717948192941	8.52867501312054	43.0004698324146	0.9261	42.0743698324146	29.6928390500138	44.2233189835058	417.723385839236
10	624615	624729	114	624672	10.8078416121619	3.17085353145858	13.9786951436205	0.13965	13.8390451436205	23.2580591554688	6.33100721972229	29.5890663751911	0.87465	28.7144163751911	15.3061822290144	30.1810056774035	215.329704721289
10	628747	628863	116	628805	26.2441153951133	17.1346488934339	43.3787642885472	0.1421	43.2366642885472	35.423280875361	21.8893792133365	57.3126600886976	0.8771	56.4355600886976	47.8203702428336	59.3180072751206	672.744257841961
10	633000	633512	512	633256	450.578496817186	474.043252943532	924.621749760718	0.6272	923.994549760718	454.428640393717	480.018765372995	934.447405766712	1.3622	933.085205766712	1021.95121198612	980.742548439099	14376.9654263881
10	636771	637039	268	636905	108.136615268717	102.724994575477	210.861609844194	0.3283	210.533309844194	113.144741875122	107.626822739675	220.771564614797	1.0633	219.708264614797	232.852857426963	230.929867947474	3275.8094920764
10	637626	637812	186	637719	48.9959819687838	26.5482109386235	75.5441929074073	0.22785	75.3163429074072	57.7415538033031	32.7176205265429	90.459174329846	0.96285	89.496324329846	83.3009544661488	94.0673506092756	1171.89052500601
10	638569	638704	135	638636.5	1.86727263530625	9.76705686475834	11.6343295000646	0.165375	11.4689545000646	3.98184164650885	22.9100642552993	26.8919059018082	0.900375	25.9915309018082	12.6848280161284	27.3190487823961	178.452094081017
10	638999	640006	1007	639502.5	1114.96486030147	995.756607286494	2110.72146758796	1.233575	2109.48789258796	1137.54302942066	1007.25823873124	2144.80126815189	1.968575	2142.83269315189	2333.12383612933	2252.27790921147	32822.7417650626
10	640385	640779	394	640582	278.463319147904	37.0594568973651	315.522776045269	0.48265	315.040126045269	310.603448137527	42.6767745761362	353.280222713664	1.21765	352.062572713664	348.438893627239	370.044174571932	4901.89146813767
10	641706	641977	271	641841.5	167.808140788477	75.9286872726808	243.736828061158	0.331975	243.404853061158	176.124918906926	77.4644647660152	253.589383672941	1.066975	252.522408672941	269.209255242438	265.419994968604	3787.27683835534
10	647075	647351	276	647213	34.9956871417045	35.5770786214705	70.5727657631749	0.3381	70.2346657631749	42.5813759741932	41.9629850366505	84.5443610108437	1.0731	83.4712610108437	77.6805467290953	87.7345570793108	1092.8217722416
10	649481	649609	128	649545	34.0534009508144	15.3786746270612	49.4320755778755	0.1568	49.2752755778755	39.3295236297641	18.7872246751011	58.1167483048652	0.8918	57.2249483048652	54.4991608563068	60.1477135077854	766.702502241295
10	654268	654514	246	654391	44.8696424398769	36.3797668581546	81.2494092980316	0.30135	80.9480592980316	47.6366018903629	39.0045283925368	86.6411302828997	1.03635	85.6047802828997	89.5297134912438	89.9770458842864	1259.51765642167
10	656049	656133	84	656091	10.9607393714606	11.5771303383126	22.5378697097732	0.1029	22.4349697097732	13.527601754349	20.0141066952678	33.5417084496168	0.8379	32.7038084496168	24.8133979704881	34.3741560195312	349.078664958577
10	662859	663227	368	663043	75.6049920164024	109.79439097418	185.399382990582	0.4508	184.948582990582	97.931464824176	133.898437731785	231.829902555961	1.1858	230.644102555961	204.555782922408	242.424253996517	2877.72193461926
10	663515	663764	249	663639.5	38.5163355469541	58.9123366455976	97.4286721925517	0.305025	97.1236471925517	72.6900347348099	84.9446551445732	157.634689879383	1.040025	156.594664879383	107.420145483157	164.592740037688	1511.20298072498
10	667221	667619	398	667420	87.217121841801	66.2171295945874	153.434251436388	0.48755	152.946701436388	93.4290308068963	70.125172322612	163.554203129508	1.22255	162.331653129508	169.161243367371	170.622745059758	2379.78615696434
10	669321	669424	103	669372.5	18.3914304754255	5.85311422319636	24.2445446986219	0.126175	24.1183696986219	23.4198567843408	6.77350073502407	30.1933575193648	0.861175	29.3321825193648	26.675262479653	30.8303242378435	375.271658677779
10	676809	676951	142	676880	21.7784808385411	21.1041907201954	42.8826715587365	0.17395	42.7087215587365	24.9244347349014	23.0921615866811	48.0165963215825	0.90895	47.1076463215825	47.2364580187529	49.5136701545213	664.52969166777
10	683473	683603	130	683538	19.493914318635	21.5077848055644	41.0016991241994	0.15925	40.8424491241994	27.1010028375135	32.7368202451729	59.8378230826864	0.89425	58.9435730826864	45.1723339642708	61.9541170752131	635.491279834596
10	696975	697084	109	697029.5	17.6340415748841	9.04316747328498	26.6772090481691	0.133525	26.5436840481691	30.9591462968069	17.0630499427094	48.0221962395163	0.868525	47.1536712395163	29.3576949026679	49.5620457959173	413.008526888304
10	700661	700860	199	700760.5	71.7227489102869	92.0560509277791	163.778799838066	0.243775	163.535024838066	77.2762675240269	95.8485953484199	173.124862872447	0.978775	172.146087872447	180.872080770089	180.938452223253	2544.53600263037
10	703595	704033	438	703814	14.6399854524772	76.0458855551517	90.6858710076288	0.53655	90.1493210076288	23.5591547429431	96.0452924658433	119.604447208786	1.27155	118.332897208786	99.7064407872647	124.376751935924	1402.68540726206
10	705190	705654	464	705422	1139.0351075544	253.181589649121	1392.21669720352	0.5684	1391.64829720352	1152.15811523804	256.74723739491	1408.90535263295	1.3034	1407.60195263295	1539.18295768505	1479.49524618038	21653.4604665884
10	706748	706819	71	706783.5	9.9934535469376	0.831087820491098	10.8245413674287	0.086975	10.7375663674287	34.3599964576879	4.93202772162693	39.2920241793148	0.821975	38.4700491793148	11.8759022613465	40.4349075920636	167.072003258079
10	707048	707167	119	707107.5	12.9096108109445	4.66893157727462	17.5785423882191	0.145775	17.4327673882191	27.3475992236681	6.96679790227341	34.3143971259415	0.880775	33.4336221259415	19.2808905261143	35.1412449417227	271.246506910237
10	715974	716147	173	716060.5	17.5072434330982	97.0583776191817	114.56562105228	0.211925	114.35369605228	19.1585192338165	102.292200918025	121.450720151841	0.946925	120.503795151841	126.476826412	126.658528528152	1779.29527284449
10	716937	717039	102	716988	13.7273988263429	23.920949440878	37.6483482672209	0.12495	37.5233982672209	19.8692088187317	32.330426200837	52.1996350195687	0.85995	51.3396850195687	41.5014161576548	53.9618603006134	583.848248572602
10	717927	718191	264	718059	140.323543572501	149.508808963355	289.832352535856	0.3234	289.508952535856	173.880151803763	182.788121258361	356.668273062125	1.0584	355.609873062125	320.201049888735	373.772653345711	4504.6371781259
10	719194	719449	255	719321.5	90.6942708845295	14.5732864299447	105.267557314474	0.312375	104.955182314474	94.0355219188297	15.5780717049169	109.613593623747	1.047375	108.566218623747	116.081935546349	114.111240076901	1633.05836365184
10	721439	721589	150	721514	50.2686633177659	40.2285104552021	90.4971737729679	0.18375	90.3134237729679	61.671296213321	52.5777294786322	114.249025691953	0.91875	113.330275691953	99.8879407971641	119.118621440474	1405.2387770674
10	724263	724363	100	724313	11.4905316074083	20.197604006133	31.6881356135413	0.1225	31.5656356135413	14.9089815103668	24.9680340959571	39.8770156063239	0.8575	39.0195156063239	34.9120452936922	41.0124380261293	491.147974839647
11	2586	2794	208	2690	42.9746702105055	0.599491214516199	43.5741614250217	0.2548	43.3193614250217	87.1484228485779	2.27716662835077	89.4255894769286	0.9898	88.4357894769286	47.9118344607446	92.9526489208012	862.206848838081
11	13650	13740	90	13695	4.02224105445957	15.2868759723613	19.3091170268209	0.11025	19.1988670268209	7.28269327285834	28.2200864374552	35.5027797103136	0.84525	34.6575297103136	21.2342220329124	36.4276636266751	382.124622707277
11	14334	14543	209	14438.5	55.8044821908939	60.1486185280102	115.953100718904	0.256025	115.697075718904	60.2230174377017	64.0881607944123	124.311178232114	0.991025	123.320153232114	127.962623572621	129.618732145028	2302.77658289205
11	20108	20350	242	20229	79.5047348660609	94.230319064097	173.735053930158	0.29645	173.438603930158	103.387184871144	114.660619660085	218.047804531229	1.03145	217.016354531229	191.825581154679	228.10046851084	3452.03500795656
11	20569	20690	121	20629.5	17.8755380357776	12.9993094964192	30.8748475321969	0.148225	30.7266225321969	70.0739730729319	64.4126560389669	134.486629111899	0.883225	133.603404111899	33.9840848034769	140.427200237491	611.567288099963
11	20993	21075	82	21034	14.5498867728643	7.35579220160085	21.9056789744652	0.10045	21.8052289744652	45.5701321742699	22.000477585201	67.5706097594709	0.83545	66.7351597594709	24.11689569366	70.1436591733485	434.000344044939
11	21711	22028	317	21869.5	103.184487841649	16.1812628652108	119.36575070686	0.388325	118.97742570686	144.449183111666	29.1074734328875	173.556656544554	1.123325	172.433331544554	131.590737663552	181.240366870773	2368.06702423655
11	24905	25134	229	25019.5	146.383854759247	113.585635413871	259.969490173118	0.280525	259.688965173118	151.633277829476	118.628661508828	270.261939338305	1.015525	269.246414338305	287.219716573887	282.998179506298	5168.71895093556
11	30742	30977	235	30859.5	111.526565589334	128.602615341532	240.129180930866	0.287875	239.841305930866	115.408008707173	136.492399717531	251.900408424704	1.022875	250.877533424704	265.267921054141	263.691107689233	4773.68109328631
11	31773	31909	136	31841	39.7676172095465	67.0712170780207	106.838834287567	0.1666	106.672234287567	43.7022595477565	72.967030675462	116.669290223219	0.9016	115.767690223219	117.981019632289	121.680526960165	2123.15066423108
11	34134	34403	269	34268.5	179.206073752909	164.763785403201	343.96985915611	0.329525	343.64033415611	189.445023702122	174.746039114271	364.191062816393	1.064525	363.126537816393	380.071133611229	381.673231879486	6839.64490472074
11	38243	38658	415	38450.5	108.153515021053	251.348116518487	359.501631539539	0.508375	358.993256539539	123.729186761141	262.444553901307	386.173740662447	1.243375	384.930365662447	397.051685759872	404.5906906017	7145.2217736592
11	38926	39082	156	39004	99.7092387710766	44.0511544347368	143.760393205813	0.1911	143.569293205813	114.81851734611	55.7155834936954	170.534100839805	0.9261	169.608000839805	158.789695495139	178.270732352475	2857.53122421132
11	45307	45403	96	45355	7.57798894532979	14.7671835884012	22.345172533731	0.1176	22.227572533731	10.3812478638507	18.0757351019096	28.4569829657603	0.8526	27.6043829657603	24.5840137219839	29.0142772928042	442.406458479288
11	46416	47101	685	46758.5	115.272110698745	159.164667457715	274.436778156459	0.839125	273.597653156459	119.978741723538	163.734600485803	283.713342209341	1.574125	282.139217209341	302.602924781548	296.549482502119	5445.55050253507
11	47979	48152	173	48065.5	46.0029258317222	16.8945524120238	62.897478243746	0.211925	62.685553243746	50.194364406609	18.8981230498965	69.0924874565055	0.946925	68.1455624565055	69.3311201111051	71.6260982119981	1247.66182030429
11	49830	50007	177	49918.5	75.0166006392192	71.0410589003858	146.057659539605	0.216825	145.840834539605	81.6231038215757	75.5642926128481	157.187396434424	0.951825	156.235571434424	161.302052759309	164.215305888951	2902.74284393485
11	53455	53676	221	53565.5	58.4171439025977	50.7090568638425	109.12620076644	0.270725	108.85547576644	61.6834960345339	52.0032378977489	113.686733932283	1.005725	112.681008932283	120.395715991667	118.436193370068	2166.60480791715
11	63558	63725	167	63641.5	12.260020330628	23.806551117374	36.066571448002	0.204575	35.861996448002	13.0488087710123	26.3264141890327	39.375222960045	0.939575	38.435647960045	39.6638819393129	40.3987493299376	713.779195568067
11	67559	68071	512	67815	101.262916002092	283.05085191807	384.313767920162	0.6272	383.686567920162	112.284154486944	336.478168946081	448.762323433026	1.3622	447.400123433026	424.362841978178	470.251092307402	7636.70506178926
11	68406	68496	90	68451	10.4276471838733	43.9547558474485	54.3824030313217	0.11025	54.2721530313217	29.9991603653047	101.698209622908	131.697369988212	0.84525	130.852119988212	60.025778920253	137.535394230635	1080.20572107892
11	68781	69183	402	68982	44.782343719231	89.4135896527849	134.195933372016	0.49245	133.703483372016	55.0699929547602	114.348824229416	169.418817184176	1.22745	168.191367184176	147.877968451418	176.781744108915	2661.16709214171
11	69555	69741	186	69648	20.1140052312647	41.3448940947115	61.4588993259762	0.22785	61.2310493259762	25.0944322436049	48.7281858933085	73.8226181369133	0.96285	72.8597681369133	67.7224179364134	76.5810820272975	1218.71210363468
11	70323	71055	732	70689	88.3658050079641	630.025667036851	718.391472044815	0.8967	717.494772044815	90.9060677806671	636.736568689259	727.642636469926	1.6317	726.010936469926	793.559498889675	763.091957334272	14280.6561803386
11	73940	74185	245	74062.5	47.2020082592891	46.9692116708998	94.1712199301889	0.300125	93.8710949301889	55.4327876380404	58.0817488177792	113.51453645582	1.035125	112.47941145582	103.822776075047	118.224299299083	1868.36320514155
11	74478	74661	183	74569.5	65.1770448369255	48.1590942332898	113.336139070215	0.224175	113.111964070215	77.6412621750668	61.9211925511152	139.562454726182	0.959175	138.603279726182	125.103453047015	145.682444583372	2251.32381684959
11	75594	75771	177	75682.5	53.4371168843957	90.9381673102517	144.375284194647	0.216825	144.158459194647	57.4765576867947	94.5943137297916	152.070871416586	0.951825	151.119046416586	159.441321520969	158.837454269256	2869.25768863658
11	78709	78828	119	78768.5	5.7255160931342	36.4194662763636	42.1449823694978	0.145775	41.9992073694978	7.09349604552479	42.078983336707	49.1724793822318	0.880775	48.2917043822318	46.4517251588008	50.7582040006526	835.931164461613
11	79902	80072	170	79987	15.3750746798181	60.141418633524	75.516493313342	0.20825	75.308243313342	16.5005581859698	70.8059623457023	87.3065205316721	0.94325	86.3632705316721	83.2919961990533	90.7742760353486	1498.8975142469
11	80537	81019	482	80778	521.490657606561	323.924252922465	845.414910529026	0.59045	844.824460529026	526.244287942584	336.861163333337	863.105451275921	1.32545	861.780001275921	934.387958864847	905.795429422453	16814.962454948
11	81610	81925	315	81767.5	70.604765294225	31.6739358216379	102.278701115863	0.385875	101.892826115863	75.3908951539705	35.3551818733451	110.746077027316	1.120875	109.625202027316	112.694925710074	115.224311075725	2028.02372044709
11	82650	82929	279	82789.5	119.83624381183	68.7044931425233	188.540736954354	0.341775	188.198961954354	137.562184039949	73.8693174525395	211.431501492488	1.076775	210.354726492488	208.150748631135	221.098597707306	3745.81777300934
11	84306	84547	241	84426.5	62.2897871493982	31.9187322341709	94.2085193835691	0.295225	93.9132943835691	93.1222353029537	44.2945508677864	137.41678617074	1.030225	136.38656117074	103.869449275163	143.352507090204	1869.2031219022
11	88893	89163	270	89028	136.382201332477	153.561949564985	289.944150897463	0.33075	289.613400897463	141.235930201566	161.403034654667	302.638964856233	1.06575	301.573214856234	320.316571273316	316.976071907651	5764.31991504031
11	91930	92635	705	92282.5	253.881779387911	138.942463812087	392.824243199998	0.863625	391.960618199998	259.777392988283	151.603278269117	411.3806712574	1.598625	409.7820462574	433.514060146837	430.711671203532	7801.38760982849
11	93432	93994	562	93713	146.554252262088	172.568071032176	319.122323294264	0.68845	318.433873294264	150.814489828733	174.235046602815	325.049536431548	1.42345	323.626086431548	352.192426713753	340.15529427181	6337.9481466171
11	94411	94557	146	94484	18.0669352308709	20.1379048810177	38.2048401118886	0.17885	38.0259901118886	20.170504403275	21.7531812093047	41.9236856125797	0.91385	41.0098356125797	42.0572899395136	43.1044136603808	756.850240395784
11	96302	96584	282	96443	212.121691377825	181.080646281237	393.202337659061	0.34545	392.856887659061	214.198860937113	182.02763240325	396.226493340362	1.08045	395.146043340362	434.505347011238	415.328134189864	7819.22650773899
11	98381	98532	151	98456.5	32.6013222308828	17.390745140369	49.9920673712518	0.184975	49.8070923712518	40.3485086966398	18.9323225487063	59.2808312453461	0.919975	58.3608562453461	55.0873578502027	61.341637965546	991.33539254804
11	99645	100347	702	99996	841.821263193569	379.464638983662	1221.28590217723	0.85995	1220.42595217723	851.809516816711	384.044571865203	1235.85408868191	1.59495	1234.25913868191	1349.80859063489	1297.29894507383	24290.7462125965
11	112559	112754	195	112656.5	29.6901648936025	44.426548933368	74.1167138269704	0.238875	73.8778388269704	30.5478523242789	46.3516207216334	76.8994730459123	0.973875	75.9255980459123	81.7099483408096	79.8034992507726	1470.42746057603
11	114850	115008	158	114929	22.0992761373181	21.3851866022288	43.4844627395469	0.19355	43.2909127395469	28.1274877944791	26.119317224018	54.246805018497	0.92855	53.318255018497	47.8803698069673	56.0414857957146	861.640620466982
11	118317	118769	452	118543	186.691264058194	301.795877211599	488.487141269793	0.5537	487.933441269793	191.887487908053	306.225112301601	498.112600209654	1.2887	496.823900209654	539.661377660026	522.19918931915	9711.58255802333
11	122349	122431	82	122390	6.47920504789793	5.71231628657604	12.191521334474	0.10045	12.091071334474	11.3700333732979	13.049308763685	24.4193421369829	0.83545	23.5838921369829	13.3728981493194	24.78843982692	240.654621200203
11	125521	125721	200	125621	29.6889649111881	9.16166573670478	38.8506306478929	0.245	38.6056306478929	31.4355393153148	9.55605995689692	40.9915992722118	0.98	40.0115992722118	42.6983806780242	42.0551923820384	768.387114984115
11	127135	127352	217	127243.5	40.1720112831918	58.8081381726158	98.9801494558076	0.265825	98.7143244558076	51.05855174203	63.4420702628044	114.500622004834	1.000825	113.499797004834	109.179457329189	119.296801057279	1964.76041715288
11	130405	130487	82	130446	12.6468146621958	10.9862389977661	23.6330536599619	0.10045	23.5326036599619	19.8355093125945	14.1210930567933	33.9566023693879	0.83545	33.1211523693879	26.0273968474327	34.8128157870661	468.381143653968
11	134138	134348	210	134243	19.3758160493534	44.9296415605958	64.3054576099492	0.25725	64.0482076099492	20.8909938445743	48.3336916745818	69.2246855191561	0.99225	68.2324355191561	70.8382353656487	71.7174083177935	1274.78340955424
11	135913	136063	150	135988	14.9240812890811	24.3122437064997	39.2363249955808	0.18375	39.0525749955808	16.2075624797926	30.0513596003301	46.2589220801227	0.91875	45.3401720801227	43.1927075308485	47.6559221362732	777.282871176019
11	140787	141171	384	140979	24.6018394625028	26.7004087081804	51.3022481706832	0.4704	50.8318481706832	26.2906147136704	29.4470684561564	55.7376831698268	1.2054	54.5322831698268	56.2207524481361	57.317520455415	1011.73161815228
11	143224	143484	260	143354	167.166150196785	231.321910000541	398.488060197326	0.3185	398.169560197326	174.975635749555	242.709243120313	417.684878869868	1.0535	416.631378869868	440.381238964033	437.910833595072	7924.96727808839
11	146943	147142	199	147042.5	20.3673015192329	35.0209867709409	55.3882882901738	0.243775	55.1445132901738	24.5708399167981	39.986713998705	64.557553915503	0.978775	63.578778915503	60.9906218666246	66.8260661243688	1097.56874225684
11	151015	151154	139	151084.5	31.8133337787748	28.6848796259575	60.4982134047323	0.170275	60.3279384047323	35.2004841404249	34.6637920055945	69.8642761460194	0.905275	68.9590011460194	66.7235643168091	72.4810832963424	1200.73703669135
11	153030	153236	206	153133	50.2616634203487	46.8266137606579	97.0882771810066	0.25235	96.8359271810066	52.1445358270418	48.7784851561778	100.92302098322	0.98735	99.9356709832196	107.101923027638	105.039887069605	1927.37373965128
11	155372	155460	88	155416	6.63850271340658	3.57134766225714	10.2098503756637	0.1078	10.1020503756637	12.7984124405455	7.21639424446398	20.0148066850095	0.8428	19.1720066850095	11.1730124681232	20.1512172508377	201.066145360434
11	158350	158493	143	158421.5	22.3427725689022	8.11448108309116	30.4572536519934	0.175175	30.2820786519934	28.5182820674281	12.285419958399	40.8037020258271	0.910175	39.8935270258271	33.4924129020868	41.9310895936719	602.719309609239
11	164602	164838	236	164720	70.4067681958527	77.1796689396695	147.586437135522	0.2891	147.297337135522	74.2571117694526	83.3070791430857	157.564190912538	1.0241	156.540090912538	162.912965500671	164.535378704563	2931.73234129214
11	166017	166475	458	166246	362.797383240628	347.808302904101	710.605686144729	0.56105	710.044636144729	366.859023717693	350.611861818226	717.470885535918	1.29605	716.174835535918	785.319541830917	752.753477378633	14132.3724109911
11	171290	171654	364	171472	281.380276400187	216.834722308828	498.214998709015	0.4459	497.769098709015	290.047749379237	240.134280856127	530.182030235364	1.1809	529.001130235364	550.539755723291	556.019871912864	9907.34655195017
11	178202	178418	216	178310	60.1694182231928	61.6287968361451	121.798215059338	0.2646	121.533615059338	62.6471819118137	63.9326630732158	126.57984498503	0.9996	125.58024498503	134.417919715121	131.994258122465	2418.9441353973
11	179381	179636	255	179508.5	93.6300278613046	94.7467114964175	188.376739357722	0.312375	188.064364357722	98.2850596422793	96.3668877528965	194.651947395176	1.047375	193.604572395176	208.001881760607	203.492929206059	3743.1388099352
11	188778	188955	177	188866.5	10.4232472483539	32.408325059237	42.8315723075909	0.216825	42.6147473075909	11.1964359173513	34.5963929933203	45.7928289106715	0.951825	44.8410039106715	47.1325211504255	47.1312589441213	848.182562748632
11	191466	191689	223	191577.5	41.8939860478238	117.079884206005	158.973870253829	0.273175	158.700695253829	43.5921611612373	122.839099805276	166.431260966513	1.008175	165.423085966513	175.525242978641	173.872072881221	3158.69906346727
11	193102	193293	191	193197.5	42.116982779829	48.2495929070408	90.3665756868698	0.233975	90.1326006868698	42.7430736045306	49.4752749447931	92.2183485493237	0.968975	91.2493735493237	99.6879478729192	95.9099368472998	1793.95409025857
11	194752	195247	495	194999.5	205.795784083364	220.266372018344	426.062156101708	0.606375	425.455781101708	209.630427887042	228.240355160419	437.870783047461	1.341375	436.529408047461	470.560190269509	458.825154949586	8468.05853725635
11	196056	196314	258	196185	157.712188743645	272.509306403365	430.22149514701	0.31605	429.90544514701	159.463763074498	278.185823214579	437.649586289077	1.05105	436.598536289077	475.481582463008	458.897813917313	8556.62241928699
11	200211	200460	249	200335.5	42.9602704215329	82.896585158834	125.856855580367	0.305025	125.551830580367	45.3535353484748	87.2884207969219	132.641956145397	1.040025	131.601931145397	138.862123658532	138.32350200536	2498.92068233544
11	201845	202010	165	201927.5	23.0951615427171	13.3501043555557	36.4452658982727	0.202125	36.2431408982727	30.7794489302538	15.7589690538844	46.5384179841382	0.937125	45.6012929841382	40.0854331627447	47.9303797948794	721.365303594816
11	202983	203475	492	203229	149.087515137374	143.51029687095	292.597812008324	0.6027	291.995112008324	150.197398872139	144.241286158375	294.438685030514	1.3377	293.100985030514	322.950777889553	308.071122800233	5811.72429876588
11	204762	205594	832	205178	678.814752037689	373.660124048247	1052.47487608594	1.0192	1051.45567608594	691.792561849184	379.686035739114	1071.4785975883	1.7542	1069.7243975883	1162.92504409683	1124.36058929492	20927.6465614594
11	207901	208105	204	208003	68.3823978627975	67.0317176568808	135.414115519678	0.2499	135.164215519678	70.6863640984027	67.5420101785949	138.228374276998	0.9849	137.243474276998	149.493559137616	144.253187047862	2690.24077237618
11	210195	210493	298	210344	194.949243038338	154.97592884326	349.925171881598	0.36505	349.560121881598	200.581960491427	156.774402486809	357.356362978236	1.10005	356.256312978236	386.618503660467	374.452110191475	6957.46939134013
11	213716	213926	210	213821	50.453260612511	41.8022873916584	92.2555480041694	0.25725	91.9982980041694	53.4098172844686	43.6006610366725	97.0104783211411	0.99225	96.0182283211411	101.751435839496	100.922360957277	1831.087994174
11	216790	217151	361	216970.5	96.554185008074	79.9985276295773	176.552712637651	0.442225	176.110487637651	102.869792453478	82.9534843249824	185.823276778461	1.177225	184.646051778461	194.780722820684	194.076851997267	3505.21484154868
11	219319	219399	80	219359	11.772327477718	15.3651748248994	27.1375023026175	0.098	27.0395023026175	14.5175872462106	18.1686337404894	32.6862209867	0.833	31.8532209867	29.9060769966852	33.480124787554	538.180695826778
11	220020	220253	233	220136.5	110.634878656917	119.878343194868	230.513221851785	0.285425	230.227796851785	117.067684384792	124.690772669195	241.758457053987	1.020425	240.738032053987	254.635242260364	253.033731114445	4582.33862893126
11	223117	223267	150	223192	17.8279387333406	22.9299639636711	40.7579026970117	0.18375	40.5741526970117	22.1664751525233	29.866762305585	52.0332374581083	0.91875	51.1144874581083	44.8755942713721	53.7251607698911	807.567590803841
11	225904	226441	537	226172.5	377.137073093907	406.579341620406	783.716414714313	0.657825	783.058589714313	383.538679279008	409.682996136659	793.221675415668	1.392825	791.828850415668	866.074020698414	832.271522348435	15585.6055325689
11	229982	231262	1280	230622	163.901598038471	261.483167990321	425.384766028792	1.568	423.816766028792	247.079179079338	338.279642545666	585.358821625004	2.303	583.055821625004	468.747416113359	612.835407579838	8435.43640307131
11	231525	231834	309	231679.5	310.07035594994	124.6716729491	434.74202889904	0.378525	434.36350389904	379.874432978172	195.056841461494	574.931274439665	1.113525	573.817749439665	480.412259322435	603.125500701324	8645.3533853511
11	234210	234357	147	234283.5	46.4901186919595	9.90105490103052	56.39117359299	0.180075	56.21109859299	56.5025719604581	12.4149180606173	68.9174900210754	0.915075	68.0024150210754	62.1702804946781	71.4756395188814	1118.79752132252
11	237086	237513	427	237299.5	524.736810034522	364.957751580646	889.694561615168	0.523075	889.171486615168	557.535229376966	381.967602302984	939.502831679951	1.258075	938.244756679951	983.436405166234	986.165623502532	17697.6234259149
11	242761	242955	194	242858	51.3224478746586	62.988176914566	114.310624789225	0.23765	114.072974789225	52.4478313822758	64.6081531739759	117.055984556252	0.97265	116.083334556252	126.166344672596	122.012292832849	2270.45129233583
11	245489	246062	573	245775.5	176.936607011718	202.125237874851	379.061844886569	0.701925	378.359919886569	178.440684969606	204.634101107711	383.074786077317	1.436925	381.637861077317	418.471492927295	401.130021289175	7530.68613018836
11	247786	248551	765	248168.5	436.229107106058	526.326586736503	962.555693842561	0.937125	961.618568842561	440.141849765205	528.178159601888	968.320009367093	1.672125	966.647884367093	1063.56391620655	1016.01944141688	19139.5738245353
11	255490	255701	211	255595.5	65.0782462848084	120.40823542935	185.486481714159	0.258475	185.228006714159	66.5619245416519	123.442790958243	190.004715499895	0.993475	189.011240499895	204.864829564556	198.664992806507	3686.68536958919
11	256548	256679	131	256613.5	19.9785072169746	20.8786940248269	40.8572012418015	0.160475	40.6967262418015	21.6405828594222	25.0811324385122	46.7217152979344	0.895475	45.8262402979344	45.0111623682703	48.1668162965339	810.007233179157
11	258473	259025	552	258749	268.617963430607	203.191922242698	471.809885673306	0.6762	471.133685673306	274.145782420973	211.371002379097	485.51678480007	1.4112	484.10558480007	521.080607246016	508.831285734826	9377.20864627563
11	260588	260869	281	260728.5	84.2611651610506	140.188545550884	224.449710711934	0.344225	224.105485711934	99.8155372132835	157.478092174307	257.29362938759	1.079225	256.21440438759	247.863878412875	269.300559426848	4460.48321782061
11	261945	262106	161	262025.5	46.9544118877892	32.1032295303815	79.0576414181707	0.197225	78.8604164181707	49.026881515954	33.1817137253035	82.2085952412575	0.932225	81.2763702412575	87.2207505522086	85.4275622265303	1569.59818661352
11	263201	263297	96	263249	17.3988450216661	9.92835450095761	27.3271995226237	0.1176	27.2095995226237	23.5887543091644	12.6892140408371	36.2779683500016	0.8526	35.4253683500016	30.0942069593412	37.2347196378771	541.566225604531
11	264337	264721	384	264529	412.673052317685	395.625502147828	808.298554465513	0.4704	807.828154465513	416.171201052665	396.645987192722	812.817188245387	1.2054	811.611788245387	893.469514237216	853.064874062536	16078.6065295524
11	269513	269708	195	269610.5	35.2581832948496	48.1209947916334	83.3791780864829	0.238875	83.1403030864829	38.0456424449145	53.3549180890108	91.4005605339253	0.973875	90.4266855339253	91.9543665340102	95.045230027595	1654.78290486143
11	270614	270903	289	270758.5	112.895945521208	154.821431107409	267.717376628617	0.354025	267.363351628617	116.472393108726	166.044866629084	282.51725973781	1.089025	281.42823473781	295.707697960226	295.802186588825	5321.46609089546
11	271692	271885	193	271788.5	15.3729747105929	36.2835682679353	51.6565429785282	0.236425	51.4201179785282	18.439129776397	43.0478691377825	61.4869989141795	0.971425	60.5155739141795	56.8713872849517	63.6064078757731	1023.44024544048
11	273188	273376	188	273282	63.486969604809	35.0026870391217	98.4896566439307	0.2303	98.2593566439307	67.0115179529055	37.0749566702174	104.086474623123	0.9653	103.121174623123	108.676256410004	108.388090361815	1955.70496595284
11	275067	275225	158	275146	31.9704314765237	15.4292738855341	47.3997053620578	0.19355	47.2061553620578	34.2319983334876	16.5655572334153	50.7975555669028	0.92855	49.8690055669028	52.2106842491152	52.4160658700187	939.567646465149
11	277977	279081	1104	278529	627.685201336142	448.827922471678	1076.51312380782	1.3524	1075.16072380782	631.304848290578	453.856748774732	1085.16159706531	2.0874	1083.07419706531	1189.1431665477	1138.3922300061	21399.4599452558
11	280322	280422	100	280372	20.9290932862308	3.54974797879834	24.4788412650291	0.1225	24.3563412650291	26.6727091141152	5.44832015541295	32.1210292695281	0.8575	31.2635292695281	26.9384624420025	32.8603145559499	484.776403911064
11	282434	282806	372	282620	65.8598348307064	98.7521527970758	164.611987627782	0.4557	164.156287627782	69.3734833385389	100.577126052275	169.950609390814	1.1907	168.759909390814	181.559206317611	177.379324618377	3267.28443856411
11	284683	284959	276	284821	158.846172125232	155.03682795079	313.883000076022	0.3381	313.544900076022	161.782129099076	155.820916460051	317.603045559127	1.0731	316.529945559127	346.785152280106	332.696717884264	6240.64047508435
11	288627	288764	137	288695.5	22.1156758969813	7.86238477753731	29.9780606745186	0.167825	29.8102356745186	24.3352433694419	11.4604320485144	35.7956754179563	0.902825	34.8928504179563	32.9705478079448	36.6750033434423	593.327983574596
11	291135	291384	249	291259.5	118.739559883624	113.423937783534	232.163497667158	0.305025	231.858472667158	120.63353212765	114.339524365704	234.973056493354	1.040025	233.933031493354	256.438793078178	245.881165035037	4614.79478271558
11	294426	294585	159	294505.5	43.2820657056552	64.9873476169193	108.269413322575	0.194775	108.074638322575	45.7441296243547	67.9752038301853	113.71933345454	0.929775	112.78955845454	119.532098590104	118.550287061011	2151.06341095783
11	296170	296402	232	296286	82.4896911218255	90.3986752164544	172.88836633828	0.2842	172.60416633828	88.832798164226	97.5839699166791	186.416768080905	1.0192	185.397568080905	190.902681221376	194.866752007574	3435.42678052711
11	299158	299412	254	299285	95.6232986501205	68.8009917283462	164.424290378467	0.31115	164.113140378467	98.4484572477037	69.4113827831263	167.85984003083	1.04615	166.81369003083	181.51148484161	175.333702071651	3266.4256573484
11	307027	307299	272	307163	67.8428057704656	124.239879276993	192.082685047459	0.3332	191.749485047459	68.7631922822933	125.597059387654	194.360251669948	1.0682	193.292051669948	212.077678047681	203.164446479502	3816.48560436995
11	308708	309117	409	308912.5	596.134663706116	724.327485053138	1320.46214875925	0.501025	1319.96112375925	598.901823153671	731.069886243923	1329.97170939759	1.236025	1328.73568439759	1459.89591664763	1396.60088196048	26271.8443593648
11	309859	310126	267	309992.5	133.730240196703	120.374535923213	254.104776119916	0.327075	253.777701119916	136.775895562928	123.077596310134	259.853491873062	1.062075	258.791416873062	280.681773828333	272.009192868618	5051.06411521545
11	314532	314651	119	314591.5	18.4322298775143	4.66073169744304	23.0929615749574	0.145775	22.9471865749574	21.7298815507588	6.71710156154832	28.4469831123071	0.880775	27.5662081123071	25.3799171629555	28.974152658065	456.729295530783
11	317135	317536	401	317335.5	119.137554051059	132.121763768764	251.259317819823	0.491225	250.768092819823	122.094210721551	133.647741405714	255.741952127265	1.226225	254.515727127265	277.353103923646	267.515122196711	4991.1623806723
11	321866	321959	93	321912.5	12.0523233744062	24.1443461670213	36.1966695414275	0.113925	36.0827445414275	26.2363155094198	47.8406988993416	74.0770144087614	0.848925	73.2280894087614	39.9080324937487	76.9682153143372	718.172854933263
11	322888	323115	227	323001.5	32.065130088725	6.16960958498848	38.2347396737135	0.278075	37.9566646737135	68.8882904489922	14.3052903574003	83.1935808063925	1.013075	82.1805058063925	41.9806150115253	86.3778765309527	755.470421635142
11	327603	328073	470	327838	268.533464668928	228.487351540712	497.02081620964	0.57575	496.44506620964	269.522650172514	232.747789104425	502.270439276939	1.31075	500.959689276939	549.075356806873	526.546213883024	9880.99367297199
11	329549	329893	344	329721	33.3901106712671	35.928273474745	69.3183841460121	0.4214	68.8969841460121	39.6488189505231	47.8925981387635	87.5414170892866	1.1564	86.3850170892866	76.2010516928258	90.7971332987611	1371.2910264801
11	334014	334255	241	334134.5	139.861850338569	178.825779326086	318.687629664656	0.295225	318.392404664656	140.414342241856	180.866849414408	321.281191656264	1.030225	320.250966656264	352.1465618152	336.607790196897	6337.12277580635
11	335021	335262	241	335141.5	38.8456307211663	112.05565783554	150.901288556706	0.295225	150.606063556706	40.7756024376238	118.104469190814	158.880071628438	1.030225	157.849846628438	166.572464333359	165.912030215814	2997.58757293525
11	338911	339050	139	338980.5	19.9795072023199	23.9068496475091	43.8863568498289	0.170275	43.7160818498289	22.6042687367021	31.6589360414582	54.2632047781602	0.905275	53.3579297781602	48.3506129352026	56.0831869443988	870.102973251984
11	340620	341178	558	340899	208.504544386752	408.706210451356	617.210754838108	0.68355	616.527204838108	210.03532195336	412.752051159965	622.787373113325	1.41855	621.368823113325	681.887922791195	653.105246267432	12271.0483492809
11	342167	342352	185	342259.5	26.1516167506716	10.8392411520048	36.9908579026765	0.226625	36.7642329026765	34.3449966775081	16.6143565182666	50.9593531957748	0.961625	49.9977281957748	40.6617683863611	52.5513630093383	731.736857567266
11	346835	347002	167	346918.5	27.7735929807722	27.0253039468731	54.7988969276453	0.204575	54.5943219276453	28.3260848840586	28.3401846774275	56.6662695614861	0.939575	55.7266945614861	60.3821023359565	58.5729364291128	1086.61800925112
11	349238	349398	160	349318	18.2975318515004	20.8410945758431	39.1386264273435	0.196	38.9426264273435	19.5074141207968	21.5515841636892	41.058998284486	0.931	40.127998284486	43.0711028389211	42.177536475834	775.094510003656
11	352888	353379	491	353133.5	110.822775903301	203.830912878355	314.653688781656	0.601475	314.052213781656	112.469251774362	206.9394673228	319.408719097162	1.336475	318.072244097162	347.346248507853	334.317789346224	6250.73779270673
11	355175	356488	1313	355831.5	448.930520968108	321.179993139318	770.110514107426	1.608425	768.502089107426	456.871704590856	324.067750819518	780.939455410374	2.343425	778.596030410374	849.974322446582	818.362835837471	15295.8802433331
11	358129	358337	208	358233	47.79409958225	40.2139106691605	88.0080102514104	0.2548	87.7532102514104	51.2655487085102	44.1798525486788	95.445401257189	0.9898	94.455601257189	97.0563079569309	99.2799226895938	1746.59589609258
11	361886	362461	575	362173.5	166.336562354312	183.941004362975	350.277566717287	0.704375	349.573191717287	168.756126895836	185.093087479312	353.849214375148	1.439375	352.409839375148	386.632959086017	370.409177884027	6957.72952679627
11	364386	364905	519	364645.5	66.3147281642901	93.8447247149436	160.159452879234	0.635775	159.523677879234	75.8964877445616	99.2194459489414	175.115933693503	1.370775	173.745158693503	176.435473554887	182.619195613551	3175.07929698773
11	365200	365348	148	365274	29.6064661201996	19.0117213851242	48.6181875053239	0.1813	48.4368875053239	42.0131843009853	25.6276244297267	67.640808730712	0.9163	66.724508730712	53.5718916347721	70.1324641431155	964.063521937501
11	369253	369803	550	369528	644.733951488413	594.869482247224	1239.60343373564	0.67375	1238.92968373564	667.181822517108	597.946737150361	1265.12855966747	1.40875	1263.71980966747	1370.27398287912	1328.26432032844	24659.0352074916
11	371505	371830	325	371667.5	123.794785799793	63.7700654560676	187.564851255861	0.398125	187.166726255861	128.986509715599	65.0379468753922	194.024456590991	1.133125	192.891331590991	207.00908115766	202.743259615733	3725.27267124472
11	374253	374414	161	374333.5	19.6301123226669	22.8201655727555	42.4502778954224	0.197225	42.2530528954224	22.4444710785208	25.0034335771812	47.447904655702	0.932225	46.515679655702	46.732481947835	48.8914687811648	840.983578527732
11	382028	382509	481	382268.5	388.019013620157	214.56445557936	602.583469199516	0.589225	601.994244199516	391.458863209505	225.23169925197	616.690562461475	1.324225	615.366337461475	665.814260081602	646.796183559352	11981.7915877708
11	383456	383578	122	383517	6.65780243057115	24.092546926134	30.7503493567052	0.14945	30.6008993567052	10.5925447673157	40.0148135869083	50.607358354224	0.88445	49.722908354224	33.8450331698912	52.2625067397303	609.064957054427
11	384939	385178	239	385058.5	128.467417322846	97.4058725266786	225.873289849524	0.292775	225.580514849524	143.241000817457	122.72840142755	265.969402245007	1.027775	264.941627245007	249.495281774795	278.473525339372	4489.84145817387
11	392396	392480	84	392438	2.16146832389786	12.3755186380119	14.5369869619097	0.1029	14.4340869619097	8.19457990925087	18.6606265303842	26.8552064396351	0.8379	26.0173064396351	15.9643070064177	27.3461408062537	287.288829426156
11	393579	393741	162	393660	40.8110019188479	58.6459405496058	99.4569424684537	0.19845	99.2584924684537	54.8721958534569	68.6640937345726	123.53628958803	0.93345	122.60283958803	109.781314948579	128.864781694435	1975.59126442273
11	398653	398733	80	398693	4.22253811912611	9.86585541687544	14.0883935360015	0.098	13.9903935360015	8.12558092042416	20.8738940951694	28.9994750155936	0.833	28.1664750155936	15.4735757196643	29.6050782035933	278.457777951295
11	402076	402646	570	402361	647.547810251595	570.494839455176	1218.04264970677	0.69825	1217.34439970677	653.56552206263	575.354968230475	1228.9204902931	1.43325	1227.4872402931	1346.40034944689	1290.18117186023	24229.4125373603
11	403724	404052	328	403888	45.8174285501663	42.0052844167573	87.8227129669236	0.4018	87.4209129669236	56.4305730155954	47.3908054924845	103.82137850808	1.1368	102.68457850808	96.6887823987889	107.929195092809	1739.98201756091
11	408082	408416	334	408249	30.5694520077377	57.5766562198607	88.1461082275984	0.40915	87.7369582275984	34.2099986558906	60.7067103492304	94.916709005121	1.14415	93.7725590051211	97.038332985719	98.5619940429444	1746.27242395963
11	417049	417128	79	417088.5	15.1882774173133	10.4772464570009	25.6655238743141	0.096775	25.5687488743141	20.7110964809522	18.0085360867045	38.7196325676566	0.831775	37.8878575676566	28.2794026305035	39.8229805339893	508.90755704725
11	418072	418223	151	418147.5	31.8382334138731	24.9260347114539	56.764268125327	0.184975	56.579293125327	33.6741065093365	26.704108653958	60.3782151632945	0.919975	59.4582401632945	62.5775089233153	62.4950707856715	1126.125880676
11	426098	426165	67	426131.5	11.2914345251562	10.4867463177814	21.7781808429375	0.082075	21.6961058429375	21.1634898511725	13.5108020005477	34.6742918517203	0.817075	33.8572168517203	23.9962039465612	35.5864747752879	431.828411950957
11	428729	429200	471	428964.5	267.141785063854	158.162382146106	425.304167209959	0.576975	424.727192209959	271.91821506575	162.77481455137	434.69302961712	1.311975	433.38105461712	469.754360515259	455.51599931452	8453.55706928018
11	434993	435220	227	435106.5	45.0225401991756	88.360905079772	133.383445278948	0.278075	133.105370278948	46.9744115946954	89.9182822565652	136.892693851261	1.013075	135.879618851261	147.216446800101	142.819672683179	2649.26254903999
11	442815	442968	153	442891.5	22.3932718288406	23.361757635778	45.7550294646186	0.187425	45.5676044646186	23.7611517826967	24.103646763467	47.8647985461637	0.922425	46.9423735461637	50.3984234776934	49.3399560693016	906.954750996062
11	445100	445221	121	445160.5	24.6144392778538	27.5818957900753	52.1963350679291	0.148225	52.0481100679291	28.7589785400454	30.5648520751493	59.3238306151946	0.883225	58.4406056151946	57.5659555343501	61.4254605358089	1035.93948510344
11	451310	451398	88	451354	12.8422117986703	22.0503768539322	34.8925886526025	0.1078	34.7847886526025	21.3508871048845	30.8287482077778	52.1796353126624	0.8428	51.3368353126624	38.4724746822522	53.9588650448787	692.338991736281
11	457200	457439	239	457319.5	114.024428983396	126.311548916882	240.335977900277	0.292775	240.043202900277	117.290981112401	128.410418158163	245.701399270563	1.027775	244.673624270563	265.491221995299	257.170333770074	4777.69954933136
11	461405	461515	110	461460	3.66544628325126	7.63588809682352	11.3013343800748	0.13475	11.1665843800748	4.95982731422669	11.4920315854263	16.451858899653	0.86975	15.582108899653	12.3504023307475	16.3779653753529	222.25409641121
11	462804	463814	1010	463309	364.127263751362	362.639785550206	726.767049301568	1.23725	725.529799301568	368.903693753258	364.954551627541	733.858245380799	1.97225	731.885995380799	802.446354169835	769.267084978424	14440.5813339761
11	468835	469016	181	468925.5	21.7067818892821	16.5823569872166	38.2891388764986	0.221725	38.0674138764986	32.525723338777	23.7772515467563	56.3029748855333	0.956725	55.3462498855333	42.1031052167349	58.1730605348985	757.674718236097
11	469383	469680	297	469531.5	145.647365552422	135.927807991566	281.575173543989	0.363825	281.211348543989	162.226922580672	142.89570587772	305.122628458392	1.098825	304.023803458392	311.023780977067	319.551824364129	5597.08967790951
11	473528	473630	102	473579	4.85822880314271	39.0677274663607	43.9259562695034	0.12495	43.8010062695034	6.78810052106566	44.1483530103014	50.9364535313671	0.85995	50.0765035313671	48.4445405602476	52.6341617965288	871.793266318831
11	475941	476124	183	476032.5	33.8757035549519	53.93990951602	87.8156130709719	0.224175	87.5914380709719	37.4461512303983	65.5107399466571	102.956891177055	0.959175	101.997716177055	96.8773856073265	107.207251256605	1743.37606372809
11	477906	478516	610	478211	330.468357019274	284.063237081666	614.531594100941	0.74725	613.784344100941	349.862572798981	298.599524053835	648.462096852816	1.48225	646.979846852816	678.854279513338	680.024353477758	12216.4558244791
11	478876	479164	288	479020	118.253867001404	44.3746496939461	162.62851669535	0.3528	162.27571669535	131.13327825492	48.9450827147072	180.078360969628	1.0878	178.990560969628	179.479267919574	188.132506899681	3229.85449767094
11	483200	483389	189	483294.5	52.1250361128082	54.1788060150156	106.303842127824	0.231525	106.072317127824	56.1492771379584	58.0760489013109	114.225326039269	0.966525	113.258801039269	117.317502657378	119.043496218695	2111.21021389084
11	487479	487760	281	487619.5	113.68203400116	108.554309147455	222.236343148614	0.344225	221.892118148614	118.463663926851	111.869060570104	230.332724496955	1.079225	229.253499496955	245.415862172421	240.962625862744	4416.42945965537
11	489802	489936	134	489869	23.7188524025899	23.0781617918467	46.7970141944366	0.16415	46.6328641944366	27.2592005191423	27.812692407774	55.0718929269163	0.89915	54.1727429269163	51.5766160030166	56.9396166885143	928.157146521448
11	491041	491283	242	491162	106.344541531378	29.8734622073986	136.218003738777	0.29645	135.921553738777	129.008409394661	33.5450084012563	162.553417795917	1.03145	161.521967795917	150.331186059865	169.771705034054	2705.31445254858
11	493676	493986	310	493831	70.9409603673198	18.3058317298666	89.2467920971864	0.37975	88.8670420971864	72.5139373154999	18.847423792889	91.361361108389	1.11475	90.246611108389	98.2882219384952	94.8559582977275	1768.76504665922
11	499847	500223	376	500035	202.128437827956	187.319854846259	389.448292674215	0.4606	388.987692674215	205.011495577033	191.044900256091	396.056395833124	1.1956	394.860795833124	430.225961916166	415.028317661367	7742.21599083194
11	506284	506870	586	506577	163.395505455207	191.146798762779	354.542304217985	0.71785	353.824454217985	168.901724762114	196.44922105631	365.350945818424	1.45285	363.898095818424	391.334916328281	382.484197219525	7042.34452396457
11	507711	507921	210	507816	49.8781690404205	18.0900348923476	67.9682039327681	0.25725	67.7109539327681	52.008537820079	19.1419194770842	71.1504572971632	0.99225	70.1582072971632	74.8892852823088	73.7415389219466	1347.6848758087
11	513181	513293	112	513237	20.9237933639006	14.9612807439268	35.8850741078274	0.1372	35.7478741078274	26.0197186836246	22.8652649118292	48.8849835954538	0.8722	48.0127835954538	39.5376609958167	50.4650373299706	711.507761731852
11	513972	514987	1015	514479.5	640.11801913444	228.879045800471	868.997064934912	1.243375	867.753689934912	645.351442439145	230.267325455372	875.618767894517	1.978375	873.640392894517	959.7480151415	918.261590743648	17271.3343399896
11	517080	517400	320	517240	80.6838175867215	88.0268099759024	168.710627562624	0.392	168.318627562624	82.8767854489968	94.243118876517	177.119904325514	1.127	175.992904325514	186.162813927863	184.981744891749	3350.12956556868
11	518094	519825	1731	518959.5	564.202931662456	188.21184177428	752.414773436736	2.120475	750.294298436736	580.527992420323	195.600633492276	776.128625912599	2.855475	773.273150912599	829.836245064719	812.768090179284	14933.481507478
11	521144	521395	251	521269.5	19.9427077416123	36.0625715066208	56.0052792482331	0.307475	55.6978042482331	35.7950754267491	57.2238613900336	93.0189368167827	1.042475	91.9764618167827	61.6025695943639	96.6741611603217	1108.58116805782
11	521708	521942	234	521825	147.285741542186	109.846990203343	257.132731745529	0.28665	256.846081745529	159.020069576782	120.123439603005	279.143509179787	1.02165	278.121859179787	284.075446767196	292.326937843232	5112.13562465644
11	522401	522539	138	522470	21.1183905120989	34.7611905782281	55.879581090327	0.16905	55.710531090327	25.6309243813662	40.5678054828674	66.1987298642336	0.90405	65.2946798642336	61.6166456640832	68.6296067430889	1108.83447674143
11	523899	524194	295	524046.5	82.2256949906623	249.923437397017	332.149132387679	0.361375	331.787757387679	96.0527923559331	272.611704902725	368.664497258659	1.096375	367.568122258659	366.96201386935	386.341670322292	6603.73715977836
11	525010	525365	355	525187.5	216.61872547424	182.898919634622	399.517645108862	0.434875	399.082770108862	223.429925656782	195.658432645235	419.088358302017	1.169875	417.918483302017	441.391262211609	439.263676907872	7943.14335027072
11	526374	527822	1448	527098	1151.86511953186	767.768248433095	1919.63336796495	1.7738	1917.85956796495	1181.66418282957	776.74101693807	1958.40519976764	2.5088	1955.89639976764	2121.1801632472	2055.79384147964	38172.115197753
11	530643	530823	180	530733	41.7723878298335	39.667618675015	81.4400065048486	0.2205	81.2195065048486	50.9512533144777	42.8860715089106	93.8373248233883	0.9555	92.8818248233883	89.8299379915601	97.6257655978084	1616.55233281626
11	533511	534102	591	533806.5	444.112191580243	630.586758814107	1074.69895039435	0.723975	1073.97497539435	451.743379745943	644.199059327205	1095.94243907315	1.458975	1094.48346407315	1187.83171181177	1150.3842255194	21375.8594033858
11	534976	535315	339	535145.5	28.0091895281283	40.2994094161849	68.3085989443132	0.415275	67.8933239443132	33.7254057575511	61.9289924368086	95.6543981943598	1.150275	94.5041231943598	75.0909891282641	99.3309228855266	1351.31467707549
11	538178	538281	103	538229.5	0.820187980227167	3.40365011984785	4.22383810007502	0.126175	4.09766310007502	1.78287387216169	4.53993346772902	6.3228073398907	0.861175	5.4616323398907	4.53207410424328	5.74058530406174	81.5578317152906
11	552461	552621	160	552541	47.1098096104511	35.1400850255679	82.249894636019	0.196	82.053894636019	57.6344553728199	40.1202120423045	97.7546674151243	0.931	96.8236674151243	90.7527832206118	101.768937866614	1633.15957580458
11	554733	554836	103	554784.5	14.5984860606466	3.87664318818174	18.4751292488283	0.126175	18.3489542488283	21.172989711953	5.83311451629007	27.0061042282431	0.861175	26.1449292282431	20.2942063220222	27.4802819309493	365.208384932893
11	556287	556436	149	556361.5	35.2256837711268	21.698682007985	56.9243657791119	0.182525	56.7418407791119	37.7394469321791	22.777166202907	60.5166131350861	0.917525	59.5990881350861	62.7572889575525	62.6431125700054	1129.36114767314
11	557353	557652	299	557502.5	45.1316386003494	34.7061913842358	79.8378299845852	0.366275	79.4715549845852	51.2902483465394	40.1706113037083	91.4608596502478	1.101275	90.3595846502478	87.8966785636893	94.9747019651483	1581.76198220557
11	559305	559832	527	559568.5	295.745765875375	214.101962357152	509.847728232527	0.645575	509.202153232527	300.295399200954	216.421628362678	516.717027563632	1.380575	515.336452563632	563.18487785094	541.657270597841	10134.9043364843
11	562290	562530	240	562410	115.85150220782	47.5481031873025	163.399605395123	0.294	163.105605395123	119.706745709612	48.8579839911303	168.564729700742	1.029	167.535729700742	180.397136713027	176.092619929922	3246.3721862328
11	565956	566082	126	566019	8.47767576050948	25.9380198809124	34.4156956414219	0.15435	34.2613456414219	10.0397528684257	29.3577697648198	39.3975226332455	0.88935	38.5081726332455	37.8935392114529	40.4749782020489	681.920644503774
11	567198	567826	628	567512	349.618576374725	401.142521296464	750.761097671189	0.7693	749.991797671189	360.234120804982	412.356256960289	772.590377765272	1.5043	771.086077765272	829.50167488348	810.469312233952	14927.4606839189
11	568333	568430	97	568381.5	5.67001690646923	0.499392681450192	6.16940958791942	0.118825	6.05058458791942	14.8961816979468	2.62966146257423	17.525843160521	0.853825	16.672018160521	6.69203325328065	17.5235417701611	120.427801785761
11	568663	568754	91	568708.5	3.20225307130146	0.48369291152875	3.68594598283021	0.111475	3.57447098283021	9.67685818661095	1.10978373623032	10.7866419228413	0.846475	9.94016692284127	3.95341612573207	10.4478611166136	71.1444781498797
11	570998	571465	467	571231.5	96.6585834781248	99.2858449758703	195.944428453995	0.572075	195.372353453995	98.5946551051887	102.142303114762	200.736958219951	1.307075	199.429883219951	216.08462241752	209.615767879774	3888.5933605741
11	573416	573640	224	573528	64.8693493461722	39.9497145409283	104.8190638871	0.2744	104.5446638871	85.5738459238452	45.3040360738817	130.877881997727	1.0094	129.868481997727	115.62789628334	136.501516913143	2080.80456977531
11	575943	576303	360	576123	459.242869841666	703.583689051394	1162.82655889306	0.441	1162.38555889306	461.709733690023	709.80179792563	1171.51153161565	1.176	1170.33553161565	1285.61508399974	1230.11043869506	23135.539326976
11	578146	579129	983	578637.5	339.51552443394	332.561226348484	672.076750782424	1.204175	670.872575782424	344.486551584035	337.921447794974	682.407999379009	1.939175	680.468824379009	741.994681772361	715.223781097737	13352.7113629875
11	580854	581451	597	581152.5	137.829180127148	222.561638381445	360.390818508593	0.731325	359.659493508593	148.348025974514	234.732560017806	383.08058599232	1.466325	381.61426099232	397.788553394179	401.105215829437	7158.48222023022
11	581715	581980	265	581847.5	152.163470059562	124.729572100594	276.893042160156	0.324625	276.568417160156	183.524510466651	142.722108421773	326.246618888424	1.059625	325.186993888424	305.888632337819	341.795925103457	5504.67909967985
11	583408	583536	128	583472	17.7881393165971	13.0775083504229	30.86564766702	0.1568	30.70884766702	22.0691765784241	16.7804540841234	38.8496306625475	0.8918	37.9578306625475	33.9644255478946	39.8965275058857	611.213506096061
11	584783	584955	172	584869	38.2729391139045	21.136490246849	59.4094293607536	0.2107	59.1987293607536	41.7708878518156	22.8722648092464	64.643152661062	0.9457	63.697452661062	65.4746429336921	66.9508011334901	1178.26182608204
11	589629	590235	606	589932	184.372898033616	109.681392630159	294.054290663775	0.74235	293.311940663775	189.116928510324	113.343438963236	302.46036747356	1.47735	300.98301747356	324.407209251366	316.355730183672	5837.93379604671
11	592576	592749	173	592662.5	37.7428468823532	33.5543082649678	71.2971551473209	0.211925	71.0852301473209	40.3409088080154	35.8002753505447	76.1411841585602	0.946925	75.1942591585602	78.6212831257281	79.0348072173746	1414.84477767139
11	598929	599101	172	599015	22.7330668491786	39.3598231857271	62.0928900349057	0.2107	61.8821900349057	27.534796480311	49.5697735599254	77.1045700402364	0.9457	76.1588700402364	68.4425888907078	80.0486856161537	1231.67208181367
11	599697	599822	125	599759.5	25.8702208745001	17.5493428161359	43.419563690636	0.153125	43.266438690636	31.3031412555952	21.0738911642323	52.3770324198275	0.888125	51.4889074198275	47.8533011581823	54.1187042374903	861.153501269107
11	608433	608759	326	608596	84.8787561103169	73.8792173074582	158.757973417775	0.39935	158.358623417775	86.0102395285406	74.9999008839524	161.010140412493	1.13435	159.875790412493	175.146906626407	168.041449112918	3151.89063716232
11	611250	611419	169	611334.5	55.501386632729	43.6817598481775	99.1831464809065	0.207025	98.9761214809065	57.3843590379566	45.4490339489523	102.833392986909	0.942025	101.891367986909	109.469008590248	107.095471330848	1969.97109387156
11	614001	614108	107	614054.5	37.6351484606628	20.5587987128607	58.1939471735235	0.131075	58.0628721735235	41.0908978170015	24.5823397482692	65.6732375652707	0.866075	64.8071625652707	64.2183686088776	68.1171894898327	1155.65429416292
11	614911	615288	377	615099.5	79.2297388960993	49.654372320139	128.884111216238	0.461825	128.422286216238	105.081560040246	74.2793114441186	179.360871484364	1.196825	178.164046484364	142.036888722667	187.263778173099	2556.05279202312
11	618864	619081	217	618972.5	58.8381377329752	55.3611886873158	114.199326420291	0.265825	113.933501420291	62.7413805313424	60.9844062796243	123.725786810967	1.000825	122.724961810967	126.012085128036	128.993141311975	2267.67528433458
11	625672	625831	159	625751.5	58.7770386283765	50.6339579644093	109.410996592786	0.194775	109.216221592786	81.1177112280536	63.9021635201837	145.019874748237	0.929775	144.090099748237	120.794706044745	151.449504030891	2173.78491196146
11	626351	626585	234	626468	43.8191578346238	44.7802437500058	88.5994015846296	0.28665	88.3127515846296	57.8248525825678	53.3790177358329	111.203870318401	1.02165	110.182220318401	97.675168689159	115.809779085452	1757.73272622672
11	630326	630860	534	630593	171.740083166255	75.864388214977	247.604471381232	0.65415	246.950321381232	193.465864777098	81.1860102271386	274.651875004237	1.38915	273.262725004237	273.130594007581	287.219623307448	4915.17537224539
11	635309	635559	250	635434	81.2921086722765	90.4901738755507	171.782282547827	0.30625	171.476032547827	84.1221671980518	91.6422569918879	175.76442418994	1.04125	174.72317418994	189.654949084066	183.647163268017	3412.97297122483
11	640399	640493	94	640446	10.2807493366465	9.95875405545518	20.2395033921017	0.11515	20.1243533921017	16.5659572275534	14.6973846112982	31.2633418388516	0.85015	30.4131918388516	22.25782321424	31.9665461266139	400.545039269339
12	22703	22894	191	22798.5	27.5551961813554	32.3321261759241	59.8873223572795	0.233975	59.6533473572795	34.0191014534701	41.6782892088394	75.6973906623095	0.968975	74.7284156623095	65.9774569520872	78.5451707566708	1379.66395685457
12	23278	23418	140	23348	21.9629781347517	23.0948615471135	45.0578396818652	0.1715	44.8863396818652	27.933490637488	28.5488816189947	56.4823722564827	0.9065	55.5758722564827	49.6449348661007	58.4144108723294	1038.13227182872
12	29570	29832	262	29701	32.1555287639415	23.3439578966314	55.4994866605729	0.32095	55.1785366605729	42.1495823020863	33.2763123389702	75.4258946410565	1.05595	74.3699446410565	61.028252201808	78.168390821942	1276.17043460481
12	35265	35392	127	35328.5	5.67591682000659	9.53646024412875	15.2123770641353	0.155575	15.0568020641353	6.19700918345011	11.4929315722371	17.6899407556872	0.890575	16.7993657556872	16.653038832386	17.6573936459051	348.234056153867
12	36655	37051	396	36853	39.5622202196188	35.162484697303	74.7247049169218	0.4851	74.2396049169218	47.3769056961846	41.5311913645436	88.9080970607283	1.2201	87.6879970607283	82.110066820055	92.1666629942907	1717.01524914513
12	39546	39716	170	39631	18.1602338635887	29.3392700359315	47.4995038995202	0.20825	47.2912538995202	19.3702161314196	33.1052148463869	52.4754309778065	0.94325	51.5321809778065	52.3048044509286	54.1641879931753	1093.75318184327
12	40462	40583	121	40522.5	14.4752878661038	13.0124093044429	27.4876971705467	0.148225	27.3394721705467	17.1420487849892	16.5426575690076	33.6847063539968	0.883225	32.8014813539968	30.2378479688938	34.4768175691551	632.307926112196
12	46518	46645	127	46581.5	5.19222390847784	17.7846393678885	22.9768632763663	0.155575	22.8212882763663	6.74940108820198	23.6660531763573	30.4154542645593	0.890575	29.5248792645593	25.2406718407126	31.0328629725592	527.811267577563
12	53967	54245	278	54106	26.5158114134353	54.2369051635784	80.7527165770137	0.34055	80.4121665770137	27.3203996222755	55.9787796365822	83.2991792588577	1.07555	82.2236292588577	88.9370084629722	86.4232025144822	1859.77439378938
12	65382	65458	76	65420	1.45697864812361	11.5301310270828	12.9871096752064	0.0931	12.8940096752064	4.86562869469803	29.2308716244994	34.0965003191974	0.8281	33.2684003191974	14.2609594595015	34.9675844284036	298.212945229561
12	73223	73405	182	73314	15.0070800727422	13.7350987135018	28.7421787862441	0.22295	28.5192287862441	15.7175696605884	14.2139916953731	29.9315613559614	0.95795	28.9736113559614	31.5426756906296	30.4534390462023	659.593363604745
12	81087	81314	227	81200.5	24.7115378548839	34.0196014461427	58.7311393010266	0.278075	58.4530643010266	25.8949205125293	35.5768786244014	61.4717991369307	1.013075	60.4587241369307	64.6499266929729	63.5466544951894	1351.90378338405
12	86548	87241	693	86894.5	414.949518956294	184.447296943308	599.396815899602	0.848925	598.547890899602	420.656235324936	186.325469418878	606.981704743814	1.583925	605.397779743814	662.002543948978	636.318481587593	13843.2290577023
12	88285	88466	181	88375.5	24.7908366927673	11.1396367497374	35.9304734425047	0.221725	35.7087484425047	27.51579675875	12.701613859119	40.2174106178691	0.956725	39.2606856178691	39.4943874493367	41.2659258000947	825.872735614367
12	92515	92617	102	92566	5.03932614917921	12.4914169395339	17.5307430887131	0.12495	17.4057930887131	13.6827994799419	23.9690487359876	37.6518482159295	0.85995	36.7918982159295	19.2510565643449	38.6710450398291	402.561573303487
12	94062	94230	168	94146	21.6140832477714	4.95962731715762	26.573710564929	0.2058	26.367910564929	33.4342100249955	8.26337890100853	41.697588926004	0.9408	40.756788926004	29.1632869115398	42.8384426100067	609.8376274866
12	97616	97848	232	97732	117.958971323071	173.991050178558	291.950021501629	0.2842	291.665821501629	118.527162996279	175.053834603559	293.580997599838	1.0192	292.561797599838	322.586577870733	307.504396362411	6745.65366738086
12	98925	99038	113	98981.5	4.16003903504394	17.0687498591777	21.2287888942216	0.138425	21.0903638942216	5.96451259066443	20.2254035987328	26.1899161893972	0.873425	25.3164911893972	23.3262446715835	26.6095314052521	487.778409609293
12	100238	100311	73	100274.5	8.25197906807194	8.68397273724792	16.9359518053199	0.089425	16.8465268053199	16.2789614334481	16.6700557020007	32.9490171354487	0.824425	32.1245921354487	18.6325000411656	33.7653562223166	389.626850146036
12	100584	100780	196	100682	53.4666164520825	54.0176083773509	107.484224829433	0.2401	107.244124829433	62.4343850303307	62.7392805621172	125.173665592448	0.9751	124.198565592448	118.613538766233	130.542009431529	2480.3445266098
12	108367	108495	128	108431	7.54168947729487	36.1836697319384	43.7253592092333	0.1568	43.5685592092333	13.4485029135346	62.9836769805121	76.4321798940468	0.8918	75.5403798940468	48.1874507808466	79.3986060752826	1007.65461547445
12	111623	112190	567	111906.5	130.324990100302	198.297893964193	328.622884064496	0.694575	327.928309064496	131.445673676797	200.044668365389	331.490342042186	1.429575	330.060767042186	362.693408721737	346.918626303512	7584.333293802
12	114316	114541	225	114428.5	235.996141500146	63.8949636256975	299.891105125843	0.275625	299.615480125843	244.292119923411	64.9047488273963	309.196868750808	1.010625	308.186243750808	331.379014220054	323.926861364908	6929.51355050588
12	116113	116347	234	116230	63.9977621191958	26.3239142256694	90.3216763448652	0.28665	90.0350263448652	68.0435028292703	27.0972028932013	95.1407057224716	1.02165	94.1190557224716	99.5800292525158	98.9261880859964	2082.33211052663
12	124954	125460	506	125207	228.823046621134	289.763453545564	518.586500166698	0.61985	517.966650166698	244.085022958397	297.093046131118	541.178069089514	1.35485	539.823219089514	572.878537046921	567.39469913835	11979.5443130399
12	125698	125926	228	125812	116.581691506969	48.5397886542512	165.12148016122	0.2793	164.84218016122	126.354148292592	59.3319304964917	185.686078789084	1.0143	184.671778789084	182.317813287772	194.103893015393	3812.47364335892
12	130875	131053	178	130964	81.8943998457596	27.6393949474309	109.533794793191	0.21805	109.315744793191	91.1717638869173	36.6056635476612	127.777427434578	0.95305	126.824377434578	120.904780130464	133.301934657925	2528.25699963798
12	131470	131607	137	131538.5	28.0374891134007	35.8320748845257	63.8695639979265	0.167825	63.7017389979265	32.5763225972499	42.7965728205049	75.3728954177548	0.902825	74.4700704177548	70.4550361161906	78.2736305243793	1473.29524960298
12	136427	136506	79	136466.5	8.76217159125153	8.08448152273172	16.8466531139833	0.096775	16.7498781139833	12.3291193179893	13.0031094407314	25.3322287587207	0.831775	24.5004537587207	18.5256052036647	25.7518148489964	387.391557043108
12	140691	141053	362	140872	46.3000214778152	36.4803653838933	82.7803868617085	0.44345	82.3369368617085	48.5303887920052	40.0156135751846	88.5460023671898	1.17845	87.3675523671898	91.0658319779465	91.8298515826078	1904.29052414353
12	143034	143132	98	143083	13.1056079386262	9.56045989241631	22.6660678310425	0.12005	22.5460178310425	15.8461677759958	10.5652451673886	26.4114129433844	0.85505	25.5563629433844	24.9362187838244	26.8616546131328	521.444806538487
12	147605	147804	199	147704.5	49.5272741827495	35.7467761345704	85.2740503173199	0.243775	85.0302753173199	52.5198303271385	38.676433200739	91.1962635278775	0.978775	90.2174885278775	94.0447029027952	94.8253482809237	1966.58211640845
12	159601	159980	379	159790.5	112.750547651999	111.891460241839	224.642007893838	0.464275	224.177732893838	114.202926367534	114.273825328517	228.476751696051	1.199275	227.277476696051	247.943784831293	238.885677663849	5184.78763900006
12	164156	164358	202	164257	51.0645516541019	55.6394846089169	106.704036263019	0.24745	106.456586263019	58.864437347557	60.8198086917855	119.684246039343	0.98245	118.701796039343	117.74250982711	124.764492280493	2462.13031696608
12	168804	168943	139	168873.5	25.3723281710678	28.9264760853856	54.2988042564534	0.170275	54.1285292564534	30.9892458557009	34.2494980770306	65.2387439327314	0.905275	64.3334689327314	59.8669289672585	67.6193019469965	1251.88583979041
12	175045	175154	109	175099.5	15.8019684237329	18.277132150456	34.0791005741889	0.133525	33.9455755741889	19.0842203226596	23.9425491243368	43.0267694469964	0.868525	42.1582444469964	37.5442929924128	44.3114774954465	785.094033933978
12	177445	177603	158	177524	28.4440831548057	37.2565540089266	65.7006371637323	0.19355	65.5070871637323	30.2800562488036	41.0225988179165	71.3026550667202	0.92855	70.3741050667202	72.4517770564699	73.9684636737366	1515.04938251052
12	179700	180011	311	179855.5	56.2587755332704	63.8230646793693	120.08184021264	0.380975	119.70086521264	59.2357319062724	65.8857344511501	125.121466357422	1.115975	124.005491357422	132.390872123135	130.339073926683	2768.4442978376
12	182048	182280	232	182164	14.880981920698	140.597839552721	155.478821473419	0.2842	155.194621473419	15.3912744424122	144.574881269572	159.966155711984	1.0192	158.946955711984	171.647475138853	167.065174164365	3589.3446894466
12	183459	183559	100	183509	10.7187429178944	15.8355679313355	26.5543108492299	0.1225	26.4318108492299	20.7175963856967	27.1174025971766	47.8349989828733	0.8575	46.9774989828733	29.2339615416061	49.3768755382854	611.315514696427
12	184986	185112	126	185049	5.55791854925944	35.9481731831168	41.5060917323762	0.15435	41.3517417323762	13.4592027567295	48.4258903234198	61.8850930801493	0.88935	60.9957430801493	45.7356188865862	64.1111016900193	956.384011103719
12	187372	187607	235	187489.5	8.7658715370292	64.451055476227	73.2169270132562	0.287875	72.9290520132562	10.7332427054015	79.3974364385086	90.1306791439101	1.022875	89.1078041439101	80.6605765296416	93.6589867482692	1686.70475216817
12	196588	196753	165	196670.5	14.5088873737064	33.6423069753555	48.1511943490619	0.202125	47.9490693490619	15.2978758111598	36.0511716736842	51.3490474848439	0.937125	50.4119224848439	53.0323577639826	52.9867122787298	1108.96715232776
12	198252	198360	108	198306	23.6134539471937	37.2480541334914	60.8615080806851	0.1323	60.7292080806851	37.2281544251197	53.5139157589159	90.7420701840355	0.8673	89.8747701840355	67.1673743282204	94.4651255918712	1404.54648781781
12	204810	204927	117	204868.5	20.9723926516829	15.2038771887002	36.1762698403831	0.143325	36.0329448403831	24.4074423113736	17.4233446626263	41.8307869739999	0.878325	40.9524619739999	39.8529533108119	43.0441096622399	833.370757182477
12	208597	208691	94	208644	14.8418824936962	12.1209223690948	26.962804862791	0.11515	26.847654862791	20.7060965542256	14.2617909948791	34.9678875491047	0.85015	34.1177375491047	29.6938909792483	35.8603015716992	620.933164377471
12	212136	212381	245	212258.5	23.1354609521333	114.355024138557	137.49048509069	0.300125	137.19036009069	26.7431080824253	124.4602760471	151.203384129526	1.035125	150.168259129526	151.734504065852	157.838105505421	3172.94172800392
12	222178	222332	154	222255	34.9904872179088	28.9984750302482	63.9889622481571	0.18865	63.800312248157	41.2976947864126	42.2889802592231	83.5866750456357	0.92365	82.6630250456357	70.5640595434052	86.8850404485045	1475.57505394721
12	224626	224814	188	224720	12.6234150051154	48.820284543612	61.4436995487274	0.2303	61.2133995487274	14.5642865618368	54.4956013724114	69.0598879342482	0.9653	68.0945879342482	67.7028970298719	71.5725201651541	1415.74487896044
12	225236	225488	252	225362	59.7865238344718	134.67952628501	194.466050119482	0.3087	194.157350119482	61.8743932369545	139.092061619746	200.9664548567	1.0437	199.9227548567	214.740811319723	210.13381294371	4490.47555225841
12	228528	228681	153	228604.5	31.5428377428671	27.844491941755	59.3873296846221	0.187425	59.1999046846221	36.0192721411686	32.0217307247384	68.041002865907	0.922425	67.118577865907	65.4759428587319	70.5466603660582	1369.17672454188
12	230608	230808	200	230708	37.7484468002869	87.5695166774899	125.317963477777	0.245	125.072963477777	40.5204061774994	90.8576684899539	131.378074667453	0.98	130.398074667453	138.332489781364	137.058158537436	2892.69030711349
12	231203	231373	170	231288	39.8544159375198	37.9747434839317	77.8291594214515	0.20825	77.6209094214515	47.2602074063864	45.1659380976937	92.4261455040801	0.94325	91.4828955040801	85.8498380528973	96.1553859398466	1795.21813563379
12	232075	232233	158	232154	31.1604433468187	32.584622475616	63.7450658224348	0.19355	63.5515158224348	32.7645198392382	34.1888989651045	66.9534188043427	0.92855	66.0248688043427	70.2888871315435	69.3970900956689	1469.8208846278
12	234313	234912	599	234612.5	100.780723068581	176.767309492756	277.548032561337	0.733775	276.814257561337	102.585396621271	184.266799588478	286.852196209749	1.468775	285.383421209749	306.160535344181	299.95938427674	6402.16636316269
12	237819	237896	77	237857.5	8.54897471563043	10.9138400587653	19.4628147743957	0.094325	19.3684897743957	12.0986226958942	17.3727454041533	29.4713681000476	0.829325	28.6420431000476	21.4218272222606	30.1049359360075	447.954866311106
12	239099	239197	98	239148	7.47769041519472	47.1727086886714	54.6503991038661	0.12005	54.5303491038661	8.71417229467643	52.4012320651841	61.1154043598606	0.85505	60.2603543598606	60.3113474761878	63.3381529783989	1261.17913824194
12	245387	245533	146	245460	26.7410081132002	42.1266826376785	68.8676907508787	0.17885	68.6888407508787	28.5190820557043	45.4039346098786	73.923016665583	0.91385	73.009166665583	75.9708421153141	76.7381110883467	1588.63705090216
12	246097	246320	223	246208.5	37.9600436993555	28.2316862674609	66.1917299668164	0.273175	65.9185549668164	43.5930611480481	34.9582876897897	78.5513488378378	1.008175	77.5431738378378	72.9068663426177	81.5036927536401	1524.56581909741
12	246997	247159	162	247078	45.9425267168651	58.0140498099014	103.956576526766	0.19845	103.758126526767	48.5673882497819	61.3542008603217	109.921589110104	0.93345	108.988139110104	114.757974692489	114.554710159237	2399.72027960753
12	248397	248828	431	248612.5	18.5997274228546	76.1427841351127	94.7425115579672	0.527975	94.2145365579672	21.1350902673656	82.0167980520261	103.151888319392	1.262975	101.888913319392	104.202627436557	107.092891291146	2178.9959165623
12	251146	251263	117	251204.5	16.7437546219504	37.4097517638288	54.1535063857792	0.143325	54.0101813857792	22.6718677460453	43.8323576411819	66.5042253872273	0.878325	65.6259003872273	59.7360345264819	68.9777443598987	1249.14868758063
12	253127	253734	607	253430.5	942.951881134476	900.196807705801	1843.14868884028	0.743575	1842.40511384028	954.835006988455	904.69944172015	1859.5344487086	1.478575	1858.0558737086	2037.72645579575	1952.95610889668	42611.1868335882
12	255079	255176	97	255127.5	21.247488620179	8.33527784733666	29.5827664675157	0.118825	29.4639414675156	28.548181629253	10.9551394535268	39.5033210827798	0.853825	38.6494960827798	32.5875414529376	40.6235197491594	681.442699705325
12	259519	259977	458	259748	92.6251425877978	445.42867228735	538.053814875148	0.56105	537.492764875147	95.4238015737302	457.68719263996	553.11099421369	1.29605	551.81494421369	594.474699704859	579.998901826143	12431.1447323644
12	260545	260955	410	260750	159.346564792027	121.965812603213	281.31237739524	0.50225	280.81012739524	164.622487473908	124.438676363642	289.06116383755	1.23725	287.82391383755	310.580024637439	302.524525106799	6494.58293038564
12	262948	263115	167	263031.5	21.7781808429375	35.4656802540024	57.2438610969399	0.204575	57.0392860969399	25.8127217171445	37.1122561235977	62.9249778407421	0.939575	61.9854028407421	63.0862677411749	65.1513083396295	1319.20588934161
12	265235	265429	194	265332	90.2155778997273	40.7602026633059	130.975780563033	0.23765	130.738130563033	93.3350321844367	41.8543866281493	135.189418812586	0.97265	134.216768812586	144.598245754038	141.071892550644	3023.71441864029
12	266940	267126	186	267033	66.6553231729043	47.9219977079157	114.57732088082	0.22785	114.34947088082	68.2970991128421	49.8738691034356	118.170968216278	0.96285	117.208118216278	126.472153311822	123.194524837342	2644.67712959626
12	270797	270983	186	270890	79.4452357380147	65.5829388885888	145.028174626603	0.22785	144.800324626603	82.7756869305855	70.0025741192764	152.778261049862	0.96285	151.815411049862	160.151233886025	159.569385737959	3348.94515862884
12	273933	274124	191	274028.5	28.9290760472834	64.9844476594179	93.9135237067013	0.233975	93.6795487067013	32.9482171471725	71.8971463545098	104.845363501682	0.968975	103.876388501682	103.610923207197	109.181876802	2166.62270552812
12	278646	278871	225	278758.5	120.877628550441	116.621090929574	237.498719480016	0.275625	237.223094480016	125.680858159592	125.700057878222	251.380916037813	1.010625	250.370291037813	262.372141673056	263.157957888849	5486.5010546243
12	281030	281234	204	281132	51.9078392958058	36.7610612703231	88.668900566129	0.2499	88.419000566129	59.6175263111136	43.0402692491581	102.657795560272	0.9849	101.672895560272	97.7926815851427	106.865840421324	2044.95663003739
12	281760	281964	204	281862	33.6109074355126	110.95647394397	144.567381379482	0.2499	144.317481379482	35.993372520725	119.404750135327	155.398122656052	0.9849	154.413222656052	159.617202336031	162.29988061589	3337.77794916994
12	282480	282828	348	282654	197.774401635921	132.494258309894	330.268659945815	0.4263	329.842359945815	199.115781978126	135.203518605955	334.319300584081	1.1613	333.158000584081	364.810376422979	350.174051100965	7628.60150555423
12	286628	286783	155	286705.5	29.9249614526824	37.729647075795	67.6546085284774	0.189875	67.4647335284774	37.0162575304475	46.536118017844	83.5523755482915	0.924875	82.6275005482915	74.6169619870624	86.8477015368573	1560.32587158212
12	289780	290009	229	289894.5	41.9157857283517	45.4271342698899	87.3429199982416	0.280525	87.0623949982416	63.7532657022664	65.2709434608506	129.024209163117	1.015525	128.008684163117	96.2922563882098	134.546729872662	2013.58102600845
12	293691	293770	79	293730.5	6.93749833165569	6.46930519297932	13.406803524635	0.096775	13.310028524635	14.3286900144807	11.7561277151239	26.0848177296046	0.831775	25.2530427296046	14.7210822681185	26.542842314302	307.834638518474
12	296278	296444	166	296361	20.3084023823939	17.1469487131813	37.4553510955752	0.20335	37.2520010955752	21.6655824930551	18.5040288253079	40.169611318363	0.93835	39.231261318363	41.2012469969548	41.2349986539935	861.56511761951
12	300374	300604	230	300489	74.884302578034	140.589139680217	215.473442258251	0.28175	215.191692258251	76.2100831488523	145.782063578436	221.992146727289	1.01675	220.975396727289	238.005095127038	232.261718854051	4976.95828944994
12	301998	302185	187	302091.5	33.3900106727325	43.489362667739	76.8793733404715	0.229075	76.6502983404715	34.889488698032	44.4049492499092	79.2944379479412	0.964075	78.3303629479412	84.7763282894128	82.3310875608613	1772.76982076335
12	315948	316020	72	315984	7.38489177514951	10.4241472351647	17.8090390103142	0.0882	17.7208390103142	11.8984256297622	14.6856847827581	26.5841104125203	0.8232	25.7609104125203	19.59950186794	27.0766493477158	409.847962450834
12	320183	320644	461	320413.5	101.659510190044	86.6116307152129	188.271140905257	0.564725	187.706415905257	107.725721290327	91.7250557784799	199.450777068807	1.299725	198.151052068807	207.605985643124	208.271620405948	4341.27820093291
12	322137	322225	88	322181	18.0114360442059	7.03179694971887	25.0432329939248	0.1078	24.9354329939248	22.5862690004864	10.5248457594379	33.1111147599243	0.8428	32.2683147599243	27.5789461919871	33.916419482269	576.707254066307
12	322936	323364	428	323150	90.3299762232313	47.8087993668261	138.138775590057	0.5243	137.614475590057	96.1423910428734	51.9952380149863	148.13762905786	1.2593	146.87832905786	152.203581885319	154.380142199679	3182.75068079438
12	327595	327676	81	327635.5	3.29755167470996	36.0543716267892	39.3519233014991	0.099225	39.2526983014992	5.94871282220845	47.8730984245298	53.8218112467383	0.834225	52.9875862467383	43.4140467747682	55.6939281108433	907.837287512355
12	329396	329513	117	329454.5	16.142163438209	21.4500856511398	37.5922490893488	0.143325	37.4489240893488	24.0063481893679	29.5396670991326	53.5460152885005	0.878325	52.6676902885005	41.419046649785	55.3576934611258	866.119557040288
12	340995	341800	805	341397.5	401.895510261486	351.380250557566	753.275760819052	0.986125	752.289635819052	406.572041727385	362.306790430216	768.878832157601	1.721125	767.157707157601	832.043116800821	806.340300031026	17398.9715855927
12	368305	368590	285	368447.5	58.0277496091322	64.4893549149526	122.517104524085	0.349125	122.167979524085	60.4738137623066	68.8922903903735	129.36610415268	1.084125	128.28197915268	135.119535902962	134.833983408441	2825.50377301767
12	370341	370467	126	370404	6.03181160440411	25.735122854348	31.7669344587522	0.15435	31.6125844587521	13.2233062137697	40.0435131663188	53.2668193800886	0.88935	52.3774693800886	34.963971389227	55.0526495149063	731.136563042157
12	371201	371345	144	371273	48.5142890279457	15.3435751414406	63.8578641693863	0.1764	63.6814641693863	57.7920530632415	23.3473578468055	81.1394109100469	0.9114	80.2280109100469	70.4326118653064	84.3256579247399	1472.82633291335
12	388368	388593	225	388480.5	45.4388340984301	56.985164888107	102.423998986537	0.275625	102.148373986537	55.7725826583783	72.695134660071	128.467717318449	1.010625	127.457092318449	112.977565316794	133.966965465195	2362.4898867193
12	390455	390848	393	390651.5	32.3182263796242	66.1559304914541	98.4741568710783	0.481425	97.9927318710783	36.0368718832462	70.4944669106368	106.531338793883	1.216425	105.314913793883	108.381365590753	110.69387479784	2266.37810258174
12	395667	395756	89	395711.5	2.62456153731312	18.3033317665033	20.9278933038164	0.109025	20.8188683038164	4.12883949227012	24.8104364055355	28.9392758978056	0.844025	28.0952508978056	23.0259666583254	29.5302163127842	481.499253499518
12	447754	447863	109	447808.5	29.5572668412101	39.113326798107	68.6705936393172	0.133525	68.5370686393172	37.4573510662658	46.960411799861	84.4177628661268	0.868525	83.5492378661268	75.8029799851791	87.816516603797	1585.12686209879
12	500503	500590	87	500546.5	7.63118816570054	26.8868059765471	34.5179941422476	0.106575	34.4114191422476	10.2560496986173	35.2957827438334	45.5518324424507	0.841575	44.7102574424507	38.0595226537747	46.9938345978238	795.868074433896
12	514830	515164	334	514997	67.1965152417887	44.1911523830809	111.38766762487	0.40915	110.97851762487	69.7585776950196	45.2852363493898	115.043814044409	1.14415	113.899664044409	122.743830708232	119.717091312666	2566.71364701712
12	534487	534698	211	534592.5	87.6300157908815	35.2606832582129	122.890699049094	0.258475	122.632224049094	91.2221631483211	37.8119458697144	129.034109018036	0.993475	128.040634018036	135.632996999799	134.580311566961	2836.24083081405
12	540636	540728	92	540682	15.6717703317729	11.0730377257394	26.7448080575124	0.1127	26.6321080575124	20.9414931045127	13.822997425355	34.7644905298677	0.8477	33.9167905298677	29.4554931240323	35.6490911800546	615.947993026114
12	543730	543790	60	543760	7.13649541537333	4.7168308753152	11.8533262906885	0.0735	11.7798262906885	20.0949055111692	14.0942934495389	34.1891989607081	0.8085	33.3806989607081	13.0286566710514	35.0856187249295	272.444086899803
12	545810	545905	95	545857.5	10.6137444566363	5.86421406052936	16.4779585171657	0.116375	16.3615835171657	14.5062874118086	10.3777479151421	24.8840353269506	0.851375	24.0326603269506	18.0961458156974	25.2601288597836	378.411070890973
12	552081	552206	125	552143.5	30.9451465019725	24.9005350851483	55.8456815871208	0.153125	55.6925565871208	33.6388070266469	27.4987970078797	61.1376040345265	0.888125	60.2494790345265	61.5967656059799	63.3267221956395	1288.05869900539
12	553833	554361	528	554097	201.904241113537	94.7871109043683	296.691352017905	0.6468	296.044552017905	208.116050080097	102.093103835772	310.20915391587	1.3818	308.82735391587	327.429516564719	324.600716242499	6846.92504506068
12	556555	556687	132	556621	45.1140388582719	20.8695941581845	65.9836330164564	0.1617	65.8219330164564	47.4180050938771	22.1420755100976	69.5600806039747	0.8967	68.6633806039747	72.8000010810202	72.1703639301108	1522.33114446039
12	561815	561897	82	561856	21.5873836390515	15.6357708593416	37.2231544983931	0.10045	37.1227044983931	25.7268229759819	19.6330122801683	45.3598352561502	0.83545	44.5243852561502	41.0582431077759	46.7984689864631	858.574743017266
12	566441	566542	101	566491.5	4.13343942485857	18.4710293089126	22.6044687337711	0.123725	22.4807437337711	10.3667480763436	25.566725322197	35.9334733985406	0.858725	35.0747483985406	24.8640246969274	36.8661917664628	519.935145751437
12	567970	568403	433	568186.5	372.283344224818	247.496672961007	619.780017185825	0.530425	619.249592185825	379.545537798098	255.132961051969	634.678498850066	1.265425	633.413073850066	684.898922206955	665.764657314342	14322.0184697886
12	573338	573447	109	573392.5	9.02866768577792	17.1977479687233	26.2264156545012	0.133525	26.0928906545012	20.426400653141	33.0811151995648	53.5075158527059	0.868525	52.6389908527059	28.8591109498366	55.3275282011624	603.476960824223
12	573761	573986	225	573873.5	115.543006728791	102.569396855746	218.112403584536	0.275625	217.836778584536	125.610759186885	113.345838928065	238.95659811495	1.010625	237.94597311495	240.930598505446	250.099067717855	5038.13390538459
12	576508	576616	108	576562	12.2321207394938	4.533533561519	16.7656543010128	0.1323	16.6333543010128	20.4631001153141	8.35697752932999	28.8200776446441	0.8673	27.9527776446441	18.3967281968455	29.3804662358068	384.69659168085
12	585884	586308	424	586096	56.0196790372056	45.521032893815	101.540711931021	0.5194	101.021311931021	58.9072367203365	47.2881069975207	106.195343717857	1.2544	104.940943717857	111.731018533681	110.300804193853	2336.42317019757
12	588989	589302	313	589145.5	33.2553126467186	27.8837913658259	61.1391040125445	0.383425	60.7556790125445	35.9176736300847	29.461668242198	65.3793418722827	1.118425	64.2609168722827	67.1966515581598	67.5430442888328	1405.1587081241
12	602580	602991	411	602785.5	233.447378852007	276.982340851493	510.4297197035	0.503475	509.9262447035	255.583054455895	297.247843862573	552.830898318467	1.238475	551.592423318467	563.985733393369	579.765015672432	11793.5856349857
12	605129	605238	109	605183.5	11.7160283027768	23.7512519277781	35.4672802305549	0.133525	35.3337552305549	23.2380594485626	61.6812960667742	84.9193555153367	0.868525	84.0508305153367	39.0796395836292	88.3437281060522	817.19988419006
12	607157	607676	519	607416.5	74.1046140042921	193.100670128989	267.205284133281	0.635775	266.569509133281	75.7089904923151	195.930428659161	271.639419151476	1.370775	270.268644151476	294.829696785387	284.072619724473	6165.22559153126
12	609588	609709	121	609648.5	12.374218657063	17.3807452869159	29.7549639439789	0.148225	29.6067389439789	15.6513706307285	20.8835939530189	36.5349645837475	0.883225	35.6517395837475	32.745477508056	37.4726527862168	684.745322946669
12	611262	612200	938	611731	852.373908545606	254.463870857419	1106.83777940303	1.14905	1105.68872940303	888.640377064137	269.270353869891	1157.91073093403	1.88405	1156.02668093403	1222.90757817288	1215.07076322277	25572.3937555622
12	617358	617483	125	617420.5	11.1708362925112	14.1943919826049	25.3652282751161	0.153125	25.2121032751161	15.6893700738505	18.2604323951893	33.9498024690397	0.888125	33.0616774690397	27.884947487403	34.7503032051763	583.106090540752
12	620297	620422	125	620359.5	18.1336342534034	9.79565644563434	27.9292906990377	0.153125	27.7761656990377	22.2780735170604	12.9416103419946	35.219683859055	0.888125	34.331558859055	30.720837268802	36.085043808673	642.407783842596
12	623989	624097	108	624043	16.2036625369459	15.6498706527105	31.8535331896564	0.1323	31.7212331896564	25.1811309730437	23.2498592756373	48.4309902486809	0.8673	47.5636902486809	35.0841384424386	49.9930065329126	733.649393329598
12	626348	626531	183	626439.5	23.8911498775876	68.2800993619718	92.1712492395594	0.224175	91.9470742395594	26.2108158831143	72.3883391561284	98.5991550392427	0.959175	97.6399800392427	101.69478162185	102.626943671821	2126.55399715924
12	626935	627120	185	627027.5	80.9822132137635	47.5803027154217	128.562515929185	0.226625	128.335890929185	84.611960020187	50.7260566147128	135.3380166349	0.961625	134.3763916349	141.941334297225	141.239668111308	2968.15536646007
12	633422	633581	159	633501.5	39.997813836038	36.7765610431755	76.7743748792135	0.194775	76.5795998792135	44.5159476232391	40.5579056279487	85.0738532511879	0.929775	84.1440782511878	84.6981347782206	88.4417384715897	1771.13470516424
12	636234	636551	317	636392.5	135.583313040106	123.406591488742	258.989904528848	0.388325	258.601579528848	141.157831346097	128.308419652941	269.466250999038	1.123325	268.342925999038	286.017052470137	282.048545484816	5980.94313676554
12	640054	640172	118	640113	22.7802661574775	10.4447469332782	33.2250130907556	0.14455	33.0804630907556	26.3675135867251	14.5685864988217	40.9361000855468	0.87955	40.0565500855468	36.5874661895079	42.1024390589251	765.085692995969
12	641230	641305	75	641267.5	9.7729567782957	7.12549557657486	16.8984523548706	0.091875	16.8065773548706	12.8499116858292	8.5717743815036	21.4216860673328	0.826875	20.5948110673328	18.5883153765315	21.6466913910622	388.702898359208
12	645924	646135	211	646029.5	103.169688058538	114.819917325593	217.989605384132	0.258475	217.731130384132	157.229095823323	168.842325632602	326.071421455925	0.993475	325.077946455925	240.813750081961	341.681308071498	5035.69047143391
12	658138	658490	352	658314	293.069405097175	241.677358242482	534.746763339657	0.4312	534.315563339657	298.876120000349	247.21117714492	546.087297145268	1.1662	544.921097145268	590.960669280373	572.752951402058	12357.6623439257
12	660213	660524	311	660368.5	170.262904814156	136.397601106795	306.660505920951	0.380975	306.279530920951	186.971559950486	152.657362821613	339.628922772099	1.115975	338.512947772099	338.749549888865	355.802502307217	7083.63986689836
12	669088	669161	73	669124.5	10.0706524155959	14.078693678152	24.1493460937479	0.089425	24.0599210937479	12.9380103947514	17.5138433363773	30.4518537311287	0.824425	29.6274287311287	26.6106174851503	31.1406501548688	556.458395184394
12	674060	674223	163	674141.5	39.2188252520378	46.9758115741789	86.1946368262167	0.199675	85.9949618262167	42.1378824735461	48.669386755004	90.80726922855	0.934675	89.87259422855	95.1116600046624	94.4628384994225	1988.89340764274
12	677644	678140	496	677892	1139.77049677734	877.060046772719	2016.83054355006	0.6076	2016.22294355006	1149.65835187182	882.819762364663	2032.47811423648	1.3426	2031.13551423648	2229.97146609664	2134.87579499303	46631.2495012033
12	679981	680125	144	680053	53.280819174923	24.1382462564149	77.4190654313379	0.1764	77.2426654313379	55.8164820150376	25.5532255200353	81.3697075350729	0.9114	80.4583075350729	85.4314947799601	84.5677169537857	1786.47010013913
12	680881	681090	209	680985.5	84.3362640604837	31.3810401139952	115.717304174479	0.256025	115.461279174479	86.492932454724	32.5487230017192	119.041655456443	0.991025	118.050630456443	127.70182921575	124.080068404429	2670.39105677131
12	691290	691525	235	691407.5	83.2091805777794	22.5187699896776	105.727950567457	0.287875	105.440075567457	85.1030528232711	23.3341580402473	108.437210863518	1.022875	107.414335863518	116.618234432201	112.900524885204	2438.62043477918
12	699694	699860	166	699777	22.9454637365235	41.977184828554	64.9226485650775	0.20335	64.7192985650775	23.8609503201591	43.8973566886274	67.7583070087865	0.93835	66.8199570087865	71.5804715781068	70.2327874436076	1496.82939011554
12	704196	704584	388	704390	75.2830967337456	161.704930230418	236.988026964163	0.4753	236.512726964163	107.722221341618	202.796228041557	310.518449383176	1.2103	309.308149383176	261.586465021642	325.106068346432	5470.07165877042
12	707123	707315	192	707219	42.3745790047821	63.8216646998859	106.196243704668	0.2352	105.961043704668	43.5423618910407	65.6841374055346	109.226499296575	0.9702	108.256299296575	117.194432656927	113.78549161485	2450.66939755196
12	710645	710772	127	710708.5	36.3144678151056	36.1204706581145	72.4349384732201	0.155575	72.2793634732201	38.9343294212957	39.6340191674124	78.5683485887081	0.890575	77.6777735887081	79.9420116949515	81.6451671890636	1671.67874102916
12	713210	713423	213	713316.5	42.1770818990824	43.6575602028209	85.8346421019033	0.260925	85.5737171019033	43.5342620097436	50.6905571349542	94.2248191446978	0.995925	93.2288941446978	94.6457573035412	97.9905614905762	1979.15085020218
12	718035	718129	94	718082	10.4244472307683	9.90325486879021	20.3277020995585	0.11515	20.2125520995585	11.6452293403285	12.4339177821783	24.0791471225068	0.85015	23.2289971225068	22.3553722484896	24.4154185435747	467.476358716071
12	720417	720580	163	720498.5	25.6329243520569	24.5059408678871	50.138865219944	0.199675	49.939190219944	26.2747149466799	25.7316229056394	52.0063378523193	0.934675	51.0716628523193	55.233459963691	53.6801488966369	1154.99471250632
12	721509	721729	220	721619	25.4544269679182	40.5264060895713	65.9808330574895	0.2695	65.7113330574895	25.9068203381386	41.9364854249997	67.8433057631383	1.0045	66.8388057631383	72.6776759416121	70.2525988984068	1519.77318612652
12	723540	723731	191	723635.5	89.8244836311747	9.98065373451757	99.8051373656923	0.233975	99.5711623656923	137.382786668999	16.9125521482395	154.295338817239	0.968975	153.326363817239	110.127132335183	161.157510443495	2302.88407849582
12	725645	725854	209	725749.5	46.726715224661	44.240851654743	90.967566879404	0.256025	90.711541879404	62.5821828643682	60.7660094802076	123.348192344576	0.991025	122.357167344576	100.328265127531	128.60656173699	2097.97857699674
12	728242	728748	506	728495	456.728006696734	324.100050346172	780.828057042906	0.61985	780.208207042906	464.201397174944	326.098721055852	790.300118230796	1.35485	788.945268230796	862.921456620603	829.240661154681	18044.6729276101
12	730582	730726	144	730654	33.9186029262659	17.2869466615253	51.2055495877913	0.1764	51.0291495877913	36.4853653106199	18.4812291594348	54.9665944700546	0.9114	54.0551944700546	56.4389706425966	56.8160644422295	1180.20331723471
12	732233	732341	108	732287	19.7926099412805	24.0076481703168	43.8002581115973	0.1323	43.6679581115973	25.0214333133969	26.9641048437399	51.9855381571368	0.8673	51.1182381571368	48.2973873911516	53.7291030359359	1009.95351551976
12	737743	737852	109	737797.5	19.0934201878365	16.7102551128823	35.8036753007188	0.133525	35.6701503007188	36.8822594941753	37.6187487009996	74.5010081951749	0.868525	73.6324831951749	39.4516973514474	77.3932635202341	824.980036924641
12	743914	744133	219	744023.5	65.9789330853334	53.6711134551993	119.650046540533	0.268275	119.381771540533	67.1888153546298	54.9967940274831	122.185609382113	1.003275	121.182334382113	132.03794994948	127.371724161091	2761.06429222568
12	745331	745523	192	745427	37.475450801016	32.1059294908139	69.5813802918299	0.2352	69.3461802918299	41.0950977554518	34.9152883199411	76.010386075393	0.9702	75.040186075393	76.6978690666478	78.8728648488778	1603.84001456209
12	747288	747812	524	747550	187.673049670224	201.325749591272	388.998799261496	0.6419	388.356899261496	189.078329075995	202.820327688379	391.898656764374	1.3769	390.521756764374	429.528295363038	410.467662098764	8981.92708445729
12	757183	757378	195	757280.5	36.6125634465439	81.0140127477445	117.626576194288	0.238875	117.387701194288	38.5798346163816	84.2805648767497	122.860399493131	0.973875	121.886524493131	129.832479573429	128.111880793945	2714.94538849227
12	758960	759436	476	759198	181.727136806983	276.404849314573	458.131986121556	0.5831	457.548886121556	185.998274213891	279.954897288975	465.953171502866	1.3181	464.635071502866	506.055624284704	488.366315641526	10582.2009098679
12	764223	764727	504	764475	117.827773245766	115.771303383126	233.599076628892	0.6174	232.981676628892	126.125951636791	125.024067784789	251.15001942158	1.3524	249.79761942158	257.681072754285	262.556037060127	5388.40544734668
12	766360	766526	166	766443	23.60785402926	21.8987790755825	45.5066331048424	0.20335	45.3032831048424	26.464212169617	23.182260266294	49.646472435911	0.93835	48.708122435911	50.1060802663107	51.1958906134693	1047.77534867542
12	771772	771847	75	771809.5	13.7940978488754	12.6355148277937	26.4296126766691	0.091875	26.3377376766691	17.3234461266293	15.8752673495445	33.1987134761738	0.826875	32.3718384761738	29.129915264776	34.0252306740777	609.139788249566
12	777869	778054	185	777961.5	27.1072027466544	84.9098556545562	112.017058401211	0.226625	111.790433401211	27.8225922626926	89.1077941341876	116.93038639688	0.961625	115.96876139688	123.641821190835	121.891867847424	2585.49165331927
12	778956	779159	203	779057.5	143.067503360045	173.077763562682	316.145266922727	0.248675	315.896591922727	151.572078726343	178.042590803636	329.614669529979	0.983675	328.630994529979	349.386157160038	345.415828136052	7306.06346964365
12	781527	781735	208	781631	66.7409219184633	28.8803767609666	95.6212986794298	0.2548	95.3664986794298	89.8483832809277	45.8712277617442	135.719611042672	0.9898	134.729811042672	105.476714049401	141.611138421312	2205.63852236822
12	783582	783949	367	783765.5	88.1577080576041	184.526495782657	272.684203840261	0.449575	272.234628840261	106.330341739475	202.394933922483	308.725275661957	1.184575	307.540700661957	301.095400357008	323.248347151872	6296.24860729221
12	784442	784631	189	784536.5	61.387000379648	24.6591386227894	86.0461390024374	0.231525	85.8146140024374	80.7768162238358	32.1939282012016	112.970744425037	0.966525	112.004219425037	94.9121927273521	117.724836827289	1984.72231912569
12	789793	790239	446	790016	510.304321541197	488.773837068294	999.078158609492	0.54635	998.531808609492	520.448972872347	490.893206009154	1011.3421788815	1.28135	1010.0608288815	1104.3904883199	1061.64970280691	23094.0660858524
12	793619	793753	134	793686	0	40.4043078789084	40.4043078789084	0.16415	40.2401578789084	1.41497926362039	44.6956449897922	46.1106242534126	0.89915	45.2114742534126	44.5061912167262	47.5206510658862	930.675274786445
12	795237	795455	218	795346	30.2269570269674	33.1711138806431	63.3980709076106	0.26705	63.1310209076106	31.4525390661852	34.4701948427415	65.9227339089267	1.00205	64.9206839089267	69.8238137304614	68.2365089380367	1460.09566879794
12	796417	796605	188	796511	153.097356373552	100.592425828059	253.68978220161	0.2303	253.45948220161	159.661360178732	108.483110190868	268.144470369601	0.9653	267.179170369601	280.329819144917	280.825351016914	5862.01659434475
12	797181	797320	139	797250.5	15.1122785310693	22.7237669854672	37.8360455165365	0.170275	37.6657705165365	20.5822983684756	28.2356862088421	48.8179845773177	0.905275	47.9127095773177	41.6588819054548	50.3598520296649	871.134786076334
12	805200	805362	162	805281	39.3516233058956	26.3889132731148	65.7405365790104	0.19845	65.5420865790104	53.571514914806	39.4462219195623	93.0177368343683	0.93345	92.0842868343683	72.4904869112753	96.7874933425049	1515.85884977279
12	805604	805765	161	805684.5	27.6361949943259	37.189654989325	64.825849983651	0.197225	64.628624983651	53.6081143784445	57.6198555867783	111.227969965223	0.932225	110.295744965223	71.4801852977841	115.929102005532	1494.73228948875
12	808883	809673	790	809278	610.445253985846	128.897211024262	739.342465010108	0.96775	738.374715010108	617.918644464056	130.154092604788	748.072737068844	1.70275	746.369987068844	816.653014998734	784.490846787007	17077.1469847433
12	818500	818783	283	818641.5	22.3505724545957	17.5593426695891	39.9099151241848	0.346675	39.5632401241848	36.7599612864433	29.4288687228717	66.188830009315	1.081675	65.107155009315	43.7575104804233	68.4325040530324	915.019505758873
12	819090	819187	97	819138.5	18.1586338870362	21.7094818497144	39.8681157367506	0.118825	39.7492907367506	32.9938164789188	33.1736138440064	66.1674303229253	0.853825	65.3136053229253	43.963285123847	68.6494988199034	919.322488503
12	820264	820373	109	820318.5	20.8482944703293	18.3056317327975	39.1539262031268	0.133525	39.0204012031268	27.5173967353025	21.7192817060985	49.236678441401	0.868525	48.368153441401	43.157122855375	50.8385576968124	902.464715006295
12	822757	823066	309	822911.5	173.996650096492	177.08450484429	351.081154940782	0.378525	350.702629940782	179.251873081725	182.897119661001	362.148992742726	1.113525	361.035467742726	387.882133944963	379.475360366425	8111.05829829613
12	826576	826884	308	826730	438.519073546828	600.48249998901	1039.00157353584	0.3773	1038.62427353584	446.633854625523	609.506667740734	1056.14052236626	1.1123	1055.02822236626	1148.7333290148	1108.91380667475	24021.3255147164
12	827923	828655	732	828289	1780.80410249396	1467.20589824428	3248.01000073824	0.8967	3247.11330073824	1800.34231616339	1491.89853637614	3292.24085253952	1.6317	3290.60915253952	3591.35383861847	3458.67707068277	75099.3093148683
12	830424	830911	487	830667.5	278.23902243495	263.251242079372	541.490264514322	0.596575	540.893689514322	286.085907439635	266.53329398123	552.619201420864	1.331575	551.287626420864	598.236171087756	579.444651268127	12509.8013937676
12	833660	833847	187	833753.5	67.0495173960274	52.6410285509906	119.690545947018	0.229075	119.461470947018	70.7259635180771	53.9667091232744	124.692672641352	0.964075	123.728597641352	132.126098635068	130.048037859378	2762.90758188807
12	837389	837823	434	837606	496.143829061799	516.644228630493	1012.78805769229	0.53165	1012.25640769229	499.152184974644	524.618111774033	1023.77029674868	1.26665	1022.50364674868	1119.57009156575	1074.72803780718	23411.4889215469
12	839405	840204	799	839804.5	695.838002563655	698.10246937812	1393.94047194178	0.978775	1392.96169694178	699.924542675818	706.597244888035	1406.52178756385	1.713775	1404.80801256385	1540.63559661531	1476.55860557498	32216.4493978732
12	841054	841313	259	841183.5	104.567967566892	64.0767609614757	168.644728528368	0.317275	168.327453528368	108.344612220542	65.3023430006935	173.646955221236	1.052275	172.594680221236	186.172575572443	181.409956433847	3893.08112403623
12	843013	843146	133	843079.5	31.5713373252086	4.86902864487211	36.4403659700807	0.162925	36.2774409700807	39.2122253487587	6.35140692076671	45.5636322695254	0.897925	44.6657072695254	40.1233695336512	46.9470090240626	839.025469158889
12	843937	844142	205	844039.5	178.045590759672	18.5259285043703	196.571519264042	0.251125	196.320394264042	183.353112978464	19.5838130011788	202.936925979643	0.986125	201.950800979643	217.133169137943	212.265441556697	4540.50248579261
12	845851	845991	140	845921	21.8745794302259	12.8050123438246	34.6795917740505	0.1715	34.5080917740505	24.4995409616771	13.7362986959162	38.2358396575933	0.9065	37.3293396575933	38.1664439697742	39.2359363122194	798.103921232465
12	849174	849316	142	849245	21.828880099945	25.9036203850336	47.7325004849786	0.17395	47.5585504849786	30.1441582403754	34.308097218266	64.4522554586414	0.90895	63.5433054586414	52.6004383045478	66.7887808600977	1099.93522327237
12	849682	849837	155	849759.5	36.3148678092437	32.0778299026105	68.3926977118542	0.189875	68.2028227118542	43.9197563603624	39.0047283896059	82.9244847499683	0.924875	81.9996097499683	75.4332991999833	86.1877412053858	1577.39641478484
12	853287	853437	150	853362	22.2508739156678	37.291253500409	59.5421274160768	0.18375	59.3583774160768	25.390427905818	41.340294162123	66.7307220679411	0.91875	65.8119720679411	65.6512159704823	69.1733196548533	1372.84188543257
12	853855	853955	100	853905	10.1383514234737	10.8595408545147	20.9978922779884	0.1225	20.8753922779884	17.8947377544077	17.4233446626263	35.3180824170339	0.8575	34.4605824170339	23.0884829836937	36.2206572470589	482.806541243092
12	854377	854536	159	854456.5	22.8489651507006	17.89743771484	40.7464028655406	0.194775	40.5516278655406	25.9620195292	19.9650074148128	45.9270269440128	0.929775	44.9972519440128	44.8506814850059	47.2954873484092	937.878959629555
12	855578	855846	268	855712	166.098165847989	163.109309649378	329.207475497367	0.3283	328.879175497367	169.554215199931	166.954753294786	336.508968494717	1.0633	335.445668494717	363.745080621491	352.578561688844	7606.32495400772
12	857343	857479	136	857411	48.628187358777	17.8363386102413	66.4645259690183	0.1666	66.2979259690183	53.1938204498806	19.1886187927104	72.382439242591	0.9016	71.480839242591	73.3264561070736	75.1317243163661	1533.33992015295
12	859282	859505	223	859393.5	93.8641244306427	30.1757577772873	124.03988220793	0.273175	123.76670720793	98.0148636019753	31.8645330284549	129.87939663043	1.008175	128.87122163043	136.88775162952	135.453321455712	2862.47918277995
12	862281	862533	252	862407	136.656297315628	216.183031859286	352.839329174914	0.3087	352.530629174914	140.312243738099	221.133159315663	361.445403053762	1.0437	360.401703053762	389.90392729138	378.80922613525	8153.33630562043
12	866862	867125	263	866993.5	247.01058008465	137.757781173492	384.768361258142	0.322175	384.446186258142	252.149004781549	140.545340322092	392.694345103641	1.057175	391.637170103641	425.202990744582	411.640045193207	8891.48002632298
12	871321	871633	312	871477	99.7952375107736	259.008804251874	358.804041762648	0.3822	358.421841762648	106.348441474225	275.262266059017	381.610707533242	1.1172	380.493507533242	396.419692828808	399.927219868473	8289.58840260308
12	873630	873724	94	873677	8.03968217926162	13.016009251686	21.0556914309476	0.11515	20.9405414309476	13.3093049534668	24.2184450811091	37.527750034576	0.85015	36.677600034576	23.1605388803911	38.5509090769289	484.313312315284
12	875021	875326	305	875173.5	275.430563592633	145.805263238448	421.235826831081	0.373625	420.862201831081	293.104904576933	163.310906694993	456.415811271927	1.108625	455.307186271927	465.479625774635	478.562008514588	9733.71045200766
12	877400	878229	829	877814.5	345.055543245519	221.976046963229	567.031590208748	1.015525	566.016065208748	349.537877557358	224.159414966189	573.697292523547	1.750525	571.946767523547	626.021878585206	601.158958352183	13090.8322628078
12	884834	885236	402	885035	171.334089116057	122.367706713495	293.701795829552	0.49245	293.209345829552	181.70103718947	130.914681458435	312.615718647904	1.22745	311.388268647904	324.29373789463	327.292429737803	6781.35233268808
12	892846	893091	245	892968.5	78.8984437511966	209.783925637548	288.682369388744	0.300125	288.382244388744	84.9159555651627	217.637310546977	302.55326611214	1.035125	301.51814111214	318.954894533389	316.918185271146	6669.71102220007
12	893401	893650	249	893525.5	125.685858086318	135.65181203626	261.337670122578	0.305025	261.032645122578	135.153119344551	143.200101416834	278.353220761385	1.040025	277.313195761385	288.705845851627	291.476971927052	6037.16887639303
12	897883	898018	135	897950.5	12.6772142166934	58.0009500018777	70.6781642185711	0.165375	70.5127892185711	15.0233798338708	63.2298733725286	78.2532532063995	0.900375	77.3528782063995	77.9881552560044	81.3036777696063	1630.8213720093
12	899044	899184	140	899114	25.0515328722909	26.9525050137342	52.0040378860251	0.1715	51.8325378860251	32.3628257260252	31.5659374043439	63.9287631303691	0.9065	63.0222631303691	57.3275296122227	66.2411262860929	1198.78409983176
12	902739	903132	393	902935.5	99.1982462596207	107.499324608148	206.697570867768	0.481425	206.216145867768	109.928089014848	112.77374731201	222.701836326858	1.216425	221.485411326858	228.078012208241	232.797782457923	4769.37165103621
12	903431	903495	64	903463	23.5446549554361	6.80960020598993	30.354255161426	0.0784	30.275855161426	49.279377815646	29.8445626309191	79.123940446565	0.8134	78.310540446565	33.4855296323426	82.310252624892	700.220657844971
12	907847	907993	146	907920	45.7556294558258	37.2312543796901	82.986883835516	0.17885	82.808033835516	56.4325729862861	42.7904729098985	99.2230458961845	0.91385	98.3091958961845	91.5868719813428	103.330339739979	1915.18606552954
12	910042	910233	191	910137.5	47.0157109894569	62.7547803349696	109.770491324427	0.233975	109.536516324427	48.0518958042721	65.5002401005313	113.552135904803	0.968975	112.583160904803	121.148956607454	118.333347752929	2533.36300856857
12	914982	915079	97	915030.5	8.08558150661157	21.5442842706684	29.62986577728	0.118825	29.51104077728	10.5569452890225	27.3133997248583	37.8703450138808	0.853825	37.0165200138808	32.6396339644246	38.9071393999113	682.532013598901
12	924763	924907	144	924835	31.837833419735	40.9325001383037	72.7703335580386	0.1764	72.5939335580386	66.603523932017	64.7929504657901	131.396474397807	0.9114	130.485074397807	80.2899307162468	137.14960178049	1678.95412501272
12	928569	928677	108	928623	13.776898100936	16.844353147689	30.621251248625	0.1323	30.488951248625	17.1231490619628	20.0372063567445	37.1603554187073	0.8673	36.2930554187073	33.7212169582462	38.1467238382983	705.149148933567
12	929625	929735	110	929680	20.100505429103	9.93805435880716	30.0385597879101	0.13475	29.9038097879101	26.1713164619743	12.9622100401081	39.1335265020824	0.86975	38.2637765020824	33.0740421181827	40.2180995343515	691.615984094141
12	932364	932730	366	932547	44.9621410843186	40.2886095744555	85.250750658774	0.44835	84.802400658774	59.7604242169591	60.7998089848792	120.560233201838	1.18335	119.376883201838	93.7926702652194	125.474059531236	1961.31182618997
12	940969	941174	205	941071.5	0.494592751792681	42.0036844402048	42.4982771919975	0.251125	42.2471521919975	4.25583763112509	46.5206182449916	50.7764558761167	0.986125	49.7903308761167	46.7259556852957	52.3333728680695	977.093084315171
12	950058	950418	360	950238	40.3039093502388	60.4626139264391	100.766523276678	0.441	100.325523276678	56.6338700362979	75.2939965740095	131.927866610307	1.176	130.751866610307	110.961466311997	137.430020409758	2320.33095457997
12	950760	950985	225	950872.5	23.6192538621965	13.814897544058	37.4341514062545	0.275625	37.1585264062545	34.0561009112467	20.9512929608968	55.0073938721435	1.010625	53.9967688721435	41.097862651164	56.7546547559165	859.403232906461
12	954337	955050	713	954693.5	296.740751293963	253.26938836244	550.010139656403	0.873425	549.136714656403	307.234097515024	257.01953340444	564.253630919463	1.608425	562.645205919463	607.353075009499	591.382319331788	12700.4462643037
12	958186	958361	175	958273.5	38.6450336608961	36.8620597901999	75.5070934510961	0.214375	75.2927184510961	39.6812184757113	37.8402454549868	77.5214639306981	0.949375	76.5720889306981	83.274825478953	80.4830096684375	1741.37168260517
12	965599	965770	171	965684.5	31.6930355417334	29.2038720201759	60.8969075619093	0.209475	60.6874325619093	33.0295159557466	31.0507449544377	64.0802609101843	0.944475	63.1357859101843	67.1211700058514	66.3604472438079	1403.58030268173
12	973219	973425	206	973322	55.4550873112409	61.7855945382905	117.240681849531	0.25235	116.988331849531	61.3509009086822	66.3620274711235	127.712928379806	0.98735	126.725578379806	129.39077135555	133.198089439758	2705.70876532118
12	982504	982699	195	982601.5	38.3098385731466	35.0469863899191	73.3568249630657	0.238875	73.1179499630657	42.9176710458225	38.8186311168428	81.7363021626653	0.973875	80.7624271626653	80.8695003688564	84.8873694965031	1691.07358819199
12	986907	987066	159	986986.5	30.7223497670364	21.7709809484513	52.4933307154876	0.194775	52.2985557154876	33.478709372862	24.0170480325628	57.4957574054247	0.929775	56.5659824054247	57.8429520091943	59.4550909138813	1209.56217065334
12	988183	988330	147	988256.5	54.8442962623226	32.8328188383232	87.6771151006458	0.180075	87.4970401006458	63.5228690787058	36.5202647991713	100.043133877877	0.915075	99.1280588778772	96.772980099514	104.191026162317	2023.63350769433
12	990567	990756	189	990661.5	37.1539555124973	22.7829661179098	59.9369216304071	0.231525	59.7053966304071	41.3357942280691	25.8648209536354	67.2006151817045	0.966525	66.2340901817045	66.0350241939822	69.6169974584195	1380.86775361193
12	992947	993124	177	993035.5	40.00271376423	33.8932032984949	73.8959170627249	0.216825	73.6790920627249	41.6335898639038	34.724291118986	76.3578809828899	0.951825	75.4060559828899	81.4901315717046	79.2574215680906	1704.05169527015
12	1001867	1002319	452	1002093	315.379678142354	251.456214934315	566.83589307667	0.5537	566.28219307667	331.278845141652	262.829848254856	594.108693396508	1.2887	592.819993396508	626.316219820483	623.098284589782	13096.9872741115
12	1011336	1011539	203	1011437.5	73.5599219866992	164.904883335425	238.464805322124	0.248675	238.216130322124	85.1086527412048	203.558816865894	288.667469607099	0.983675	287.683794607099	263.470453543674	302.377249284282	5509.46800987354
12	1012135	1012407	272	1012271	43.2144666963119	111.496266033371	154.710732729683	0.3332	154.377532729683	68.666793695005	151.811375219477	220.478168914482	1.0682	219.409968914482	170.743763280186	230.616336789218	3570.4470426384
12	1014245	1014411	166	1014328	68.0456027984954	72.2790407578855	140.324643556381	0.20335	140.121293556381	86.6619299780822	103.648281044806	190.310211022888	0.93835	189.371861022888	154.976158476357	199.044032028814	3240.7284229958
12	1018990	1019118	128	1019054	22.9323639284998	23.9096496064759	46.8420135349758	0.1568	46.6852135349758	26.2566152119297	30.4106543349017	56.6672695468314	0.8918	55.7754695468314	51.6345151237685	58.6242025976599	1079.73666668691
12	1022319	1022451	132	1022385	20.2766028484129	26.1794163432714	46.4560191916843	0.1617	46.2943191916843	22.070276562304	28.2938853559395	50.3641619182434	0.8967	49.4674619182434	51.2021803789491	51.9940133727099	1070.69605353996
12	1024028	1024217	189	1024122.5	105.024760872632	45.1131388714611	150.137899744093	0.231525	149.906374744093	109.737191812428	47.675201324692	157.41239313712	0.966525	156.44586813712	165.798598480742	164.436343499296	3467.03800037335
12	1024908	1025125	217	1025016.5	110.700877689707	20.3356019837865	131.036479673494	0.265825	130.770654673494	114.751418329439	20.9302932686451	135.681711598084	1.000825	134.680886598084	144.634217886246	141.55971515989	3024.46663699717
12	1028005	1028171	166	1028088	59.2079323136726	102.079404036542	161.287336350214	0.20335	161.083986350214	71.6775495726787	114.207326303054	185.884875875732	0.93835	184.946525875732	178.161197081507	194.392672814141	3725.55405252919
12	1028450	1028710	260	1028580	66.0344322719984	64.0070619829072	130.041494254906	0.3185	129.722994254906	84.2416654468169	76.4239800142152	160.665645461032	1.0535	159.612145461032	143.475490451324	167.764338491101	3000.23632331683
12	1032105	1032431	326	1032268	54.4251024055667	45.0460398547905	99.4711422603571	0.39935	99.0717922603571	63.3973709178688	47.4706043230406	110.867975240909	1.13435	109.733625240909	109.57482184319	115.338272006788	2291.33463548913
12	1043158	1043829	671	1043493.5	175.656825766784	110.316483322968	285.973309089752	0.821975	285.151334089752	184.177000904469	121.455020088826	305.632020993295	1.556975	304.075045993295	315.381461446875	319.605684112369	6594.98645627333
12	1053168	1053365	197	1053266.5	41.3547939496301	29.5801665056178	70.9349604552479	0.241325	70.6936354552479	43.2062668164804	31.8466332907737	75.0529001072541	0.976325	74.0765751072541	78.1881737851211	77.8600374342368	1635.00398783103
12	1054939	1055035	96	1054987	28.3688842568381	12.7144136715391	41.0832979283771	0.1176	40.9656979283771	33.065915422316	14.7914832322924	47.8573986546084	0.8526	47.0047986546084	45.3086489077278	49.4055695412163	947.455581338418
12	1056812	1057251	439	1057031.5	73.622921063454	68.8600908622543	142.483011925708	0.537775	141.945236925708	83.7049733119865	80.667917819731	164.372891131717	1.272775	163.100116131717	156.993465978182	171.430457322808	3282.91262618784
12	1065286	1065498	212	1065392	10.927139863858	25.9185201666788	36.8456600305368	0.2597	36.5859600305368	21.5068848187536	31.4713387906771	52.9782236094307	0.9947	51.9835236094307	40.4645960352963	54.6385829573465	846.160904915152
12	1066476	1066772	296	1066624	31.4185395644445	35.1728845448942	66.5914241093387	0.3626	66.2288241093387	37.0764566482354	45.5849319573806	82.661388605616	1.0976	81.563788605616	73.250028460105	85.7296604887116	1531.74173079099
13	13291	13443	152	13367	33.555108253244	21.4757852745143	55.0308935277584	0.1862	54.8446935277584	36.6102634802497	23.3479578380126	59.9582213182623	0.9212	59.0370213182623	60.659016913265	62.0523381810022	746.049032207761
13	14773	14909	136	14841	38.9763288057989	21.7696809675024	60.7460097733013	0.1666	60.5794097733013	42.5571763288366	31.0627447785815	73.6199211074181	0.9016	72.718321107418	67.0016952537886	76.4324105883774	824.058028699063
13	16814	16997	183	16905.5	94.7716111315159	68.4123974231569	163.184008554673	0.224175	162.959833554673	101.193117024989	72.8713320779154	174.064449102905	0.959175	173.105274102905	180.235910968719	181.946628906661	2216.73270998713
13	20489	20723	234	20606	84.8619563565157	191.599092134464	276.46104849098	0.28665	276.17439849098	86.2191364671769	197.022012662106	283.241149129283	1.02165	282.219499129283	305.452842043803	296.633864822481	3756.78355482968
13	21721	21875	154	21798	34.4717948192941	29.4109689851906	63.8827638044846	0.18865	63.6941138044846	36.091971075773	31.8620330650916	67.9540041408646	0.92365	67.0303541408646	70.4466025429822	70.4539306127665	866.427158301398
13	23714	23941	227	23827.5	134.748025281164	142.245015413523	276.993040694687	0.278075	276.714965694687	137.141090211037	145.422568846796	282.563659057832	1.013075	281.550584057832	306.05071711691	295.930784902437	3764.13685764219
13	26122	26258	136	26190	20.8915938357815	4.60143256646588	25.4930264022473	0.1666	25.3264264022473	35.0803859004526	7.57208903179244	42.652474932245	0.9016	41.750874932245	28.0113905041503	43.8833015758366	344.513838829541
13	26568	26799	231	26683.5	77.7196610261395	54.6370992987734	132.356760324913	0.282975	132.073785324913	94.1121207962808	57.812852758424	151.924973554705	1.017975	150.906998554705	146.075499059321	158.614576059241	1796.59167339127
13	29890	30201	311	30045.5	88.9013971589146	140.732137584597	229.633534743511	0.380975	229.252559743511	100.918121055028	158.28098040806	259.199101463088	1.115975	258.083126463088	253.556616044406	271.26472651397	3118.50863459076
13	33904	34051	147	33977.5	49.5124743996388	12.1462219983312	61.6586963979701	0.180075	61.4786213979701	58.0120498392107	13.8712967175337	71.8833465567444	0.915075	70.9682715567444	67.9962361955076	74.5929772272922	836.289949768958
13	37772	38028	256	37900	224.51890969783	88.7673991226425	313.286308820472	0.3136	312.972708820472	228.196955796432	90.1775784566053	318.374534253037	1.0486	317.325934253037	346.152300552519	333.533361714184	4257.34873337888
13	41921	42054	133	41987.5	12.7423132626733	37.7627465907249	50.5050598533983	0.162925	50.3421348533983	17.9541368839194	48.1447944428518	66.0989313267712	0.897925	65.2010063267712	55.6791225020994	68.5311488281157	684.801000257964
13	43585	43968	383	43776.5	112.642949228843	230.157427065922	342.800376294765	0.469175	342.331201294765	115.325809911788	232.855787521719	348.181597433507	1.204175	346.977422433507	378.62321390797	364.699300155176	4656.71052188881
13	46006	46141	135	46073.5	29.7731636772636	17.044350216752	46.8175138940156	0.165375	46.6521388940156	37.2837536103192	21.3467871649687	58.6305407752879	0.900375	57.7301657752879	51.5979340969388	60.6787349690583	634.606209526665
13	46453	46683	230	46568	42.0035844416703	10.5720450677367	52.575629509407	0.28175	52.293879509407	48.0367960255579	13.5333016708173	61.5700976963752	1.01675	60.5533476963752	57.8377800582637	63.6461109545335	711.350464172736
13	51029	51565	536	51297	144.395883892761	140.192745489334	284.588629382095	0.6566	283.932029382095	146.221057145029	141.534125831539	287.755182976569	1.3916	286.363582976569	314.032892968745	300.989607822384	3862.31013627756
13	54575	54684	109	54629.5	9.46636127142219	9.20846505086551	18.6748263222877	0.133525	18.5413013222877	14.9940802632531	12.2072211043954	27.2013013676485	0.868525	26.3327763676485	20.5069449414163	27.6777233661782	252.216194814985
13	56269	56484	215	56376.5	25.1101320135263	29.2655711159818	54.3757031295081	0.263375	54.1123281295081	26.246515359942	30.6648506096808	56.9113659696228	0.998375	55.9129909696228	59.8490102887105	58.7687479294471	736.086710213738
13	68042	68203	161	68122.5	28.6836796435431	59.1317334303597	87.8154130739028	0.197225	87.6181880739028	30.214457210151	65.2120443240115	95.4265015341625	0.932225	94.4942765341625	96.9069714938699	99.3205733069932	1191.864886313
13	71399	71893	494	71646	91.677656473112	17.7383400464004	109.415996519512	0.60515	108.810846519512	111.742562423922	26.8519064879956	138.594468911917	1.34015	137.254318911917	120.346355405071	144.264585572694	1480.14733090819
13	76886	77272	386	77079	292.534912930104	315.599874915393	608.134787845497	0.47285	607.661937845497	297.931033850492	319.918111632065	617.849145482557	1.20785	616.641295482557	672.08281046664	648.136260082933	8265.98840250015
13	79685	79875	190	79780	59.2719313757728	63.5429687841467	122.814900159919	0.23275	122.582150159919	61.4493994651957	65.4054414897954	126.854840954991	0.96775	125.887090954991	135.577614560861	132.316776255534	1667.47753721092
13	82852	83072	220	82962	149.299412032046	56.2169761458362	205.516388177883	0.2695	205.246888177883	152.971158222973	58.2846458443435	211.255804067317	1.0045	210.251304067317	227.005999314699	220.989892980018	2791.96094351888
13	91064	91229	165	91146.5	5.15012452544008	32.3381260879959	37.488250613436	0.202125	37.286125613436	6.44930548607302	39.2591246614539	45.708430147527	0.937125	44.771305147527	41.2389892026804	47.0580003154698	507.200900203807
13	95324	95707	383	95515.5	257.593724989719	247.501772886268	505.095497875987	0.469175	504.626322875987	260.192086910985	254.181674992971	514.373761903956	1.204175	513.169586903956	558.123943909371	539.379732237933	6864.40119530702
13	97537	97714	177	97625.5	59.7119249277113	67.5769096671464	127.288834594858	0.216825	127.072009594858	61.4476994901086	70.7384633348936	132.186162825002	0.951825	131.234337825002	140.543463431258	137.937133849906	1728.55282217882
13	99456	99681	225	99568.5	68.007503356839	80.5441196339811	148.55162299082	0.275625	148.27599799082	69.1595864731761	82.9432844744602	152.102870947636	1.010625	151.092245947636	163.995378429896	158.809284965901	2016.98938739995
13	101193	101725	532	101459	167.983138223907	202.385134066098	370.368272290006	0.6517	369.716572290006	174.531242262098	211.231704420495	385.762946682592	1.3867	384.376246682592	408.911826634661	404.008269985573	5029.23205885956
13	104209	104632	423	104420.5	112.688848556193	163.26360738816	275.952455944353	0.518175	275.434280944353	114.908416028654	164.783485114504	279.691901143158	1.253175	278.438726143158	304.634261432063	292.659988792118	3746.71578083251
13	110868	110942	74	110905	4.92702779490036	6.49970474747689	11.4267325423772	0.09065	11.3360825423772	10.3076489424355	13.5208018540009	23.8284507964364	0.82565	23.0028007964364	12.5378697269992	24.177669236323	154.204041736278
13	111711	111827	116	111769	13.9180960316944	11.2976344342971	25.2157304659916	0.1421	25.0736304659916	16.910952171687	14.9005816334662	31.8115338051532	0.8771	30.9344338051532	27.7317945763294	32.5144105351637	341.075071075388
13	115215	115602	387	115408.5	176.209917661277	246.539986981144	422.749904642422	0.474075	422.275829642422	177.745295160474	251.873808814519	429.619103974993	1.209075	428.410028974993	467.043118389901	450.291078453611	5744.19244169919
13	119031	119556	525	119293.5	35.6613773860805	192.555878112862	228.217255498942	0.643125	227.574130498942	44.7135447274733	203.165422631048	247.878967358521	1.378125	246.500842358521	251.70024924964	259.09087705279	3095.67706360375
13	119818	120052	234	119935	80.1497254137889	86.867526965079	167.017252378868	0.28665	166.730602378868	87.9188115586084	98.7768524351051	186.695663993713	1.02165	185.674013993713	184.40643531976	195.157317400057	2268.02624908852
13	121388	121547	159	121467.5	20.1776042992267	61.9097927181786	82.0873970174053	0.194775	81.8926220174053	22.1184758559481	67.1650157034113	89.2834915593594	0.929775	88.3537165593594	90.574413393544	92.8663841275784	1113.98035928707
13	123038	123121	83	123079.5	7.36789202427916	11.4904316088738	18.858323633153	0.101675	18.756648633153	9.38236250241575	13.2998050926863	22.6821675951021	0.836675	21.8454925951021	20.7451221529526	22.9612514990238	255.145551194344
13	129563	129770	207	129666.5	42.5382766058101	56.3637739945284	98.9020506003385	0.253575	98.6484756003385	43.7168593337981	58.0369494743091	101.753808808107	0.988575	100.765233808107	109.10662755149	105.91181982981	1341.90921703582
13	131688	131943	255	131815.5	32.2157278817294	47.959497158365	80.1752250400944	0.312375	79.8628500400944	38.5432351527431	59.4526287276712	97.9958638804143	1.047375	96.9484888804143	88.3294565019633	101.900134590355	1086.36949446367
13	135328	135416	88	135372	23.024962571476	25.2044306315895	48.2293932030655	0.1078	48.1215932030655	28.8106777823981	26.3721135193135	55.1827913017117	0.8428	54.3399913017117	53.223171618611	57.1154072768822	654.595107168793
13	137305	137405	100	137355	13.6061006039562	8.43557637747173	22.041676981428	0.1225	21.919176981428	17.7722395496066	11.6124298210022	29.3846693706088	0.8575	28.5271693706088	24.2429238221259	29.9841950288939	298.165232074975
13	140140	140438	298	140289	51.4399461527331	95.9911932586618	147.431139411395	0.36505	147.066089411395	52.7813264949383	99.7355383856584	152.516864880597	1.10005	151.416814880597	162.657202204229	159.150431262604	2000.53107454087
13	140862	141003	141	140932.5	8.56567447089718	13.8240974092349	22.389771880132	0.172725	22.217046880132	10.30134903476	17.632141602728	27.933490637488	0.907725	27.025765637488	24.572372198281	28.4061070747002	302.217138200397
13	141946	142181	235	142063.5	79.0183419940998	73.5079227487428	152.526264742843	0.287875	152.238389742843	91.3205617063001	86.0477389789899	177.36830068529	1.022875	176.34542568529	168.377840484885	185.352271285941	2070.88956154037
13	146070	146373	303	146221.5	114.357624100454	138.927264034838	253.284888135292	0.371175	252.913713135292	127.394433047323	154.489535971299	281.883969018622	1.106175	280.777794018622	279.726190737225	295.118524598899	3440.36986588606
13	151688	151801	113	151744.5	8.16168039139002	9.20736506698567	17.3690454583757	0.138425	17.2306204583757	15.8881671604991	15.371874726713	31.2600418872121	0.873425	30.3866168872121	19.0573131251369	31.9386138588697	234.387082695689
13	158362	158532	170	158447	20.7034965923278	18.6833261977229	39.3868227900506	0.20825	39.1785727900506	23.2340595071813	24.1426461919343	47.3767056991156	0.94325	46.4334556991156	43.332062896959	48.8050452346045	532.943744110904
13	159036	159352	316	159194	48.6721867139709	180.69255196872	229.364738682691	0.3871	228.977638682691	50.7335565048027	186.121672405503	236.855228910305	1.1221	235.733128910305	253.252549411785	247.773202458017	3114.76890011208
13	159920	160088	168	160004	90.2585772695758	29.4028691038935	119.661446373469	0.2058	119.455646373469	94.5503143745977	31.3438406591495	125.894155033747	0.9408	124.953355033747	132.119656573263	131.335349756313	1624.94789625497
13	164295	164793	498	164544	200.978854674982	247.734769471726	448.713624146709	0.61005	448.103574146709	205.218692540582	252.389501257098	457.60819379768	1.34505	456.26314379768	495.608973898312	479.566791587144	6095.5256801971
13	165321	165534	213	165427.5	10.3904477290276	31.3338408056963	41.7242885347239	0.260925	41.4633635347239	15.9339664893145	39.0123282782303	54.9462947675447	0.995925	53.9503697675447	45.8590741994155	56.7058858162653	564.023613724871
13	167100	167863	763	167481.5	374.07041803543	413.654237938508	787.724655973938	0.934675	786.789980973938	379.367840402235	419.860246990066	799.228087392301	1.669675	797.558412392301	870.200992898798	838.29372179997	10702.6562845005
13	168780	168878	98	168829	6.94829817338509	15.7091697836877	22.6574679570728	0.12005	22.5374179570728	16.2208622848853	22.2402740710075	38.4611363558928	0.85505	37.6060863558928	24.9267071999861	39.526817852817	306.575126485591
13	169841	170362	521	170101.5	322.342976095919	611.376440339404	933.719416435323	0.638225	933.081191435323	325.651627607962	618.071842218959	943.723469826921	1.373225	942.350244826921	1032.00116788105	990.480799526073	12692.6467277871
13	171348	171699	351	171523.5	70.9755598602677	50.0448665974844	121.020426457752	0.429975	120.590451457752	73.7629190117981	51.8807396929478	125.643658704746	1.164975	124.478683704746	133.374767257142	130.836434581152	1640.38458083495
13	178116	178536	420	178326	331.31984454081	352.204838473312	683.524683014122	0.5145	683.010183014122	337.347956199436	359.194636038528	696.542592237964	1.2495	695.293092237964	755.419049290825	730.805198688415	9290.946001327
13	181226	181357	131	181291.5	23.565154655015	24.2337448568925	47.7988995119075	0.160475	47.6384245119075	26.6002101765798	26.5955102454569	53.1957204220367	0.895475	52.3002454220367	52.6887801228489	54.9714813418903	648.022592833398
13	192378	192684	306	192531	194.698346715198	94.071521391261	288.769868106459	0.37485	288.395018106459	212.721682585014	123.938183698312	336.659866283325	1.10985	335.550016283325	318.969022448216	352.688239042521	3923.01990060291
13	195817	196060	243	195938.5	51.8930395126952	143.922790825893	195.815830338588	0.297675	195.518155338588	64.1685596161756	165.194579089963	229.363138706138	1.032675	228.330463706138	216.24588139108	239.992446003293	2659.62158208749
13	204223	204472	249	204347.5	46.7420150004443	109.082801402454	155.824816402898	0.305025	155.519791402898	52.1699354548128	118.765859498205	170.935794953018	1.040025	169.895769953018	172.007117740228	178.573199278014	2115.52626885519
13	205461	205598	137	205529.5	20.2620030623713	23.2735589283212	43.5355619906925	0.167825	43.3677369906925	24.4596415463991	27.2192011053297	51.6788426517287	0.902825	50.7760176517287	47.9653385295518	53.3694036124238	589.928690085057
13	209055	209411	356	209233	252.901793749502	309.451865013863	562.353658763365	0.4361	561.917558763365	265.912703075927	319.554816956113	585.46752003204	1.1711	584.29642003204	621.488871728968	614.139369571504	7643.73039451445
13	209647	209754	107	209700.5	9.32336336704218	2.67656077526949	11.9999241423117	0.131075	11.8688491423117	23.0337624425147	16.7239549121131	39.7577173546279	0.866075	38.8916423546279	13.1271172205582	40.8780336459392	161.451233409845
13	213982	214172	190	214077	77.1043700431673	82.3815927059969	159.485962749164	0.23275	159.253212749164	84.0721679307861	87.0734239476793	171.145591878465	0.96775	170.177841878465	176.136335245526	178.869678031826	2166.31177248456
13	216157	216385	228	216271	150.298797386154	61.1314041253856	211.43020151154	0.2793	211.15090151154	158.487477381867	63.1880739850945	221.675551366962	1.0143	220.661251366962	233.535922660541	231.93152851413	2872.27287800871
13	217086	217279	193	217182.5	87.3888193255915	63.0529759649424	150.441795290534	0.236425	150.205370290534	90.3235763170213	64.5150545383271	154.838630855348	0.971425	153.867205855348	166.129291839424	161.725975997852	2043.23452151199
13	219887	220088	201	219987.5	100.981820121524	18.4361298203611	119.417949941885	0.246225	119.171724941885	112.327153856793	21.460285501662	133.787439358455	0.981225	132.806214358455	131.805635401611	139.589294003901	1621.08573027989
13	220860	221193	333	221026.5	371.169760544276	642.677381627239	1013.84714217151	0.407925	1013.43921717151	380.991416608888	649.472982038395	1030.46439864728	1.142925	1029.32147364728	1120.87829579828	1081.89408532999	13785.7520671445
13	225555	225795	240	225675	76.6296769997464	88.0248100052117	164.654487004958	0.294	164.360487004958	91.6519568497374	101.681509867641	193.333466717378	1.029	192.304466717378	181.785053754748	202.126420608771	2235.78571372969
13	228681	228927	246	228804	63.323272003781	108.145915132428	171.469187136209	0.30135	171.167837136209	67.9827037202751	115.594005981402	183.576709701677	1.03635	182.540359701677	189.314080542674	191.863611662033	2328.38568376597
13	230565	231004	439	230784.5	239.753986429304	309.713661177266	549.46764760657	0.537775	548.92987260657	245.502802180984	315.163181315094	560.665983496078	1.272775	559.393208496078	607.124304738536	587.964226084978	7467.05968920745
13	233302	233444	142	233373	20.3551016980201	15.3328752982458	35.6879769962659	0.17395	35.5140269962659	24.9049350206677	18.3474311202316	43.2523661408994	0.90895	42.3434161408994	39.2790227396261	44.5061068367487	483.095150435192
13	235697	236653	956	236175	432.317864424928	530.935619191593	963.253483616521	1.1711	962.082383616521	435.463618324219	533.113087281016	968.576705605236	1.9061	966.670605605236	1064.07690199257	1016.04332314264	13087.1481821293
13	241750	242014	264	241882	22.7236669869326	72.8613322244623	95.5849992113949	0.3234	95.2615992113949	23.4655561146217	75.6018920618319	99.0674481764536	1.0584	98.0090481764536	105.360693734646	103.014861970384	1295.83774339544
13	243095	243201	106	243148	11.668828994478	23.5460549349195	35.2148839293975	0.12985	35.0850339293975	17.095349469363	35.4953798187582	52.5907292881213	0.86485	51.7258792881213	38.8045502606127	54.3677794479668	477.25958382383
13	243874	244120	246	243997	130.088693563204	94.2339190113401	224.322612574545	0.30135	224.021262574545	138.129875720484	100.344329463886	238.47420518437	1.03635	237.43785518437	247.770726416086	249.564997655373	3047.34761719674
13	245868	246058	190	245963	81.8017012042489	14.8715820584521	96.673283262701	0.23275	96.440533262701	88.9666962019637	15.9548661830315	104.921562384995	0.96775	103.953812384995	106.664611688379	109.263255111463	1311.87471163136
13	247445	247678	233	247561.5	96.9311794832576	90.7015707775503	187.632750260808	0.285425	187.347325260808	100.297830145329	92.8535392406676	193.151369385996	1.020425	192.130944385996	207.208826244941	201.944035621377	2548.47427722058
13	251560	251689	129	251624.5	19.1415194829461	41.8527866515968	60.9943061345429	0.158025	60.8362811345429	24.5159407213403	58.7814385638959	83.2973792852362	0.893025	82.4043542852362	67.2857986600407	86.6131580746408	827.552234211566
13	253039	253472	433	253255.5	297.098946044655	375.208501356933	672.307447401588	0.530425	671.777022401588	312.886914673554	391.207866887831	704.094781561385	1.265425	702.829356561385	742.995012693005	738.726377839669	9138.14200034606
13	258683	259342	659	259012.5	305.39292449723	351.726645481183	657.119569978413	0.807275	656.312294978413	306.850003143888	360.293719931563	667.143723075452	1.542275	665.601448075452	725.890802568344	699.597053297918	8927.77625326467
13	262686	262937	251	262811.5	37.2496541100439	38.8961299811047	76.1457840911486	0.307475	75.8383090911486	58.9146366118918	51.0902512774765	110.004887889368	1.042475	108.962412889368	83.8782565446388	114.527669971343	1031.62390857537
13	263288	263432	144	263360	58.633940725462	23.2579591569343	81.8918998823963	0.1764	81.7154998823963	77.5975628154766	32.9964164408167	110.593979256293	0.9114	109.682579256293	90.3785137742346	115.284618847644	1111.57097765128
13	272914	273038	124	272976	30.1265584982978	10.5496453960017	40.6762038942995	0.1519	40.5243038942995	36.5324646203842	13.2477058561954	49.7801704765796	0.8869	48.8932704765796	44.8204607812871	51.3904950934477	551.249642518899
13	279901	280122	221	280011.5	90.2422775084472	105.061060340667	195.303337849114	0.270725	195.032612849114	96.7169826222912	113.907930690666	210.624913312958	1.005725	209.619188312958	215.708864440366	220.32549190281	2653.0167771179
13	282885	283132	247	283008.5	32.0095309035255	130.202791891105	162.21232279463	0.302575	161.90974779463	50.8503547931355	156.381608243169	207.231963036305	1.037575	206.194388036305	179.074501071396	216.725769894079	2202.44845722495
13	287126	287899	773	287512.5	202.323134974689	184.647394010905	386.970528985594	0.946925	386.023603985594	210.36721708947	196.278123563727	406.645340653197	1.681925	404.963415653197	426.947637354019	425.646928959687	5251.05561975734
13	296826	297075	249	296950.5	97.8624658353493	77.041270967878	174.903736803227	0.305025	174.598711803227	98.7937521874409	79.05564144748	177.849393634921	1.040025	176.809368634921	193.108677085521	185.839910129574	2375.05566330846
13	302582	303086	504	302834	317.97164015741	400.830225873122	718.801866030532	0.6174	718.184466030532	319.618216027005	411.50336945927	731.121585486276	1.3524	729.769185486276	794.322310320528	767.042158982722	9769.41963505628
13	305886	306829	943	306357.5	95.3151031666945	130.472987931409	225.788091098103	1.155175	224.632916098103	100.442428026261	138.742466743024	239.184894769285	1.890175	237.294719769285	248.447223977547	249.414551596541	3055.66790289706
13	312037	312217	180	312127	21.7005819801411	25.5870250247069	47.287607004848	0.2205	47.067107004848	22.9104642494374	26.418112845198	49.3285770946355	0.9555	48.3730770946355	52.0568947736123	50.8437328257191	640.250995513608
13	318502	318635	133	318568.5	31.9452318458218	24.2240449990429	56.1692768448647	0.162925	56.0063518448647	35.7168765727455	27.4482977479413	63.1651743206867	0.897925	62.2672493206867	61.943827657428	65.4475501333061	761.850999681508
13	325575	325820	245	325697.5	173.086363436652	169.422517129953	342.508880566606	0.300125	342.208755566606	175.822123344364	172.158477034735	347.980600379099	1.035125	346.945475379099	378.487787178096	364.665721404423	4655.04490009179
13	330278	330672	394	330475	223.269128013256	228.913545294885	452.18267330814	0.48265	451.70002330814	228.329053860548	235.83624384343	464.165297703978	1.21765	462.947647703978	499.586698204503	486.592706643558	6144.44795952231
13	334869	335204	335	335036.5	326.12912061035	244.71601371129	570.84513432164	0.410375	570.43475932164	333.320415222646	250.870023524892	584.190438747538	1.145375	583.045063747538	630.90901758969	612.824100243598	7759.58935597267
13	337510	337778	268	337644	55.7704826891532	65.0089473003781	120.779429989531	0.3283	120.451129989531	60.2359172486562	67.0812169314739	127.31713418013	1.0633	126.25383418013	133.220675716947	132.702250897102	1638.48939937169
13	340892	341131	239	341011.5	72.4803378078973	81.7785015442376	154.258839352135	0.292775	153.966064352135	75.8783880098114	84.6553593841736	160.533747393985	1.027775	159.505972393985	170.288673358674	167.652742632858	2094.39101423023
13	343596	343703	107	343649.5	12.515516586356	21.96867805122	34.484194637576	0.131075	34.353119637576	16.9024522962518	25.9662194676503	42.8686717639021	0.866075	42.0025967639021	37.9950425662322	44.1478801043046	467.303398203135
13	347004	347384	380	347194	189.528922472594	386.14864103028	575.677563502874	0.4655	575.212063502874	193.048670891033	404.071878367029	597.120549258062	1.2005	595.920049258062	636.192784468296	626.356675856917	7824.57473435148
13	348313	348459	146	348386	18.9658220577743	12.2586203511446	31.2244424089189	0.17885	31.0455924089189	21.0755911393194	13.0583086317928	34.1338997711122	0.91385	33.2200497711122	34.3368700576622	34.9167643752568	422.31130636673
13	349850	350103	253	349976.5	72.6155358265839	78.5193493067877	151.134885133372	0.309925	150.824960133372	80.1748250459563	89.6123867394334	169.78721178539	1.044925	168.74228678539	166.814567083727	177.360801938082	2051.66276448104
13	353150	353399	249	353274.5	164.823384529782	46.5251181790455	211.348502708827	0.305025	211.043477708827	185.818276851734	56.7654681077413	242.583744959476	1.040025	241.543719959476	233.417110395462	253.880569543339	2870.8115985504
13	353656	353800	144	353728	31.5372378249334	19.4673147084496	51.004552533383	0.1764	50.828152533383	53.8357110430382	22.1970747040899	76.032785747128	0.9114	75.121385747128	56.2166650203271	78.9582117952206	691.412269215186
13	355113	355354	241	355233.5	46.6859158225721	70.8397618503739	117.525677672946	0.295225	117.230452672946	49.4000760468255	72.1339428842803	121.534018931106	1.030225	120.503793931106	129.658560455604	126.658527245068	1594.67872160984
13	361922	362016	94	361969	4.73283064084023	7.00509734099897	11.7379279818392	0.11515	11.6227779818392	5.42162054669304	8.42007660461935	13.8416971513124	0.85015	12.9915471513124	12.8549589911133	13.6550906418834	158.103942371892
13	366773	366982	209	366877.5	44.018454913945	47.0900099006138	91.1084648145589	0.256025	90.8524398145589	45.8073286981786	48.2154934067656	94.0228221049442	0.991025	93.0317971049442	100.484100262744	97.7833977161823	1235.86021614033
13	370575	370751	176	370663	20.6737970275719	22.5428696364997	43.2166666640716	0.2156	43.0010666640716	21.6050833796635	24.1786456643656	45.7837290440292	0.9506	44.8331290440292	47.559795894277	47.122981868532	584.940895920862
13	379181	379607	426	379394	66.3472276880129	60.0589198425355	126.406147530548	0.52185	125.884297530548	68.4676966127528	61.7053957135963	130.173092326349	1.25685	128.916242326349	139.229836869363	135.500641584437	1712.3964471656
13	382855	383182	327	383018.5	150.710291355751	161.441634088996	312.151925444747	0.400575	311.751350444747	153.787446260354	165.723771334703	319.511217595057	1.135575	318.375642595057	344.80146068808	334.636683927533	4240.73466963674
13	387058	387274	216	387166	26.4920117622168	66.1654303522346	92.6574421144514	0.2646	92.3928421144514	27.7598931815414	74.7448046223626	102.504697803904	0.9996	101.505097803904	102.187807278904	106.68947239171	1256.81421498916
13	387766	389069	1303	388417.5	3537.34866050911	3157.69732426148	6695.04598477059	1.596175	6693.44980977059	3539.66832651464	3163.19874363873	6702.86707015336	2.331175	6700.53589515336	7403.05140028667	7042.76587937176	91050.5908868495
13	389533	389659	126	389596	0.846887588947072	1.64157594286871	2.48846353181578	0.15435	2.33411353181578	1.15208311633714	2.19396784762059	3.34605096395772	0.88935	2.45670096395772	2.58156301178408	2.58217700725938	31.7508044892776
13	390910	391060	150	390985	8.21617959270967	8.03288227891348	16.2490618716232	0.18375	16.0653118716232	12.9082108314611	9.36946269146119	22.2776735229223	0.91875	21.3589235229223	17.7684651304404	22.4498309032497	218.535460825834
13	392531	392735	204	392633	30.1170586375173	25.3637282970981	55.4807869346155	0.2499	55.2308869346155	31.7526346683142	26.694308797574	58.4469434658881	0.9849	57.4620434658881	61.0861523550281	60.3969183081693	751.302397645658
13	396402	397064	662	396733	395.180208673559	461.350638952521	856.53084762608	0.81095	855.71989762608	399.251149014336	467.383850536408	866.634999550744	1.54595	865.089049550744	946.438468415294	909.273487393902	11640.3057506693
13	397742	397944	202	397843	118.266366818221	27.960590240346	146.226957058567	0.24745	145.979507058567	127.739527989991	29.4960677380769	157.235595728068	0.98245	156.253145728068	161.455426552324	164.233777789941	1985.75036084555
13	405647	405737	90	405692	7.41139138680035	7.05809656430065	14.469487951101	0.11025	14.359237951101	13.9330958118742	16.6628558075144	30.5959516193886	0.84525	29.7507016193886	15.881522927949	31.2702192079823	195.327840992272
13	406067	406273	206	406170	58.7812385668268	49.5284741651639	108.309712731991	0.25235	108.057362731991	63.8990635656133	56.9763650170682	120.875428582681	0.98735	119.888078582681	119.512991539376	126.011364224805	1469.89773674864
13	407558	407782	224	407670	50.2333638350763	24.7610371294769	74.9944009645532	0.2744	74.7200009645532	59.3419303499448	32.833918822203	92.1758491721478	1.0094	91.1664491721478	82.6413917323473	95.8227771061566	1016.41163110801
13	408116	408327	211	408221.5	62.6828813886414	22.0038775353751	84.6867589240165	0.258475	84.4282839240165	134.371330801584	46.3902201559626	180.761550957547	0.993475	179.768075957547	93.3788917958456	188.949733478764	1148.47281406714
13	408563	409010	447	408786.5	494.080859294414	84.6585593372786	578.739418631693	0.547575	578.191843631693	550.830027641027	99.6621394613123	650.492167102339	1.282575	649.209592102339	639.488463988145	682.367983003628	7865.10850231159
13	410415	410574	159	410494.5	26.5418110324135	6.0788109156339	32.6206219480474	0.194775	32.4258469480474	30.2027573816108	6.92079857638893	37.1235559579997	0.929775	36.1937809579997	35.8634513556546	38.0423789328303	441.086824960812
13	411329	411523	194	411426	92.4853446365227	81.1173112339155	173.602655870438	0.23765	173.365005870438	95.4887006226411	82.8843853376212	178.373085960262	0.97265	177.400435960262	191.74418064604	186.461166228558	2358.27363649815
13	413515	413800	285	413657.5	69.0710877701157	24.3266434954722	93.3977312655879	0.349125	93.0486062655879	77.9061582930407	29.5383671181837	107.444525411224	1.084125	106.360400411224	102.913091826529	111.792759661851	1265.73453487507
13	420259	420329	70	420294	9.56545981914288	15.4800731410761	25.045532960219	0.08575	24.959782960219	23.5504548704389	35.9223735612076	59.4728284316465	0.82075	58.6520784316465	27.60587760362	61.6477343299393	339.526410374824
13	422222	422347	125	422284.5	14.0566940005551	20.9684927088362	35.0251867093912	0.153125	34.8720617093912	15.6296709487352	24.4665414452817	40.0962123940169	0.888125	39.2080873940169	38.5689999335993	41.2106411210693	474.36253566105
13	424747	424954	207	424850.5	50.4837601655431	43.4729629080758	93.9567230736189	0.253575	93.7031480736189	52.2039349565535	45.8927274466685	98.096662403222	0.988575	97.108087403222	103.637024445164	102.067884610416	1274.63822730201
13	429717	429916	199	429816.5	34.1814990735492	33.1767137985769	67.3582128721261	0.243775	67.1144378721261	36.8738596172746	39.8506159932076	76.7244756104823	0.978775	75.7457006104823	74.2295299717389	79.6144135507841	912.953618681915
13	431316	432211	895	431763.5	148.778619664206	482.92982271174	631.708442375947	1.096375	630.612067375947	158.247980891665	494.152958237812	652.400939129476	1.831375	650.569564129476	697.465982580541	683.797415625062	8578.17761943085
13	433700	434012	312	433856	22.5873689843662	23.2891586997081	45.8765276840744	0.3822	45.4943276840744	34.3737962554532	35.453380434255	69.8271766897082	1.1172	68.7099766897082	50.3173783084258	72.2193399117117	618.856574017831
13	434291	434711	420	434501	639.749124540554	273.511591714974	913.260716255528	0.5145	912.746216255528	653.339425376054	281.957067947365	935.296493323419	1.2495	934.046993323419	1009.51039395161	981.753459311538	12416.0312965207
13	436102	436353	251	436227.5	131.302475775348	112.654849054452	243.9573248298	0.307475	243.6498498298	138.275673583831	116.115498338983	254.391171922814	1.042475	253.348696922814	269.480225179123	266.288485904821	3314.35409646491
13	438890	439311	421	439100.5	132.775054194858	143.475997373606	276.251051568464	0.515725	275.735326568464	137.198289372789	145.406169087132	282.604458459921	1.250725	281.353733459921	304.967222206023	295.723880156907	3750.8108861576
13	445236	445475	239	445355.5	72.7737335082127	93.9942225240682	166.767956032281	0.292775	166.475181032281	76.5239785487467	103.020290247948	179.544268796695	1.027775	178.516493796695	184.123935650493	187.63422673787	2264.55176803723
13	448328	448475	147	448401.5	32.568622710091	29.6003662095932	62.1689889196842	0.180075	61.9889139196842	38.2496394553587	36.285568238626	74.5352076939847	0.915075	73.6201326939847	68.5606270365231	77.3802822169866	843.231427922628
13	449034	449173	139	449103.5	24.1706457816031	6.99909742892708	31.1697432105302	0.170275	30.9994682105302	28.7781782586754	9.3186634359192	38.0968416945946	0.905275	37.1915666945946	34.285856033329	39.0911265928044	421.683881699805
13	451428	451570	142	451499	17.1118492275607	34.4919945232694	51.6038437508301	0.17395	51.4298937508301	18.4953289528037	36.8382601389814	55.3335890917851	0.90895	54.4246390917851	56.882199429195	57.2043784542659	699.597718418011
13	453548	453970	422	453759	157.079698012733	138.266773714258	295.346471726991	0.51695	294.829521726991	159.147267712706	140.207745269514	299.35501298222	1.25195	298.10306298222	326.085675652756	313.328681967957	4010.54806221813
13	457392	457486	94	457439	7.85538488012011	5.8097148592097	13.6650997393298	0.11515	13.5499497393298	19.0618206509245	13.18270680875	32.2445274596745	0.85015	31.3943774596745	14.9864385694105	32.9978458196219	184.319142641839
13	457970	458351	381	458160.5	59.9112220070325	15.0801790014847	74.9914010085172	0.466725	74.5246760085172	63.6299675091891	16.8472531051904	80.4772206143795	1.201725	79.2754956143795	82.4253595321533	83.3244928942297	1013.75463760429
13	464936	465026	90	464981	22.4146715152304	20.010006755352	42.4246782705823	0.11025	42.3144282705823	30.025359981352	28.419483515311	58.444843496663	0.84525	57.599593496663	46.8003639922118	60.5414937090933	575.60059559299
13	465361	465981	620	465671	205.781284295856	93.5506290248866	299.331913320743	0.7595	298.572413320743	212.271689179622	98.3886581240539	310.660347303676	1.4945	309.165847303676	330.225367387472	324.956498185814	4061.46238904839
13	469585	469767	182	469676	28.9236761264187	61.0175057945542	89.9411819209729	0.22295	89.7182319209729	31.4013398165051	66.613123791332	98.0144636078371	0.95795	97.0565136078371	99.2296500803324	102.013676682559	1220.4316551091
13	472508	473098	590	472803	41.2195959309435	175.494128151101	216.713724082045	0.72275	215.990974082045	46.3314210176581	192.066085290726	238.397506308384	1.45775	236.939756308384	238.889112277091	249.041458370869	2938.11209097128
13	475607	475690	83	475648.5	8.84407039103281	13.8516970047655	22.6957673957984	0.101675	22.5940923957984	13.3875038074704	22.6126686136027	36.0001724210731	0.836675	35.1634974210731	24.9893899413066	36.9594736468228	307.346065430499
13	477699	478093	394	477896	249.652641365506	495.485438710443	745.138080075949	0.48265	744.655430075949	254.806765832327	508.791543710805	763.598309543132	1.21765	762.380659543132	823.599575858144	801.31926462882	10129.5025498727
13	478793	478904	111	478848.5	8.85997015802332	6.95669805028573	15.816668208309	0.135975	15.680693208309	11.6679290076672	8.07738162677999	19.7453106344472	0.870975	18.8743356344471	17.3430713776005	19.8383426463313	213.303516528629
13	482524	482691	167	482607.5	19.7958098943855	52.0490372265643	71.8448471209498	0.204575	71.6402721209498	34.0547009317633	73.265626299573	107.320327231336	0.939575	106.380752231336	79.2351675017779	111.81415095152	974.518266856286
13	483485	483822	337	483653.5	267.78387565408	149.403910500632	417.187786154712	0.412825	416.774961154712	280.012996437538	152.927258866314	432.940255303852	1.147825	431.792430303852	460.959079020354	453.846235987573	5669.36446204277
13	486351	486504	153	486427.5	26.4540123190948	24.5481402494594	51.0021525685543	0.187425	50.8147275685543	30.4043544272263	26.1680165103348	56.5723709375611	0.922425	55.6499459375611	56.2018168168597	58.4922678679221	691.229650234686
13	492005	492226	221	492115.5	138.509370159031	162.856313357013	301.365683516044	0.270725	301.094958516044	140.365942951142	166.70195699949	307.067899950633	1.005725	306.062174950633	333.015338519115	321.694305714825	4095.77641800184
13	493916	494022	106	493969	8.57307436245251	11.0500380627972	19.6231124252497	0.12985	19.4932624252497	25.1816309657163	27.8708915548713	53.0525225205876	0.86485	52.1876725205876	21.5598275619768	54.8531587775949	265.165663831614
13	494400	494952	552	494676	236.943727613366	283.584344099795	520.528071713161	0.6762	519.851871713161	246.678884945609	294.740080613592	541.418965559201	1.4112	540.007765559201	574.963619090716	567.588671322098	7071.513410622
13	497485	497665	180	497575	44.9853407443299	49.8658692206731	94.8512099650029	0.2205	94.6307099650029	49.2458783065779	52.9538239670051	102.199702273583	0.9555	101.244202273583	104.662921188102	106.415251617764	1287.2557953267
13	500870	501102	232	500986	11.2212355539151	66.6661230146337	77.8873585685488	0.2842	77.6031585685488	11.7894272271229	69.5440808384496	81.3335080655725	1.0192	80.3143080655725	85.8302053552343	84.4163627089441	1055.63104873635
13	501853	502126	273	501989.5	214.027963441598	173.655155101067	387.683118542665	0.334425	387.348693542665	215.31144463231	175.464428586345	390.775873218655	1.069425	389.706448218655	428.413205391395	409.610711655277	5269.08073245382
13	504737	505180	443	504958.5	416.442197081245	27.4345979487105	443.876795029956	0.542675	443.334120029956	418.235870795136	29.1125733581486	447.348444153285	1.277675	446.070769153285	490.333889303506	468.853841235331	6030.64708576824
13	509330	509701	371	509515.5	82.2108952075517	172.363874024662	254.574769232214	0.454475	254.120294232214	88.4322040348929	186.174371633201	274.606575668094	1.189475	273.417100668094	281.060686719563	287.381883710949	3456.78291520291
13	510331	510626	295	510478.5	210.478615456938	360.237420756622	570.71603621356	0.361375	570.35466121356	228.789347114997	403.415187990761	632.204535105757	1.096375	631.108160105758	630.820427934425	663.342020061544	7758.49978627739
13	510857	511141	284	510999	151.636077788443	149.388610724848	301.024688513292	0.3479	300.676788513292	172.471172452215	209.176434540269	381.647606992484	1.0829	380.564706992484	332.552836504098	400.002055841301	4090.08807687374
13	511810	511968	158	511889	30.579851855329	24.30364383253	54.883495687859	0.19355	54.689945687859	32.8887180191263	25.5136261003608	58.4023441194871	0.92855	57.4737941194871	60.487863584949	60.4092691265996	743.944006748283
13	513346	513569	223	513457.5	100.165132090006	139.355357761167	239.520489851173	0.273175	239.247314851173	105.034960723154	141.512126153942	246.547086877096	1.008175	245.538911877096	264.610958408681	258.079815955751	3254.46668076802
13	513970	514415	445	514192.5	303.665449813199	167.746741688275	471.412191501474	0.545125	470.867066501474	309.282967489039	169.482616249207	478.765583738246	1.280125	477.485458738246	520.785722621574	501.873036622382	6405.17608297209
13	517333	517756	423	517544.5	74.3974097134003	48.9065832789126	123.303992992313	0.518175	122.785817992313	78.1053553738274	49.9270683238063	128.032423697634	1.253175	126.779248697634	135.802874101851	133.254500969977	1670.24801835459
13	523422	523678	256	523550	205.495688481235	122.182409429008	327.678097910242	0.3136	327.364497910242	212.760282019343	124.769971508544	337.530253527887	1.0486	336.481653527887	362.069825506263	353.667459675112	4453.11936553178
13	527541	527937	396	527739	52.7413270811257	45.4774335327592	98.2187606138849	0.4851	97.7336606138849	55.0718929269163	46.0613249758885	101.133217902805	1.2201	99.9131179028048	108.094829068056	105.016182090226	1329.46504438405
13	531865	532030	165	531947.5	24.2108451924848	13.5817009615306	37.7925461540153	0.202125	37.5904211540153	37.5773493077036	16.5008581815734	54.078207489277	0.937125	53.141082489277	41.5755444308227	55.8552641765668	511.340213945061
13	534828	534947	119	534887.5	9.74985711681892	25.0755325205784	34.8253896373974	0.145775	34.6796146373973	11.4592320661	28.678379721213	40.137611787313	0.880775	39.256836787313	38.3561507143931	41.2618803904528	471.744689839019
13	535952	536148	196	536050	19.1224197628506	31.9709314691964	51.093351232047	0.2401	50.853251232047	27.5415963806592	40.1172120862685	67.6588084669277	0.9751	66.6837084669277	56.2444245406896	70.089580005168	691.753685287435
13	540032	541348	1316	540690	775.63103320477	1150.70973646388	1926.34076966865	1.6121	1924.72866966865	779.155681551401	1159.94600110735	1939.10168265875	2.3471	1936.75458265875	2128.7774881591	2035.67435573804	26181.9670948122
13	545618	545903	285	545760.5	82.4715913870753	46.9789115287494	129.450502915825	0.349125	129.101377915825	86.0540388866654	49.2672779929677	135.321316879633	1.084125	134.237191879633	142.787973873138	141.093358726186	1756.1581960895
13	556517	557389	872	556953	614.805690084091	729.874403763599	1344.68009384769	1.0682	1343.61189384769	617.740547074056	738.147682519526	1355.88822959358	1.8032	1354.08502959358	1486.05400725816	1423.24494539127	18277.0709177282
13	558618	559096	478	558857	120.77433006427	125.887455131934	246.661785196204	0.58555	246.076235196204	128.269320225939	132.03186508622	260.301185312159	1.32055	258.980635312159	272.163842162128	272.208075642694	3347.36006911115
13	559836	560048	212	559942	92.5962430113182	14.7866833026348	107.382926313953	0.2597	107.123226313953	109.351897458878	18.8516237313394	128.203521190217	0.9947	127.208821190217	118.479823275752	133.706013884888	1457.19073583752
13	560658	561057	399	560857.5	244.722513616035	34.9934871739448	279.71600078998	0.488775	279.22722578998	270.707432809643	39.8842155008102	310.591648310453	1.223775	309.367873310453	308.829312780568	325.168842674305	3798.31097900542
13	562639	563080	441	562859.5	133.42564466052	124.704972461099	258.130617121619	0.540225	257.590392121619	145.054174245582	133.319246219778	278.37342046536	1.275225	277.09819546536	284.898664708401	291.25099048727	3503.98644585527
13	564240	564369	129	564304.5	7.7660861887835	18.7013259339385	26.467412122722	0.158025	26.309387122722	8.71797223898862	20.1634045073233	28.8813767463119	0.893025	27.9883517463119	29.0985591458745	29.4178572853192	357.884993758819
13	568388	568535	147	568461.5	12.8847111758462	13.7520984643722	26.6368096402184	0.180075	26.4567346402184	17.9758365659127	19.4426150704204	37.4184516363331	0.915075	36.5033766363331	29.2615276115732	38.3677872156729	359.889353082491
13	571985	572218	233	572101.5	29.5102675299803	35.029286649307	64.5395541792874	0.285425	64.2541291792874	35.2386835806159	43.1611674774067	78.3998510580226	1.020425	77.3794260580226	71.0659875719943	81.3315815532003	874.045013403124
13	572798	573012	214	572905	21.7458813162839	22.2609737676555	44.0068550839394	0.26215	43.7447050839394	26.5586107862147	33.7157058997016	60.2743166859163	0.99715	59.2771666859163	48.382270642272	62.3047489773724	595.056564142693
13	574848	575012	164	574930	41.4595924138191	60.3762151926039	101.835807606423	0.2009	101.634907606423	52.7925263308058	69.1234870022102	121.916013333016	0.9359	120.980113333016	112.40966414291	127.15917466849	1382.53347007802
13	577464	577729	265	577596.5	133.357645657038	38.7250324885213	172.08267814556	0.324625	171.75805314556	137.181289621919	40.4813067504976	177.662596372416	1.059625	176.602971372416	189.966867906242	185.622971123394	2336.41435626364
13	584125	584272	147	584198.5	5.49981940069666	23.9659487814172	29.4657681821138	0.180075	29.2856931821138	7.0931960499212	25.585725043758	32.6789210936792	0.915075	31.7638460936792	32.3903962951572	33.3861850703599	398.371504163686
13	586646	586775	129	586710.5	10.1674509970224	10.0457527804976	20.2132037775199	0.158025	20.0551787775199	16.7255548886656	15.8677674594546	32.5933223481203	0.893025	31.7002973481203	22.1813150993071	33.3193905715463	272.809377814275
13	589654	590268	614	589961	210.619613390627	255.770851703745	466.390465094372	0.75215	465.638315094372	213.607369605359	261.667765285066	475.275134890425	1.48715	473.787984890425	515.002648642355	497.986714235222	6334.04969542197
13	592254	592383	129	592318.5	13.8302973183758	22.2145744476329	36.0448717660087	0.158025	35.8868467660087	17.7009405944857	29.610866055719	47.3118066502046	0.893025	46.4187816502046	39.6913667471094	48.7896217083972	488.166595100368
13	592742	593214	472	592978	393.357735381723	423.136998969593	816.494734351316	0.5782	815.916534351316	394.746015036624	430.270694426	825.016709462623	1.3132	823.703509462623	902.415378289598	865.774180145535	11098.8630195741
13	594690	594845	155	594767.5	33.8303042202746	24.1440461714177	57.9743503916924	0.189875	57.7844753916924	43.9863553843604	31.733034955546	75.7193903399064	0.924875	74.7945153399064	63.9104577790149	78.6146464764194	786.038706202016
13	599224	599308	84	599266	5.89451361649239	15.0963787640788	20.9908923805712	0.1029	20.8879923805712	8.3563775381228	23.8574503714505	32.2138279095733	0.8379	31.3759279095733	23.1024188776975	32.9784539584372	284.138090632251
13	603273	603504	231	603388.5	74.9407017515098	66.9714185405583	141.912120292068	0.282975	141.629145292068	83.1765810555222	75.5123933734262	158.688974428948	1.017975	157.670999428948	156.643864102088	165.724048392584	1926.57265418178
13	605767	606054	287	605910.5	66.0114326090562	115.045014026824	181.05644663588	0.351575	180.70487163588	68.6941932934666	119.568247739286	188.262441032753	1.086575	187.175866032753	199.862177355816	196.735876557401	2458.11738433624
13	608266	608579	313	608422.5	230.491622168326	137.167789819757	367.659411988083	0.383425	367.275986988083	233.495278150048	138.351072478868	371.846350628916	1.118425	370.727925628916	406.212504319501	389.662860703149	4996.03292535362
13	610007	610807	800	610407	172.148077187143	162.684515874688	334.832593061831	0.98	333.852593061831	181.173944913954	168.491430774931	349.665375688885	1.715	347.950375688885	369.245751712066	365.721947014535	4541.3765294863
13	611070	611650	580	611360	157.555491040034	167.491645426685	325.047136466719	0.7105	324.336636466719	179.041476165071	182.071631758443	361.113107923514	1.4455	359.667607923514	358.720967363392	378.037637083803	4411.93155037047
13	615986	616414	428	616200	211.052207051011	185.86517616443	396.91738321544	0.5243	396.39308321544	216.575426108788	187.7795481095	404.354974218288	1.2593	403.095674218288	438.416429966865	423.683792599388	5392.11101539028
13	618283	618425	142	618354	17.1021493697112	13.7207989230638	30.822948292775	0.17395	30.648998292775	18.412230170608	15.4095741742314	33.8218043448395	0.90895	32.9128543448395	33.8982312823958	34.5938789373894	416.916460712634
13	619528	619704	176	619616	42.672974631824	57.9487507668523	100.621725398676	0.2156	100.406125398676	44.9032419474795	59.7737240220517	104.676965969531	0.9506	103.726365969531	111.050613413878	109.024191866481	1365.81842040016
13	624326	624498	172	624412	39.8197164460374	51.7471416508137	91.5668580968511	0.2107	91.3561580968511	46.0047258053437	58.6560404015934	104.660766206937	0.9457	103.715066206937	101.041219900756	109.012314968321	1242.71226531477
13	625649	625785	136	625717	21.638282893128	18.6724263574589	40.3107092505869	0.1666	40.1441092505869	60.8677079898261	32.6455215831457	93.5132295729718	0.9016	92.6116295729718	44.3999600575185	97.3417701204052	546.07787789141
13	626073	626176	103	626124.5	25.3358287059639	9.27586406313973	34.6116927691036	0.126175	34.4855177691036	63.5285689951741	18.146934058496	81.6755030536702	0.861175	80.8143280536702	38.1414767968393	84.9419212263942	469.104401938206
13	628865	628962	97	628913.5	16.0429648919538	9.54366013861502	25.5866250305688	0.118825	25.4678000305688	29.3124704286771	12.3675187552494	41.6799891839264	0.853825	40.8261641839264	28.1677517628216	42.9113612104014	346.436935701904
13	632013	632190	177	632101.5	33.9855019458675	20.5298991363811	54.5154010822486	0.216825	54.2985760822486	37.3940519939074	22.9071642977979	60.3012162917053	0.951825	59.3493912917053	60.055003193195	62.3806624561241	738.620229793392
13	637122	637312	190	637217	36.3556672113325	37.3808521873492	73.7365193986818	0.23275	73.5037693986818	38.5171355352304	39.6846184258854	78.2017539611158	0.96775	77.2340039611158	81.2962221930682	81.1787320202333	999.867307048663
13	645408	645622	214	645515	178.744480517512	147.209542658873	325.954023176385	0.26215	325.691873176385	184.388397806469	152.764261255027	337.152659061496	0.99715	336.155509061496	360.219878583517	353.324657374582	4430.36675295114
13	646906	647026	120	646966	20.9083935895828	11.1804361518262	32.088829741409	0.147	31.941829741409	23.3329580578329	13.1369074799346	36.4698655377675	0.882	35.5878655377675	35.3281213896128	37.4055163722576	434.502768320916
13	652994	653244	250	653119	46.5433179123303	107.021931604294	153.565249516625	0.30625	153.258999516625	114.155127068028	180.904548861927	295.059675929955	1.04125	294.018425929955	169.506649519042	309.035422009135	2084.77285425321
13	653530	653870	340	653700	170.290104415549	104.52356821756	274.813672633109	0.4165	274.397172633109	238.775600767448	178.731780703627	417.507381471075	1.1515	416.355881471075	303.487204779065	437.621265161974	3732.60805951747
13	654557	654935	378	654746	53.1725207620254	36.9912578968146	90.16377865884	0.46305	89.70072865884	61.0830048346724	42.2238812132431	103.306886047915	1.19805	102.108836047916	99.2102912216085	107.32404657675	1220.19355929828
13	659330	659449	119	659389.5	12.139222100914	13.5746010655788	25.7138231664928	0.145775	25.5680481664928	20.7700956163257	20.8379946212726	41.6080902375983	0.880775	40.7273152375983	28.2786276376127	42.8074635524671	347.800605001084
13	661787	662277	490	662032	288.447372832595	66.8922197012094	355.339592533805	0.60025	354.739342533805	302.811262331231	72.5033374708396	375.314599802071	1.33525	373.979349802071	392.346795915045	393.080351420963	4825.49771290844
13	664420	664626	206	664523	51.6257434298925	68.0665024922125	119.692245922105	0.25235	119.439895922105	53.3411182912455	69.4969815286853	122.838099819931	0.98735	121.850749819931	132.102236348365	128.074278928705	1624.73364382248
13	667062	667529	467	667295.5	370.964263555813	580.444893638127	951.409157193941	0.572075	950.837082193941	383.09648575931	586.104410698471	969.200896457781	1.307075	967.893821457781	1051.63943748487	1017.32901476555	12934.1790304473
13	668227	668460	233	668343.5	181.948833558039	108.259313470587	290.208147028626	0.285425	289.922722028626	190.617906513642	109.627293422977	300.245199936619	1.020425	299.224774936619	320.658684876656	314.507685379406	3943.80116419144
13	674859	675789	930	675324	939.748528079294	998.02197408777	1937.77050216706	1.13925	1936.63125216706	948.253103445593	1007.84243016997	1956.09553361556	1.87425	1954.22128361556	2141.94191495487	2054.03316874176	26343.8772010146
13	683865	684442	577	684153.5	420.153042699174	515.687142656492	935.840185355666	0.706825	935.133360355666	424.661776624129	520.131877519347	944.793654143476	1.441825	943.351829143476	1034.27089611255	991.533539778544	12720.5622568651
13	687281	687499	218	687390	68.544495487273	81.1086113614112	149.653106848684	0.26705	149.386056848684	71.1113578701614	83.9807692702243	155.092127140386	1.00205	154.090077140386	165.223119432767	161.960230437544	2032.08945056621
13	688862	689060	198	688961	145.2893707988	31.9797313402351	177.269102139035	0.24255	177.026552139035	150.381996166884	34.0255013596801	184.407497526564	0.97755	183.429947526564	195.793903285535	192.798635200128	2408.08142781506
13	693138	693369	231	693253.5	99.4805421226031	64.333657196687	163.81419931929	0.282975	163.53122431929	103.152388312064	68.3828978554701	171.535286167534	1.017975	170.517311167534	180.867877341865	179.226485720579	2224.50530382503
13	695133	695350	217	695241.5	108.897104123829	96.5619848937674	205.459089017596	0.265825	205.193264017596	117.249381722036	99.1133475038035	216.362729225839	1.000825	215.361904225839	226.94669022504	226.361517128109	2791.23149732616
13	696502	696722	220	696612	208.597043031194	46.4937186392026	255.090761670396	0.2695	254.821261670396	212.431686834872	47.387705537914	259.819392372786	1.0045	258.814892372786	281.835966750381	272.033867379889	3466.31813265472
13	701187	701720	533	701453.5	553.420189682461	601.336187478305	1154.75637716077	0.652925	1154.10345216077	557.749426237933	604.023748092373	1161.77317433031	1.387925	1160.38524933031	1276.45495527922	1219.65194557363	15699.1991051311
13	706937	707135	198	707036	60.8059088954856	46.7510148685521	107.556923764038	0.24255	107.314373764038	64.1305601730536	50.3321623871934	114.462722560247	0.97755	113.485172560247	118.691235094504	119.281429668937	1459.79090298172
13	712038	712294	256	712166	55.1438918717789	21.0244918881738	76.1683837599527	0.3136	75.8547837599527	69.7756774444245	24.0375477321417	93.8132251765662	1.0486	92.7646251765662	83.8964777644023	97.5025799770419	1031.84801249367
13	715430	715741	311	715585.5	169.589114688483	487.315258443618	656.904373132101	0.380975	656.523398132101	176.000220734365	499.528679457155	675.52890019152	1.115975	674.41292519152	726.124285681227	708.85857675678	8930.64787663194
13	716240	716476	236	716358	47.9859967700159	60.0738196241807	108.059816394197	0.2891	107.770716394197	56.8994661440135	69.9510748739927	126.850541018006	1.0241	125.826441018006	119.19595658241	132.253028621991	1465.99850404003
13	720708	720814	106	720761	8.47287583085197	12.3504190058445	20.8232948366965	0.12985	20.6934448366965	12.7536130970754	21.48738510452	34.2409982015954	0.86485	33.3761482015954	22.8872465064934	35.0808355357182	281.491672218906
13	721446	721550	104	721498	13.1981065830678	25.9011204216703	39.0992270047381	0.1274	38.9718270047381	15.1704776781667	31.2336422740958	46.4041199522624	0.8624	45.5417199522624	43.1033990959357	47.8677640693926	530.131393760776
13	724439	724542	103	724490.5	17.347845769055	14.4042889065865	31.7521346756415	0.126175	31.6259596756415	19.7564104717801	17.0133506710472	36.7697611428274	0.861175	35.9085861428274	34.9787645707606	37.7426177876475	430.206007017109
13	731302	731446	144	731374	34.241298197199	41.0506984061199	75.2919966033189	0.1764	75.1155966033189	37.4233515645251	43.9850554034115	81.4084069679366	0.9114	80.4970069679366	83.0789261773262	84.6083929608377	1021.79289453503
13	732135	732241	106	732188	15.616471142177	4.28193724863781	19.8984083908148	0.12985	19.7685583908148	25.3978277973734	18.3918304695636	43.789658266937	0.86485	42.924808266937	21.8643088446175	45.1171935754609	268.910498116751
13	733278	733412	134	733345	22.6680678017331	19.7486105860867	42.4166783878198	0.16415	42.2525283878198	26.8858059912017	25.2919293493045	52.1777353405063	0.89915	51.2785853405063	46.7319018349109	53.8976399544091	574.758575250486
13	738997	739133	136	739065	22.774166246871	13.2142063471274	35.9883725939984	0.1666	35.8217725939984	25.3142290225051	14.8763819881096	40.1906110106146	0.9016	39.2890110106146	39.6193937804159	41.295697912754	487.281395094183
13	742839	742949	110	742894	29.0832737875309	28.4197835109146	57.5030572984455	0.13475	57.3683072984455	39.6861184039033	33.9678022052554	73.6539206091587	0.86975	72.7841706091587	63.4501699045965	76.5016233545337	780.377596927234
13	746054	746193	139	746123.5	34.9675875535011	13.4032035773919	48.370791130893	0.170275	48.200516130893	36.8192604174205	14.1449927065464	50.9642531239668	0.905275	50.0589781239668	53.3104615076777	52.6157412786491	655.668690958534
13	751324	751911	587	751617.5	624.027254942981	918.618137743052	1542.64539268603	0.719075	1541.92631768603	629.781670612594	922.127086319761	1551.90875693236	1.454075	1550.45468193236	1705.3926016778	1629.64418104583	20974.7299702407
13	756456	756539	83	756497.5	16.2482618833469	21.7407813910228	37.9890432743697	0.101675	37.8873682743697	24.1424461948652	28.6833796479396	52.8258258428048	0.836675	51.9891508428048	41.9039722009005	54.6444976017603	515.379567572685
13	758914	759664	750	759289	481.090349669034	509.179538024787	990.269887693821	0.91875	989.351137693821	491.541496508522	519.161691737323	1010.70318824585	1.65375	1009.04943824585	1094.23653473701	1060.58665537742	13458.0833862541
13	760254	760421	167	760337.5	18.2600324010511	2.18336800296025	20.4434004040114	0.204575	20.2388254040114	19.3120169843223	2.60436183333776	21.91637881766	0.939575	20.97680381766	22.3844308996857	22.0481944275757	275.307511711091
13	772659	772776	117	772717.5	19.9026083292652	16.6017567029157	36.5043650321808	0.143325	36.3610400321808	43.4319635089179	41.970984919413	85.4029484283309	0.878325	84.5246234283309	40.2158312942279	88.8417200000942	494.61701727527
13	773836	774641	805	774238.5	268.03257200946	115.665104939453	383.697676948914	0.986125	382.711551948913	270.899929988616	116.859287438828	387.759217427444	1.721125	386.038092427444	423.284460342939	405.754994529961	5206.00197723244
13	775812	775883	71	775847.5	4.27073741277028	10.7752420899047	15.045979502675	0.086975	14.959004502675	7.06299649249269	16.4767585347513	23.539755027244	0.821975	22.717780027244	16.5448733280661	23.8780910265216	203.486428935258
13	777359	777920	561	777639.5	102.35609998159	63.2005738019109	165.556673783501	0.687225	164.869448783501	107.625922752864	68.5066960412201	176.132618794085	1.422225	174.710393794085	182.347972774748	183.633730113227	2242.70908986489
13	779172	779474	302	779323	79.201639307896	98.334858912476	177.536498220372	0.36995	177.166548220372	80.1751250415599	100.213131386581	180.388256428141	1.10495	179.283306428141	195.948740957502	188.440204337441	2409.98578599953
13	782400	782607	207	782503.5	24.5954395562928	41.2824950091638	65.8779345654566	0.253575	65.6243595654566	25.2528299223027	42.4501778968879	67.7030078191906	0.988575	66.7144328191906	72.5814820131774	70.1218736042426	892.684174053842
13	784372	784474	102	784423	11.9959242009304	12.0283237261186	24.024247927049	0.12495	23.899297927049	14.7363840397655	18.7924245988967	33.5288086386622	0.85995	32.6688586386622	26.4329659612063	34.3374211463908	325.100696932432
13	788855	789142	287	788998.5	31.3606404129508	31.9636315761756	63.3242719891263	0.351575	62.9726969891263	32.265327154857	33.1736138440064	65.4389409988635	1.086575	64.3523659988635	69.6487052079887	67.639164181101	856.613769214921
13	789867	790101	234	789984	46.8933127831904	57.9860502202325	104.879363003423	0.28665	104.592713003423	47.5037038379706	59.0115351918528	106.515239029823	1.02165	105.493589029823	115.681039294491	110.881675874479	1422.76831709697
13	793519	793694	175	793606.5	74.2558117885037	92.390946019925	166.646757808429	0.214375	166.432382808429	85.3334494468316	97.5885698492676	182.922019296099	0.949375	181.972644296099	184.076600201655	191.26690018251	2263.96958639975
13	794653	794881	228	794767	109.945188764253	41.0807979650138	151.025986729267	0.2793	150.746686729267	117.035484856673	44.7885436283719	161.824028485045	1.0143	160.809728485045	166.727995577205	169.023088088328	2050.59801612302
13	795542	795771	229	795656.5	98.9708495920962	77.5969628242694	176.567812416366	0.280525	176.287287416366	110.4943807159	84.0875677051039	194.581948421004	1.015525	193.566423421004	194.976265909312	203.452831772386	2398.02525473035
13	797529	798903	1374	798216	2260.05287915106	3084.70869390256	5344.76157305361	1.68315	5343.07842305361	2264.65571169701	3086.52896722663	5351.18467892364	2.41815	5348.76652892364	5909.52129705807	5621.95486988984	72681.5709985105
13	801536	801674	138	801605	10.1083518631143	3.85454351205028	13.9628953751645	0.16905	13.7938453751645	11.3604335139829	4.61213240966074	15.9725659236436	0.90405	15.0685159236436	15.256190637433	15.8381406294038	187.636840150388
13	808128	808360	232	808244	30.6803503825331	49.1135802453928	79.7939306279259	0.2842	79.5097306279259	39.9156150406531	67.7277074572199	107.643322497873	1.0192	106.624122497873	87.9389013722443	112.069951358538	1081.56603256505
13	808933	809085	152	809009	24.0287478611029	22.9441637555745	46.9729116166775	0.1862	46.7867116166775	39.7836169750715	34.0982002942845	73.881817269356	0.9212	72.960617269356	51.7467734565002	76.687082030886	636.436794092749
13	809308	809406	98	809357	11.2477351655659	12.1212223646983	23.3689575302643	0.12005	23.2489075302643	20.8413945714467	24.2851441036416	45.1265386750883	0.85505	44.2714886750883	25.7136248628952	46.5326557082444	316.25347590032
13	810843	811154	311	810998.5	178.520983792834	177.760094943584	356.281078736419	0.380975	355.900103736419	181.03944688501	180.837149849652	361.876596734662	1.115975	360.760621734662	393.630614437724	379.186476593849	4841.28747698828
13	814195	814375	180	814285	25.5034262498386	54.5868000359041	80.0902262857427	0.2205	79.8697262857427	26.7761075988207	58.5843414523344	85.3604490511551	0.9555	84.4049490511551	88.3370617281802	88.7159332520792	1086.46303161524
13	815368	815500	132	815434	29.0482743004449	29.51246749774	58.5607417981849	0.1617	58.3990417981849	32.5103235644591	37.2232544969276	69.7335780613868	0.8967	68.8368780613868	64.5901770307396	72.3527227730958	794.39861567182
13	818597	819133	536	818865	114.187626591751	152.60586357633	266.793490168081	0.6566	266.136890168081	119.269452118106	158.764673319589	278.034125437695	1.3916	276.642525437695	294.351214010862	290.772047105232	3620.24393926438
13	819971	820475	504	820223	135.187618838964	50.9916527224284	186.179271561393	0.6174	185.561871561393	145.343570004516	53.3632179673769	198.706787971893	1.3524	197.354387971893	205.234088869558	207.434266676804	2524.18685908001
13	822610	822788	178	822699	26.7676077233855	13.6795995268369	40.4472072502224	0.21805	40.2291572502224	33.9152029760919	17.1243490443772	51.039552020469	0.95305	50.086502020469	44.4940243637711	52.6446709586308	547.234780660629
13	826635	826834	199	826734.5	61.3876003708552	47.7661999911157	109.153800361971	0.243775	108.910025361971	66.020432477164	55.0611930837214	121.081625560885	0.978775	120.102850560885	120.456048625967	126.237105685429	1481.49645467336
13	831419	831730	311	831574.5	101.784308361139	162.865313225121	264.64962158626	0.380975	264.26864658626	104.582967347072	165.958367896714	270.541335243786	1.115975	269.425360243786	292.28490983924	283.186265076929	3594.83033538601
13	832025	832255	230	832140	91.8752535773462	53.1117216530303	144.986975230376	0.28175	144.705225230376	94.6788124914707	55.7524829529375	150.431295444408	1.01675	149.414545444408	160.046052591116	157.045895881084	1968.41638259659
13	833019	833155	136	833087	15.0423795554318	2.90805738270986	17.9504369381417	0.1666	17.7838369381417	17.3149462511942	3.98654157763183	21.301487828826	0.9016	20.399887828826	19.6691784788167	21.4418124448505	241.912452841516
13	837046	837154	108	837100	17.4894436939516	11.0609379030611	28.5503815970127	0.1323	28.4180815970127	22.8331653822446	16.1787629018475	39.0119282840921	0.8673	38.1446282840921	31.430805449998	40.0928658191113	386.569436511154
13	837827	838071	244	837949	32.1167293325433	27.6626946059768	59.77942393852	0.2989	59.48052393852	36.0775712868005	30.1670579047831	66.2446291915836	1.0339	65.2107291915836	65.7863117745463	68.5413682884128	809.109951486626
13	841684	841981	297	841832.5	150.830489594258	137.617183233941	288.447672828199	0.363825	288.083847828199	154.502035788116	140.752237290038	295.254273078153	1.098825	294.155448078153	318.62486366169	309.179442565871	3918.78707022288
13	845394	845553	159	845473.5	18.3592309473064	23.7258523000071	42.0850832473135	0.194775	41.8903082473135	21.0371917020593	25.9986189928385	47.0358106948978	0.929775	46.1060356948978	46.3312811692455	48.4609022481313	569.831316697493
13	848525	848641	116	848583	16.9776511942195	11.2393352886653	28.2169864828847	0.1421	28.0748864828848	20.7554958302841	12.7702128538076	33.5257086840918	0.8771	32.6486086840918	31.0512267361175	34.316136925048	381.900974235511
13	851740	852644	904	852192	419.742648713457	215.771037897016	635.513686610473	1.1074	634.406286610473	427.853929843443	223.813520035245	651.667449878688	1.8424	649.825049878688	701.662443421429	683.014875296317	8629.79015303849
13	854572	854781	209	854676.5	34.6554921272284	23.4096569338186	58.0651490610469	0.256025	57.8091240610469	38.1316411846115	24.5882396618065	62.7198808464181	0.991025	61.7288558464181	63.9377195605128	64.8816582032295	786.374000552925
13	856843	856938	95	856890.5	11.842126454821	9.49696082298882	21.3390872778098	0.116375	21.2227122778098	14.9926802837697	12.6790141903149	27.6716944740846	0.851375	26.8203194740846	23.4726238802568	28.1901677450248	288.691265047733
13	858958	859228	270	859093	75.247997248125	148.014630860386	223.262628108511	0.33075	222.931878108511	76.1997832997956	155.99941384419	232.199197143985	1.06575	231.133447143985	246.565851586824	242.938591867655	3032.52878652581
13	860992	861831	839	861411.5	336.308971425654	332.874321760102	669.183293185756	1.027775	668.155518185756	339.83371977082	339.411625956562	679.245345727382	1.762775	677.482570727382	738.989577137631	712.085004490325	9088.87889863886
13	863615	863737	122	863676	37.407151801931	10.3752479517788	47.7823997537098	0.14945	47.6329497537098	42.2403809714408	11.380033226751	53.6204141981919	0.88445	52.7359641981919	52.6827249618343	55.4294544619099	647.948120030429
13	867234	867558	324	867396	110.185485242732	118.99015621116	229.175641453892	0.3969	228.778741453892	115.055913867088	124.16588036144	239.221794228527	1.1319	238.089894228527	253.032566226728	250.250339604744	3112.06331319911
13	872676	872888	212	872782	65.1997445042642	39.5927197726509	104.792464276915	0.2597	104.532764276915	73.9056169205745	47.9813968374274	121.887013758002	0.9947	120.892313758002	115.614735143966	127.066890728696	1421.95283821439
13	874531	874850	319	874690.5	546.493291195466	395.856098768458	942.349389963924	0.390775	941.958614963924	552.127208630969	399.038052137249	951.165260768219	1.125775	950.039485768219	1041.8197255086	998.562768578551	12813.4057804137
13	880541	880941	400	880741	83.1344816724844	68.1126018166315	151.247083489116	0.49	150.757083489116	85.5903456820429	71.3213547926775	156.91170047472	1.225	155.68670047472	166.739494542574	163.638401335694	2050.73944261525
13	886626	886798	172	886712	65.5024400682909	13.4107034674817	78.9131435357727	0.2107	78.7024435357727	85.7423434545308	16.8351532825121	102.577496737043	0.9457	101.631796737043	87.0460302806773	106.822642475003	1070.58455532314
13	892450	892554	104	892502	8.39437698124476	7.29569308234744	15.6900700635922	0.1274	15.5626700635922	11.7137283364826	10.2677495271574	21.98147786364	0.8624	21.11907786364	17.2125360883859	22.1977351228614	211.698054865331
13	904539	904668	129	904603.5	30.6991501070251	15.8069683504595	46.5061184574845	0.158025	46.3480934574845	41.762887969053	26.5524108770738	68.3152988461268	0.893025	67.4222738461268	51.2616554874576	70.8658676236063	630.470297935577
13	915114	915763	649	915438.5	197.53560513546	85.9378405895398	283.473445725	0.795025	282.678420725	206.687071021643	95.8669950787737	302.554066100416	1.530025	301.024041100416	312.646383830995	316.398849092963	3845.25737391834
14	4941	5045	104	4993	31.8471332834464	9.77985667717837	41.6269899606248	0.1274	41.4995899606248	41.406893186121	13.8552969520087	55.2621901381297	0.8624	54.3997901381297	45.8991411455516	57.1782603398821	775.595878703153
14	23324	23423	99	23373.5	37.346752687074	22.4220714067857	59.7688240938597	0.121275	59.6475490938597	63.278872654449	39.1268266002688	102.405699254718	0.856275	101.549424254718	65.9710439896614	106.736062816749	1114.76747832535
14	23694	23856	162	23775	81.8984997856754	34.6626920217146	116.56119180739	0.19845	116.36274180739	94.1854197220924	41.8621865138428	136.047606235935	0.93345	135.114156235935	128.69885980484	142.015114051825	2174.73143869714
14	31682	31883	201	31782.5	52.8673252346353	82.0231979582361	134.890523192871	0.246225	134.644298192871	61.791894445966	96.9500792062841	158.74197365225	0.981225	157.76074865225	148.918523124254	165.818381558984	2516.39986969397
14	34162	34675	513	34418.5	292.002820727862	306.898902427274	598.901723155136	0.628425	598.273298155136	294.043790817649	313.279508920124	607.323299737774	1.363425	605.959874737774	661.69884043895	636.90928559288	11181.2744373506
14	37476	37553	77	37514.5	24.5143407447878	5.71101630562713	30.2253570504149	0.094325	30.1310320504149	44.8916421174739	15.4345738078643	60.3262159253381	0.829325	59.4968909253381	33.3253531963889	62.5356956360405	563.126148994428
14	39704	39852	148	39778	7.8505849504626	32.7450201250045	40.5956050754671	0.1813	40.4143050754671	12.6726142841049	47.5917025483582	60.2643168324632	0.9163	59.3480168324632	44.6988005114815	62.3792177963529	755.312726870912
14	40407	40630	223	40518.5	139.169460485473	118.292666432803	257.462126918276	0.273175	257.188951918276	149.736605625018	126.4549468154	276.191552440418	1.008175	275.183377440418	284.454666091253	289.238373099305	4806.66655610482
14	43145	43280	135	43212.5	14.6706850025783	38.2574393410521	52.9281243436305	0.165375	52.7627493436305	20.1361049073962	52.510530463427	72.6466353708232	0.900375	71.7462603708232	58.3563568133674	75.4107018332137	986.095789832985
14	44273	44449	176	44361	52.2623341007199	64.7303513831734	116.992685483893	0.2156	116.777085483893	60.4246144833171	74.676205627674	135.100820110991	0.9506	134.150220110991	129.157129848198	141.001944872989	2182.47520792878
14	48057	48236	179	48146.5	57.3324597985348	72.7204342893074	130.052894087842	0.219275	129.833619087842	58.8524375234133	74.9146021339971	133.76703965741	0.954275	132.81276465741	143.597843101699	139.596178859487	2426.49192382838
14	51799	51889	90	51844	6.28390790995796	23.9681487491769	30.2520566591348	0.11025	30.1418066591348	14.8293826768798	43.3007654316126	58.1301481084924	0.84525	57.2848981084924	33.3372700680228	60.2107252486473	563.327518263997
14	52430	52654	224	52542	97.502671108105	126.827841350668	224.330512458773	0.2744	224.056112458773	104.76036474733	138.335772703084	243.096137450415	1.0094	242.086737450415	247.809270887407	254.451321661816	4187.43890207483
14	55965	56125	160	56045	15.3777746402504	43.5523617444938	58.9301363847442	0.196	58.7341363847442	17.1977479687233	46.293021580398	63.4907695491212	0.931	62.5597695491212	64.9607964450564	65.7550108373573	1097.6964871802
14	57733	58102	369	57917.5	115.988900194266	108.798205573177	224.787105767443	0.452025	224.335080767443	118.871957943343	113.842431650548	232.714389593892	1.187025	231.527364593892	248.117813834144	243.35262865798	4192.65260829938
14	59931	60240	309	60085.5	117.160183029234	144.902576467232	262.062759496465	0.378525	261.684234496465	157.734288419776	188.615835853787	346.350124273563	1.113525	345.236599273563	289.426513035795	362.869564422883	4890.67997996173
14	63096	63185	89	63140.5	18.8665235129845	24.3773427524797	43.2438662654642	0.109025	43.1348412654642	28.2660857633397	36.5011650790758	64.7672508424155	0.844025	63.9232258424155	47.7077525202781	67.1881056839014	806.157486031823
14	64642	64832	190	64737	13.9402957063604	33.9858019414711	47.9260976478315	0.23275	47.6933476478315	15.0815789809682	39.8130165442238	54.894595525192	0.96775	53.926845525192	52.7495258981765	56.6811600728363	891.352514863691
14	66251	66376	125	66313.5	19.9109082076313	14.6455853704109	34.5564935780422	0.153125	34.4033685780422	24.5764398347318	19.2265182372979	43.8029580720297	0.888125	42.9148330720297	38.0506186144067	45.1067088973049	642.972880164655
14	68499	68677	178	68588	32.4189249038974	42.2860803017217	74.7050052056191	0.21805	74.4869552056191	36.4958651567457	43.8060580266002	80.3019231833458	0.95305	79.3488731833458	82.3836397836453	83.4016182237725	1392.10472993683
14	76577	76838	261	76707.5	154.752632115651	173.131362777191	327.883994892843	0.319725	327.564269892843	165.714171475388	186.180571542342	351.89474301773	1.054725	350.84001801773	362.290776181558	368.759177874218	6121.92790291057
14	80302	80696	394	80499	370.147975518433	486.159475381504	856.307450899936	0.48265	855.824800899936	380.624621984227	503.079127425695	883.703749409921	1.21765	882.486099409921	946.554492939342	927.559091868996	15994.7167935812
14	82567	82758	191	82662.5	63.5389688427654	35.2471834560511	98.7861522988165	0.233975	98.5521772988165	68.7678922134163	37.9347440701191	106.702636283535	0.968975	105.733661283535	109.000120250145	111.134009822611	1841.86548885684
14	86063	86210	147	86136.5	38.8321309190045	35.5800785775064	74.4122094965109	0.180075	74.2321344965109	44.6652454352946	40.8969006600105	85.5621460953051	0.915075	84.6470710953051	82.1018044280366	88.9704216837308	1387.34232404366
14	87435	87691	256	87563	201.195151505174	254.633268374915	455.828419880089	0.3136	455.514819880089	208.532343979352	260.134787750699	468.667131730051	1.0486	467.618531730051	503.805917875434	491.502156150294	8513.22669265929
14	88910	89059	149	88984.5	20.8228948425583	36.6408630318163	57.4637578743746	0.182525	57.2812328743746	26.8187069745311	44.8340429615837	71.6527499361148	0.917525	70.7352249361148	63.3538643438816	74.3480277465708	1070.54282190628
14	89939	90084	145	90011.5	68.5008961262173	50.2164640827404	118.717360208958	0.177625	118.539735208958	83.0479829401147	72.3938390755276	155.441822015642	0.912625	154.529197015642	131.106645701189	162.421778367859	2215.41779516047
14	91541	91772	231	91656.5	78.9534429451889	55.6965837721344	134.650026717323	0.282975	134.367051717323	82.2464946858449	56.2647754453422	138.511270131187	1.017975	137.493295131187	148.611884549623	144.515767506407	2511.2183432253
14	101510	101638	128	101574	0.378794448805232	20.2162037335559	20.5949981823611	0.1568	20.4381981823611	1.45717864519267	22.3352726788124	23.7924513240051	0.8918	22.9006513240051	22.6049400493601	24.0703024778589	381.974431395536
14	104068	104222	154	104145	45.9861260779209	38.3555379034275	84.3416639813484	0.18865	84.1530139813484	48.4841894690517	42.7521734711729	91.2363629402246	0.92365	90.3127129402246	93.0744392949019	94.9254362817426	1572.75604135632
14	107204	107603	399	107403.5	81.8906998999819	79.2695383128429	161.160238212825	0.488775	160.671463212825	86.6345303796206	90.2622772153535	176.896807594974	1.223775	175.673032594974	177.704940580495	184.64553570716	3002.82785471638
14	108203	108375	172	108289	93.0824358862102	30.0683593512005	123.150795237411	0.2107	122.940095237411	95.9745935019295	32.9137176527591	128.888311154689	0.9457	127.942611154689	135.973506945574	134.47728218421	2297.65718851631
14	110513	110825	312	110669	357.713057750909	337.436854896635	695.149912647544	0.3822	694.767712647544	359.232935477253	343.748662397727	702.98159787498	1.1172	701.86439787498	768.42304553945	737.712133872029	12984.6818991881
14	112848	113107	259	112977.5	161.406734600445	48.1975936690845	209.604328269529	0.317275	209.287053269529	167.160150284713	49.7488709352713	216.909021219985	1.052275	215.856746219985	231.47447979773	226.881633185478	3911.41638112057
14	116615	117201	586	116908	647.133316325962	560.278789170372	1207.41210549633	0.71785	1206.69425549633	652.529837240487	564.527026912872	1217.05686415336	1.45285	1215.60401415336	1334.62113734385	1277.69100974433	22552.2009327255
14	118983	119381	398	119182	170.4585019477	13.7978977931876	184.256399740887	0.48755	183.768849740887	177.510798596997	19.4886143963049	196.999412993302	1.22255	195.776862993302	203.250981043806	205.77616958324	3434.50050056604
14	122237	122846	609	122541.5	473.694858049224	539.043700368475	1012.7385584177	0.746025	1011.9925334177	478.945581100403	541.663761971734	1020.60934307214	1.481025	1019.12831807214	1119.27824283698	1071.18031416138	18913.3733355402
14	129203	129377	174	129290	45.6362312055952	77.9813571910084	123.617588396604	0.21315	123.404438396604	46.0150256544005	80.4686207404098	126.48364639481	0.94815	125.53549639481	136.487077133231	131.947223997243	2306.33541017864
14	135645	135888	243	135766.5	62.6174823470579	93.5227294337523	156.14021178081	0.297675	155.84253678081	64.7055517466096	97.0303780295129	161.735929776122	1.032675	160.703254776122	172.364078752829	168.911176232921	2912.57888014133
14	137935	138431	496	138183	131.200377271591	28.2308862791846	159.431263550776	0.6076	158.823663550776	134.65612662793	28.7254790309773	163.381605658907	1.3426	162.039005658907	175.661247677082	170.315150614645	2968.29387970809
14	140580	140735	155	140657.5	57.2443610896126	19.9137081665982	77.1580692562107	0.189875	76.9681942562107	61.525098355836	21.3129876602971	82.8380860161331	0.924875	81.9132110161331	85.1279257273622	86.0969296547581	1438.47720695508
14	145315	145514	199	145414.5	11.2000358645944	58.8489375747046	70.048973439299	0.243775	69.805198439299	12.1735215982583	63.3564715172455	75.5299931155038	0.978775	74.5512181155038	77.205549715036	78.3589228421638	1304.60624485556
14	145793	145925	132	145859	4.30113696726785	30.5668520458399	34.8679890131078	0.1617	34.7062890131078	5.71601623235371	36.9268588405763	42.64287507293	0.8967	41.74617507293	38.3856529561469	43.8783616711275	648.634233475247
14	146616	146765	149	146690.5	33.0248160246236	33.4092103913626	66.4340264159862	0.182525	66.2515014159862	36.3129678370876	40.5265060881059	76.8394739251935	0.917525	75.9219489251935	73.275109886201	79.7996637511513	1238.1903412754
14	147965	148215	250	148090	130.864682191169	109.489795437997	240.354477629165	0.30625	240.048227629165	134.173533700281	112.782747180118	246.956280880399	1.04125	245.915030880399	265.496779417449	258.475145243511	4486.31941221171
14	160467	160572	105	160519.5	10.8706406918477	9.96935390011551	20.8399945919632	0.128625	20.7113695919632	12.7065137873111	12.8304119715956	25.5369257589067	0.863625	24.6733007589067	22.9070715426629	25.9334900126414	387.079797970675
14	164331	164579	248	164455	182.502725440809	167.899739446108	350.402464886917	0.3038	350.098664886917	188.429938578093	173.57025634525	362.000194923343	1.0388	360.961394923343	387.214139941152	379.397504276539	6543.07866375076
14	167833	168016	183	167924.5	13.3708040522037	70.9560601460341	84.3268641982377	0.224175	84.1026891982377	14.5650865501131	74.906302255631	89.4713888057441	0.959175	88.5122138057441	93.0187793636759	93.0329766235039	1571.81550930735
14	169275	169940	665	169607.5	207.332661560578	198.613789334778	405.946450895356	0.814625	405.131825895356	211.551099739788	206.024680728906	417.575780468694	1.549625	416.026155468694	448.081604588607	437.274698398443	7571.60672657382
14	174620	174917	297	174768.5	57.6656549155937	88.1369083624215	145.802563278015	0.363825	145.438738278015	61.1578037385019	94.9072091443406	156.065012882842	1.098825	154.966187882842	160.857328532339	162.881088550995	2718.13977244697
14	181127	181369	242	181248	55.0800928067478	73.1644277826272	128.244520589375	0.29645	127.948070589375	58.7566389273321	78.3289520970398	137.085591024372	1.03145	136.054141024372	141.512399444303	143.003108579235	2391.25245168195
14	181880	181972	92	181926	17.1585485431869	22.3011731785372	39.4597217217241	0.1127	39.3470217217241	21.0557914294821	26.476811984968	47.5326034144502	0.8477	46.6849034144501	43.5183698291006	49.0693356462543	735.366010015228
14	182486	182897	411	182691.5	197.915099574007	197.723802377448	395.638901951455	0.503475	395.135426951455	203.795213401527	203.724414439079	407.519627840605	1.238475	406.281152840605	437.025444117897	427.031969596239	7384.78160781678
14	185223	185457	234	185340	74.8040037548053	60.4177145844344	135.22171833924	0.28665	134.93506833924	76.1767836368534	62.4634846038794	138.640268240733	1.02165	137.618618240733	149.240119072593	144.647491495893	2521.83414331902
14	186815	187109	294	186962	76.3172815778701	156.621904721648	232.939186299518	0.36015	232.579036299518	80.0613267092631	173.472757774082	253.534084483345	1.09515	252.438934483345	257.235746780551	265.332257333362	4346.72588808253
14	187522	188027	505	187774.5	643.606568010106	681.723609408675	1325.33017741878	0.618625	1324.71155241878	648.555695481137	697.148683355759	1345.7043788369	1.353625	1344.3507538369	1465.14995881412	1413.0134913356	24757.8547523315
14	190976	191215	239	191095.5	163.997496633086	68.5802949626353	232.577791595722	0.292775	232.285016595722	169.536515459319	68.9747891813619	238.511304640681	1.027775	237.483529640681	256.910556775133	249.613004935313	4341.23088269239
14	196925	197278	353	197101.5	9.65995843427513	62.8004796652505	72.4604380995256	0.432425	72.0280130995256	11.8108269135126	73.4507235869908	85.2615505005034	1.167425	84.0941255005034	79.6640145800369	88.3892343833189	1346.14896590963
14	197706	199723	2017	198714.5	663.374678310426	811.000414870019	1474.37509318044	2.470825	1471.90426818044	688.122515633345	836.200545564624	1524.32306119797	3.205825	1521.11723619797	1627.94721157618	1598.80832477417	27508.7750343919
14	199986	200511	525	200248.5	284.618128949782	188.296340535959	472.91446948574	0.643125	472.27134448574	315.867970986472	207.380460860084	523.248431846555	1.378125	521.870306846555	522.338874194122	548.524841598817	8826.3934357009
14	201994	202133	139	202063.5	30.6297511240602	15.5437722075727	46.1735233316329	0.170275	46.0032483316329	33.7228057956533	17.6427414473883	51.3655472430416	0.905275	50.4602722430416	50.8802518369676	53.0375315016456	859.765839778794
14	204927	205158	231	205042.5	150.020901458691	70.7203636001434	220.741265058834	0.282975	220.458290058834	161.885827579385	74.1340135734444	236.01984115283	1.017975	235.00186615283	243.83002775975	247.00459044283	4120.19832865361
14	206715	206863	148	206789	26.2173157878588	17.6339415763496	43.8512573642084	0.1813	43.6699573642084	29.9723607580503	19.4384151319701	49.4107758900203	0.9163	48.4944758900203	48.2995985931868	50.9713320666323	816.158400286819
14	209889	210413	524	210151	287.914380643543	295.707166441046	583.621547084589	0.6419	582.979647084589	289.703254427776	297.137745476053	586.84099990383	1.3769	585.46409990383	644.783843211654	615.366688712503	10895.4476917877
14	211575	211716	141	211645.5	33.6046075278371	22.8237655199986	56.4283730478357	0.172725	56.2556480478357	37.454751104368	24.6489387722671	62.1036898766351	0.907725	61.1959648766351	62.2195528300881	64.3215498181484	1051.37541891558
14	217312	217532	220	217422	16.7727541969645	117.804573585754	134.577327782719	0.2695	134.307827782719	21.6211831437231	149.20681338907	170.827996532793	1.0045	169.823496532793	148.546382029329	178.497234491629	2510.11149278067
14	220437	220605	168	220521	31.126243848009	36.6683626288125	67.7946064768214	0.2058	67.5888064768214	32.4990237300571	39.8035166834433	72.3025404135004	0.9408	71.3617404135004	74.7541884457766	75.0065425125645	1263.18355915386
14	224546	224675	129	224610.5	9.08806681528961	19.9423077474742	29.0303745627638	0.158025	28.8723495627638	10.0929520887964	20.9628927909024	31.0558448796988	0.893025	30.1628198796988	31.9332323293406	31.703386415411	539.602327411026
14	227183	227326	143	227254.5	24.4785412694255	26.7083085924084	51.1868498618339	0.175175	51.0116748618339	27.6243951672512	29.8275628800487	57.4519580472999	0.910175	56.5417830472999	56.4196433452918	59.4296555731308	953.369535123666
14	228914	229017	103	228965.5	16.5545573946168	5.51081923949512	22.0653766341119	0.126175	21.9392016341119	19.2264182387633	6.47340513289511	25.6998233716584	0.861175	24.8386483716584	24.2650713749284	26.1072827575122	410.027048112996
14	230742	230874	132	230808	9.81885610564564	10.0299530120416	19.8488091176872	0.1617	19.6871091176872	13.2855053022483	15.4682733140014	28.7537786162497	0.8967	27.8570786162497	21.7742247814489	29.279879377918	367.93714611988
14	233763	234305	542	234034	349.447478882141	287.620584949089	637.06806383123	0.66395	636.40411383123	352.577833007115	292.744209862878	645.322042869993	1.39895	643.923092869993	703.872068954524	676.811475733542	11893.9104782857
14	237815	238025	210	237920	42.047183802726	68.6825934634609	110.729777266187	0.25725	110.472527266187	52.6330286682281	81.5629047037877	134.195933372016	0.99225	133.203683372016	122.184198121175	140.007063754055	2064.6477938426
14	239968	240233	265	240100.5	205.914782339456	51.3954468048665	257.310229144323	0.324625	256.985604144323	209.912223757352	52.4788309279806	262.391054685332	1.059625	261.331429685332	284.229760539483	274.678936878253	4802.866140352
14	241423	241656	233	241539.5	133.728040228943	138.894264518443	272.622304747386	0.285425	272.336879747386	138.572069240182	140.634939009032	279.207008249214	1.020425	278.186583249214	301.208491325445	292.3949676956	5089.76984474689
14	247220	247373	153	247296.5	18.6642264776274	17.7883393136662	36.4525657912935	0.187425	36.2651407912935	20.8052951004808	20.0031068564693	40.8084019569501	0.922425	39.8859769569501	40.1097653596629	41.9231539048992	677.76799156339
14	254135	254313	178	254224	54.8203966125696	59.2344319253235	114.054828537893	0.21805	113.836778537893	58.6234408793362	62.6901812816622	121.313622160998	0.95305	120.360572160998	125.905108234158	126.507990420629	2127.52309992955
14	258182	258408	226	258295	16.5634572641901	100.856321960687	117.419779224877	0.27685	117.142929224877	16.8107536400865	101.992705307103	118.803458947189	1.01185	117.791608947189	129.561758267914	123.807817367207	2189.31255012964
14	259308	259494	186	259401	41.8217871058921	78.4047509862147	120.226538092107	0.22785	119.998688092107	42.8843715338235	80.3144230001623	123.198794533986	0.96285	122.235944533986	132.72026849534	128.479147469298	2242.68451862607
14	263324	263701	377	263512.5	93.5895284548193	171.028493594529	264.618022049348	0.461825	264.156197049348	94.3784168937381	174.719239507017	269.097656400755	1.196825	267.900831400755	292.160539040122	281.583870897445	4936.87908626961
14	264590	264704	114	264647	19.779910127395	12.5940154359632	32.3739255633582	0.13965	32.2342755633582	22.0365770561669	15.2815760500311	37.318153106198	0.87465	36.443503106198	35.6515706591553	38.3048556439731	602.434175943507
14	266676	266853	177	266764.5	35.7527760466423	32.8457186492777	68.59849469592	0.216825	68.38166969592	37.5415498323413	35.9225735582767	73.464123390618	0.951825	72.512298390618	75.6311065270648	76.2158652578309	1278.00157170992
14	269968	270175	207	270071.5	38.2191399023266	65.596338692216	103.815478594543	0.253575	103.561903594543	39.3711230201292	70.1415720822752	109.512695102404	0.988575	108.524120102404	114.540949317764	114.066991372869	1935.49347583412
14	271243	271358	115	271300.5	8.07208170444982	9.25056443390326	17.3226461383531	0.140875	17.1817711383531	9.60765920071517	11.6544292055054	21.2620884062206	0.875875	20.3862134062206	19.0032850772283	21.4274396008792	321.114278390976
14	273777	274351	574	274064	339.695521796097	230.617320326232	570.312842122329	0.70315	569.609692122329	341.689492574655	232.99968541291	574.689177987565	1.43815	573.251027987565	629.996481444835	602.529833941468	10645.573368282
14	276092	276258	166	276175	36.7872608863704	34.3562965119102	71.1435573982806	0.20335	70.9402073982806	41.2152959939587	37.1485555916326	78.3638515855913	0.93835	77.4255015855913	78.4608858872534	81.3800103891191	1325.81870193556
14	281752	282058	306	281905	125.365662778748	122.657602465101	248.02326524385	0.37485	247.64841524385	132.693055396542	127.601630010872	260.294685407414	1.10985	259.184835407414	273.902695822648	272.42270526127	4628.36115760999
14	288994	289246	252	289120	141.088632360201	37.3255529977533	178.414185357955	0.3087	178.105485357955	155.524720800769	44.8294430289953	200.354163829764	1.0437	199.310463829764	196.987218885733	209.490249142213	3328.65651321185
14	289540	289701	161	289620.5	28.9394758948747	6.06301114717793	35.0024870420526	0.197225	34.8052620420526	41.3303943072044	8.73997191658555	50.0703662237899	0.932225	49.1381412237899	38.4951185443479	51.6478726182151	650.483964362353
14	295728	295872	144	295800	33.2092133222996	31.5772372387459	64.7864505610456	0.1764	64.6100505610456	35.1078854974488	37.098956318505	72.2068418159538	0.9114	71.2954418159538	71.459641720229	74.9368577130264	1207.51286905474
14	297702	297812	110	297757	9.20106515931018	30.7532493142066	39.9543144735168	0.13475	39.8195644735168	12.8039123599447	37.2013548178652	50.00526717781	0.86975	49.13551717781	44.0410088836652	51.6451145490422	744.197475847763
14	298118	298190	72	298154	12.3380191875626	9.81965609392189	22.1576752814845	0.0882	22.0694752814845	17.9925363211794	16.4680586622471	34.4605949834265	0.8232	33.6373949834265	24.4091558956181	35.3554255013516	412.461763831914
14	300789	301394	605	301091.5	28.3399846803585	131.926366632289	160.266351312648	0.741125	159.525226312648	38.1577408021243	160.279051126533	198.436791928658	1.476125	196.960666928658	176.437186144431	207.020436324624	2981.40555592648
14	301759	301936	177	301847.5	43.428963552882	37.2541540440978	80.6831175969798	0.216825	80.4662925969798	62.7342806353906	53.3921175438565	116.126398179247	0.951825	115.174573179247	88.9968726166284	121.057116453137	1503.85401330361
14	307172	307371	199	307271.5	52.3640326103384	64.791050493634	117.155083103972	0.243775	116.911308103972	54.0950072430783	67.1745155641918	121.26952280727	0.978775	120.29074780727	129.305581989286	126.434599786852	2184.98372695417
14	308633	308877	244	308755	115.262710836499	170.982294271575	286.245005108074	0.2989	285.946105108074	117.676375464485	180.123460308701	297.799835773186	1.0339	296.765935773186	316.260489581441	311.923260964098	5344.11595062667
14	310161	310552	391	310356.5	711.706970005524	669.79708419071	1381.50405419623	0.478975	1381.02507919623	719.212960005991	675.714297474541	1394.92725748053	1.213975	1393.71328248053	1527.43352634852	1464.89721196493	25810.3118808302
14	317767	318180	413	317973.5	39.2423249076527	123.040096859684	162.282421767337	0.505925	161.776496767337	40.97809947005	129.031209060534	170.009308530584	1.240925	168.768383530584	178.927123525851	177.388231574979	3023.4800942089
14	321740	321897	157	321818.5	48.8346843325845	44.3508500427276	93.1855343753121	0.192325	92.9932093753121	56.181376667543	51.4200464443613	107.601423111904	0.927325	106.674098111904	102.8518220721	112.122479477901	1737.9725921944
14	323599	323734	135	323666.5	30.269956396816	21.5608840274006	51.8308404242166	0.165375	51.6654654242166	35.2093840099982	24.9323346191294	60.1417186291276	0.900375	59.2413436291276	57.1427450754753	62.267096257352	965.588385146044
14	326527	326629	102	326578	6.96409794184106	13.7057991428841	20.6698970847252	0.12495	20.5449470847252	8.93606904280177	16.8721527402888	25.8082217830906	0.85995	24.9482717830906	22.7230058649836	26.222505186538	383.969487462553
14	330228	330300	72	330264	10.5400455366866	11.1488366149143	21.6888821516009	0.0882	21.6006821516009	13.4277032183521	13.3793039276389	26.8070071459909	0.8232	25.9838071459909	23.8906639766135	27.3109305356199	403.70037559056
14	332181	332402	221	332291.5	126.669743667573	80.1788249873376	206.848568654911	0.270725	206.577843654911	127.663829099351	80.6577179692088	208.32154706856	1.005725	207.31582206856	228.478055143601	217.904481188506	3860.78330706767
14	335711	336234	523	335972.5	56.9387655680844	152.662062752736	209.600828320821	0.640675	208.960153320821	60.3040162506722	163.627002062647	223.931018313319	1.375675	222.555343313319	231.112923770297	233.922361238696	3905.30686887702
14	339377	339552	175	339464.5	25.2229303604778	23.2558591877092	48.478789548187	0.214375	48.264414548187	26.5487109312961	24.1871455398008	50.7358564710969	0.949375	49.7864814710969	53.3811340728076	52.3293268546232	902.025322349252
14	342208	342383	175	342295.5	63.4157706482226	58.9149366074954	122.330707255718	0.214375	122.116332255718	65.877634569853	60.6458112417007	126.523445811554	0.949375	125.574070811554	135.062413284093	131.987768602974	2282.26168282011
14	346088	346216	128	346152	32.3452259839477	20.2990025201479	52.6442285040956	0.1568	52.4874285040956	34.4547950684237	23.2914586660024	57.7462537344261	0.8918	56.8544537344261	58.0518480197597	59.7582959208923	980.950252041722
14	349822	350284	462	350053	32.3489259297253	190.132413628491	222.481339558217	0.56595	221.915389558217	37.7609466171034	206.878268219667	244.63921483677	1.30095	243.33826483677	245.441600684898	255.766770830605	4147.43041378153
14	350697	350855	158	350776	37.8584451882716	26.6504094409146	64.5088546291862	0.19355	64.3153046291862	42.6181754349008	30.8843473929773	73.5025228278781	0.92855	72.5739728278781	71.1336484961676	76.2806897180176	1202.00429101261
14	355209	356349	1140	355779	616.472765653266	602.079276588409	1218.55204224167	1.3965	1217.15554224167	618.308838745798	612.576022759643	1230.88486150544	2.1315	1228.75336150544	1346.19147038435	1291.51196023491	22747.7144520956
14	356745	357250	505	356997.5	244.119422454276	117.092684018425	361.2121064727	0.618625	360.5934814727	252.526199253802	121.300922347113	373.827121600915	1.353625	372.473496600915	398.821557465628	391.497586742079	6739.21883042234
14	365794	366726	932	366260	467.910042825113	411.203373855676	879.113416680789	1.1417	877.971716680789	470.193609359673	414.155130597976	884.34873995765	1.8767	882.472039957649	971.049299136909	927.544314329962	16408.6258616446
14	370142	370330	188	370236	60.2360172471908	54.6169995933326	114.853016840523	0.2303	114.622716840523	61.5460980480876	56.337174384343	117.883272432431	0.9653	116.917972432431	126.774367258605	122.889559852676	2142.21169104607
14	372258	372456	198	372357	50.2195640373109	79.2728382644824	129.492402301793	0.24255	129.249852301793	51.1351506194811	82.0026982586572	133.137848878138	0.97755	132.160298878138	142.952188671514	138.910388379499	2415.58176510602
14	373693	374082	389	373887.5	161.634331265038	94.0435218015922	255.677853066631	0.476525	255.201328066631	165.910268601604	97.1628760877671	263.073144689371	1.211525	261.861619689371	282.256325630601	275.236206345719	4769.51937298299
14	374753	375153	400	374953	89.8547831871377	71.1319575682749	160.986740755413	0.49	160.496740755413	96.9081798203154	75.6081919695074	172.516371789823	1.225	171.291371789823	177.511695038993	180.040081502247	2999.56242443106
14	378532	378673	141	378602.5	18.2069331792149	14.3679894385516	32.5749226177665	0.172725	32.4021976177665	22.6250684318846	17.440044417893	40.0651128497776	0.907725	39.1573878497776	35.8372948574919	41.1573520967502	605.572511851548
14	380852	381359	507	381105.5	136.816394969413	170.800796931401	307.617191900814	0.621075	306.996116900814	140.38774263167	175.850022935499	316.237765567169	1.356075	314.881690567169	339.542104250579	330.964278240703	5737.52471463114
14	383756	383897	141	383826.5	26.9568049507191	11.0007387852732	37.9575437359922	0.172725	37.7848187359922	29.4188688694186	11.8005270644559	41.2193959338745	0.907725	40.3116709338745	41.790550942019	42.3705902088978	706.169620398343
14	387061	387132	71	387096.5	7.05789656723159	1.04698465654456	8.10488122377614	0.086975	8.01790622377614	15.7797687490669	2.80935882912729	18.5891275781942	0.821975	17.7671525781942	8.86791917235988	18.6746101967467	149.848589561715
14	392121	392832	711	392476.5	155.458521770909	430.261594559357	585.720116330266	0.870975	584.849141330266	157.693889011826	434.621930659068	592.315819670893	1.605975	590.709844670893	646.851530635423	620.880359982302	10930.387122119
14	394402	394660	258	394531	116.124998199764	47.8563986692631	163.981396869027	0.31605	163.665346869027	118.050269985098	48.9770822457573	167.027352230856	1.05105	165.976302230856	181.01621880372	174.453544675625	3058.78127081688
14	400556	401011	455	400783.5	158.535176682839	142.522711343917	301.057888026756	0.557375	300.500513026756	160.070754179104	144.72157911973	304.792333298834	1.292375	303.499958298834	332.357873290132	319.001223804183	5616.12680204484
14	405669	406242	573	405955.5	394.57071760559	368.317002351162	762.887719956752	0.701925	762.185794956752	396.858884072739	369.731881616248	766.590765688987	1.436925	765.153840688987	842.988410609533	804.234086048622	14244.6747530622
14	408006	408315	309	408160.5	115.259610881928	63.7115663133667	178.971177195295	0.378525	178.592652195295	136.326102154605	68.7605923203955	205.086694475001	1.113525	203.973169475001	197.526032388462	214.391102557174	3337.76129211787
14	412139	412733	594	412436	102.990590683192	146.736849586143	249.727440269335	0.72765	248.999790269335	104.637166552788	148.38832538393	253.025491936718	1.46265	251.562841936718	275.397335964736	264.411418345093	4653.6173324624
14	413301	413556	255	413428.5	82.8856853185701	43.2079667915674	126.093652110137	0.312375	125.781277110137	84.1690665107471	43.6024610102941	127.771527521041	1.047375	126.724152521041	139.115894808206	133.196590755233	2350.75672403519
14	415086	415366	280	415226	12.5629158917239	10.5669451424756	23.1298610341995	0.343	22.7868610341995	15.4132741200091	14.7484838624438	30.1617579824529	1.078	29.0837579824529	25.2025948175669	30.5692114135055	425.869159754959
14	416409	416677	268	416543	125.919754658587	130.31589023366	256.235644892247	0.3283	255.907344892247	129.885896535175	135.491514385406	265.37741092058	1.0633	264.31411092058	283.037190356273	277.813958608058	4782.71429227648
14	417479	417751	272	417615	91.6756565024214	94.4817153799091	186.157371882331	0.3332	185.824171882331	92.9012385416392	98.2114607208641	191.112699262503	1.0682	190.044499262503	205.524196783026	199.751025277899	3472.91291340731
14	418608	418744	136	418676	37.9564437521124	33.4152103034345	71.3716540555469	0.1666	71.2050540555469	40.596905056416	38.406437157504	79.0033422139201	0.9016	78.1017422139201	78.7538100851871	82.0907900189818	1330.7684851999
14	419902	420052	150	419977	34.3520965734599	44.336050259617	78.6881468330769	0.18375	78.5043968330769	37.8817448468174	46.2770218148729	84.1587666616903	0.91875	83.2400166616903	86.8269877896775	87.4915019211118	1467.18766863919
14	424577	424834	257	424705.5	80.1473254489602	161.156538267047	241.303863716007	0.314825	240.989038716007	81.7359021685272	165.160179594084	246.896081762611	1.049825	245.846256762611	266.537329960411	258.402858486494	4503.90245826795
14	426743	427790	1047	427266.5	1627.36835107955	2763.88909548169	4391.25744656124	1.282575	4389.97487156124	1631.96028378523	2770.50579851457	4402.4660822998	2.017575	4400.4485072998	4855.37511205281	4625.20148926597	82045.3026457335
14	429817	430003	186	429910	61.0413054457727	16.5101580452848	77.5514634910576	0.22785	77.3236134910576	66.8842198184469	17.6307416232446	84.5149614416914	0.96285	83.5521114416914	85.5210244939177	87.8195369472821	1445.11972303827
14	434552	434830	278	434691	328.82578109106	293.292301830645	622.118082921706	0.34055	621.777532921706	332.470927671802	296.76385095544	629.234778627242	1.07555	628.159228627242	687.694860883792	660.242471857867	11620.5507683775
14	437375	437567	192	437471	50.6294580303554	63.529868976123	114.159327006478	0.2352	113.924127006478	54.8379963546471	65.7131369805488	120.551133335196	0.9702	119.580933335196	126.001716892033	125.688531528607	2129.15557659522
14	439354	439514	160	439434	26.507111540931	41.3378941972943	67.8450057382253	0.196	67.6490057382253	28.2056866484827	45.3667351550329	73.5724218035156	0.931	72.6414218035156	74.8207696914866	76.351583651227	1264.30863771705
14	440627	441345	718	440986	371.256659270783	514.296763032367	885.55342230315	0.87955	884.67387230315	374.875606235478	520.165577025484	895.041183260962	1.61455	893.426633260962	978.461979290667	939.058413671593	16533.8840698356
14	447058	447287	229	447172.5	83.0478829415802	87.1403229672808	170.188205908861	0.280525	169.907680908861	86.2142365389848	89.3597904412069	175.574026980192	1.015525	174.558501980192	187.920329698403	183.474080422369	3175.44576218601
14	450630	450822	192	450726	54.0848073925561	14.9481809359032	69.0329883284592	0.2352	68.7977883284592	56.7675680769665	16.6839554983005	73.451523575267	0.9702	72.481323575267	76.0913396972319	76.1833084032618	1285.77851352442
14	452033	452229	196	452131	76.2283828806716	16.4462589817192	92.6746418623908	0.2401	92.4345418623908	89.1649932959396	21.2312888575849	110.396282153524	0.9751	109.421182153524	102.233927797642	115.009870883428	1727.53151986095
14	456218	456384	166	456301	43.5954611128769	27.7916927155224	71.3871538283992	0.20335	71.1838038283992	49.5704735496671	29.2222717505297	78.7927453001968	0.93835	77.8543953001968	78.7303070294665	81.830809857455	1330.37133456268
14	457440	457620	180	457530	49.7426710261303	28.9782753262729	78.7209463524032	0.2205	78.5004463524032	51.9150391902921	29.9721607609812	81.8871999512733	0.9555	80.9316999512733	86.8226185014459	85.0652878956534	1467.11383714995
14	459499	459617	118	459558	16.4268592660201	2.78275921894192	19.209618484962	0.14455	19.065068484962	20.1142052283338	3.829843874021	23.9440491023548	0.87955	23.0644991023548	21.0862389284125	24.2425187842601	356.311678215611
14	462044	462299	255	462171.5	147.106244172702	86.2164365067445	233.322680679447	0.312375	233.010305679447	150.614892753808	87.6314157703649	238.246308524173	1.047375	237.198933524173	257.712736894426	249.313873067339	4354.7859858811
14	465054	465227	173	465140.5	28.4200835065182	6.59040341829694	35.0104869248151	0.211925	34.7985619248151	31.5237380227716	7.78468591620635	39.308423938978	0.946925	38.361498938978	38.4877081186771	40.3208131463649	650.35874425003
14	466105	466254	149	466179.5	25.6072247286823	18.3730307450717	43.980255473754	0.182525	43.797730473754	32.0565302147553	22.9962629920654	55.0527932068208	0.917525	54.1352682068208	48.4409174832097	56.9002279464558	818.546382849218
14	466596	466856	260	466726	74.97800120489	43.6220607230622	118.600061927952	0.3185	118.281561927952	82.0956968957714	48.0714955170403	130.167192412812	1.0535	129.113692412812	130.821102353023	135.708176437407	2210.59273223987
14	471197	471400	203	471298.5	21.4211860746602	30.190557560398	51.6117436350581	0.248675	51.3630686350581	22.7311668770225	31.5476376725246	54.2788045495471	0.983675	53.2951295495471	56.8082898936117	56.0171791930468	959.93681838052
14	478105	478400	295	478252.5	88.057409527469	96.913379744111	184.97078927158	0.361375	184.60941427158	91.0968649845532	102.535397354005	193.632262338558	1.096375	192.535887338558	204.180657459231	202.369661042093	3450.21001447709
14	479202	479552	350	479377	175.434129030382	208.819239774923	384.253368805305	0.42875	383.824618805305	182.518925203403	212.833380948085	395.352306151488	1.16375	394.188556151488	424.515528235282	414.321743326617	7173.39117742265
14	480984	481244	260	481114	205.474388793379	92.9969371391858	298.471325932565	0.3185	298.152825932565	213.042077889652	95.2742037660711	308.316281655724	1.0535	307.262781655724	329.761297723865	322.956233427693	5572.25030985619
14	483101	483268	167	483184.5	60.737309900797	48.2219933115101	108.959303212307	0.204575	108.754728212307	64.5090546262553	49.6104729634797	114.119527589735	0.939575	113.179952589735	120.284287753181	118.960620583267	2032.54343165749
14	488153	488500	347	488326.5	263.397439936857	214.804352063701	478.201792000558	0.425075	477.776717000558	267.153584890928	219.017790316184	486.171375207113	1.160075	485.011300207113	528.427895082189	509.783260571609	8929.28467480156
14	490158	490257	99	490207.5	34.8683890072459	9.61255912890721	44.4809481361531	0.121275	44.3596731361531	43.4683629754874	13.4737025442366	56.9420655197239	0.856275	56.0857905197239	49.0624341199195	58.9503732194935	829.048665243761
14	491243	491507	264	491375	379.525438092657	192.975971956428	572.501410049085	0.3234	572.178010049085	396.147494498082	201.159652025415	597.307146523498	1.0584	596.248746523498	632.837077873346	626.702161340747	10693.573283488
14	493082	493293	211	493187.5	102.439098765251	42.2340810637654	144.673179829017	0.258475	144.414704829017	104.553667776454	42.7865729670518	147.340240743506	0.993475	146.346765743506	159.724732864335	153.821429280051	2699.00136352652
14	498543	498824	281	498683.5	211.648198316818	179.864164108661	391.512362425479	0.344225	391.168137425479	216.750623541287	190.041814956206	406.792438497492	1.079225	405.713213497492	432.637565054735	426.435022741567	7310.63597387465
14	499459	499554	95	499506.5	23.0706619017569	20.9395931323566	44.0102550341134	0.116375	43.8938800341134	30.8343481257116	26.9668048041722	57.8011529298838	0.851375	56.9497779298838	48.5472602746977	59.858488801246	820.343345248718
14	500581	500854	273	500717.5	81.2078099076665	94.2818183093807	175.489628217047	0.334425	175.155203217047	85.0421537157414	96.4963858551148	181.538539570856	1.069425	180.469114570856	193.724164563191	189.68657765111	3273.51797638123
14	503039	503557	518	503298	118.426364473471	62.648181897159	181.07454637063	0.63455	180.43999637063	120.761630250385	63.289972491782	184.051602742167	1.36955	182.682052742167	199.569221517043	192.012541676963	3372.28675442474
14	507298	507614	316	507456	142.13041709295	124.471375884433	266.601792977384	0.3871	266.214692977384	157.616890140236	139.772251651629	297.389141791866	1.1221	296.267041791866	294.437265032791	311.39888596424	4975.35081477648
14	508765	509000	235	508882.5	41.0756980397527	48.3525913976083	89.428289437361	0.287875	89.140414437361	47.6713013818453	54.4799016024899	102.151202984335	1.022875	101.128327984335	98.5905756638903	106.293459047232	1665.96677531287
14	510285	510465	180	510375	43.1334678833415	35.1714845654108	78.3049524487522	0.2205	78.0844524487522	45.4482339606761	36.7916608218898	82.2398947825658	0.9555	81.2843947825658	86.3625232832165	85.4359966214218	1459.33922642384
14	515021	515149	128	515085	16.0819643204211	16.7983538218046	32.8803181422256	0.1568	32.7235181422256	19.2483179178257	20.8802940013794	40.1286119192051	0.8918	39.2368119192051	36.1926799617569	41.2408327518675	611.577748885207
14	518925	519104	179	519014.5	0.147197842830333	85.8174423539639	85.9646401967942	0.219275	85.7453651967943	2.16766823303881	96.454286472077	98.6219547051158	0.954275	97.6676797051158	94.8356025560422	102.656058098597	1602.5158785335
14	525852	525920	68	525886	9.18446540257796	10.0037533959943	19.1882187985723	0.0833	19.1049187985723	17.0966494503119	16.1950626629762	33.2917121132881	0.8183	32.4734121132881	21.130313946282	34.1319921864262	357.056450369516
14	531184	531820	636	531502	365.779939531564	161.250136895369	527.030076426932	0.7791	526.250976426932	372.848135947852	164.347891498085	537.196027445937	1.5141	535.681927445937	582.041120597146	563.041890954005	9835.23183885681
14	534989	535204	215	535096.5	84.516761415313	114.117227623441	198.633989038754	0.263375	198.370614038754	85.7688430661816	116.347694936165	202.116538002347	0.998375	201.118163002347	219.400741586446	211.390276580622	3707.39640681392
14	537908	538383	475	538145.5	163.302606816627	105.90874791789	269.211354734517	0.581875	268.629479734517	167.237449151906	109.785491104606	277.022940256512	1.316875	275.706065256512	297.108053787746	289.787757204451	5020.48134880239
14	541603	542963	1360	542283	493.906761845795	408.79700912071	902.703770966506	1.666	901.037770966505	504.904200679429	415.39851237634	920.302713055769	2.401	917.901713055769	996.560685691224	964.78355858104	16839.7129316354
14	545018	545168	150	545093	20.6091979742646	27.7090939259994	48.318291900264	0.18375	48.134541900264	23.9915484062572	29.0299745686257	53.0215229748829	0.91875	52.1027729748829	53.2374930632549	54.7639229861568	899.598101006079
14	547431	547873	442	547652	219.705280241088	165.91126858695	385.616548828038	0.54145	385.075098828038	232.315695436715	176.586712139392	408.902407576107	1.27645	407.625957576107	425.898577058598	428.44546025636	7196.7617011544
14	552019	552287	268	552153	165.537074070733	125.979653780772	291.516727851505	0.3283	291.188427851505	169.445316795827	130.534287033077	299.979603828903	1.0633	298.916303828903	322.058573653104	314.183459104645	5442.09098889799
14	552621	552705	84	552663	11.7592276696944	9.2287647533754	20.9879924230698	0.1029	20.8850924230698	22.3048731243148	17.6788409183542	39.983714042669	0.8379	39.145814042669	23.0992114831474	41.1451871572477	390.326545998083
14	553146	553334	188	553240	36.3707669900468	42.0730834231697	78.4438504132165	0.2303	78.2135504132165	46.0587250139907	53.3962174837723	99.454942497763	0.9653	98.489642497763	86.5053074817632	103.520002654786	1461.75196952039
14	554814	555031	217	554922.5	109.089001311595	28.556081513481	137.645082825075	0.265825	137.379257825075	117.956771355311	30.6597506844196	148.616522039731	1.000825	147.615697039731	151.943427666805	155.155171263701	2567.51419205643
14	556901	556994	93	556947.5	23.2274596039022	6.83629981470984	30.0637594186121	0.113925	29.9498344186121	31.9788313534244	9.32956327618313	41.3083946296075	0.848925	40.4594696296075	33.1249460192276	42.5259377255161	559.73970260808
14	559170	559671	501	559420.5	245.094708161561	225.165600220645	470.260308382206	0.613725	469.646583382206	258.745508110453	233.852972908067	492.59848101852	1.348725	491.24975601852	519.435850803318	516.340345619139	8777.33864030622
14	559935	560042	107	559988.5	4.90542811144156	0.688689907318276	5.59411801875984	0.131075	5.46304301875984	19.2846173858606	6.0054119912878	25.2900293771484	0.866075	24.4239543771484	6.04220385888611	25.6714082602159	102.100132906093
14	568213	568308	95	568260.5	9.30366365573948	1.12068357649425	10.4243472322337	0.116375	10.3079722322337	20.0595060299451	3.40875004510896	23.468256075054	0.851375	22.616881075054	11.4007649921513	23.7720386586413	192.64818733613
14	576153	576676	523	576414.5	206.616872050401	153.674347917798	360.2912199682	0.640675	359.6505449682	210.698812229976	156.651604286404	367.35041651638	1.375675	365.97474151638	397.77865618028	384.666907631642	6721.59606192118
14	578834	579071	237	578952.5	109.260198802712	135.368216192328	244.628414995041	0.290325	244.338089995041	127.947524941817	148.959917007312	276.907441949129	1.025325	275.882116949129	270.241428663697	289.972800740246	4566.4936880138
14	579314	579422	108	579368	19.7715102504944	13.0702084574021	32.8417187078965	0.1323	32.7094187078965	39.8050166614613	31.3256409258647	71.130657587326	0.8673	70.263357587326	36.1770857853576	73.8520597649586	611.314241145297
14	585371	585555	184	585463	42.2618806563651	60.1005192329006	102.362399889266	0.2254	102.136999889266	44.7864436591468	62.5829828526445	107.369426511791	0.9604	106.409026511791	112.964985402232	111.843869341328	1908.86310569287
14	586865	587121	256	586993	107.845919528834	91.4245601822128	199.270479711047	0.3136	198.956879711047	110.133985997448	98.0938624442551	208.227848441704	1.0486	207.179248441704	220.049159820623	217.760932061348	3718.35326782597
14	587697	587837	140	587767	44.8405428663283	36.5029650526974	81.3435079190257	0.1715	81.1720079190257	57.8063528536795	49.5943731994201	107.4007260531	0.9065	106.4942260531	89.7774038750311	111.93342045065	1517.0432977239
14	591209	591447	238	591328	41.0916978052778	163.230307876161	204.322005681439	0.29155	204.030455681439	44.2686512473428	174.933836362121	219.202487609464	1.02655	218.175937609464	225.660607543328	229.319277314416	3813.17455682321
14	592913	593188	275	593050.5	108.356212050548	112.529050898012	220.88526294856	0.336875	220.54838794856	110.460881206832	115.732703948797	226.193585155629	1.071875	225.121710155629	243.929677316803	236.619805310899	4121.88218991627
14	604663	605292	629	604977.5	217.060818995403	309.08107044782	526.141889443224	0.770525	525.371364443224	218.202002271477	310.511749481362	528.713751752839	1.505525	527.208226752839	581.068257139173	554.135395854632	9818.79255764777
14	605853	606506	653	606179.5	214.719453307883	56.2600755142193	270.979528822103	0.799925	270.179603822103	217.175517314511	57.7330539278679	274.908571242379	1.534925	273.373646242379	298.822513240399	287.336209849705	5049.45199296901
14	613440	613543	103	613491.5	14.0424942086516	13.6541998990659	27.6966941077175	0.126175	27.5705191077175	34.6313924804063	33.2468127712835	67.8782052516897	0.861175	67.0170302516897	30.4933891920845	70.4399262057266	515.272103024179
14	618266	618450	184	618358	20.1378048824832	52.0875366623589	72.2253415448421	0.2254	71.9999415448421	21.0423916258549	53.6497137688096	74.6921053946645	0.9604	73.7317053946645	79.6329670383187	77.4975534952415	1345.62432983149
14	619797	619978	181	619887.5	47.7001009597904	62.0905900686115	109.790691028402	0.221725	109.568966028402	49.6143729063264	64.5634538290404	114.177826735367	0.956725	113.221101735367	121.184846445024	119.003871422208	2047.76091922897
14	631368	631531	163	631449.5	19.2468179398077	27.4406978593169	46.6875157991246	0.199675	46.4878407991246	31.0442450496932	42.3307796466573	73.3750246963505	0.934675	72.4403496963505	51.4162180497562	76.1402417827863	868.822505663778
14	634091	634257	166	634174	43.3299650036958	49.6539723260009	92.9839373296967	0.20335	92.7805873296967	51.7803411642782	66.5613245504448	118.341665714723	0.93835	117.403315714723	102.61665904298	123.399692051323	1733.99884733433
14	642339	642550	211	642444.5	197.260309169895	37.9862433154028	235.246552485298	0.258475	234.988077485298	205.90118253876	39.5593202621174	245.460502800877	0.993475	244.467027800877	259.90018085126	256.953185382202	4391.74904173512
14	646974	647363	389	647168.5	83.4974763528337	101.422713660273	184.920190013107	0.476525	184.443665013107	86.1801370387096	103.374385058724	189.554522097434	1.211525	188.342997097434	203.997336404333	197.962618860959	3447.11228647805
14	651806	652418	612	652112	383.835274932429	508.662345604191	892.497620536619	0.7497	891.74792053662	386.743432313673	513.491074839647	900.23450715332	1.4847	898.74980715332	986.285978001173	944.653468760572	16666.0926690249
14	652921	653340	419	653130.5	78.3968511019867	58.3534448361012	136.750295938088	0.513275	136.237020938088	88.8094985056802	64.5268543654019	153.336352871082	1.248275	152.088077871082	150.680097302644	159.855979021686	2546.16665048093
14	661408	661483	75	661445.5	2.23506724531302	9.28676390340366	11.5218311487167	0.091875	11.4299561487167	4.71263093686488	19.9633074397258	24.6759383765906	0.826875	23.8490633765906	12.6416952807289	25.0671546920775	213.617216245116
14	661947	662646	699	662296.5	619.06602764927	541.87375889425	1160.93978654352	0.856275	1160.08351154352	623.232566589059	554.703370877569	1177.93593746663	1.591275	1176.34466246663	1283.06898664503	1236.42648600593	21681.0814602827
14	663662	664092	430	663877	123.812685537475	68.603194627043	192.415880164517	0.52675	191.889130164517	143.003204302341	75.8967877401652	218.899992042506	1.26175	217.638242042506	212.232127548128	228.754118937278	3586.26238632099
14	665054	665262	208	665158	99.4889419995037	68.8388911729336	168.327833172437	0.2548	168.073033172437	110.150085761508	70.606265272243	180.756351033751	0.9898	179.766551033751	185.891183013186	188.94813066946	3141.1575866982
14	668115	668332	217	668223.5	90.9926665115714	95.569399440008	186.562065951579	0.265825	186.296240951579	94.8007107050645	97.9264648974494	192.727175602514	1.000825	191.726350602514	206.04631193791	201.518777203558	3481.73552647216
14	670242	670355	113	670298.5	19.0017215316711	26.7989072646939	45.800628796365	0.138425	45.662203796365	21.6107832961318	29.6974647866233	51.3082480827551	0.873425	50.4348230827551	50.503051694122	53.0107825250668	853.391975934381
14	672201	672373	172	672287	59.576026919283	29.4233688034725	88.9993957227555	0.2107	88.7886957227555	78.2790528283086	32.7732197117424	111.052272540051	0.9457	110.106572540051	98.2015697257467	115.730267595543	1659.39341914791
14	674755	674877	122	674816	61.5750976231017	39.8770156063239	101.452113229426	0.14945	101.302663229426	72.6945346688638	47.9724969678541	120.667031636718	0.88445	119.782581636718	112.042197101209	125.900479020541	1893.26998596719
14	675820	676081	261	675950.5	109.758091506145	27.2579005381934	137.015992044338	0.319725	136.696267044338	126.004853411474	31.2869414930011	157.291794904475	1.054725	156.237069904475	151.18803007671	164.216880893385	2554.74961208745
14	678455	678745	290	678600	221.680951287827	149.453709770828	371.134661058655	0.35525	370.779411058655	230.997914748659	155.855915947137	386.853830695796	1.09025	385.763580695796	410.087341542242	405.466462106975	6929.5861332107
14	685702	685932	230	685817	116.599991238788	130.524687173762	247.12467841255	0.28175	246.84292841255	122.148709922871	137.252788574109	259.401498496979	1.01675	258.384748496979	273.011815845381	271.581753898347	4613.30721931087
14	687159	687840	681	687499.5	205.021995423159	135.935807874329	340.957803297488	0.834225	340.123578297488	218.065304274772	138.150475418598	356.21577969337	1.569225	354.64655469337	376.181551239873	372.760133474973	6356.65185674354
14	689997	690223	226	690110	141.143931549797	73.2807260782873	214.424657628085	0.27685	214.147807628085	147.413439670783	75.1321989451376	222.54563861592	1.01185	221.53378861592	236.850543768214	232.848630617842	4002.26019551634
14	691618	692210	592	691914	155.987814014184	149.994501845575	305.982315859759	0.7252	305.257115859759	174.586541451693	158.951570580628	333.538112032321	1.4602	332.077912032321	337.618744180964	349.038797008149	5705.02410337733
14	694114	694223	109	694168.5	11.1477366310344	20.5732985003678	31.7210351314022	0.133525	31.5875101314022	12.7942125020952	24.9444344418077	37.7386469439029	0.868525	36.8701219439029	34.936238823887	38.7532640460322	590.346620283591
14	694868	694975	107	694921.5	11.0910374619551	29.1928721813774	40.2839096433325	0.131075	40.1528346433325	15.2982758052979	35.1258852336644	50.4241610389623	0.866075	49.5580860389623	44.4096104669215	52.0892661219278	750.426042695027
14	699454	699704	250	699579	188.37073944565	239.335692559359	427.706432005009	0.30625	427.400182005009	200.432162686699	250.199433352324	450.631596039022	1.04125	449.590346039023	472.71072552995	472.553180570059	7987.78542232787
14	701684	701892	208	701788	107.19792902507	116.748789058171	223.946718083241	0.2548	223.691918083241	119.044855409548	122.913598713502	241.95845412305	0.9898	240.96865412305	247.406466689515	253.276132209588	4180.63238526401
14	705953	706178	225	706065.5	89.8600831094679	95.3925020324218	185.25258514189	0.275625	184.97696014189	96.8557805882209	100.01583427795	196.871614866171	1.010625	195.860989866171	204.587168458371	205.864593237564	3457.07916818481
14	711414	711571	157	711492.5	65.758336318157	25.7190230902885	91.4773594084455	0.192325	91.2850344084455	73.8324179932974	28.8912766012305	102.723694594528	0.927325	101.796369594528	100.962556082246	106.995620893969	1706.04809690028
14	713720	713831	111	713775.5	20.9843924758267	15.2157770143094	36.2001694901361	0.135975	36.0641944901361	24.834436053823	20.7544958449388	45.5889318987618	0.870975	44.7179568987618	39.8875158712161	47.0019273039964	674.012457516759
14	715485	716050	565	715767.5	58.4444435025248	43.6010610308106	102.045504533335	0.692125	101.353379533335	62.6903812787313	47.887998206175	110.578379484906	1.427125	109.151254484906	112.098290060049	114.726156654568	1894.21783524311
14	719088	719215	127	719151.5	31.1236438861112	27.0222039923027	58.1458478784138	0.155575	57.9902728784138	33.9111030361761	32.487523898586	66.398626934762	0.890575	65.508051934762	64.1380727482084	68.8538767957298	1083.79424211284
14	720758	720964	206	720861	41.5301913791983	32.9432172204459	74.4734085996442	0.25235	74.2210585996442	43.5977610791711	35.8528745797083	79.4506356588794	0.98735	78.4632856588794	82.0895543273951	82.4707993015097	1387.13532392701
14	723188	723376	188	723282	30.4533537091467	80.1854248906166	110.638778599763	0.2303	110.408478599763	31.9418318956477	85.2080512845291	117.149883180177	0.9653	116.184583180177	122.113359378355	122.118712731954	2063.45077281753
14	724301	724428	127	724364.5	21.1653898233286	23.024962571476	44.1903523948046	0.155575	44.0347773948046	25.9623195248036	28.090788332306	54.0531078571096	0.890575	53.1625328571096	48.7030947745455	55.8778101222994	822.976610116537
14	730634	731067	433	730850.5	92.7737404101115	91.4238601924711	184.197600602583	0.530425	183.667175602583	99.5317413722832	96.020392830745	195.552134203028	1.265425	194.286709203028	203.138527989948	204.209906162915	3432.60028799251
14	735902	736101	199	736001.5	56.5015719751128	48.956882541782	105.458454516895	0.243775	105.214679516895	65.4368410296383	55.115692285041	120.552533314679	0.978775	119.573758314679	116.368943170571	125.680990043796	1966.38260498004
14	736504	736636	132	736570	22.594668877387	19.0911202215422	41.6857890989293	0.1617	41.5240890989293	31.399439844349	25.1716311122632	56.5710709566121	0.8967	55.6743709566121	45.9262375435654	58.5179403952345	776.053749027144
14	739260	739587	327	739423.5	140.646838834641	129.214606372865	269.861445207506	0.400575	269.460870207506	161.830828385393	142.977604677501	304.808433062894	1.135575	303.672858062894	298.027583563895	319.182954426618	5036.01940652912
14	743616	743793	177	743704.5	37.2807536542832	34.5517936469192	71.8325473012025	0.216825	71.6157223012025	40.2480101694357	36.9402586442035	77.1882688136392	0.951825	76.2364438136392	79.208015049362	80.1302214713457	1338.44356341505
14	755042	755220	178	755131	60.0568198733103	54.2098055607204	114.266625434031	0.21805	114.048575434031	68.609594533253	63.0896754271155	131.699269960368	0.95305	130.746219960368	126.139358636132	137.424085357078	2131.48142337135
14	759366	759454	88	759410	21.4307859339752	22.8743647784716	44.3051507124468	0.1078	44.1973507124468	28.8951765440772	30.9965457487217	59.8917222927989	0.8428	59.0489222927989	48.8829031933765	62.0648469980146	826.014982188887
14	764098	764223	125	764160.5	15.5588719862869	13.7471985361802	29.3060705224671	0.153125	29.1529455224671	23.1589606077482	18.6335269275262	41.7924875352744	0.888125	40.9043625352744	32.2435754814419	42.9935535438675	544.846453199573
14	781473	781669	196	781571	15.2532764647587	30.6403509687205	45.8936274334793	0.2401	45.6535274334793	18.5305284369588	31.5137381693185	50.0442666062772	0.9751	49.0691666062772	50.4934555124465	51.5753751209458	853.229821288933
15	27542	28194	652	27868	195.683532277403	172.777067969346	368.460600246749	0.7987	367.661900246749	210.786310947691	188.968930679217	399.755241626909	1.5337	398.221541626909	406.63932991335	418.560713603434	4136.40631536907
15	32275	32417	142	32346	46.1412238049792	35.3700816549903	81.5113054599695	0.17395	81.3373554599695	48.5657882732294	39.4565217686191	88.0223100418484	0.90895	87.1133600418484	89.9602806245857	91.5626763799487	915.09169314046
15	38667	38849	182	38758	86.7784282708114	91.1383643763838	177.916792647195	0.22295	177.693842647195	90.6335717740689	101.704509530583	192.338081304652	0.95795	191.380131304652	196.531936149189	201.154874749199	1999.15719424494
15	40433	40532	99	40482.5	15.7185696459337	7.42469119189304	23.1432608378267	0.121275	23.0219858378267	33.2458127859381	16.7949538716305	50.0407666575686	0.856275	49.1844916575686	25.4626462194903	51.6965904011833	259.010486395281
15	83097	83638	541	83367.5	154.633633859559	226.534580158381	381.16821401794	0.662725	380.50548901794	163.574902826156	233.849772954962	397.424675781118	1.397725	396.026950781118	420.844523130528	416.254033993062	4280.90402282666
15	87173	87438	265	87305.5	68.938489713327	71.3437544644126	140.28224417774	0.324625	139.95761917774	78.3839512910321	82.1772956999491	160.561246990981	1.059625	159.501621990981	154.795132268283	167.648170032947	1574.60313255817
15	91494	91681	187	91587.5	42.4484779218008	57.110663048944	99.5591409707448	0.229075	99.3300659707448	54.3289038153474	72.2149416972508	126.543845512598	0.964075	125.579770512598	109.860476267692	131.993759416346	1117.51996035398
15	92975	93126	151	93050.5	36.9865579656916	33.6901062748615	70.6766642405531	0.184975	70.4916892405531	46.2480222398588	43.4839627468743	89.7319849867331	0.919975	88.8120099867331	77.9648183779742	93.3480848995096	793.071755218498
15	96461	97053	592	96757	205.342390727798	202.078938553363	407.421329281161	0.7252	406.696129281161	210.834310244266	205.90758244497	416.741892689236	1.4602	415.281692689236	449.811746548266	436.492212169928	4575.56368083213
15	97383	97457	74	97420	19.057020721267	13.1196077334606	32.1766284547276	0.09065	32.0859784547276	29.9859605587466	19.6822115591578	49.6681721179044	0.82565	48.8425221179044	35.4875519320553	51.3371547614945	360.985578940484
15	99466	99638	172	99552	56.8173673471632	26.8239068983268	83.6412742454899	0.2107	83.4305742454899	60.1259188606716	28.7067793050199	88.8326981656915	0.9457	87.8869981656915	92.2754105951777	92.375828084057	938.641599720568
15	101251	101373	122	101312	28.2857854746424	33.0835151643936	61.369300639036	0.14945	61.219850639036	33.2502127214575	35.445480550027	68.6956932714846	0.88445	67.8112432714846	67.7100320281911	71.2747036689456	688.758276664808
15	103808	104179	371	103993.5	224.770306013642	257.393727920656	482.164033934298	0.454475	481.709558934298	232.180997410701	263.737234957195	495.918232367896	1.189475	494.728757367896	532.777674614738	519.997037021299	5419.50759763854
15	106383	106538	155	106460.5	50.416761147407	31.0813445060044	81.4981056534113	0.189875	81.3082306534113	54.4141025667682	33.3539112017667	87.7680137685349	0.924875	86.8431387685349	89.928068171202	91.2786535505285	914.764022436207
15	108074	108498	424	108286	28.4707827635256	45.19873761702	73.6695203805457	0.5194	73.1501203805457	31.9000325082135	52.2098348700909	84.1098673783044	1.2544	82.8554673783044	80.9050813115603	87.0873117765704	822.980623526743
15	108987	109438	451	109212.5	91.9395526350499	110.192185144546	202.131737779596	0.552475	201.579262779596	116.851287556066	124.3099782497	241.161265805765	1.287475	239.873790805765	222.949553070659	252.125348729848	2267.88180948138
15	109950	110154	204	110052	63.7827652699531	11.0104386431227	74.7932039130759	0.2499	74.5433039130759	98.0452631564728	17.4210446963321	115.466307852805	0.9849	114.481407852805	82.4459622615151	120.328547695919	838.654733785539
15	111858	112037	179	111947.5	77.250867896256	39.6290192406859	116.879887136942	0.219275	116.660612136942	80.8851146367334	42.4588777693921	123.343992406125	0.954275	122.389717406125	129.028308657518	128.640774293484	1312.49850059038
15	117470	117602	132	117536	0.131498072908891	22.4218714097166	22.5533694826255	0.1617	22.3916694826255	1.12068357649425	26.7396081337167	27.860291710211	0.8967	26.963591710211	24.7655072988123	28.3407576130355	251.919067484089
15	123650	123900	250	123775	61.642496635376	0.189397224402616	61.8318938597786	0.30625	61.5256438597786	65.0137472300356	0.946986122013079	65.9607333520487	1.04125	64.9194833520487	68.0482437120544	68.2352470626958	692.198625008294
15	126713	126866	153	126789.5	24.1022467839836	25.6025247975593	49.7047715815429	0.187425	49.5173465815429	26.3953131793248	28.8846766979514	55.2799898772763	0.922425	54.3575648772763	54.7668948550069	57.1338784231161	557.098423803906
15	127972	128514	542	128243	473.879055349831	597.913537636896	1071.79259298673	0.66395	1071.12864298673	486.627868517249	613.072115489454	1099.6999840067	1.39895	1098.3010340067	1184.68362738374	1154.39677790191	12050.8088557707
15	135902	136450	548	136176	192.059785383051	203.329920220352	395.389705603403	0.6713	394.718405603403	194.557848774182	208.363646451597	402.921495225779	1.4063	401.515195225779	436.564212531437	422.022590615595	4440.80745009086
15	137808	138048	240	137928	88.8373980968145	138.165775194381	227.003173291195	0.294	226.709173291195	94.3074179342208	146.198957468898	240.506375403119	1.029	239.477375403119	250.74359418387	251.708686403803	2550.60765209678
15	139096	139197	101	139146.5	8.5933740649624	16.9975509025913	25.5909249675537	0.123725	25.4671999675537	10.6816434615832	21.0575914031037	31.7392348646869	0.858725	30.8805098646869	28.1670880845285	32.4577324285257	286.520541589589
15	141345	141515	170	141430	16.9286519122991	28.7977779714436	45.7264298837426	0.20825	45.5181798837426	22.0511768422085	38.7755317484597	60.8267085906682	0.94325	59.8834585906682	50.3437591830379	62.942007251418	512.105514900665
15	142614	142765	151	142689.5	10.8634407973614	42.4909772989767	53.3544180963382	0.184975	53.1694430963382	15.5173725944563	66.980018414528	82.4973910089844	0.919975	81.5774160089844	58.8061659313913	85.7439839119376	598.186594968767
15	143941	144200	259	144070.5	93.2206338609327	171.60978507576	264.830418936693	0.317275	264.513143936693	97.0444778228818	176.233117321289	273.277595144171	1.052275	272.22532014417	292.55532741223	286.129232976601	2975.92390819815
15	145183	145273	90	145228	14.3125902504211	8.76817150332342	23.0807617537445	0.11025	22.9705117537445	18.46302942615	12.6763142298826	31.1393436560326	0.84525	30.2940936560326	25.4057151449214	31.8413650020922	258.431373557284
15	147140	147318	178	147229	52.5344301131801	19.417515438253	71.951945551433	0.21805	71.733895551433	57.1372626591294	21.1375902307289	78.2748528898583	0.95305	77.3218028898583	79.3387163574258	81.2710152807469	807.047285524648
15	153548	153887	339	153717.5	71.1408574378482	107.96301781277	179.103875250618	0.415275	178.688600250618	73.9442163549036	114.926315766335	188.870532121239	1.150275	187.720257121239	197.632152312493	197.308072429943	2010.34878529721
15	154713	154978	265	154845.5	159.264565993712	121.542118812403	280.806684806114	0.324625	280.482059806114	162.036325373855	129.258305732455	291.29463110631	1.059625	290.23500610631	310.217177182974	305.058763953982	3155.58333009512
15	158886	159131	245	159008.5	163.080110077295	205.30139132864	368.381501405935	0.300125	368.081376405935	168.714327508402	219.349185459622	388.063512968023	1.035125	387.028387968023	407.103276556098	406.795869432032	4141.12566168381
15	160678	161423	745	161050.5	34.9721874860896	248.129063693384	283.101251179474	0.912625	282.188626179474	54.6482991346409	270.399337324751	325.047636459392	1.647625	323.400011459392	312.104664045359	339.917672516626	3174.7831762571
15	161712	162197	485	161954.5	503.241525045774	239.934083789995	743.175608835769	0.594125	742.581483835769	525.698395942577	257.429827391622	783.128223334199	1.329125	781.799098334199	821.305761598855	821.729500509702	8354.46571252815
15	163073	163294	221	163183.5	58.1431479179815	16.7876539786097	74.9308018965912	0.270725	74.6600768965912	66.5007254385187	18.9915216811489	85.4922471196676	1.005725	84.4865221196676	82.5751148545272	88.8016726664462	839.968496528301
15	165450	165553	103	165501.5	25.7505226286659	6.18860930654946	31.9391319352154	0.126175	31.8129569352154	32.5922223642404	9.80605629322561	42.398278657466	0.861175	41.537103657466	35.1855862193397	43.6586119295812	357.913930948717
15	168219	168602	383	168410.5	24.2908440201099	36.0942710420672	60.3851150621772	0.469175	59.9159400621772	32.7096206437804	46.0651249202007	78.7747455639811	1.204175	77.5705705639811	66.2678882464042	81.5324887680347	674.088538132816
15	170066	171169	1103	170617.5	665.97984013204	854.719174175973	1520.69901430801	1.351175	1519.34783930801	668.693800359224	856.381249818421	1525.07505017764	2.086175	1522.98887517764	1680.42048106389	1600.7755577464	17093.5307507746
15	181487	181815	328	181651	92.324146998858	104.548667849727	196.872814848585	0.4018	196.471014848585	98.2464602079502	110.303583512014	208.550043719964	1.1368	207.413243719964	217.299757662695	218.006878652405	2210.41110341115
15	185176	185642	466	185409	107.964317793719	40.7807023628849	148.745020156604	0.57085	148.174170156604	117.041684765814	43.8203578170382	160.862042582852	1.30585	159.556192582852	163.882755386158	167.705527818721	1667.04402278018
15	186788	187047	259	186917.5	121.068125758724	115.201311736296	236.26943749502	0.317275	235.95216249502	125.471961220955	116.442593545436	241.914554766391	1.052275	240.862279766391	260.966472686421	253.164324780862	2654.59655845322
15	193233	194006	773	193619.5	372.034047878231	530.812920989723	902.846968867955	0.946925	901.900043867955	376.058188904847	545.087611795557	921.145800700404	1.681925	919.463875700404	997.514371875766	966.425508709181	10146.8904849355
15	194577	195228	651	194902.5	183.540710229245	170.46270188615	354.003412115395	0.797475	353.205937115395	194.442250468263	183.39671233952	377.838962807783	1.532475	376.306487807783	390.650827550063	395.526348039692	3973.76847568227
15	196133	196563	430	196348	110.155385683838	65.4246412084255	175.580026892264	0.52675	175.053276892264	133.812138996484	77.379766007267	211.191905003751	1.26175	209.930155003751	193.611432587475	220.652341222597	1969.4493217199
15	198543	199178	635	198860.5	392.780743837477	394.630116735102	787.410860572578	0.777875	786.632985572578	403.51558651943	406.880937200553	810.396523719983	1.512875	808.883648719983	870.027353735301	850.197394764712	8850.07026079203
15	201795	202034	239	201914.5	20.4758999277341	126.618844413497	147.094744341231	0.292775	146.801969341231	24.6735384117619	140.931134668314	165.604673080076	1.027775	164.576898080076	162.365081622042	172.982665934166	1651.60598007069
15	202511	202725	214	202618	32.6868209779072	68.0591026006572	100.745923578564	0.26215	100.483773578564	36.4851653135508	76.2430826652477	112.728247978799	0.99715	111.731097978799	111.136493413458	117.437765698562	1130.4998297173
15	204491	204705	214	204598	41.4801921119326	60.1354187214521	101.615610833385	0.26215	101.353460833385	43.9363561170947	66.3533275986193	110.289683715714	0.99715	109.292533715714	112.098379979069	114.87465172448	1140.28430793172
15	205918	206085	167	206001.5	15.9889656833068	47.8332990077863	63.8222646910931	0.204575	63.6176896910931	18.5560280632643	58.1909472174875	76.7469752807518	0.939575	75.8074002807518	70.3620763784873	79.6792645327566	715.73533518382
15	207204	207375	171	207289.5	19.505014155968	49.3931761479428	68.8981903039108	0.209475	68.6887153039108	22.5242699090769	59.5441273867675	82.0683972958443	0.944475	81.1239222958444	75.9707033691701	85.2673279997258	772.787268920168
15	210354	210439	85	210396.5	10.9763391428475	15.8246680910716	26.801007233919	0.104125	26.696882233919	13.4008036125631	21.6795822878895	35.0803859004526	0.839125	34.2412609004526	29.5271342912896	35.9901338803072	300.35516924363
15	211971	212234	263	212102.5	105.588052617648	122.802200346034	228.390252963681	0.322175	228.068077963682	115.401308805359	131.959466147219	247.360774952579	1.057175	246.303599952579	252.246562223433	258.883560487627	2565.8961056066
15	216042	217258	1216	216650	1341.07604666464	1030.3992996013	2371.47534626594	1.4896	2369.98574626594	1352.99477199691	1043.14701278484	2396.14178478175	2.2246	2393.91718478175	2621.23819498019	2516.18654549969	26663.6929244229
15	218680	219392	712	219036	2101.26780613042	1415.2665594101	3516.53436554052	0.8722	3515.66216554052	2106.35923151609	1418.72680870049	3525.08604021658	1.6072	3523.47884021658	3888.37273113603	3703.4405815981	39553.2068307491
15	220498	220882	384	220690	232.259296263239	78.7049465868781	310.964242850117	0.4704	310.493842850117	252.733396217351	83.6801736754227	336.413569892774	1.2054	335.208169892774	343.410639269547	352.328932841788	3493.23302628443
15	223068	223154	86	223111	17.0862496027207	9.47746110875518	26.5637107114759	0.10535	26.4583607114759	23.723952327851	12.4120181031159	36.1359704309669	0.84035	35.2956204309669	29.263326069684	37.0983448416823	297.671665918637
15	226141	226772	631	226456.5	129.345204458963	171.186091284951	300.531295743914	0.772975	299.758320743914	130.806983036744	176.456014054759	307.262997091503	1.507975	305.755022091503	331.536997990408	321.371465018219	3372.45227252919
15	228345	228498	153	228421.5	36.350667284606	9.23396467717104	45.584631961777	0.187425	45.397206961777	45.7330297870217	12.9681099536454	58.7011397406671	0.922425	57.7787147406671	50.2099613979186	60.7297635736657	510.744500452142
15	229970	230134	164	230052	44.8344429557219	37.51835017233	82.3527931280519	0.2009	82.1518931280519	54.0652076797879	41.1259973026221	95.19120498241	0.9359	94.25530498241	90.861170957024	99.0693962791915	924.255707013262
15	231947	232414	467	232180.5	199.921570169381	347.890401700952	547.811971870333	0.572075	547.239896870333	213.647569016241	392.949941357904	606.597510374144	1.307075	605.290435374144	605.255167358535	636.205654602426	6156.76131771387
15	232629	232798	169	232713.5	12.8522116521234	40.0933124365155	52.9455240886389	0.207025	52.7384990886389	33.5892077535192	117.489478203446	151.078685956965	0.942025	150.136660956965	58.329535683864	157.804893455662	593.338228810019
15	233743	234261	518	234002	247.363874907149	282.487160178916	529.851035086065	0.63455	529.216485086065	282.462460540887	306.388409908491	588.850870449378	1.36955	587.481320449378	585.321015667026	617.486938831546	5953.98764364292
15	234498	235235	737	234866.5	216.800722807087	197.054612184364	413.855334991451	0.902825	412.952509991451	253.433185962003	225.127000786316	478.560186748319	1.637825	476.922361748319	456.731393261748	501.281179444166	4645.95153626133
15	238373	238557	184	238465	50.7887556958641	19.1914187516773	69.9801744475414	0.2254	69.7547744475414	56.8330671170846	20.332502029216	77.1655691463006	0.9604	76.2051691463006	77.1497800576249	80.0973494498435	784.781043013462
15	241177	241546	369	241361.5	21.674782358232	64.7439511838697	86.4187335421017	0.452025	85.9667085421017	22.9956630008583	69.2985844361748	92.2942474370331	1.187025	91.1072224370331	95.0804114675889	95.7605253645438	967.1745587084
15	242644	243345	701	242994.5	745.029981660121	656.538078500112	1401.56806016023	0.858725	1400.70933516023	751.393888397704	666.691329705231	1418.08521810293	1.593725	1416.49149310294	1549.2045955011	1488.83882008028	15758.7798356717
15	246895	247187	292	247041	251.626912432761	134.551228165206	386.178140597967	0.3577	385.820440597967	258.060518148912	136.639497561827	394.700015710739	1.0927	393.607315710739	426.722935736168	413.710816020523	4340.7002629776
15	252772	252890	118	252831	15.8319679840924	25.703323320367	41.5352913044594	0.14455	41.3907413044594	26.6820089778266	37.3988519235649	64.0808609013915	0.87955	63.2013109013915	45.7787529721365	66.4293189250497	465.669474086572
15	253729	254127	398	253928	83.879870748882	179.180174132466	263.060044881348	0.48755	262.572494881348	89.0447950574328	186.370068765279	275.414863822712	1.22255	274.192313822712	290.408941749389	288.196690890556	2954.09049820093
15	255147	255286	139	255216.5	38.8425307665958	29.8647623348944	68.7072931014902	0.170275	68.5370181014902	50.2488636079286	38.5056357037593	88.7544993116879	0.905275	87.8492243116879	75.8029240896183	92.3361249298211	771.080588772742
15	256166	256375	209	256270.5	46.7018155895626	38.3599378389469	85.0617534285095	0.256025	84.8057284285096	51.3939468268486	40.1270119426526	91.5209587695012	0.991025	90.5299337695012	93.7963508262307	95.1537516685499	954.112869502482
15	259177	259358	181	259267.5	83.3207789423166	53.0511225411042	136.371901483421	0.221725	136.150176483421	92.2623479045176	57.3007602630883	149.563108167606	0.956725	148.606383167606	150.584046091385	156.19645670232	1531.76722816988
15	259730	259805	75	259767.5	12.7879125944197	11.1005373227356	23.8884499171553	0.091875	23.7965749171553	21.5760838046494	20.993492342469	42.5695761471185	0.826875	41.7427011471185	26.3193528403421	43.8747103144963	267.72505583367
15	260115	260209	94	260162	12.9580101016577	10.3855478008355	23.3435579024933	0.11515	23.2284079024933	18.0761350960478	15.392374426292	33.4685095223398	0.85015	32.6183595223398	25.6909519808406	34.2843427868477	261.332852491265
15	265168	265352	184	265260	51.3135480050853	29.9229614819917	81.236509487077	0.2254	81.011109487077	59.0235350159966	33.4257101495603	92.4492451655569	0.9604	91.4888451655569	89.5994479037765	96.161639480384	911.421239656619
15	267388	268242	854	267815	1279.68864629086	1319.79635851634	2599.4850048072	1.04615	2598.4388548072	1285.33706351387	1326.35416241238	2611.69122592625	1.78115	2609.91007592625	2873.91060653954	2743.211277214	29233.9208438825
15	271533	271817	284	271675	159.942956051973	95.2839036239206	255.226859675894	0.3479	254.878959675894	163.05131049935	104.53416806222	267.58547856157	1.0829	266.50257856157	281.899781571217	280.11420227084	2867.53383407556
15	273757	273971	214	273864	48.6310873162784	103.834378317569	152.465465633847	0.26215	152.203315633847	51.9709383710952	118.251367038041	170.222305409136	0.99715	169.225155409136	168.339048017759	177.868333084957	1712.37421007026
15	274383	274860	477	274621.5	197.927399393754	122.351106956762	320.278506350517	0.584325	319.694181350517	203.023424712013	131.244876619457	334.26830133147	1.319325	332.94897633147	353.586345482967	349.954350931115	3596.74208787348
15	277620	278002	382	277811	74.7062051880335	63.5690684016594	138.275273589693	0.46795	137.807323589693	77.5517634866612	66.2098297015666	143.761593188228	1.20295	142.558643188228	152.416874536242	149.839828301167	1550.41107935838
15	282093	282232	139	282162.5	20.0208065970814	18.000736201011	38.0215427980924	0.170275	37.8512677980924	28.1897868814922	24.8964351452326	53.0862220267247	0.905275	52.1809470267247	41.8640445568528	54.8460897790192	425.848376075078
15	285461	286088	627	285774.5	229.515636471299	472.649773364836	702.165409836134	0.768075	701.397334836134	233.239381900182	483.378316139114	716.617698039296	1.503075	715.114623039296	775.755502676123	751.639114510807	7891.12051983655
15	288025	288717	692	288371	299.519910565662	308.94977237198	608.469682937643	0.8477	607.621982937643	304.254141185986	310.701246704299	614.955387890285	1.5827	613.372687890285	672.038619766038	644.700708302581	6836.09426457716
15	292167	292374	207	292270.5	43.6685600416194	37.6838477469796	81.352407788599	0.253575	81.098832788599	46.0351253598413	41.2350957037959	87.2702210636372	0.988575	86.2816460636372	89.6964711322501	90.6884825962277	912.408176889379
15	296235	296456	221	296345.5	46.8604132653296	68.9065901808114	115.767003446141	0.270725	115.496278446141	50.9051539900587	76.0907848971563	126.995938887215	1.005725	125.990213887215	127.740538911714	132.425166193266	1299.39908172595
15	296781	296966	185	296873.5	82.1991953790115	31.140543638447	113.339739017458	0.226625	113.113114017458	86.901226471216	35.080085904849	121.981312376065	0.961625	121.019687376065	125.104724905143	127.200769956457	1272.58712109921
15	303236	303392	156	303314	19.3181168949287	41.6983889142802	61.0165058092089	0.1911	60.8254058092089	21.4217860658674	45.9960259328395	67.4178119987068	0.9261	66.4917119987068	67.2737703943884	69.8877773140842	684.320547098415
15	304442	304564	122	304503	49.4087759193297	15.6112712183814	65.0200471377111	0.14945	64.8705971377111	153.069156786814	38.6807331377239	191.749889924538	0.88445	190.865439924538	71.7478099674022	200.613895498137	729.831259377449
15	304789	304933	144	304861	65.7943357905883	8.06138186125495	73.8557176518433	0.1764	73.6793176518433	119.018755792036	23.1328609902354	142.151616782271	0.9114	141.240216782271	81.490381076502	148.454063244218	828.934395004294
15	312589	312887	298	312738	206.384175460547	306.010215450893	512.39439091144	0.36505	512.02934091144	207.683256422645	310.555048846814	518.238305269459	1.10005	517.138255269459	566.311787934691	543.551100407355	5760.62245769527
15	315538	315791	253	315664.5	59.3803297872049	122.020211805998	181.400541593203	0.309925	181.090616593203	71.5694511568501	164.400890721386	235.970341878236	1.044925	234.925416878236	200.288816805969	246.924236520243	2037.37284071992
15	316258	316691	433	316474.5	244.639314835305	161.47923353798	406.118548373285	0.530425	405.588123373285	251.76041047636	165.140279885712	416.900690362072	1.265425	415.635265362072	448.586276137499	436.863843573011	4563.09798168917
15	323068	323159	91	323113.5	12.8893111084346	13.0135092883227	25.9028203967573	0.111475	25.7913453967573	16.6975552989968	14.6070859346163	31.3046412336131	0.846475	30.4581662336131	28.5255975739192	32.0138175893488	290.167362757505
15	324631	324812	181	324721.5	51.874939777945	47.5504031535968	99.4253429315417	0.221725	99.2036179315417	64.8193500789064	61.9938914857196	126.813241564626	0.956725	125.856516564626	109.720622924455	132.284640277663	1116.0973477102
15	329156	329303	147	329229.5	6.09711064745316	7.99568282406777	14.0927934715209	0.180075	13.9127184715209	7.46979053096674	9.15846578359977	16.6282563145665	0.915075	15.7131813145665	15.38766598534	16.5157323160759	156.526027067065
15	331194	331350	156	331272	20.0801057280585	25.3938278559921	45.4739335840506	0.1911	45.2828335840506	21.6373829063172	27.0403037270529	48.6776866333701	0.9261	47.7515866333701	50.0834628032931	50.1904997286289	509.457734644698
15	349251	349316	65	349283.5	5.15372447268322	16.151763297524	21.3054877702072	0.079625	21.2258627702072	11.1281369182663	30.1680578901284	41.2961948083946	0.814625	40.4815698083946	23.4761083699918	42.5491666713088	238.803076285353
15	349629	349786	157	349707.5	12.8065123218426	14.4365884332401	27.2431007550827	0.192325	27.0507757550827	16.3938597496247	19.1176198331931	35.5114795828178	0.927325	34.5841545828178	29.9185455966494	36.350540863301	304.336673432471
15	356371	356482	111	356426.5	9.77775670795321	10.0144532391892	19.7922099471424	0.135975	19.6562349471424	11.5185311970771	12.7864126164017	24.3049438134789	0.870975	23.4339688134789	21.7400775064292	24.6308591671313	221.143867007082
15	357242	357316	74	357279	12.7917125387319	2.68236069027232	15.4740732290042	0.09065	15.3834232290042	21.8232801820112	7.72658676764357	29.5498669496548	0.82565	28.7242169496548	17.0142865208973	30.1913068163737	173.072295371761
15	367770	367973	203	367871.5	24.5232406143611	46.5348180368951	71.0580586512562	0.248675	70.8093836512562	25.7331228836574	47.7134007648831	73.4465236485405	0.983675	72.4628486485405	78.3161929484663	76.1638898693401	796.645998744704
15	370932	371105	173	371018.5	15.7217695990387	18.4713293045161	34.1930989035548	0.211925	33.9811739035548	18.0727351458737	20.3494017815518	38.4221369274255	0.946925	37.4752119274255	37.5836652547812	39.3892590107014	382.307609910042
15	377910	378004	94	377957	23.7849514339152	14.0590939653838	37.844045399299	0.11515	37.728895399299	31.9057324246818	20.4491003204797	52.3548327451615	0.85015	51.5046827451615	41.7286989303089	54.1352852878327	424.471616713131
15	394603	394918	315	394760.5	32.1729285089499	104.177873283685	136.350801792635	0.385875	135.964926792635	32.7303203404284	105.997846612158	138.728166952586	1.120875	137.607291952586	150.379157278926	144.635586717387	1529.68306336963
15	397232	397570	338	397401	104.469269013309	115.365609328532	219.834878341841	0.41405	219.420828341841	105.431954905244	118.148468546008	223.580423451252	1.14905	222.431373451252	242.68258023493	233.792059613826	2468.60960971908
15	400167	400321	154	400244	22.2207743567738	21.1741896943674	43.3949640511413	0.18865	43.2063140511413	23.78285146469	22.6421681812895	46.4250196459795	0.92365	45.5013696459795	47.7868024453731	47.8253528705336	486.095704191858
15	405429	405607	178	405518	45.7096301299413	44.657045555463	90.3666756854044	0.21805	90.1486256854044	47.6614015269267	46.2925215877253	93.953923114652	0.95305	93.000873114652	99.7056717509211	97.7508942825627	1014.22351447536
15	408152	408337	185	408244.5	50.0710662135317	18.5063287916022	68.5773950051338	0.226625	68.3507700051338	52.1277360732405	19.7054112191691	71.8331472924096	0.961625	70.8715222924096	75.5969310262926	74.4912864926445	768.985191339728
15	409998	410440	442	410219	117.848472942414	145.437768624044	263.286241566458	0.54145	262.744791566458	118.721860143012	146.268856444535	264.990716587547	1.27645	263.714266587547	290.599504351966	277.183477215566	2956.02893429107
15	412459	412707	248	412583	67.170615621345	52.2603341300293	119.430949751374	0.3038	119.127149751374	68.3599981910624	52.7706266517434	121.130624842806	1.0388	120.091824842806	131.756334602186	126.225516828612	1340.24845716349
15	417893	418364	471	418128.5	173.169462218848	181.033846967076	354.203309185924	0.576975	353.626334185924	174.299545657588	182.642923386222	356.94246904381	1.311975	355.63049404381	391.115792733952	373.794327544385	3978.49818277547
15	421763	421904	141	421833.5	33.7216058132389	23.0939615603027	56.8155673735416	0.172725	56.6428423735416	35.8626744360924	25.5558254819331	61.4184999180255	0.907725	60.5107749180255	62.6477953024401	63.6013637708092	637.264320173311
15	422258	422495	237	422376.5	34.18879896657	40.544405825787	74.733204792357	0.290325	74.442879792357	36.4457658909454	43.5478618104399	79.9936277013853	1.025325	78.9683027013853	82.3348917450192	83.0016100980066	837.524905084555
15	424020	424632	612	424326	328.862980545906	146.40335447348	475.266335019386	0.7497	474.516635019386	334.553597150489	149.327311623181	483.880908773669	1.4847	482.396208773669	524.822197697182	507.034603298955	5338.58309638442
15	426200	426448	248	426324	84.4626622081315	152.037071911915	236.499734120046	0.3038	236.195934120046	85.7304436289215	154.762031977897	240.492475606819	1.0388	239.453675606819	261.236087596712	251.683776140006	2657.33912843011
15	430041	430194	153	430117.5	25.9049203659825	44.9295415620613	70.8344619280438	0.187425	70.6470369280438	28.7975779743745	53.0129231009132	81.8105010752877	0.922425	80.8880760752877	78.1366351463214	85.0194359294637	794.819505407417
15	431723	432119	396	431921	54.3541034460493	40.500006476455	94.8541099225044	0.4851	94.3690099225044	55.5374861036948	42.6412750963775	98.1787612000723	1.2201	96.9586612000723	104.37347719119	101.910826461412	1061.70524701254
15	436515	436731	216	436623	28.8251775699052	28.4900824806902	57.3152600505954	0.2646	57.0506600505954	32.9274174519899	31.9143322986515	64.8417497506415	0.9996	63.8421497506415	63.0988474968956	67.1028886293682	641.852501906997
15	441195	441337	142	441266	32.4925238253125	26.3157143458378	58.8082381711503	0.17395	58.6342881711503	35.5273793498083	29.8604623979096	65.3878417477179	0.90895	64.4788917477179	64.850362890093	67.7721522347189	659.669222526303
15	443723	443985	262	443854	45.1940376858971	65.6436379990494	110.837675684946	0.32095	110.516725684946	54.0622077237519	79.2861380695751	133.348345793327	1.05595	132.292395793327	122.233082205644	139.049232146866	1243.37626980202
15	446788	447083	295	446935.5	107.671222089007	103.42108437435	211.092306463358	0.361375	210.730931463358	109.842390270755	105.141159166826	214.983549437581	1.096375	213.887174437581	233.071429769486	224.811465490963	2370.84330784244
15	448910	449256	346	449083	188.122243087339	101.815607902448	289.937850989787	0.42385	289.514000989787	199.116581966403	106.980432212464	306.097014178866	1.15885	304.938164178866	320.206633551122	320.512886073873	3257.19782571491
15	453528	453674	146	453601	26.7459080413922	20.5466988901824	47.2926069315746	0.17885	47.1137569315746	30.7540493024828	24.0652473262069	54.8192966286898	0.91385	53.9054466286898	52.1084902610204	56.6586682273332	530.056667774761
15	457899	458512	613	458205.5	332.971620334201	241.734057411562	574.705677745762	0.750925	573.954752745762	350.676060877395	266.150599589578	616.826660466973	1.485925	615.340735466973	634.80218075488	646.769273942547	6457.31870068758
15	461454	462052	598	461753	385.159155531091	238.053511349596	623.212666880687	0.73255	622.480116880687	389.797887550937	241.346663088787	631.144550639724	1.46755	629.677000639724	688.471928809776	661.837764101567	7003.25675553791
15	462392	462921	529	462656.5	118.975856420722	112.952544691753	231.928401112474	0.648025	231.280376112474	125.876255296066	118.11276906918	243.989024365246	1.383025	242.605999365246	255.799410005132	254.997104887733	2602.0362940259
15	467972	468202	230	468087	51.9188391346043	44.7832437060417	96.702082840646	0.28175	96.420332840646	69.4471822584886	63.308972213343	132.756154471832	1.01675	131.739404471832	106.642269732133	138.467996784268	1084.78380116179
15	471755	471835	80	471795	5.26942277713614	24.6145392763883	29.8839620535245	0.098	29.7859620535245	7.44179094129792	31.8091338403244	39.2509247816224	0.833	38.4179247816224	32.9437008353078	40.3801209398771	335.109081101017
15	472430	472561	131	472495.5	37.2458541657317	5.32742192716439	42.5732760928961	0.160475	42.4128010928961	70.4327678148308	11.2073357576152	81.640103572446	0.895475	80.744628572446	46.9091657432785	84.8686618429872	477.168230309985
15	474472	474663	191	474567.5	36.0229720869463	26.2575151987405	62.2804872856868	0.233975	62.0465122856868	39.3048239917348	28.8557771214718	68.1606011132066	0.968975	67.1916261132066	68.624331654651	70.6234395538247	698.058692219384
15	478541	478657	116	478599	0.804588208840257	1.85637279504232	2.66096100388258	0.1421	2.51886100388258	1.21478219748837	4.04454072766008	5.25932292514846	0.8771	4.38222292514846	2.78589636314305	4.60604503519787	28.3386245814545
15	479244	479471	227	479357.5	131.221276965308	175.307930879803	306.529207845112	0.278075	306.251132845111	133.409444897926	181.792635847101	315.202080745026	1.013075	314.189005745026	338.718141210069	330.236214529549	3445.50011611015
15	479780	480146	366	479963	84.662959272798	59.5748269368686	144.237786209667	0.44835	143.789436209667	104.670666061856	77.279467477132	181.950133538988	1.18335	180.766783538988	159.033176811837	189.999450066825	1617.71326216247
15	480453	482022	1569	481237.5	369.902379117624	106.664636840413	476.567015958037	1.922025	474.644990958037	397.016881757299	120.78822986057	517.805111617869	2.657025	515.148086617869	524.964161204547	541.459283858211	5340.0271739864
15	486945	487645	700	487295	800.683366065337	924.954644882173	1725.63801094751	0.8575	1724.78051094751	812.627491025381	931.404150365315	1744.0316413907	1.5925	1742.4391413907	1907.63195954924	1831.43425001939	19404.7656102541
15	490883	491110	227	490996.5	50.165764825733	151.823275045086	201.989039870819	0.278075	201.710964870819	50.8967541131581	154.684533113635	205.581287226794	1.013075	204.568212226794	223.095217470716	215.016537127582	2269.36353321049
15	492920	493371	451	493145.5	110.874675142723	115.47900766669	226.353682809413	0.552475	225.801207809413	111.658763651984	116.641890624757	228.300654276741	1.287475	227.013179276741	249.739371350749	238.607881249376	2540.3925219719
15	494209	495157	948	494683	2291.54971756804	760.262658426766	3051.81237599481	1.1613	3050.65107599481	2297.2359342371	763.139716263771	3060.37565050087	1.8963	3058.47935050087	3374.06380293803	3214.69123507735	34321.5665486784
15	502564	502715	151	502639.5	17.8620382336159	19.8327093536277	37.6947475872435	0.184975	37.5097725872435	19.5930128663557	21.7108818291978	41.3038946955536	0.919975	40.3839196955536	41.4863459603569	42.4465290773021	422.006359956803
15	504557	504777	220	504667	52.0420373291471	55.0194936948218	107.061531023969	0.2695	106.792031023969	58.4336436607954	63.5143692032707	121.948012864066	1.0045	120.943512864066	118.113516539321	127.120704829969	1201.47132803854
15	505183	505281	98	505232	41.7337883955044	25.3945278457338	67.1283162412382	0.12005	67.0082662412382	75.6345915826237	44.21695200499	119.851543587614	0.85505	118.996493587614	74.1121026266398	125.074241511028	753.881257416583
15	511284	511704	420	511494	224.951603356748	267.021486826812	491.97309018356	0.5145	491.45859018356	244.462917420391	273.573690804918	518.036608225309	1.2495	516.787108225309	543.560242870637	543.182018521983	5529.1897659598
15	514445	515013	568	514729	169.501015979561	94.745111519865	264.246127499426	0.6958	263.550327499426	175.21693221338	101.171717338599	276.388649551979	1.4308	274.957849551979	291.490438636382	289.001326370148	2965.09167350377
15	520137	521089	952	520613	567.554282548744	422.003215585075	989.557498133819	1.1662	988.391298133819	579.387509133992	424.316781679996	1003.70429081399	1.9012	1001.80309081399	1093.17493843007	1052.97020062787	11119.9664825556
15	522618	522890	272	522754	188.378439332809	232.48199299964	420.86043233245	0.3332	420.52723233245	195.34783719698	233.549577354298	428.897414551279	1.0682	427.829214551279	465.109144709359	449.680598923379	4731.17148781858
15	524959	525150	191	525054.5	39.707318093224	42.6476750025875	82.3549930958116	0.233975	82.1210180958116	42.8579719207072	42.9950699115499	85.8530418322571	0.968975	84.8840668322571	90.8270227289568	89.2195219819577	923.908345270693
15	530366	530473	107	530419.5	9.43076179312898	5.86901399018687	15.2997757833158	0.131075	15.1687007833159	23.8045511466834	13.4799024533775	37.2844536000609	0.866075	36.4183786000609	16.7768004192004	38.27844790326	170.656545249704
15	531259	531431	172	531345	54.3754031339045	22.0215772759871	76.3969804098917	0.2107	76.1862804098917	58.3833443979261	22.8791647081291	81.2625091060552	0.9457	80.3168091060552	84.263117809262	84.4189914901118	857.13915752613
15	533797	533989	192	533893	64.3845564507636	27.3238995709841	91.7084560217477	0.2352	91.4732560217477	71.0707584651417	29.7485640377688	100.81932250291	0.9702	99.8491225029105	101.170731883592	104.948918124199	1029.12636213269
15	537169	537382	213	537275.5	90.3124764796883	35.87917419429	126.191650673978	0.260925	125.930725673978	93.7683258345616	36.7682611648094	130.536586999371	0.995925	129.540661999371	139.281187061267	136.156953502824	1416.79257118364
15	539537	539695	158	539616	17.6282416598813	33.3986105467023	51.0268522065835	0.19355	50.8333022065835	19.1794189275335	35.7025767823075	54.881995709841	0.92855	53.953445709841	56.2223606326768	56.7091188623664	571.903676005754
15	544422	544958	536	544690	293.303101672375	248.58245704895	541.885558721325	0.6566	541.228958721325	297.862534854338	250.581227757165	548.443762611503	1.3916	547.052162611502	598.606983634785	574.992861073037	6089.13483124856
15	546441	546667	226	546554	171.546086009264	91.1561641155304	262.702250124794	0.27685	262.425400124794	176.221417492749	92.3817461547481	268.603163647497	1.01185	267.591313647497	290.246252840915	281.258544519702	2952.43559819754
15	550302	550999	697	550650.5	273.323194475917	261.160572717922	534.483767193839	0.853825	533.629942193839	276.400349380519	263.890332713563	540.290682094082	1.588825	538.701857094082	590.202362468809	566.216063560027	6003.64155622118
15	552887	553183	296	553035	58.4127439670783	149.740505567865	208.153249534943	0.3626	207.790649534943	60.721310135272	157.246695565401	217.968005700673	1.0976	216.870405700673	229.819435825255	227.947065341294	2337.76345722562
15	554675	554767	92	554721	5.76401552892882	20.0930055390131	25.8570210679419	0.1127	25.7443210679419	8.24637915013818	32.0891297370126	40.3355088871508	0.8477	39.4878088871507	28.473587992436	41.5046493941979	289.638312207101
15	558690	558943	253	558816.5	131.152977966223	150.685591717722	281.838569683945	0.309925	281.528644683945	134.956222230059	165.617372893962	300.57359512402	1.044925	299.52867012402	311.374715054406	314.827102018646	3167.35800757821
15	559774	559956	182	559865	20.3443018562907	29.6307657640908	49.9750676203815	0.22295	49.7521176203815	26.6552093705722	36.0366718861771	62.6918812567493	0.95795	61.7339312567493	55.0265549880049	64.8869928402293	559.739732046794
15	560697	560906	209	560801.5	56.3796737615189	24.0885469847528	80.4682207462717	0.256025	80.2121957462717	61.8135941279593	27.2706003520789	89.0841944800382	0.991025	88.0931694800382	88.7158378587824	92.5925296017724	902.433003887059
15	566259	566602	343	566430.5	101.001919826965	89.8039839315957	190.805903758561	0.420175	190.385728758561	104.315071273062	96.9996784794117	201.314749752474	1.155175	200.159574752474	210.569344050847	210.382728419667	2141.94816015619
15	569630	569797	167	569713.5	75.9273872917319	77.2165683989116	153.143955690644	0.204575	152.939380690644	77.0793704095345	81.5409050261908	158.620275435725	0.939575	157.680700435725	169.153146517677	165.734244878446	1720.65536225767
15	570824	571098	274	570961	303.750748563154	222.441640140008	526.192388703162	0.33565	525.856738703162	306.591606930659	231.003214670989	537.594821601648	1.07065	536.524171601648	581.60508802561	563.927152744221	5916.18857839588
15	571897	572159	262	572028	47.8002994913909	51.922539080382	99.7228385717729	0.32095	99.4018885717729	51.724241986406	53.6691134845087	105.393355470915	1.05595	104.337405470915	109.939913093578	109.666440220736	1118.32800562677
15	572894	573053	159	572973.5	36.9306587848885	49.7041715903357	86.6348303752242	0.194775	86.4400553752242	40.654104218168	53.2756192511274	93.9297234692954	0.929775	92.9999484692954	95.603939847626	97.7499224109289	972.49998086548
15	574822	574930	108	574876	40.018513532686	5.49501947103915	45.5135330037251	0.1323	45.3812330037251	48.4651897474907	8.91776931098251	57.3829590584732	0.8673	56.5156590584732	50.1922939714218	59.4021973011328	510.564784302813
15	578023	578261	238	578142	54.6289994174764	61.9278924529288	116.556891870405	0.29155	116.265341870405	64.2067590563666	68.5232957979523	132.730054854319	1.02655	131.703504854319	128.591134078887	138.430263593184	1308.05148438967
15	579926	580061	135	579993.5	31.5163381312163	4.92212786670832	36.4384659979246	0.165375	36.2730909979246	72.1601425003276	19.0350210436701	91.1951635439976	0.900375	90.2947885439976	40.1185584021157	94.9065963966751	408.09298592287
15	584065	584273	208	584169	52.0328374639702	137.380486702705	189.413324166675	0.2548	189.158524166675	53.9267097094618	147.058644870265	200.985354579727	0.9898	199.995554579727	209.212038187564	210.210330913822	2128.14140775482
15	586012	586818	806	586415	1603.25900439961	1749.6681587881	3352.92716318771	0.98735	3351.93981318771	1611.8518784719	1755.0379800939	3366.88985856581	1.72235	3365.16750856581	3707.29346345042	3537.04349600462	37711.2368801376
15	587433	588236	803	587834.5	475.035738398757	101.515912294457	576.551650693213	0.983675	575.567975693213	487.862850418713	107.194429076361	595.057279495074	1.718675	593.338604495074	636.58642845069	623.643383758981	6475.46838000832
15	592607	592841	234	592724	136.923993392569	162.691415773571	299.61540916614	0.28665	299.32875916614	140.616239283075	165.331877077874	305.948116360949	1.02165	304.926466360949	331.061896730187	320.500590789707	3367.61945949648
15	594293	594448	155	594370.5	23.4148568576142	16.9356518097163	40.3505086673305	0.189875	40.1606336673305	27.2226010555038	19.2023185919412	46.424919647445	0.924875	45.500044647445	44.4182362992158	47.8239601976765	451.830060768551
15	602472	602635	163	602553.5	10.592044774643	22.6333683102507	33.2254130848937	0.199675	33.0257380848937	11.8864258056184	25.4896264520733	37.3760522576917	0.934675	36.4413772576917	36.5269395488682	38.3026212177184	371.55841138937
15	605158	605343	185	605250.5	12.7765127614831	42.6323752268042	55.4088879882873	0.226625	55.1822629882873	13.8078976466408	46.3620205692247	60.1699182158655	0.961625	59.2082932158655	61.0323735736549	62.2323577936733	620.831968087851
15	606214	606581	367	606397.5	149.600507619521	179.108575181741	328.709082801262	0.449575	328.259507801262	155.433522137276	182.617423759916	338.050945897192	1.184575	336.866370897192	363.059719270359	354.071826490564	3693.10690130745
15	609196	609416	220	609306	59.5698270101421	53.5229156270237	113.092742637166	0.2695	112.823242637166	60.5059132918912	55.5324861769682	116.038399468859	1.0045	115.033899468859	124.784123004962	120.909257830611	1269.32590255227
15	611445	611972	527	611708.5	134.620627148171	141.185830935766	275.806458083937	0.645575	275.160883083937	139.754251915413	145.651365493804	285.405617409217	1.380575	284.025042409217	304.331879480915	298.531626255987	3095.71705354039
15	616994	617132	138	617063	16.4749585611298	21.5079848026335	37.9829433637632	0.16905	37.8138933637632	18.0056361292031	28.0563888364272	46.0620249656303	0.90405	45.1579749656303	41.8227078969451	47.4644193010752	425.427892347803
15	618484	618742	258	618613	55.1147922982303	102.667795413725	157.782587711955	0.31605	157.466537711955	57.2293613094329	106.828034445838	164.057395755271	1.05105	163.006345755271	174.160247053042	171.331897622797	1771.58846378669
15	619082	619648	566	619365	242.262149672422	73.2493265384444	315.511476210867	0.69335	314.818126210867	250.0722352164	75.3059963981533	325.378231614553	1.42835	323.949881614553	348.193358629347	340.495627299266	3541.88368328981
15	624459	624675	216	624567	66.981518392546	40.6913036730137	107.67282206556	0.2646	107.40822206556	70.8741613462528	42.221981241087	113.09614258734	0.9996	112.09654258734	118.795032660743	117.821875396668	1208.40382910596
15	628013	628209	196	628111	23.1689604612013	93.4541304390637	116.623090900265	0.2401	116.382990900265	24.61523926613	97.2946741562796	121.90991342241	0.9751	120.93481342241	128.721255591709	127.111561064183	1309.37510315404
15	630734	630825	91	630779.5	4.68563133254138	11.81672682705	16.5023581595914	0.111475	16.3908831595914	6.84229972678172	15.2882759518447	22.1305756786265	0.846475	21.2841006786265	18.1285516400559	22.3711864809155	184.406794857743
15	631823	632113	290	631968	167.687842551436	138.438571196583	306.126413748019	0.35525	305.771163748019	170.433302316998	142.173016468661	312.606318785658	1.09025	311.516068785658	338.18728851119	327.426757269755	3440.10018970204
15	633596	633820	224	633708	80.566319308647	58.8694372742836	139.435756582931	0.2744	139.161356582931	83.7750722846931	62.8621787610564	146.637251045749	1.0094	145.627851045749	153.91445442875	153.065796001942	1565.64472369489
15	638460	639405	945	638932.5	406.298645733976	587.069696552303	993.368342286279	1.157625	992.210717286279	408.707510432305	589.821256228471	998.528766660776	1.892625	996.636141660776	1097.39927074128	1047.53934945924	11162.9371289366
15	642215	642351	136	642283	11.511731296729	12.5589159503426	24.0706472470716	0.1666	23.9040472470716	34.2789976447174	35.2862828830529	69.5652805277703	0.9016	68.6636805277703	26.4382187772045	72.1706791725194	268.934180912704
15	644352	644479	127	644415.5	12.5948154242394	15.5716717987069	28.1664872229464	0.155575	28.0109122229464	15.1145784973636	17.4123448238278	32.5269233211914	0.890575	31.6363483211914	30.9804702879362	33.252175346985	315.138756940776
15	649041	649275	234	649158	116.171397519786	86.130737762651	202.302135282437	0.28665	202.015485282437	117.276381326359	88.8087985159385	206.085179842298	1.02165	205.063529842298	223.43202140945	215.537153098679	2272.78956172454
15	653975	654208	233	654091.5	108.236813800317	93.4235308874971	201.660344687814	0.285425	201.374919687814	120.696231208801	101.137917833928	221.834149042729	1.020425	220.813724042729	222.723546683109	232.091788734392	2265.58283301746
15	656947	657211	264	657079	249.667541147151	164.969682385801	414.637223532952	0.3234	414.313823532952	260.992075187237	170.355303460063	431.3473786473	1.0584	430.2889786473	458.237025544959	452.265995512224	4661.26709092306
15	658492	658653	161	658572.5	40.1379117829166	30.7024500586646	70.8403618415811	0.197225	70.6431368415811	47.1386091883961	32.233327623807	79.3719368122031	0.932225	78.4397118122031	78.1323215948092	82.4460214202156	794.775627207735
15	661654	662392	738	662023	1203.58046164869	1188.35368479558	2391.93414644427	0.90405	2391.03009644427	1205.94242703432	1192.01483114185	2397.95725817617	1.63905	2396.31820817617	2644.51354782266	2518.71020120461	26900.4538804046
15	664515	664686	171	664600.5	35.604278222863	33.5866077916214	69.1908860144844	0.209475	68.9814110144845	37.2820536352321	35.8483746456544	73.1304282808865	0.944475	72.1859532808865	76.2944290191118	75.872852066098	776.080262795481
15	667281	667493	212	667387	53.3585180362539	96.8176811465644	150.176199182818	0.2597	149.916499182818	54.4525020040283	100.777623114011	155.230125118039	0.9947	154.235425118039	165.809796255046	162.113002065615	1686.64621920752
15	670511	671714	1203	671112.5	340.290413078025	431.774772383888	772.065185461912	1.473675	770.591510461912	343.78206190826	438.133879191813	781.915941100073	2.208675	779.707266100074	852.285252404037	819.530827908824	8669.59450599921
15	673818	674002	184	673910	62.2508877194655	60.5439127350132	122.794800454479	0.2254	122.569400454479	66.2264294582988	64.4412556198429	130.667685078142	0.9604	129.707285078142	135.563513203952	136.332086858162	1378.97574312336
15	675230	675425	195	675327.5	43.8347576060107	35.9456732197535	79.7804308257642	0.238875	79.5415558257642	58.2814458912385	43.7347590714792	102.016204962718	0.973875	101.042329962718	87.9741004970778	106.203068675205	894.887921841125
15	675674	675802	128	675738	29.1855722883566	17.3529456943161	46.5385179826727	0.1568	46.3817179826727	39.9924139151733	24.6681384908972	64.6605524060705	0.8918	63.7687524060704	51.2988446941228	67.0257425141813	521.820811600103
15	678981	679155	174	679068	36.4207662573125	47.6337019328615	84.054468190174	0.21315	83.841318190174	54.8120967342035	64.5215544430717	119.333651177275	0.94815	118.385501177275	92.7296992835629	124.432042652994	943.262703636015
15	682213	682429	216	682321	59.104333831898	105.912547862202	165.0168816941	0.2646	164.7522816941	67.1080165387283	112.091757306506	179.199773845234	0.9996	178.200173845234	182.218384294979	187.301750739536	1853.55724379811
15	682730	682945	215	682837.5	110.802376202257	35.9332734014716	146.735649603728	0.263375	146.472274603728	121.199323836029	41.4392927113092	162.638616547338	0.998375	161.640241547338	162.000434518156	169.89601961933	1647.89672601572
15	683461	683942	481	683701.5	197.94869908161	148.298426701386	346.247125782996	0.589225	345.657900782996	204.695900202052	152.489965274808	357.185865476859	1.324225	355.861640476859	382.302591210348	374.037279785414	3888.84875695967
15	685523	685668	145	685595.5	29.0795738417533	30.5326525470301	59.6122263887834	0.177625	59.4346013887834	31.167443244236	31.3795401359772	62.5469833802132	0.912625	61.6343583802132	65.7355207765117	64.7823342773393	668.673203209286
15	689418	689540	122	689479	22.8927645088254	15.8454677862541	38.7382322950795	0.14945	38.5887822950795	25.83822134345	19.6328122830992	45.4710336265492	0.88445	44.5865836265492	42.679746158392	46.8638441396827	434.145835292272
15	690386	690564	178	690475	57.0550638637445	55.1097923715037	112.164856235248	0.21805	111.946806235248	62.9304777601414	58.9912354893429	121.921713249484	0.95305	120.968663249484	123.814771785953	127.147139771748	1259.4654925792
15	692164	692412	248	692288	112.189755870347	95.5513997037923	207.741155574139	0.3038	207.437355574139	118.381165135863	96.8661804358122	215.247345571675	1.0388	214.208545571675	229.428687642244	225.149250661169	2333.78869843317
15	700780	701192	412	700986	782.254536137997	1500.84350528851	2283.09804142651	0.5047	2282.59334142651	793.448972084658	1517.96785433289	2311.41682641755	1.2397	2310.17712641755	2524.5809429789	2428.16946223765	25680.4784682867
15	702171	702323	152	702247	45.9114271726259	26.7302082714708	72.6416354440966	0.1862	72.4554354440966	53.2861190972532	31.8790328159619	85.1651519132151	0.9212	84.2439519132151	80.1367498176825	88.5467131825949	815.165021321589
15	712622	712778	156	712700	44.3792496265346	32.4206248789844	76.799874505519	0.1911	76.608774505519	46.6096169407246	34.0563009083158	80.6659178490404	0.9261	79.7398178490404	84.7304023329588	83.8125303948822	861.892457349109
15	716870	717048	178	716959	32.0213307306002	42.8198724790507	74.841203209651	0.21805	74.623153209651	33.7464054498027	45.0926391718821	78.8390446216848	0.95305	77.8859946216848	82.5342767276906	81.8640231148227	839.553083966532
15	720322	720446	124	720384	20.5669985926923	36.8816595029681	57.4486580956604	0.1519	57.2967580956604	24.8853353078996	41.4408926878617	66.3262279957612	0.8869	65.4393279957612	63.3710354610851	68.7816427803818	644.621245437734
15	721738	721884	146	721811	37.8246456835999	59.4948281092434	97.3194737928434	0.17885	97.1406237928434	42.4056785490214	66.506425354987	108.912103904008	0.91385	107.998253904008	107.438921846338	113.514266549492	1092.88748566533
15	722631	722888	257	722759.5	153.547549776013	91.3033619583607	244.850911734373	0.314825	244.536086734373	170.398402828446	95.2900035345271	265.688406362973	1.049825	264.638581362973	270.460415894501	278.155001383786	2751.17060762851
15	727260	727474	214	727367	67.8792052370351	69.6762789011002	137.555484138135	0.26215	137.293334138135	71.6511499595623	72.5747364244951	144.225886384057	0.99715	143.228736384057	151.848394837846	150.544146518311	1544.62840453668
15	733489	733841	352	733665	121.669916939534	186.428967902118	308.098884841652	0.4312	307.667684841652	126.019153201912	191.887987900726	317.907141102637	1.1662	316.740941102637	340.284868016067	332.918490028729	3461.43713493262
15	737850	738313	463	738081.5	318.173737195698	291.795223770175	609.968960965873	0.567175	609.401785965873	321.90848246338	294.404285534635	616.312767998015	1.302175	615.010592998015	674.007107418122	646.422269441402	6856.1180649251
15	741782	741956	174	741869	24.8897352434189	24.1072467107101	48.9969819541291	0.21315	48.7838319541291	26.262515125467	26.1641165674881	52.4266316929551	0.94815	51.4784816929551	53.95561716653	54.1077460164415	548.845965403366
15	742338	742540	202	742439	30.6571507225218	22.5570694284032	53.214220150925	0.24745	52.966770150925	34.6531921609341	26.6125099963272	61.2657021572614	0.98245	60.2832521572614	58.5820067496565	63.3622202811894	595.906408605158
15	745371	745612	241	745491.5	29.4801679710864	29.1132733478904	58.5934413189767	0.295225	58.2982163189767	34.1662992963004	33.7619052226551	67.9282045189555	1.030225	66.8979795189555	64.4786626060035	70.3147949548036	655.888222289902
15	746456	746703	247	746579.5	22.8400652811273	55.3258892046262	78.1659544857535	0.302575	77.8633794857535	24.9908337618303	58.1929471881782	83.1837809500084	1.037575	82.1462059500084	86.1180134183775	86.3418248088234	876.007479765227
15	747322	747497	175	747409.5	34.6425923162738	39.1341264932896	73.7767188095634	0.214375	73.5623438095634	36.220469192646	40.4598070655734	76.6802762582194	0.949375	75.7309012582193	81.3610063308181	79.5988583213539	827.618372485739
15	749025	749214	189	749119.5	67.8945050128184	72.460138103922	140.35464311674	0.231525	140.12311811674	71.3708540672706	75.4058949341502	146.776749001421	0.966525	145.810224001421	154.978176466258	153.25748365941	1576.46509012302
15	755083	755311	228	755197	105.00156121262	74.4201093807389	179.421670593359	0.2793	179.142370593359	106.864033918269	76.5769777720483	183.441011690318	1.0143	182.426711690318	198.134028813656	191.74415907657	2015.45396075918
15	757693	758252	559	757972.5	151.468880238707	106.445040058582	257.913920297289	0.684775	257.229145297289	155.745217569411	110.651978406321	266.397195975732	1.419775	264.977420975732	284.499120544374	278.5111472355	2893.97476428917
15	759528	759740	212	759634	126.718142958287	131.74476929358	258.462912251867	0.2597	258.203212251867	129.280305410052	135.136719584888	264.41702499494	0.9947	263.42232499494	285.576452553577	276.876624701177	2904.93357372742
15	761348	761512	164	761430	13.9084961723794	53.3550180875453	67.2635142599248	0.2009	67.0626142599248	17.4800438317056	64.9299484580982	82.4099922898039	0.9359	81.4740922898039	74.1722123140619	85.6353829320517	754.492703659917
15	762125	762625	500	762375	922.213385055062	845.868803877265	1768.08218893233	0.6125	1767.46968893233	929.320280904214	852.869201287141	1782.18948219135	1.3475	1780.84198219135	1954.84680209519	1871.79851656372	19885.0432384113
15	767987	768374	387	768180.5	1249.27289203069	801.345556361005	2050.6184483917	0.474075	2050.1443733917	1256.6211843422	811.470007988179	2068.09119233038	1.209075	2066.88211733038	2267.48905356286	2172.44815644479	23065.2948478601
15	769451	770760	1309	770105.5	1394.7354602913	1077.55020860945	2472.28566890075	1.603525	2470.68214390075	1397.7341163463	1079.4911801647	2477.225296511	2.338525	2474.886771511	2732.60985364655	2601.29165524114	27796.5848961828
15	772237	772466	229	772351.5	89.8346834816969	73.4946229436501	163.329306425347	0.280525	163.048781425347	93.7270264398001	74.1521133081946	167.879139747995	1.015525	166.863614747995	180.334288588222	175.38617669459	1834.39189306371
15	774315	774469	154	774392	43.6524602775598	23.5796544425221	67.2321147200819	0.18865	67.0434647200819	49.4226757156296	24.8050364846708	74.2277122003004	0.92365	73.3040622003004	74.1510326486012	77.0480684174895	754.27726040216
15	775433	775665	232	775549	93.6715272531351	98.2567600570069	191.928287310142	0.2842	191.644087310142	99.1571468619283	99.5560410161744	198.713187878103	1.0192	197.693987878103	211.961106639961	207.79121165397	2156.10541239328
15	779533	779695	162	779614	39.842416113376	55.0205936787016	94.8630097920777	0.19845	94.6645597920777	63.2745727174642	85.5686460000496	148.843218717514	0.93345	147.909768717514	104.700359581882	155.464262657402	1065.03035180634
15	781555	781794	239	781674.5	144.668479897894	148.967116901798	293.635596799692	0.292775	293.342821799692	149.151014206802	151.008086991586	300.159101198387	1.027775	299.131326198387	324.441364230187	314.409463745288	3300.2742461106
15	783339	783489	150	783414	22.8286654481907	14.6263856517809	37.4550510999716	0.18375	37.2713010999716	32.511423548339	18.7770248245789	51.2884483729179	0.91875	50.3696983729179	41.2225930783677	52.9423315695727	419.323419556056
15	784665	784779	114	784722	25.0547328253959	13.726098845394	38.7808316707899	0.13965	38.6411816707899	33.9753020953453	16.929951893248	50.9052539885932	0.87465	50.0306039885932	42.7377006187602	52.5859179338312	434.735358189435
15	786955	787137	182	787046	31.347140610789	24.4710413793357	55.8181819901247	0.22295	55.5952319901247	33.0565155600701	24.9233347510215	57.9798503110916	0.95795	57.0219003110916	61.4891232071345	59.9342948342943	625.478105166796
15	790032	790203	171	790117.5	29.2620711672732	49.1531796650672	78.4152508323405	0.209475	78.2057758323405	30.6926502022805	50.8311550745054	81.5238052767859	0.944475	80.5793302767859	86.4967086839121	84.6949209340795	879.859634175111
15	792284	792442	158	792363	40.9712995697019	34.1831990486362	75.1544986183381	0.19355	74.9609486183381	42.4285782134291	35.6826770739357	78.1112552873648	0.92855	77.1827052873648	82.9078832899809	81.1248132658525	843.353475197874
15	795583	796017	434	795800	29.3740695259485	63.7869652084035	93.1610347343519	0.53165	92.6293847343519	47.0468105336962	94.1893196649391	141.236130198635	1.26665	139.969480198635	102.449426805942	147.118423768072	1042.13347030731
15	796918	797255	337	797086.5	207.012866247146	273.373293741717	480.386159988863	0.412825	479.973334988863	212.057092324517	279.758900161294	491.815992485811	1.147825	490.668167485811	530.857386052672	515.729052442281	5399.97408685602
15	800755	800922	167	800838.5	23.6703531133421	46.3311210220545	70.0014741353966	0.204575	69.7968991353966	24.8538357695221	50.8338550349378	75.6876908044599	0.939575	74.7481158044599	77.1963705659989	78.5658770839149	785.254969805333
15	802367	802505	138	802436	22.5956688627323	36.8329602166513	59.4286290793836	0.16905	59.2595790793836	25.1674311738129	44.0292547556744	69.1966859294873	0.90405	68.2926359294873	65.5419435944147	71.780683465101	666.70410228954
15	803447	803663	216	803555	141.749122680782	125.57225975109	267.321382431872	0.2646	267.056782431872	151.879674218562	134.629227022141	286.508901240703	0.9996	285.509301240703	295.368628035785	300.091693632405	3004.54129370482
15	804226	804366	140	804296	35.2965827321097	15.8616675488482	51.1582502809579	0.1715	50.9867502809579	38.5052357096211	19.0388209879823	57.5440566976034	0.9065	56.6375566976034	56.3920764016977	59.5303208642441	573.630054462421
15	807046	807285	239	807165.5	83.7762722671074	107.64192251839	191.418194785497	0.292775	191.125419785497	87.4117189899992	111.607864397908	199.019583387907	1.027775	197.991808387907	211.387452925698	208.104243351352	2150.27010657813
15	810844	811002	158	810923	33.8181043990618	27.9818899282012	61.799994327263	0.19355	61.606444327263	37.3209530651649	31.6367363667922	68.957689431957	0.92855	68.029139431957	68.1376101868849	71.503728879501	693.107676405143
15	813744	813923	179	813833.5	61.1012045679571	84.2914647170136	145.392669284971	0.219275	145.173394284971	64.1000606200215	87.2746209991566	151.374681619178	0.954275	150.420406619178	160.563854273908	158.103131432374	1633.28358075967
15	817078	817228	150	817153	20.3550016994856	24.9235347480906	45.2785364475761	0.18375	45.0947864475761	25.2302302534986	27.8954911943661	53.1257214478647	0.91875	52.2069714478647	49.8754799758182	54.8734433979092	507.34209698309
15	818489	818647	158	818568	59.2322319575638	55.0154937534405	114.247725711004	0.19355	114.054175711004	64.4343557209602	58.1924471955055	122.626802916466	0.92855	121.698252916466	126.145552622711	127.913993243315	1283.17460250461
15	820238	820413	175	820325.5	62.7874798557614	38.7531320767247	101.540611932486	0.214375	101.326236932486	66.0804315978829	40.9459999404654	107.026431538348	0.949375	106.077056538348	112.068269954583	111.494943995874	1139.97802350156
15	825020	826049	1029	825534.5	981.678813595153	547.195480904946	1528.8742945001	1.260525	1527.6137695001	1000.63313582146	557.429730923035	1558.06286674449	1.995525	1556.06734174449	1689.56271829915	1635.54350755284	17186.5271853412
15	830801	831000	199	830900.5	24.750137289213	60.5676123876971	85.3177496769101	0.243775	85.0739746769101	26.7065086187868	63.691666604995	90.3981752237818	0.978775	89.4194002237818	94.0930350206717	93.9864976031926	957.130792967528
15	832115	832668	553	832391.5	155.009128356725	151.424680886444	306.433809243168	0.677425	305.756384243168	167.762841452335	160.908641899944	328.671483352278	1.412425	327.259058352278	338.170942167049	343.973820294862	3439.93391183327
15	836530	837616	1086	837073	466.421664637146	435.311120559059	901.732785196205	1.33035	900.402435196205	469.472219931563	437.546087805837	907.018307737401	2.06535	904.952957737401	995.857995225523	951.173445365692	10130.041532233
15	841118	841299	181	841208.5	76.2206829935127	65.1359454392331	141.356628432746	0.221725	141.134903432746	79.2348388213604	68.9076901646913	148.142528986052	0.956725	147.185803986052	156.097225523668	154.703321415031	1587.84825266478
15	842190	842466	276	842328	174.221146806515	170.592299986903	344.813446793418	0.3381	344.475346793418	187.500452199623	177.950192157729	365.450644357351	1.0731	364.377544357351	380.994669553017	382.988133600691	3875.54434933007
15	847161	847335	174	847248	56.5437713566851	63.5315689512101	120.075340307895	0.21315	119.862190307895	57.7849531672897	65.1623450523494	122.947298219639	0.94815	121.999148219639	132.56929999012	128.230256779189	1348.5180831378
15	848298	848397	99	848347.5	16.9370517891997	13.6458000221652	30.5828518113649	0.121275	30.4615768113649	21.3070877467597	14.9184813711473	36.2255691179071	0.856275	35.3692941179071	33.6909404383872	37.1757814134296	342.710132907616
15	849441	849617	176	849529	37.2917534930817	34.4646949233423	71.756448416424	0.2156	71.540848416424	47.5363033602278	39.4823213905282	87.018624750756	0.9506	86.068024750756	79.1252034599265	90.4639505711766	804.875395024492
15	850054	850252	198	850153	110.21368482947	43.103468322982	153.317153152452	0.24255	153.074603152452	126.927739886665	49.1945790583633	176.122318945028	0.97755	175.144768945028	169.302704498045	184.090290982354	1722.17669216601
15	851896	852034	138	851965	16.6452560654369	22.4511709803344	39.0964270457712	0.16905	38.9273770457712	17.8130389516954	24.1978453829957	42.0108843346911	0.90405	41.1068343346911	43.0542368043933	43.2063665938653	437.955219577595
15	860411	861002	591	860706.5	123.826585333774	135.578313113379	259.404898447153	0.723975	258.680923447153	126.950839548141	138.59276893683	265.543608484972	1.458975	264.084633484972	286.104807980705	277.572760608543	2910.30809745092
15	866653	866948	295	866800.5	85.3714488899535	84.0531682092251	169.424617099179	0.361375	169.063242099179	89.4421892336609	86.6560300645449	176.098219298206	1.096375	175.001844298206	186.986368274901	183.940066456777	1902.05800994468
15	868100	868248	148	868174	26.0947175845232	24.9172348404151	51.0119524249383	0.1813	50.8306524249383	27.9884898314803	27.4633975266555	55.4518873581359	0.9163	54.5355873581359	56.2194299362084	57.3209934051978	571.873864449201
15	875370	875527	157	875448.5	30.8708475908156	21.3281874375459	52.1990350283615	0.192325	52.0067100283615	33.0698153651628	22.9324639270344	56.0022792921971	0.927325	55.0749542921971	57.5201664973656	57.8879085145423	585.105184025073
15	877762	877988	226	877875	270.041342571128	205.506588321498	475.547930892627	0.27685	475.271080892627	290.825237985219	224.68640724317	515.51164522839	1.01185	514.49979522839	525.656625643468	540.777880975044	5347.0710432524
15	882337	882709	372	882523	262.62845120631	46.4976185820494	309.126069788359	0.4557	308.670369788359	341.914189281747	64.3333572010835	406.24754648283	1.1907	405.05684648283	341.393851934633	425.745131770525	3472.7179131234
15	884223	884326	103	884274.5	18.161033851865	9.10956650021388	27.2706003520789	0.126175	27.1444253520789	24.4837411932211	10.5509453769506	35.0346865701717	0.861175	34.1735115701717	30.0221233928356	35.9189242518359	305.390284873272
15	888730	888927	197	888828.5	24.7217377054061	24.9467344081019	49.6684721135079	0.241325	49.4271471135079	26.7364081806117	27.5606961007547	54.2971042813664	0.976325	53.3207792813664	54.6671329508888	56.0441389853527	556.083628283967
15	891720	892049	329	891884.5	60.0205204052754	225.947088768008	285.967609173284	0.403025	285.564584173284	72.9402310682076	237.70911639667	310.649347464877	1.138025	309.511322464877	315.838521960736	325.319618496719	3212.7646313838
15	892287	892556	269	892421.5	79.8896292254725	50.1746646953063	130.064293920779	0.329525	129.734768920779	86.8564271277459	74.4782085293017	161.334635657048	1.064525	160.270110657048	143.4885134005	168.455909270635	1459.59022984624
15	894339	894429	90	894384	3.38675036751203	10.7967417748289	14.183492142341	0.11025	14.073242142341	4.80162963259789	13.4009036110977	18.2025332436955	0.84525	17.3572832436955	15.5652074654164	18.2438067790535	158.332010023962
15	898423	898626	203	898524.5	20.205503890361	22.1050760523209	42.3105799426819	0.248675	42.0619049426819	21.4153861596573	24.6032394419863	46.0186256016436	0.983675	45.0349506016436	46.5210695731382	47.3351114656164	473.220448255847
15	899986	900170	184	900078	32.9156176249152	40.9855993601399	73.9012169850551	0.2254	73.6758169850551	33.6623066822618	41.9168857122315	75.5791923944933	0.9604	74.6187923944933	81.4865092888731	78.4299484785961	828.895010504022
15	904101	904478	377	904289.5	53.7752119296466	35.3587818205882	89.1339937502349	0.461825	88.6721687502348	66.9873183075488	42.6895743885562	109.676892696105	1.196825	108.480067696105	98.0726892244197	114.020688989172	997.612530887164
15	907763	907961	198	907862	97.9909639522222	77.044470920983	175.035434873205	0.24255	174.792884873205	110.30658346805	83.1031821311761	193.409765599226	0.97755	192.432215599226	193.323435283229	202.26069426692	1966.51976281977
15	908885	909257	372	909071	104.586867289918	134.972821986791	239.559689276709	0.4557	239.103989276709	125.476961147682	166.85555474853	292.332515896212	1.1907	291.141815896212	264.452438269607	306.011889069247	2690.05640946301
15	911895	912072	177	911983.5	27.0767031936223	26.1027174672857	53.1794206609081	0.216825	52.9625956609081	43.2858656499674	49.8864689187866	93.172334568754	0.951825	92.220509568754	58.5773897038814	96.9306736553542	595.859443208804
15	915695	916013	318	915854	138.646368151339	89.0607948229578	227.707162974297	0.38955	227.317612974297	147.833633512884	102.817693216988	250.651326729872	1.12455	249.526776729872	251.416537191734	262.271361073356	2557.45294595511
15	921294	921491	197	921392.5	21.7138817852338	44.4037492674948	66.1176310527286	0.241325	65.8763060527286	23.1444608202411	46.9659117192603	70.1103725395014	0.976325	69.1340475395014	72.8601384382504	72.6650701873333	741.14605893843
15	925139	925524	385	925331.5	196.92301411292	151.867574395884	348.790588508804	0.471625	348.318963508804	199.500976333142	155.439322052279	354.940298385421	1.206625	353.733673385421	385.245764715554	371.800626738774	3918.78723211099
15	931202	932005	803	931603.5	485.531984577318	483.118919940539	968.650904517858	0.983675	967.667229517858	503.175226017379	498.922788336428	1002.09801435381	1.718675	1000.37933935381	1070.2538215849	1051.47373103778	10886.8088770336
15	932263	932483	220	932373	33.2442128093857	18.275632172438	51.5198449818237	0.2695	51.2503449818237	51.5337447781236	27.5005969815013	79.0343417596248	1.0045	78.0298417596248	56.6836159179132	82.0152172477669	576.595645361634
15	933416	933578	162	933497	32.7664198113943	7.20769437195974	39.974114183354	0.19845	39.775664183354	39.5496204042679	8.81677079110572	48.3663911953736	0.93345	47.4329411953736	43.9924545336964	49.8555794694953	447.498934253467
15	943258	943703	445	943480.5	576.421452601253	593.114907960334	1169.53636056159	0.545125	1168.99123556159	579.645605351617	597.537943141196	1177.18354849281	1.280125	1175.90342349281	1292.92105704811	1235.96271074406	13151.8189024831
15	944390	944597	207	944493.5	65.7882358799819	35.4768800898699	101.265115969852	0.253575	101.011540969852	73.1723276668552	37.9545437799563	111.126871446811	0.988575	110.138296446811	111.72021171062	115.763611801378	1136.43751422827
15	949246	949695	449	949470.5	190.695205380834	176.407714762581	367.102920143415	0.550025	366.552895143415	193.061670700522	179.022876437648	372.08454713817	1.285025	370.79952213817	405.412754378089	389.738114005325	4123.92937470666
15	954002	954276	274	954139	91.8766535568297	146.412854334261	238.28950789109	0.33565	237.95385789109	100.744123604943	152.219669235969	252.963792840912	1.07065	251.893142840912	263.18037647684	264.758589373557	2677.1167746415
15	956557	956829	272	956693	211.8664951177	52.1814352862839	264.047930403984	0.3332	263.714730403984	218.940591447526	54.211605534342	273.152196981868	1.0682	272.083996981868	291.672270604559	285.980691731393	2966.9413000553
15	960291	960815	524	960553	52.8812250309352	50.1978643553176	103.079089386253	0.6419	102.437189386253	54.73279789632	50.9083539431637	105.641151839484	1.3769	104.264251839484	113.296999287326	109.589550266342	1152.47687296829
15	967971	968905	934	968438	208.66184208157	391.682259935648	600.344102017218	1.14415	599.199952017218	215.678139258437	399.03035225009	614.708491508527	1.87915	612.829341508527	662.723732888469	644.129610495181	6741.34160768207
15	976777	976907	130	976842	7.34269239357723	12.8012123995124	20.1439047930896	0.15925	19.9846547930896	12.3028197034075	16.4775585230276	28.7803782264351	0.89425	27.8861282264351	22.1033145619865	29.3104126974351	224.838777804085
15	978447	978644	197	978545.5	15.2194769600871	54.4986013284473	69.7180782885344	0.241325	69.4767532885344	34.5087942770707	97.3186738045671	131.827468081638	0.976325	130.851143081638	76.8422846719881	137.534367428541	781.653146222549
15	979521	979644	123	979582.5	11.9051255315758	8.31967807594975	20.2248036075256	0.150675	20.0741286075256	28.0077895486449	19.4752145926776	47.4830041413225	0.885675	46.5973291413225	22.2022738828261	48.977288515645	225.845409306682
15	981469	981586	117	981527.5	15.4134741170781	13.6181004281	29.0315745451782	0.143325	28.8882495451782	18.8173242339951	15.317675520997	34.134999754992	0.878325	33.256674754992	31.9508179377223	34.955259980808	325.009302781813
15	986574	986825	251	986699.5	34.3563965104447	117.946771501858	152.303168012303	0.307475	151.995693012303	51.2261492859048	185.762977662138	236.989126948043	1.042475	235.946651948043	168.109414423298	247.99763118852	1710.03833702387
15	987077	987764	687	987420.5	144.700879423082	378.633951157309	523.334830580391	0.841575	522.49325558039	179.728966089975	444.624384074113	624.353350164088	1.576575	622.776775164088	577.885027496356	654.585109493011	5878.34747269161
15	989280	989701	421	989490.5	204.082709188305	136.05500612749	340.137715315795	0.515725	339.621990315795	222.222743347918	162.704815577198	384.927558925116	1.250725	383.676833925116	375.626787744849	403.273134709675	3820.94131765531
15	996657	997091	434	996874	51.1669501534621	49.463775113322	100.630725266784	0.53165	100.099075266784	55.1654915552377	53.6565136691577	108.822005224395	1.26665	107.555355224395	110.711011568273	113.048746812324	1126.17175404427
15	1000933	1001076	143	1001004.5	4.12833949959746	32.824318962888	36.9526584624854	0.175175	36.7774834624854	7.89978422945208	36.217269239541	44.117053468993	0.910175	43.206878468993	40.6764236953776	45.4136705178596	413.76768916091
15	1003648	1003767	119	1003707.5	30.3096558150249	31.0294452665825	61.3391010816075	0.145775	61.1933260816075	42.2276811575553	48.6618868649141	90.8895680224694	0.880775	90.0087930224694	67.6806954876038	94.6059936490458	688.459860248024
15	1004354	1004597	243	1004475.5	27.7954926598346	13.1298075839828	40.9253002438174	0.297675	40.6276252438174	32.3766255237906	15.0235798309399	47.4002053547305	1.032675	46.3675303547305	44.9347356743492	48.7357527521395	457.083982659582
15	1006892	1007158	266	1007025	224.978202966933	216.040633946113	441.018836913046	0.32585	440.692986913046	228.545150693671	216.740223693695	445.285374387366	1.06085	444.224524387366	487.412758231313	466.913299486754	4958.04774164141
15	1009740	1010072	332	1009906	73.751619177396	62.3539862085674	136.105605385963	0.4067	135.698905385963	83.0293832126918	69.8290766618643	152.858459874556	1.1417	151.716759874556	150.084933791317	159.465695952205	1526.69017064444
15	1010819	1011024	205	1010921.5	52.5160303828263	7.58758880464481	60.1036191874711	0.251125	59.8524941874711	55.9982793508159	8.03998217486521	64.0382615256811	0.986125	63.0521365256811	66.1977161998611	66.2725254655758	673.374735814321
15	1015085	1015168	83	1015126.5	8.45237613127302	12.0898228248555	20.5421989561285	0.101675	20.4405239561285	12.3241193912627	20.631297650396	32.9554170416587	0.836675	32.1187420416587	22.6075123884729	33.7592073348873	229.967566192848
15	1017640	1017735	95	1017687.5	3.05055529441721	17.554242744328	20.6047980387452	0.116375	20.4884230387452	5.63281745162352	22.9506636603191	28.5834811119426	0.851375	27.7321061119426	22.6604894601946	29.1485239008388	230.506458223007
15	1018912	1019335	423	1019123.5	91.6631566856049	54.4684017710188	146.131558456624	0.518175	145.613383456624	101.876707007046	64.3725566266198	166.249263633666	1.253175	164.996088633666	161.050488602377	173.423266652373	1638.23371017776
15	1025626	1025960	334	1025793	48.9532825945388	33.0036163353029	81.9568989298417	0.40915	81.5477489298417	52.0615370433807	37.0430571377019	89.1045941810826	1.14415	87.9604441810826	90.1929788169999	92.4530253559269	917.45873981271
15	1036554	1036747	193	1036650.5	29.2849708316809	22.7837661061861	52.068736937867	0.236425	51.832311937867	30.0846591123291	23.4520563124599	53.536715424789	0.971425	52.565290424789	57.3272797103222	55.2500635226427	583.143105924445
15	1039441	1039764	323	1039602.5	320.054109639028	188.394539096869	508.448648735897	0.395675	508.052973735897	322.75257009336	190.324510813326	513.077080906686	1.130675	511.946405906686	561.913868861033	538.094077250532	5715.88605643612
15	1043228	1043786	558	1043507	90.6221719411323	132.882852615083	223.505024556215	0.68355	222.821474556215	96.4972858419256	137.180489633642	233.677775475568	1.41855	232.259225475568	246.443743676008	244.121869346571	2506.86882142427
15	1048231	1048410	179	1048320.5	29.1519727807541	54.076707511259	83.2286802920131	0.219275	83.0094052920131	32.8127191328823	58.2899457666737	91.102664899556	0.954275	90.148389899556	91.8095916976874	94.7527204389916	933.903208503448
15	1058939	1059214	275	1059076.5	126.192750657858	129.619800434786	255.812551092645	0.336875	255.475676092645	151.148984926741	146.660850699899	297.809835626639	1.071875	296.737960626639	282.559758478515	311.893856986468	2874.24723449338
15	1061218	1061436	218	1061327	43.252866133572	247.40647428286	290.659340416432	0.26705	290.392290416432	46.3660205106059	260.500082397342	306.866102907948	1.00205	305.864052907948	321.178034242032	321.486064585458	3267.07908327425
15	1064464	1064656	192	1064560	46.442419390988	12.8642114762672	59.3066308672552	0.2352	59.0714308672552	49.4409754474488	14.0319943625258	63.4729698099746	0.9702	62.5027698099746	65.3338489758183	65.6950998355694	664.587327469111
15	1070929	1071064	135	1070996.5	16.8433531623437	12.4477175799436	29.2910707422873	0.165375	29.1256957422873	18.0533354301746	13.0315090245384	31.084844454713	0.900375	30.184469454713	32.2134368341	31.7261417428353	327.68070808278
16	4845	4956	111	4900.5	29.8483625752312	11.8713260269042	41.7196886021354	0.135975	41.5837136021354	42.2374810139394	15.4150740936306	57.6525551075701	0.870975	56.7815801075701	45.9921830984731	59.6817002723117	574.671935730571
16	22541	22785	244	22663	126.202150520104	28.8542771434538	155.056427663558	0.2989	154.757527663558	130.057194024827	31.8202336776574	161.877427702485	1.0339	160.843527702485	171.164043122014	169.05861360137	2138.69325963055
16	40171	40745	574	40458	204.86069778696	366.060435420924	570.921133207884	0.70315	570.217983207884	208.084950535858	368.596098261039	576.681048796897	1.43815	575.242898796897	630.669260101683	604.62343958609	7880.20702849467
16	46595	47285	690	46940	436.709500065947	479.147078147484	915.856578213431	0.84525	915.011328213431	440.038751276103	483.186618948417	923.22537022452	1.58025	921.64512022452	1012.01564023392	968.718160334274	12645.1267972568
16	52717	52924	207	52820.5	68.317398815352	68.6259942929161	136.943393108268	0.253575	136.689818108268	69.9326751436389	70.1990712396308	140.13174638327	0.988575	139.14317138327	151.18089746101	146.24991121598	1889.00402495328
16	56038	56376	338	56207	7.06909640309911	90.7683697986173	97.8374662017164	0.41405	97.4234162017164	8.84717034560329	93.2619332556942	102.109103601297	1.14905	100.960053601297	107.751694302694	106.116590047233	1346.35650172548
16	66967	67366	399	67166.5	19.8284094166428	56.0162790870315	75.8446885036743	0.488775	75.3559135036743	27.4967970371891	62.4016855095389	89.898482546728	1.223775	88.674707546728	83.3447201126287	93.203769735058	1041.39156729086
16	73923	74170	247	74046.5	45.4588338053364	61.6329967745955	107.091830579932	0.302575	106.789255579932	46.5108183886075	66.4978254810173	113.008643869625	1.037575	111.971068869625	118.110446858446	117.689993106698	1475.7890266009
16	74560	74637	77	74598.5	6.74080121423227	19.929107940916	26.6699091551483	0.094325	26.5755841551483	13.5039021016651	49.1212801325517	62.6251822342168	0.829325	61.7958572342168	29.3929768780846	64.9520816880437	367.264995515588
16	74914	75183	269	75048.5	96.0117929567753	212.881080249057	308.892873205832	0.329525	308.563348205832	131.011880033999	257.057732844631	388.06961287863	1.064525	387.00508787863	341.275484530842	406.771379290178	4264.23426982831
16	82378	82542	164	82460	37.835945518002	111.130171398451	148.966116916453	0.2009	148.765216916453	39.3136238627736	116.701489751338	156.015113614111	0.9359	155.079213614111	164.536461571682	162.999887073401	2055.8816846595
16	84282	84497	215	84389.5	35.3247823188475	85.730343630387	121.055125949235	0.263375	120.791750949235	41.0154989219648	105.634851931808	146.650350853773	0.998375	145.651975853773	133.597407379149	153.091152984944	1669.29846628025
16	85374	85559	185	85466.5	93.1909342961768	65.5446394498632	158.73557374604	0.226625	158.50894874604	103.636381219197	73.3762246787648	177.012605897962	0.961625	176.050980897962	175.313168593485	185.042787726117	2190.53654702515
16	88064	88431	367	88247.5	79.7206317021143	68.4724965424103	148.193128244525	0.449575	147.743553244525	82.2873940864683	71.0816583054056	153.369052391874	1.184575	152.184477391874	163.406486911074	159.957302149634	2041.76266090827
16	95238	95405	167	95321.5	9.89345501240612	31.4386392698853	41.3320942822914	0.204575	41.1275192822914	12.4808170948735	34.3527965632016	46.8336136580751	0.939575	45.8940386580751	45.487625643901	48.238077459066	568.367494637061
16	98869	98961	92	98915	9.6074592036461	15.6861701207455	25.2936293243916	0.1127	25.1809293243916	33.7570052944631	39.661218768805	73.4182240632681	0.8477	72.5705240632681	27.850468651209	76.2770648076967	347.99136837071
16	99186	99292	106	99239	16.8185535257799	10.3697480323795	27.1883015581595	0.12985	27.0584515581595	33.0007163778015	30.778348946374	63.7790653241755	0.86485	62.9142153241755	29.9270351448392	66.1275599363697	373.938049005822
16	105533	106053	520	105793	100.069633489528	88.3990045214285	188.468638010957	0.637	187.831638010957	103.630181310056	91.9330527303054	195.563234040361	1.372	194.191234040361	207.74448308634	204.109554604699	2595.76554513537
16	106872	107061	189	106966.5	97.4857713557692	30.5680520282543	128.053823384023	0.231525	127.822298384023	101.772208538461	31.1989427826134	132.971151321074	0.966525	132.004626321074	141.37329358299	138.746764843949	1766.45809810755
16	108317	108532	215	108424.5	131.557172042799	133.404144975596	264.961317018395	0.263375	264.697942018395	137.03899170728	135.161719218521	272.200710925801	0.998375	271.202335925801	292.759716738571	285.05399982197	3658.03016486238
16	114533	114946	413	114739.5	61.7549949867239	133.199647972479	194.954642959203	0.505925	194.448717959203	82.326293516401	154.917629697628	237.243923214029	1.240925	236.002998214029	215.063068325474	248.056855340995	2687.21120530718
16	116824	116956	132	116890	17.965736713925	27.8709915534058	45.8367282673308	0.1617	45.6750282673308	22.847165177079	34.6773918062908	57.5245569833698	0.8967	56.6278569833698	50.5172357427725	59.5201257369418	631.212429944873
16	118041	118142	101	118091.5	11.0721377389286	13.1546072205466	24.2267449594753	0.123725	24.1030199594753	14.1744922742331	17.0735497888352	31.2480420630683	0.858725	30.3893170630683	26.6582854482099	31.9414519462535	333.095049412637
16	121332	121701	369	121516.5	93.1384350655478	128.474417220263	221.612852285811	0.452025	221.160827285811	94.5063150194039	130.599786073195	225.106101092599	1.187025	223.919076092599	244.607043999467	235.355746692751	3056.36292949037
16	128119	128505	386	128312	67.8283059829586	97.8990652989878	165.727371281946	0.47285	165.254521281946	75.918187426555	107.566423624818	183.484611051373	1.20785	182.276761051373	182.773868475746	191.586549706205	2283.7579284513
16	129882	130022	140	129952	40.4494072179821	21.9937776833874	62.4431849013695	0.1715	62.2716849013695	43.7003595756004	24.3713428404078	68.0717024160082	0.9065	67.1652024160082	68.8733757941025	70.5956662658447	860.572243399553
16	132273	132970	697	132621.5	340.489010167604	380.01893086057	720.507941028174	0.853825	719.654116028174	351.811844232603	383.952173219296	735.764017451899	1.588825	734.175192451899	795.947764276586	771.673202828665	9945.36052915548
16	135547	135756	209	135651.5	50.7778558556001	36.5763639770435	87.3542198326437	0.256025	87.0981948326437	53.055422478089	37.4654509475629	90.5208734256519	0.991025	89.5298484256519	96.3318515180356	94.102586948842	1203.6656634857
16	136504	136653	149	136578.5	27.9616902242259	21.126890387534	49.0885806117599	0.182525	48.9060556117599	29.7868634764944	24.2196450635235	54.0065085400179	0.917525	53.0889835400179	54.0907982832169	55.8005042725928	675.864063422988
16	138353	138617	264	138485	184.322098778074	182.223729529466	366.54582830754	0.3234	366.22242830754	186.852861689997	183.249114502552	370.101976192549	1.0584	369.043576192549	405.047253322341	387.89248309082	5061.0619772217
16	141617	141703	86	141660	15.4713732685719	22.7256669576233	38.1970402261951	0.10535	38.0916902261951	30.4079543744694	47.9178977679999	78.3258521424693	0.84035	77.4855021424693	42.1299552073559	81.4430754754549	526.41343115668
16	142190	142290	100	142240	20.0366063655373	32.2597272369233	52.2963336024606	0.1225	52.1738336024606	35.0326865994811	53.5978145293878	88.6305011288689	0.8575	87.7730011288689	57.7050075650389	92.2560086466498	721.023577588103
16	143285	143351	66	143318	11.0912374590241	9.10476657055637	20.1960040295805	0.08085	20.1151540295805	16.6082566076602	14.8796819397491	31.4879385474093	0.81585	30.6720885474093	22.2476485874736	32.2386659889417	277.984179438558
16	150276	150559	283	150417.5	261.171072564048	229.394238250378	490.565310814426	0.346675	490.218635814426	263.006845660977	232.023799714417	495.030645375394	1.081675	493.948970375394	542.188835571024	519.177422394961	6774.64487828257
16	153196	153421	225	153308.5	106.52883883052	98.2178606270741	204.746699457594	0.275625	204.471074457594	107.154829656687	99.4747422076003	206.629571864287	1.010625	205.618946864287	226.147938223397	216.120938054464	2825.71656018286
16	156277	156410	133	156343.5	7.27259342087067	35.8637744199722	43.1363678408429	0.162925	42.9734428408429	8.61387376454135	38.9613290256192	47.5752027901606	0.897925	46.6772777901606	47.5292435499632	49.0613205430751	593.87749296845
16	157689	157793	104	157741	17.4156447754674	19.498614249758	36.9142590252254	0.1274	36.7868590252254	22.8794647037327	23.3330580563675	46.2125227601001	0.8624	45.3501227601001	40.6867932021107	47.6663810473988	508.381134204144
16	159680	159806	126	159743	25.2509299501466	28.4522830346373	53.7032129847839	0.15435	53.5488629847839	39.365823097799	31.9922311570516	71.3580542548506	0.88935	70.4687042548506	59.2258097647334	74.0678945170014	740.025988108398
16	163655	164106	451	163880.5	119.935842352224	134.359430975975	254.295273328199	0.552475	253.742798328199	120.666831639649	135.016921340519	255.683752980168	1.287475	254.396277980168	280.64317084057	267.389572182404	3506.63402716081
16	165856	166051	195	165953.5	84.4673621392545	43.6739599624841	128.141322101739	0.238875	127.902447101739	89.463288924447	44.9261416118872	134.389430536334	0.973875	133.415555536334	141.461939213237	140.229757292751	1767.56572450178
16	169399	169698	299	169548.5	112.677448723257	394.183523279884	506.860972003141	0.366275	506.494697003141	114.339624364239	399.752641665011	514.09226602925	1.101275	512.99099102925	560.190392466002	539.192014575905	6999.57417822146
16	171188	171480	292	171334	260.854677200791	272.936700139953	533.791377340743	0.3577	533.433677340743	263.931932103928	275.309365368781	539.241297472709	1.0927	538.148597472709	589.985290728998	565.634546194131	7371.86117801513
16	172808	173088	280	172948	392.175652705027	116.863587375813	509.03924008084	0.343	508.69624008084	396.399690802171	118.131368796603	514.531059598774	1.078	513.453059598774	562.625330655927	539.677683305435	7029.99871014664
16	174830	174970	140	174900	27.3716988704902	29.1810723543027	56.5527712247929	0.1715	56.3812712247929	31.8996325140754	33.4619096190607	65.3615421331361	0.9065	64.4550421331361	62.3584938638617	67.7470845006689	779.168849220773
16	176024	176174	150	176099	28.0736885829011	34.6637920055945	62.7374805884956	0.18375	62.5537305884956	31.2509420205697	36.8578598517496	68.1088018723193	0.91875	67.1900518723193	69.1853223655067	70.6217849085574	864.470013149893
16	179077	179185	108	179131	26.9049057112972	7.88788440384284	34.7927901151401	0.1323	34.6604901151401	32.1429289485905	11.2904345398108	43.4333634884013	0.8673	42.5660634884013	38.3349987187406	44.7401259012916	478.995482183559
16	183303	183389	86	183346	3.3132514446314	14.7153843475139	18.0286357921453	0.10535	17.9232857921453	9.12336629797923	32.6070221473511	41.7303884453303	0.84035	40.8900384453303	19.8234109095123	42.9784978507872	247.693350319137
16	188810	188941	131	188875.5	54.0716075859979	29.4038690892388	83.4754766752367	0.160475	83.3150016752367	79.0053421846107	36.3510672787441	115.356409463355	0.895475	114.460934463355	92.1475856764342	120.307028627756	1151.38329746589
16	193219	193407	188	193313	17.2244475774432	16.6497559994908	33.874203576934	0.2303	33.643903576934	20.743995998813	19.6377122112913	40.3817082101043	0.9653	39.4164082101043	37.21063944078	41.4296019263632	464.94662259064
16	195566	195791	225	195678.5	77.1074699977378	118.622461599687	195.729931597425	0.275625	195.454306597425	79.5368343956455	126.132351543001	205.669185938647	1.010625	204.658560938647	216.175263768464	215.111500401422	2701.10807788583
16	198480	198960	480	198720	183.103316639205	159.45696317415	342.560279813355	0.588	341.972279813355	189.01952993769	165.773670603434	354.793200541125	1.323	353.470200541125	378.226241606531	371.523697014498	4725.93366448265
16	203011	203285	274	203148	112.425752411841	121.050626015181	233.476378427021	0.33565	233.140728427021	127.566430526717	136.550698863163	264.11712938988	1.07065	263.04647938988	257.856986322076	276.481582775479	3221.92084585518
16	211946	212109	163	212027.5	28.5461816585624	32.2130279212971	60.7592095798594	0.199675	60.5595345798594	30.4182542235261	33.5700080348892	63.9882622584153	0.934675	63.0535872584153	66.9797130050496	66.2740502945091	836.910942993872
16	214091	214773	682	214432	290.474843120221	500.167770091345	790.642613211566	0.83545	789.807163211566	299.877005332474	511.306206858668	811.183212191142	1.57045	809.612762191142	873.538039686926	850.963747718747	10914.8503589481
16	215677	215844	167	215760.5	44.8533426787483	27.6355950031187	72.4889376818671	0.204575	72.2843626818671	57.212261560028	37.0216574513122	94.2339190113401	0.939575	93.2943440113401	79.9475408913489	98.0593542102647	998.94384188203
16	218390	218568	178	218479	45.4844334301765	47.2420076731017	92.7264411032781	0.21805	92.5083911032781	47.4628044373472	48.5942878555708	96.057092292918	0.95305	95.104042292918	102.315606116252	99.9614828621944	1278.43262617872
16	222909	223080	171	222994.5	37.8708450065535	43.9621557390038	81.8330007455572	0.209475	81.6235257455572	39.8069166336174	46.5085184223133	86.3154350559307	0.944475	85.3709600559307	90.27678906099	89.7312832852687	1128.00770970452
16	225859	226033	174	225946	65.4178413080773	67.1530158792675	132.570857187345	0.21315	132.357707187345	67.9956035312297	71.944045667205	139.939649198435	0.94815	138.991499198435	146.389520707497	146.090492371739	1829.13581326478
16	226946	227025	79	226985.5	9.53066032912593	15.0775790395869	24.6082393687128	0.096775	24.5114643687128	19.4805145150078	29.218371807683	48.6988863226908	0.831775	47.8671113226908	27.1100308174412	50.3119248434113	338.739603950037
16	227539	228457	918	227998	587.964783434894	498.390796132721	1086.35557956762	1.12455	1085.23102956762	596.300161280766	503.250524913882	1099.55068619465	1.85955	1097.69113619465	1200.28106901581	1153.75572954878	14997.5017249175
16	230863	231124	261	230993.5	123.981883057902	86.0129394889729	209.994822546875	0.319725	209.675097546875	128.89451106383	90.9834666463945	219.877977710224	1.054725	218.823252710224	231.903662328774	229.9996540449	2897.6342838118
16	237160	237352	192	237256	31.622036582216	26.7953073174508	58.4173438996668	0.2352	58.1821438996668	34.5580935545947	28.9522757072947	63.5103692618894	0.9702	62.5401692618894	64.3502848470409	65.7344094651235	804.056260575514
16	241554	241711	157	241632.5	33.5449084027218	39.4650216440542	73.009930046776	0.192325	72.8176050467761	35.4543804196003	43.9147564336359	79.3691368532362	0.927325	78.4418118532362	80.5373145877871	82.44822872088	1006.31305919118
16	242832	243054	222	242943	59.8677226445113	150.561493536368	210.429216180879	0.27195	210.157266180879	61.3142014465091	154.117541422842	215.431742869351	1.00695	214.424792869351	232.436947746995	225.376542793233	2904.2976805662
16	246326	246821	495	246573.5	87.6712151871084	53.452416660179	141.123631847287	0.606375	140.517256847287	90.5747726357644	55.9817795926182	146.556552228383	1.341375	145.215177228383	155.414099549871	152.632044862371	1941.89784896541
16	251893	252003	110	251948	5.82531463059661	18.1745336540267	23.9998482846233	0.13475	23.8650982846233	12.2527204376072	25.7259229891711	37.9786434267784	0.86975	37.1088934267784	26.3951406666356	39.0042307864356	329.807057610183
16	253707	253822	115	253764.5	20.8602942944731	21.9188787810233	42.7791730754964	0.140875	42.6382980754964	25.4199274735048	27.9570902916374	53.3770177651423	0.875875	52.5011427651423	47.1585686371888	55.1826395201941	589.245913093349
16	254556	254698	142	254627	17.4096448633955	24.4155421926707	41.8251870560661	0.17395	41.6512370560662	20.4021010092499	27.0405037241219	47.4426047333718	0.90895	46.5336547333718	46.0668650060664	48.9103619362308	575.605085529284
16	256926	257388	462	257157	84.1313670632287	359.899125714302	444.030492777531	0.56595	443.464542777531	86.8030279103061	369.713881880032	456.516909790338	1.30095	455.215959790338	490.478138731156	478.466122638909	6128.52016210378
16	259441	259607	166	259524	32.1358290526388	49.5331740962869	81.6690031489256	0.20335	81.4656531489256	33.5193087778817	51.8479401736215	85.3672489515032	0.93835	84.4288989515032	90.1021797069534	88.7411063939928	1125.82596731438
16	261235	261366	131	261300.5	13.5542013645344	13.7057991428841	27.2600005074185	0.160475	27.0995255074185	16.3525603548632	16.8721527402888	33.224713095152	0.895475	32.329238095152	29.9724635212698	33.9804544778744	374.505676182044
16	264439	264911	472	264675	108.436910867915	88.4157042766953	196.85261514461	0.5782	196.27441514461	112.18695591138	92.9485378484725	205.135493759852	1.3132	203.822293759852	217.082315573015	214.232520862321	2712.44168245105
16	272996	273181	185	273088.5	62.0597905199758	55.3500888499828	117.409879369959	0.226625	117.183254369959	64.4588553619205	57.1653622473327	121.624217609253	0.961625	120.662592609253	129.606358456194	126.825436568388	1619.43034401174
16	277660	277755	95	277707.5	7.25829363043266	11.2443352153918	18.5026288458245	0.116375	18.3862538458245	9.86115548575246	14.085093584362	23.9462490701145	0.851375	23.0948740701145	20.3354602107672	24.2744451540121	254.09140197308
16	280002	280398	396	280200	287.266390139779	266.862589155442	554.12897929522	0.4851	553.64387929522	291.096134015265	271.197525627381	562.293659642646	1.2201	561.073559642646	612.338063683353	589.73040119479	7651.15888552167
16	286462	286574	112	286518	8.71997220967925	8.03018231848113	16.7501545281604	0.1372	16.6129545281604	10.5401455352212	10.8708406889168	21.410986224138	0.8722	20.538786224138	18.3741657557617	21.5878050780532	229.585044477885
16	287083	287302	219	287192.5	48.4938893269012	34.7057913900977	83.1996807169989	0.268275	82.9314057169989	49.177779304562	36.2631685668909	85.4409478714529	1.003275	84.4376728714529	91.7233230500631	88.7503284420524	1146.08213956624
16	296766	297406	640	297086	375.422898214968	512.608987766544	888.031885981513	0.784	887.247885981513	377.727064447643	518.409502760577	896.13656720822	1.519	894.61756720822	981.30887530207	940.310174590358	12261.4460312094
16	299546	299829	283	299687.5	98.2836596627959	137.1435901744	235.427249837196	0.346675	235.080574837196	101.755208787591	143.422598156166	245.177806943757	1.081675	244.096131943757	260.002484247857	256.563346012904	3248.72882414738
16	301395	301521	126	301458	24.5927395958605	27.4224981260322	52.0152377218926	0.15435	51.8608877218926	26.9858045257332	31.4352393197112	58.4210438454445	0.88935	57.5316938454445	57.358884936918	60.47012608204	716.69877830044
16	302825	302937	112	302881	10.7835419682708	20.415100818739	31.1986427870098	0.1372	31.0614427870098	17.5353430213015	32.921217542849	50.4565605641505	0.8722	49.5843605641505	34.3544008029513	52.1168826189346	429.257945160498
16	305085	305225	140	305155	17.044350216752	6.98499763555814	24.0293478523101	0.1715	23.8578478523101	20.0526061310624	9.02586772681104	29.0784738578734	0.9065	28.1719738578734	26.3871215846055	29.6108578993356	329.706859248579
16	308298	308546	248	308422	37.0664567947823	54.6382992811878	91.70475607597	0.3038	91.40095607597	37.9711435366885	56.5165717552925	94.487715291981	1.0388	93.448915291981	101.090767107573	98.2218202216797	1263.12827320707
16	309670	310158	488	309914	214.785752336278	159.979855511215	374.765607847493	0.5978	374.167807847493	216.347829444194	161.836228306258	378.184057750451	1.3328	376.851257750451	413.834956943155	396.0989421164	5170.86425904831
16	313009	313235	226	313122	44.9969405743355	38.6425336975329	83.6394742718684	0.27685	83.3626242718684	45.9595264677355	39.3108239038067	85.2703503715422	1.01185	84.2585003715422	92.2002569506947	88.5620047036772	1152.04142458875
16	319036	319164	128	319100	9.52916035110796	20.9326932334739	30.4618535845819	0.1568	30.3050535845819	11.9379250509022	28.7653784462554	40.7033034971575	0.8918	39.8115034971575	33.5178235067383	41.8448767118877	418.804918976164
16	320846	320928	82	320887	2.25066701669993	10.9077401481589	13.1584071648588	0.10045	13.0579571648588	3.1445539168768	16.2463619111908	19.3909158280676	0.83545	18.5554658280676	14.4422877322665	19.5031865591957	180.4562620937
16	321633	322030	397	321831.5	143.961990251429	115.922701164407	259.884691415835	0.486325	259.398366415835	149.127914545325	120.287837193775	269.415751739099	1.221325	268.194426739099	286.898310184333	281.892461622663	3584.79193993585
16	326307	326497	190	326402	45.7448296140964	26.9679047880521	72.7127344021485	0.23275	72.4799844021485	50.610558307329	30.2766562986296	80.8872146059585	0.96775	79.9194646059586	80.1639013170508	84.0013526129496	1001.64726355669
16	328901	329325	424	329113	152.727761789924	124.656873165989	277.384634955913	0.5194	276.865234955913	154.610634196617	127.428732544667	282.039366741284	1.2544	280.784966741284	306.216917073039	295.126063668492	3826.17776831849
16	335773	335884	111	335828.5	7.64528795906948	18.4857290934887	26.1310170525582	0.135975	25.9950420525582	10.2010505046249	26.0061188829283	36.2071693875533	0.870975	35.3361943875533	28.7508889940115	37.1409911137879	359.242112877914
16	337175	337401	226	337288	97.4988711637928	116.61989094716	214.118762110953	0.27685	213.841912110953	98.009163685507	120.238437917716	218.247601603223	1.01185	217.235751603223	236.512218943079	228.331071291998	2955.21815941944
16	338731	338953	222	338842	7.39579161541344	10.4293471589603	17.8251387743737	0.27195	17.5531887743737	8.48497565353028	17.6348415631604	26.1198172166906	1.00695	25.1128672166906	19.4140783047237	26.3955073346942	242.578742911876
16	339433	340028	595	339730.5	1922.3049288135	148.691820936233	2070.99674974973	0.728875	2070.26787474973	1928.8374330803	149.527808684916	2078.36524176522	1.463875	2076.90136676522	2289.74593441521	2182.97913921403	28610.3559303599
16	342769	343422	653	343095.5	10.4474468937105	34.6773918062908	45.1248387000013	0.799925	44.3249137000013	10.7997417308649	36.2128693040216	47.0126110348865	1.534925	45.4776860348865	49.0239896854664	47.8004596186032	612.554333188803
16	347484	347625	141	347554.5	21.377886709208	32.7025207478286	54.0804074570367	0.172725	53.9076824570367	25.2970292745656	38.4357367281218	63.7327660026874	0.907725	62.8250410026874	59.6226692425819	66.0338310349028	744.984743900875
16	348296	348476	180	348386	52.744027041558	66.2002298422516	118.94425688381	0.2205	118.72375688381	57.6668548980081	75.1787982622292	132.845653160237	0.9555	131.890153160237	131.310176310429	138.626444964485	1640.7195335753
16	348862	349079	217	348970.5	114.969315136183	77.3337666813825	192.303081817566	0.265825	192.037256817566	125.935854422647	87.0327245441249	212.968578966772	1.000825	211.967753966772	212.395957748911	222.794010587131	2653.88568139023
16	352335	352617	282	352476	171.329189187865	199.141781597105	370.47097078497	0.34545	370.12552078497	172.21817615985	201.030853912939	373.249030072789	1.08045	372.168580072789	409.364129529929	391.177096597119	5115.001308634
16	355434	355662	228	355548	72.1481426761838	62.7759800242902	134.924122700474	0.2793	134.644822700474	74.5788070550404	66.8734199767175	141.452227031758	1.0143	140.437927031758	148.919103237178	147.610796531122	1860.74292540836
16	359224	360178	954	359701	565.027619576737	948.268003227238	1513.29562280398	1.16865	1512.12697280398	567.458183957059	950.897664689812	1518.35584864687	1.90365	1516.45219864687	1672.43409924237	1593.90502035121	20897.0498124786
16	361625	361796	171	361710.5	51.0020525700197	16.4569588249141	67.4590113949338	0.209475	67.2495363949338	55.2732899754627	18.2242329256889	73.4975229011515	0.944475	72.5530479011515	74.3789508737958	76.2586960503044	929.364357085114
16	364769	364893	124	364831	33.410610370846	31.3172410489641	64.7278514198101	0.1519	64.5759514198101	38.8070312868371	35.4256808401898	74.2327121270269	0.8869	73.3458121270269	71.4219275814148	77.09195072243	892.416376255533
16	369553	369737	184	369645	25.5548254965878	25.8594210327707	51.4142465293585	0.2254	51.1888465293585	28.3000852650804	29.2837708492665	57.5838561143469	0.9604	56.6234561143469	56.6155977482731	59.5155000934592	707.411411214869
16	370667	370893	226	370780	184.372198043875	152.550164392596	336.92236243647	0.27685	336.64551243647	187.638450177276	157.427092921696	345.065543098972	1.01185	344.053693098972	372.334760560258	361.626241295409	4652.31965903453
16	373041	373567	526	373304	707.820526960958	760.72815160501	1468.54867856597	0.64435	1467.90432856597	722.899405981494	768.685034997679	1491.58444097917	1.37935	1490.20509097917	1623.5232210473	1566.31734121529	20285.9088063979
16	374999	375442	443	375220.5	181.141345391697	99.4681423043212	280.609487696018	0.542675	280.066812696018	184.644394054869	101.59851108398	286.242905138849	1.277675	284.965230138849	309.757907929117	299.519834089818	3870.42241887812
16	381187	381780	593	381483.5	503.283024437604	246.027494491671	749.310518929275	0.726425	748.584093929275	510.366720626745	247.968466046927	758.335186673672	1.461425	756.873761673672	827.944734373886	795.5311018575	10345.162397746
16	382829	383407	578	383118	614.997587271857	450.396899478477	1065.39448675033	0.70805	1064.68643675033	620.721103394301	452.505568576142	1073.22667197044	1.44305	1071.78362197044	1177.55845497569	1126.52498859722	14713.5828561973
16	386507	386902	395	386704.5	72.1878420943928	71.0243591451191	143.212201239512	0.483875	142.728326239512	73.5558220467834	71.997844878783	145.553666925566	1.218875	144.334791925566	157.859573980163	151.706693865317	1972.45403112416
16	404244	404435	191	404339.5	89.7834842320168	85.630245097321	175.413729329338	0.233975	175.179754329338	115.983200277798	117.856272828107	233.839473105905	0.968975	232.870498105905	193.751318445178	244.764362736846	2420.92107223624
16	408851	409034	183	408942.5	22.0131773990865	49.7900703314982	71.8032477305847	0.224175	71.5790727305847	23.1651605168891	53.4244170705102	76.5895775873993	0.959175	75.6304025873993	79.1674800991058	79.4932266792213	989.196988932996
16	415565	415717	152	415641	12.4468175931328	23.7029526355994	36.1497702287322	0.1862	35.9635702287322	13.6988992440014	25.0492329059966	38.7481321499981	0.9212	37.8269321499981	39.7762239962548	39.758943349593	497.003579739607
16	420477	420739	262	420608	111.674363423371	131.076179091703	242.750542515074	0.32095	242.429592515074	113.793832362766	133.353645715657	247.147478078423	1.05595	246.091528078423	268.130603103926	258.660657038911	3350.28959996148
16	423979	424127	148	424053	22.9032643549512	29.2448714193338	52.148135774285	0.1813	51.966835774285	25.8114217361956	32.3378260923923	58.1492478285879	0.9163	57.2329478285879	57.4760650009974	60.1561216073176	718.162942202147
16	425143	426202	1059	425672.5	517.275719376059	840.814377949371	1358.09009732543	1.297275	1356.79282232543	520.589070819225	846.857289391108	1367.44636021033	2.032275	1365.41408521033	1500.63230302454	1435.15263271533	18750.3878333526
16	427762	427867	105	427814.5	22.629468367404	10.0385528860113	32.6680212534153	0.128625	32.5393962534153	27.8881913013453	11.5535306841632	39.4417219855084	0.863625	38.5780969855084	35.9890385144436	40.5484739417868	449.682729430254
16	429712	429832	120	429772	22.6766676757028	21.5512841680856	44.2279518437885	0.147	44.0809518437885	25.7429227400415	26.0686179670105	51.811540707052	0.882	50.929540707052	48.7541643767569	53.5307678603953	609.182868256748
16	431525	432328	803	431926.5	466.162868429779	522.334445240938	988.497313670716	0.983675	987.513638670716	471.228994186212	524.622811705156	995.851805891368	1.718675	994.133130891368	1092.20423448787	1044.90849737243	13647.0825988494
16	444262	444498	236	444380	58.5251423198917	80.3428225839692	138.867964903861	0.2891	138.578864903861	65.5355395832209	88.3372054270881	153.872745010309	1.0241	152.848645010309	153.270210285154	160.655392140418	1915.1099708795
16	445370	445444	74	445407	16.6591558617367	16.8690527857183	33.528208647455	0.09065	33.437558647455	23.6632532173904	27.6289950998397	51.2922483172301	0.82565	50.4665983172301	36.9824189920525	53.0441806801802	462.095010029376
16	450808	450987	179	450897.5	26.8973058226729	128.219620954277	155.11692677695	0.219275	154.89765177695	55.2119908737949	196.221124399044	251.433115272839	0.954275	250.478840272839	171.319022399268	263.27205127789	2140.62972437864
16	453244	453636	392	453440	29.4146689309682	303.222656302294	332.637325233262	0.4802	332.157125233262	38.0483424053468	327.963293730726	366.011636136073	1.2152	364.796436136073	367.370539999249	383.428420284099	4590.29176544487
16	455198	455465	267	455331.5	71.1156578071463	68.3127988827635	139.42845668991	0.327075	139.10138168991	94.6079135304879	87.5013176769395	182.109231207427	1.062075	181.047156207427	153.848121337686	190.294142774049	1922.33096455417
16	458545	458747	202	458646	59.0547345587704	47.8003994899254	106.855134048696	0.24745	106.607684048696	60.8437083415385	49.2576781336526	110.101386475191	0.98245	109.118936475191	117.909626143154	114.69218800196	1473.27977347533
16	462170	462369	199	462269.5	12.3582188915379	32.619421965633	44.9776408571709	0.243775	44.7338658571709	13.100108019227	34.9341880429676	48.0342960621946	0.978775	47.0555210621946	49.4762966311861	49.4588825966282	618.205904619639
16	463825	464387	562	464106	1595.70751506594	752.818367522105	2348.52588258804	0.68845	2347.83743258804	1600.22624884434	759.718966394518	2359.94521523886	1.42345	2358.52176523886	2596.74184268845	2478.98330430475	32446.2671870839
16	465684	465857	173	465770.5	33.2005134497954	9.39686228992281	42.5973757397182	0.211925	42.3854507397182	35.3896813677585	9.7599569688066	45.1496383365651	0.946925	44.2027133365651	46.8789158607596	46.4603676681425	585.751654035916
16	474935	475203	268	475069	107.120530159342	308.86767357513	415.988203734472	0.3283	415.659903734472	110.844275588226	318.040639146237	428.884914734462	1.0633	427.821614734462	459.725809535872	449.67261094579	5744.27007097331
16	475633	475930	297	475781.5	71.9269459178002	222.165544186166	294.092490103966	0.363825	293.728665103966	76.0448855698064	232.400694191066	308.445579760873	1.098825	307.346754760873	324.868112453477	323.044495460608	4059.22429559501
16	479029	479206	177	479117.5	49.9632677933067	59.5819268328204	109.545194626127	0.216825	109.328369626127	51.8933395082988	62.0065912996051	113.899930807904	0.951825	112.948105807904	120.918743376594	118.716932223131	1510.87866765434
16	481985	482466	481	482225.5	140.244444731687	271.329223697359	411.573668429046	0.589225	410.984443429046	152.166570014133	279.640701893477	431.80727190761	1.324225	430.48304690761	454.554683443233	452.469975812213	5679.6568945298
16	482832	483074	242	482953	102.47459824501	57.3023602396408	159.776958484651	0.29645	159.480508484651	111.905260039604	60.3058162242937	172.211076263898	1.03145	171.179626263898	176.387727585902	179.922628571695	2203.96315247476
16	486042	486610	568	486326	49.2626780603792	18.3809306292997	67.6436086896789	0.6958	66.9478086896789	53.3334184040866	19.6910114301966	73.0244298342831	1.4308	71.5936298342831	74.0452357083168	75.2502756894373	925.194588937387
16	488166	488515	349	488340.5	227.780661897178	313.799301302619	541.579963199796	0.427525	541.152438199797	230.689019275491	315.677373779655	546.366393055146	1.162525	545.203868055146	598.52235084151	573.050164840942	7478.53167134225
16	491594	491985	391	491789.5	333.914606514832	305.572221869645	639.486828384478	0.478975	639.007853384478	337.386355636696	312.436621272558	649.822976909255	1.213975	648.609001909255	706.751842209492	681.73671765627	8830.85824332527
16	493074	493488	414	493281	89.8492832677385	106.812734670055	196.662017937793	0.50715	196.154867937793	91.2064633783997	108.53280946253	199.73927284093	1.24215	198.49712284093	216.950094649279	208.635366748613	2710.78958313616
16	497724	498013	289	497868.5	231.291810441647	293.881093201967	525.172903643614	0.354025	524.818878643614	233.99007089891	294.854578935631	528.84464983454	1.089025	527.75562483454	580.457199928216	554.710752302619	7252.80776468663
16	502285	503440	1155	502862.5	423.315096359594	685.631852133769	1108.94694849336	1.414875	1107.53207349336	431.800472007262	695.699504593329	1127.49997660059	2.149875	1125.35010160059	1224.94634315013	1182.82737708083	15305.6941149537
16	506446	506716	270	506581	117.114783694556	111.099671845419	228.214455539975	0.33075	227.883705539975	118.451364107104	114.424023127383	232.875387234487	1.06575	231.809637234487	252.042643680935	243.64931837847	3149.27068412158
16	517096	517544	448	517320	286.7367979009	276.006355154465	562.743153055365	0.5488	562.194353055365	296.610353204934	282.991252791489	579.601605996423	1.2838	578.317805996423	621.795010182116	607.85539772286	7769.32335140294
16	519746	520956	1210	520351	433.632345161344	300.265399640594	733.897744801939	1.48225	732.415494801939	436.010010316899	301.606879981334	737.616890298233	2.21725	735.399640298233	810.06203205862	772.960189369468	10121.7181847674
16	525204	525854	650	525529	67.7064077693647	209.887424120788	277.593831890153	0.79625	276.797581890153	70.8103622812217	216.100333071229	286.91069535245	1.53125	285.37944535245	306.142091812905	299.955205352463	3825.242827331
16	526183	526280	97	526231.5	2.51356316398318	23.1059613844465	25.6195245484297	0.118825	25.5006995484297	5.28562253973023	35.5448790933513	40.8305016330816	0.853825	39.9766766330816	28.2041391009941	42.0184860685237	352.410477625722
16	526902	527963	1061	527432.5	602.810465872903	385.089756548126	987.900222421029	1.299725	986.600497421029	613.7047062189	401.311118825684	1015.01582504458	2.034725	1012.98110004458	1091.19428718128	1064.71912686906	13634.4633158634
16	529388	529611	223	529499.5	105.620952135508	69.8733760126618	175.49432814817	0.273175	175.22115314817	107.109630319078	71.0254591289989	178.135089448077	1.008175	177.126914448077	193.797106132012	186.17367460051	2421.49318899289
16	534747	534961	214	534854	114.590020694706	123.455890766266	238.045911460972	0.26215	237.783761460972	115.405408745275	124.344977736786	239.750386482061	0.99715	238.753236482061	262.99224738781	250.9475620751	3286.08588909327
16	538452	538569	117	538510.5	5.7579156183224	7.32579264124141	13.0837082595638	0.143325	12.9403832595638	6.92079857638893	10.507946007102	17.428744583491	0.878325	16.550419583491	14.3122493082896	17.3957325437518	178.831433094689
16	538943	539153	210	539048	126.948639580382	81.2846087821866	208.233248362568	0.25725	207.975998362568	128.853311667603	82.2158951342783	211.069206801881	0.99225	210.076956801881	230.024434284478	220.806640925051	2874.15334541881
16	543915	544073	158	543994	41.5964904075927	44.7972435008761	86.3937339084688	0.19355	86.2001839084688	51.5723442124527	54.6378992870497	106.210243499502	0.92855	105.281693499502	95.3386385682678	110.658957776362	1191.25547614553
16	544359	544575	216	544467	38.2515394275148	46.2091228099261	84.4606622374409	0.2646	84.1960622374409	48.4698896786137	55.5445859996466	104.01447567826	0.9996	103.01487567826	93.1220512829801	108.276362196545	1163.55923691233
16	551778	551958	180	551868	159.478762854678	108.711906837876	268.190669692554	0.2205	267.970169692554	163.754700191244	111.962859195495	275.717559386739	0.9555	274.762059386739	296.378847434058	288.795536218905	3703.25117204928
16	558091	558255	164	558173	13.2382059954149	10.7031431465075	23.9413491419224	0.2009	23.7404491419224	16.1416634455363	11.8817258744955	28.0233893200318	0.9359	27.0874893200318	26.2572769287064	28.4709832953742	328.08445138005
16	565158	565243	85	565200.5	10.0502527145515	8.2883785346414	18.3386312491929	0.104125	18.2345062491929	11.7968271186782	9.42466188252256	21.2214890012008	0.839125	20.3823640012008	20.1676251944959	21.4233935874329	251.994304875569
16	566883	567139	256	567011	127.114137155031	287.344188999644	414.458326154675	0.3136	414.144726154675	128.355318965636	292.025420396666	420.380739362302	1.0486	419.332139362302	458.050001421583	440.749535475354	5723.33086287158
16	569188	569360	172	569274	9.76935683105256	43.6571602086828	53.4265170397354	0.2107	53.2158170397353	11.1216370135217	48.942782748413	60.0644197619347	0.9457	59.1187197619347	58.8574561772825	62.1382093740675	735.423413173425
16	572398	572581	183	572489.5	57.4015587858961	13.2708055176722	70.6723643035683	0.224175	70.4481893035683	62.8135794732741	15.664070444614	78.4776499178881	0.959175	77.5184749178881	77.9167068243568	81.4777323359361	973.568587527889
16	576082	576313	231	576197.5	23.5559547898381	28.7939780271314	52.3499328169695	0.282975	52.0669578169695	33.4583096718175	39.5973197052394	73.0556293770569	1.017975	72.0376543770569	57.5868014148588	75.7169787932462	719.546592749314
16	582818	583044	226	582931	19.5831130114371	57.2318612727961	76.8149742842332	0.27685	76.5381242842332	20.4721999819565	59.0570345250647	79.5292345070211	1.01185	78.5173845070211	84.6522621758672	82.5276612492356	1057.72929422418
16	585803	586401	598	586102	68.8506910000084	123.034896935889	191.885587935897	0.73255	191.153037935897	82.9212847968633	132.19296272535	215.114247522214	1.46755	213.646697522214	211.417998995782	224.558706213075	2641.66609510701
16	587389	587508	119	587448.5	15.8828672381689	5.28032261740007	21.163189855569	0.145775	21.017414855569	28.7207790998543	9.10886651047216	37.8296456103265	0.880775	36.9488706103265	23.2455619895443	38.8360348019258	290.453098890187
16	588525	588633	108	588579	10.9754391560367	15.4350738005369	26.4105129565736	0.1323	26.2782129565736	25.7997219076554	27.4406978593169	53.2404197669723	0.8673	52.3731197669723	29.0640800714186	55.0480777452265	363.155432720151
16	593970	594308	338	594139	51.6304433610155	40.5694054594199	92.1998488204354	0.41405	91.7857988204354	53.4818162293313	42.3678791029685	95.8496953322997	1.14905	94.7006453322997	101.516408697378	99.537482394987	1268.44666124306
16	599627	599758	131	599692.5	13.832397287601	4.1081397956221	17.9405370832231	0.160475	17.7800620832231	15.84206783608	5.43862029756339	21.2806881336434	0.895475	20.3852131336434	19.6650034351867	21.4263882393632	245.714050277867
16	603595	603784	189	603689.5	38.4892359440961	48.6670867887097	87.1563227328058	0.231525	86.9247977328058	39.6726186017416	50.8396549499406	90.5122735516822	0.966525	89.5457485516822	96.1400718410018	94.1192991740783	1201.26937805609
16	607396	607713	317	607554.5	61.6950958645395	69.4383823874498	131.133478251989	0.388325	130.745153251989	71.5782510278889	80.5612193833859	152.139470411275	1.123325	151.016145411275	144.606012948652	158.729297593357	1806.85089902246
16	608163	608771	608	608467	394.605317098538	236.231438051898	630.836755150436	0.7448	630.091955150436	399.680742718683	243.268034931275	642.948777649957	1.4798	641.468977649958	696.890731006419	674.232016537119	8707.64374290916
16	610077	610358	281	610217.5	129.183306831557	64.9305484493054	194.113855280862	0.344225	193.769630280862	133.833138688736	67.3768125995489	201.209951288285	1.079225	200.130726288285	214.311987622558	210.352406519682	2677.82645832723
16	614561	614806	245	614683.5	83.3052791694642	146.691650248535	229.996929417999	0.300125	229.696804417999	95.0639068479514	156.805002038375	251.868908886327	1.035125	250.833783886327	254.047957019987	263.645123642442	3174.32705719768
16	615086	615288	202	615187	66.6062238924494	41.2482955103541	107.854519402803	0.24745	107.607069402803	79.4229360648141	49.9722676614146	129.395203726229	0.98245	128.412753726229	119.014960665026	134.971437295547	1487.0909189031
16	619990	620071	81	620030.5	10.4749464907067	10.7449425339416	21.2198890246483	0.099225	21.1206640246483	17.0385503017492	15.4309738606211	32.4695241623703	0.834225	31.6352991623703	23.3597570500071	33.2510726023594	291.879965197153
16	621439	621622	183	621530.5	23.255459193571	25.3325287543243	48.5879879478953	0.224175	48.3638129478953	27.3528991459983	31.3805401213225	58.7334392673208	0.959175	57.7742642673208	53.4910701271682	60.7250857923179	668.370465225862
16	621924	622015	91	621969.5	8.05198199900899	3.59184736183609	11.6438293608451	0.111475	11.5323543608451	14.2372913539189	11.8373265251635	26.0746178790824	0.846475	25.2281428790824	12.7549491706105	26.5166707034931	159.372981150423
16	622734	623450	716	623092	311.630833081304	83.3725781832039	395.003411264508	0.8771	394.126311264508	319.645715624002	88.5202027452807	408.165918369282	1.6121	406.553818369282	435.909347708478	427.318561521406	5446.68358347613
16	627442	627774	332	627608	82.0566974673042	127.554530701108	209.611228168412	0.4067	209.204528168412	95.9197943050063	131.783368727909	227.703163032916	1.1417	226.561463032916	231.383205853389	238.133093590754	2891.13118458877
16	631290	631432	142	631361	39.3824228545312	9.01766784697945	48.4000907015107	0.17395	48.2261407015107	42.7551734272089	9.89575497870035	52.6509284059092	0.90895	51.7419784059092	53.3388026499563	54.3847008284681	666.467884396184
16	639059	639469	410	639264	159.987255402771	168.406932013252	328.394187416022	0.50225	327.891937416022	162.391320171442	170.937694925174	333.329015096616	1.23725	332.091765096616	362.653181157355	349.053357617937	4531.34840693104
16	641311	641939	628	641625	261.576766618642	239.100995998813	500.677762617456	0.7693	499.908462617456	277.922927067296	246.226991568061	524.149918635357	1.5043	522.645618635357	552.905922861048	549.33975245035	6908.5547926079
16	643521	643725	204	643623	55.7853824707983	50.1532650089165	105.938647479715	0.2499	105.688747479715	57.3740591888999	51.7467416566756	109.120800845576	0.9849	108.135900845576	116.893269130387	113.658943810929	1460.58040126528
16	645080	645811	731	645445.5	144.020189398526	139.099561509836	283.119750908362	0.895475	282.224275908362	161.347435469468	144.264285821317	305.611721290785	1.630475	303.981246290785	312.144093156336	319.507093588466	3900.23778294992
16	646187	646368	181	646277.5	16.2649616386137	11.0045387295854	27.269500368199	0.221725	27.047775368199	42.3850788509079	25.7976219384302	68.1827007893381	0.956725	67.2259757893381	29.9152271257634	70.6595436402457	373.790507908134
16	647092	647290	198	647191	65.5616392007336	68.8869904680433	134.448629668777	0.24255	134.206079668777	93.0149368754014	88.2947060499122	181.309642925314	0.97755	180.332092925314	148.433847157356	189.542557622703	1854.67965482781
16	648373	648618	245	648495.5	116.222096776794	32.3373260997197	148.559422876513	0.300125	148.259297876513	120.214838263567	33.5049089889092	153.719747252476	1.035125	152.684622252476	163.976907864177	160.482991917453	2048.89006585444
16	653746	654236	490	653991	591.662829240403	469.281822721816	1060.94465196222	0.60025	1060.34440196222	596.365660320884	473.631458978331	1069.99711929921	1.33525	1068.66186929921	1172.75610228286	1123.24379235549	14653.5775002406
16	656537	656891	354	656714	333.657210286948	220.657166291293	554.314376578242	0.43365	553.880726578242	343.90696007789	233.501478059189	577.408438137079	1.16865	576.239788137079	612.600020172168	605.671245066189	7654.43202961623
16	657322	657492	170	657407	34.1908989357951	26.0079188565499	60.198817792345	0.20825	59.990567792345	48.2121934551261	32.4876238971205	80.6998173522466	0.94325	79.7565673522465	66.3504275853133	83.830135379248	829.048027038946
16	658973	659142	169	659057.5	60.2629168529797	18.6038273627704	78.8667442157501	0.207025	78.6597192157501	68.8631908168248	22.3272727960499	91.1904636128747	0.942025	90.2484386128747	86.998776570534	94.8578791420358	1087.04897158144
16	664733	664935	202	664834	38.5881344947477	43.4898626604116	82.0779971551594	0.24745	81.8305471551594	45.2149373796141	52.3093334119497	97.5242707915638	0.98245	96.5418207915638	90.505757706427	101.472695921986	1130.86867097729
16	665378	665565	187	665471.5	20.8447945216207	20.5850983274425	41.4298928490632	0.229075	41.2008178490632	31.8572331354341	44.3753496836879	76.2325828191219	0.964075	75.2685078191219	45.5686949090483	79.1128481295309	569.38045441396
16	665830	666259	429	666044.5	49.3171772616989	189.727419563639	239.044596825338	0.525525	238.519071825338	51.2317492038385	198.599689541409	249.831438745248	1.260525	248.570913745248	263.805511187087	261.26667737062	3296.24761333213
16	667420	667612	192	667516	51.2749485707561	16.442259040338	67.7172076110941	0.2352	67.4820076110941	53.1532210448608	17.1105492466118	70.2637702914727	0.9702	69.2935702914726	74.6360673699574	72.8327405665606	932.577025512726
16	670942	671099	157	671020.5	54.2379051489238	26.2129158523394	80.4508210012632	0.192325	80.2584960012632	57.0097645276017	27.3117997483058	84.3215642759076	0.927325	83.3942392759076	88.767046604241	87.6536014579596	1109.14349057804
16	672153	672481	328	672317	65.3253426636357	62.0762902781735	127.401632941809	0.4018	126.999832941809	71.0753583977301	63.2597729343535	134.335131332084	1.1368	133.198331332084	140.463635018764	140.001438358593	1755.09192210243
16	673499	673650	151	673574.5	30.0532595724862	13.5143019492563	43.5675615217426	0.184975	43.3825865217426	35.4028811743166	17.6588412114479	53.0617223857645	0.919975	52.1417473857645	47.9817623236726	54.8048880157337	599.531711188212
16	675740	675825	85	675782.5	8.46567593636571	19.2259182460907	27.6915941824564	0.104125	27.5874691824564	11.3534336165657	25.4064276713431	36.7598612879088	0.839125	35.9207362879088	30.5121362176239	37.7553885015945	381.248881922262
16	676864	677176	312	677020	403.297289718548	496.026530780793	899.323820499342	0.3822	898.941620499342	424.909872988302	510.438919568677	935.348792556979	1.1172	934.231592556979	994.242313238726	981.947486954076	12423.04922797
16	678276	679650	1374	678963	1249.09079469931	935.766686432786	2184.8574811321	1.68315	2183.1743311321	1254.98700829089	945.2602473056	2200.24725559649	2.41815	2197.82910559649	2414.62209301474	2310.08326435222	30170.6824674877
16	682008	682165	157	682086.5	37.4676509153225	16.7365547274641	54.2042056427866	0.192325	54.0118806427867	40.4821067387739	17.9622367652164	58.4443435039903	0.927325	57.5170185039903	59.7379139290809	60.4547011972727	746.424725276215
16	684390	684515	125	684452.5	10.6704436257157	15.6668704035809	26.3373140292966	0.153125	26.1841890292966	12.8852111685188	19.5702132004825	32.4554243690014	0.888125	31.5672993690014	28.960088260578	33.1795997183935	361.856055930232
16	685481	685909	428	685695	375.211601311503	315.126781848524	690.338383160028	0.5243	689.814083160028	381.392110736756	319.903311848955	701.29542258571	1.2593	700.03612258571	762.944260345524	735.790479391425	9532.9820288928
16	687870	688348	478	688109	574.930574449924	295.984062383164	870.914636833087	0.58555	870.329086833087	580.211197062927	297.604138641108	877.815335704036	1.32055	876.494785704036	962.596441013836	921.261771714209	12027.6343243021
16	689780	689965	185	689872.5	62.562383154531	14.3848891908874	76.9472723454184	0.226625	76.7206473454184	73.5538220760927	17.6608411821385	91.2146632582313	0.961625	90.2530382582313	84.8541352969174	94.8627137143568	1060.25169715073
16	692528	692663	135	692595.5	25.0998321644696	27.680794340727	52.7806265051966	0.165375	52.6152515051966	29.4287687243372	33.8020046350022	63.2307733593394	0.900375	62.3303983593394	58.1932220905577	65.5139245101764	727.123813922416
16	694884	695602	718	695243	832.291502851254	992.24005882116	1824.53156167241	0.87955	1823.65201167241	840.989175387732	1031.21438765627	1872.203563044	1.61455	1870.589013044	2016.98525608423	1966.12937853569	25202.2135799078
16	696853	697085	232	696969	71.9523455455711	109.588393993045	181.540739538616	0.2842	181.256539538616	74.9294019171077	117.092984014028	192.022385931136	1.0192	191.003185931136	200.472329961111	200.758676884353	2504.90005383098
16	698577	698725	148	698651	50.1987643421284	48.1641941585509	98.3629585006793	0.1813	98.1816585006793	60.8862077187144	58.0300495754264	118.916257294141	0.9163	117.999957294141	108.590321150228	124.026807109505	1356.8351370361
16	700166	700529	363	700347.5	218.111703594795	170.655599059261	388.767302654056	0.444675	388.322627654056	247.660970553242	176.349715612552	424.010686165795	1.179675	422.831011165795	429.490390474129	444.427112215412	5366.47876755476
16	703257	703360	103	703308.5	3.15045383041416	5.52871897717625	8.67917280759041	0.126175	8.55299780759041	4.78632985681457	7.91718397446056	12.7035138312751	0.861175	11.8423388312751	9.4597381314048	12.4471864874555	118.199347307329
16	703938	704136	198	704037	26.4263127250296	26.4316126473598	52.8579253723894	0.24255	52.6153753723894	39.5482204247844	41.6143901452738	81.1626105700582	0.97755	80.1850605700582	58.1933590894478	84.2805138954096	727.12552572238
16	704470	704881	411	704675.5	278.118624199374	252.439100530225	530.557724729599	0.503475	530.054249729599	290.046649395357	262.283456262176	552.330105657534	1.238475	551.091630657534	586.247595367134	579.238645017868	7325.15870633261
16	706705	706830	125	706767.5	24.4406418248381	15.886267188343	40.326909013181	0.153125	40.173784013181	29.69496482326	19.5640132913416	49.2589781146016	0.888125	48.3708531146016	44.4327807701583	50.8413952558673	555.187216932233
16	709862	710129	267	709995.5	76.7252755987585	70.6815641687452	147.406839767504	0.327075	147.079764767504	85.2314509416095	80.3071231071415	165.538574048751	1.062075	164.476499048751	162.67232734404	172.877139020617	2032.58934337692
16	711409	711570	161	711489.5	4.48083433382091	49.0000819086996	53.4809162425205	0.197225	53.2836912425205	5.93801297901359	53.5451153016897	59.4831282807033	0.932225	58.5509032807033	58.9325260181347	61.5413916564497	736.361410194901
16	712952	713393	441	713172.5	355.485390397152	303.792847946192	659.278238343344	0.540225	658.738013343344	359.752027870006	309.862558995184	669.61458686519	1.275225	668.33936186519	728.573681838162	702.474806080793	9103.52194345361
16	718543	718610	67	718576.5	6.10521052875021	18.6468267326189	24.7520372613691	0.082075	24.6699622613691	9.2824639664188	25.326828837856	34.6092928042748	0.817075	33.7922178042748	27.2853317578409	35.5181559003943	340.929987705886
16	719322	719588	266	719455	47.0932098537188	80.8325154075698	127.925725261289	0.32585	127.599875261289	49.6070730133056	88.0587095084179	137.665782521724	1.06085	136.604932521724	141.127290422136	143.582031761634	1763.38429070987
16	720500	720579	79	720539.5	12.4540174876191	9.53416027783453	21.9881777654536	0.096775	21.8914027654536	17.6502413374782	14.8739820232808	32.524223360759	0.831775	31.692448360759	24.2122051412806	33.3111406970228	302.531296830468
16	725039	725124	85	725081.5	13.3741040038432	8.7623715883206	22.1364755921638	0.104125	22.0323505921638	18.8176242295986	12.2964197971975	31.1140440267961	0.839125	30.2749190267961	24.3680954572685	31.821211028343	304.479144999767
16	726378	726476	98	726427	24.8379360025316	4.2069383477392	29.0448743502708	0.12005	28.9248243502708	30.5804518465362	5.16952424113919	35.7499760876754	0.85505	34.8949260876754	31.9912701962365	36.6771850280275	399.730648375361
16	729549	729745	196	729647	51.515945038977	54.3189039618942	105.834849000871	0.2401	105.594749000871	60.1298188035183	67.1414160492618	127.27123485278	0.9751	126.29613485278	116.789305465878	132.746712077323	1459.28137616353
16	731998	732110	112	732054	17.7872393297863	16.2710615492201	34.0583008790064	0.1372	33.9211008790064	27.6859942645226	31.4031397901266	59.0891340546493	0.8722	58.2169340546493	37.5172236288421	61.1903649465242	468.777389406836
16	736803	736913	110	736858	11.8751259712164	19.7684102959239	31.6435362671403	0.13475	31.5087862671403	16.9130521409122	23.3616576372435	40.2747097781556	0.86975	39.4049597781556	34.8491691019763	41.417568765559	435.440070838899
16	739639	740005	366	739822	51.1183508656798	67.3384131622888	118.456764027969	0.44835	118.008414027969	53.8806103850428	68.5590952733146	122.439705658357	1.18335	121.256355658357	130.518996861695	127.449526075272	1630.83375310821
16	742209	742328	119	742268.5	15.7090697851532	12.4323178056258	28.141387590779	0.145775	27.995612590779	18.7751248524228	15.9556661713078	34.7307910237306	0.880775	33.8500160237306	30.9635486755301	35.5789061648867	386.889276735494
16	746873	747105	232	746989	41.6781892103049	34.1837990398434	75.8619882501483	0.2842	75.5777882501483	48.9147831587442	42.9089711733183	91.8237543320625	1.0192	90.8045543320625	83.59011676148	95.4423984809906	1044.45779632624
16	751960	752246	286	752103	167.398946785175	174.511842546398	341.910789331573	0.35035	341.560439331573	173.837252432449	178.257287657275	352.094540089724	1.08535	351.009190089724	377.770740132404	368.936990412651	4720.24217744659
16	753028	753222	194	753125	111.172370780023	60.1690182290547	171.341389009078	0.23765	171.103739009078	114.80681751757	60.7264100605331	175.533227578103	0.97265	174.560577578103	189.243187095602	183.476262031479	2364.59200945525
16	754452	754711	259	754581.5	123.845585055335	90.4514744426871	214.297059498022	0.317275	213.979784498022	128.763412985059	92.1137500822038	220.877163067263	1.052275	219.824888067263	236.664707778756	231.052447944747	2957.12350612126
16	758408	758644	236	758526	103.639281176698	91.922252888576	195.561534065274	0.2891	195.272434065274	112.129256756955	94.8363101833578	206.965566940313	1.0241	205.941466940313	215.974110141846	216.45993084883	2698.59466503609
16	759509	759725	216	759617	78.0504561783696	14.3341899338799	92.3846461122495	0.2646	92.1200461122495	82.562990047637	14.9337811469306	97.4967711945677	0.9996	96.4971711945677	101.886090991565	101.425765846068	1273.06583835738
16	767556	767715	159	767635.5	30.8016486049198	18.7523251865496	49.5539737914694	0.194775	49.3591987914694	34.9205882422713	20.3146022915348	55.2351905338062	0.929775	54.3054155338062	54.5919811330803	57.0790655510459	682.126338859431
16	770730	771141	411	770935.5	160.02145490158	141.023233318618	301.044688220198	0.503475	300.541213220198	163.493004026375	147.052244964055	310.54524899043	1.238475	309.30677399043	332.402888287273	325.104622705479	4153.37125540409
16	774311	774467	156	774389	2.66696091595447	25.9510196904015	28.617980606356	0.1911	28.426880606356	3.47154912479473	28.6760797549188	32.1476288797135	0.9261	31.2215288797135	31.440537280413	32.8161689955148	392.849245287162
16	775385	775929	544	775657	497.394710730253	302.206271197316	799.600981927569	0.6664	798.934581927569	501.140155841129	313.661203326431	814.80135916756	1.4014	813.39995916756	883.633095573933	854.944375844815	11040.9879961955
16	779051	779163	112	779107	15.3571749421369	5.70001646682867	21.0571914089656	0.1372	20.9199914089656	22.3418725820915	12.021623824305	34.3634964063965	0.8722	33.4912964063965	23.1378102616169	35.2018649370277	289.106741968322
16	785217	786082	865	785649.5	2200.6955490268	1323.52530386902	3524.22085289582	1.059625	3523.16122789582	2204.63519129173	1327.9330392741	3532.56823056583	1.794625	3530.77360556583	3896.66680155532	3711.10792721099	48688.8184662231
16	787669	787836	167	787752.5	60.0546199055507	33.7592052622227	93.8138251677734	0.204575	93.6092501677734	64.6720522375416	35.0631861525132	99.7352383900548	0.939575	98.7956633900548	103.533172015833	103.84165356933	1293.64610171418
16	789614	789881	267	789747.5	197.898999809947	122.059311233	319.958311042947	0.327075	319.631236042947	202.627230518199	124.242579237425	326.869809755624	1.062075	325.807734755624	353.51672707085	342.448370320953	4417.18849100872
16	792288	792641	353	792464.5	37.7800463371989	61.8254939535686	99.6055402907674	0.432425	99.1731152907674	39.8475160386371	63.1088751457455	102.956391184383	1.167425	101.788966184383	109.686886566685	106.987839354525	1370.53671256647
16	797328	797507	179	797417.5	46.3779203362152	46.1102242592744	92.4881445954896	0.219275	92.2688695954896	48.9337828803052	48.0666955873828	97.000478467688	0.954275	96.046203467688	102.050691896526	100.951764934907	1275.12252526164
16	802048	802198	150	802123	34.3885960385639	10.2916491769105	44.6802452154743	0.18375	44.4964952154743	36.8553598883863	11.4858316762854	48.3411915646717	0.91875	47.4224415646717	49.2137613001772	49.8445435699776	614.925527896806
16	812715	813151	436	812933	528.165259790934	573.843090386894	1102.00835017783	0.5341	1101.47425017783	532.771392288522	593.244906055225	1126.01629834375	1.2691	1124.74719834375	1218.24630376039	1182.19368052994	15221.9771798968
16	814092	814340	248	814216	41.3045946852953	44.1172534660621	85.4218481513574	0.3038	85.1180481513574	43.3613645435387	45.1221387395689	88.4835032831076	1.0388	87.4447032831076	94.1417809149408	91.9109429828615	1176.30074997045
16	818122	818240	118	818181	14.5729864343411	10.5702450941152	25.1432315284562	0.14455	24.9986815284562	17.8391385692082	14.2467912146994	32.0859297839076	0.87955	31.2063797839076	27.6488999774694	32.8002461593843	345.472769510713
16	821560	821736	176	821648	18.7991245007103	81.3416079468696	100.14073244758	0.2156	99.9251324475799	23.2110598442391	87.2795209273486	110.490580771588	0.9506	109.539980771588	110.5186283178	115.134737142919	1380.92931865603
16	822039	822606	567	822322.5	381.08171528557	332.742723688658	713.824438974228	0.694575	713.129863974228	386.803631431461	338.84973419103	725.653365622491	1.429575	724.223790622491	788.731848018682	761.213532982441	9855.19771702889
16	825186	825438	252	825312	51.3917468590889	52.2607341241674	103.652480983256	0.3087	103.343780983256	54.1950057776098	60.1236188943774	114.318624671987	1.0437	113.274924671987	114.299702584195	119.060443366227	1428.17380938085
16	828824	828942	118	828883	9.12766623496408	15.9467663017345	25.0744325366986	0.14455	24.9298825366986	19.5548134261647	35.273883064771	54.8286964909357	0.87955	53.9491464909357	27.5728073067622	56.7046000607828	344.521992238919
16	829353	829736	383	829544.5	89.7469847669128	43.5560616902715	133.303046457184	0.469175	132.833871457184	103.782879072285	63.0033766918148	166.7862557641	1.204175	165.5820807641	146.916165212915	174.039188340784	1835.7162318703
16	830524	830960	436	830742	38.5498350560222	14.7229842361383	53.2728192921605	0.5341	52.7387192921605	41.4735922086535	17.8674381544806	59.341030363134	1.2691	58.071930363134	58.3297792321141	61.0379551890113	728.830094242009
16	831862	832278	416	832070	22.7568665003971	114.100127874036	136.856994374433	0.5096	136.347394374433	31.4399392508342	138.281473498834	169.721412749668	1.2446	168.476812749668	150.802171904786	177.081768811494	1884.27185235691
16	837493	837705	212	837599	48.4835894778445	74.2927112477458	122.77630072559	0.2597	122.51660072559	49.4148758299361	75.8812879673129	125.296163797249	0.9947	124.301463797249	135.505115947232	130.650163163881	1693.13526857517
16	839521	841128	1607	840324.5	890.553349029724	662.175695881393	1552.72904491112	1.968575	1550.76046991112	892.988813338238	664.73765833609	1557.72647167433	2.703575	1555.02289667433	1715.16330062363	1634.44571743304	21430.9508194696
16	842995	843129	134	843062	23.4614561747059	27.0460036435212	50.507459818227	0.16415	50.343309818227	30.7513493420505	29.7647638003629	60.5161131424134	0.89915	59.6169631424134	55.6804220300361	62.6619005436345	695.726398587901
16	857003	857268	265	857135.5	195.170739792325	5.38192112848405	200.552660920809	0.324625	200.228035920809	201.908641049056	8.51197525785378	210.42061630691	1.059625	209.36099130691	221.455076803063	220.05410748031	2767.07929674258
16	860181	861132	951	860656.5	658.069456057927	403.140192020799	1061.20964807873	1.164975	1060.04467307873	662.155996170091	403.550286010913	1065.706282181	1.899975	1063.806307181	1172.4245978429	1118.14023231993	14649.4353550893
16	866499	866720	221	866609.5	23.6387535764302	69.940775024936	93.5795286013661	0.270725	93.3088036013662	24.7751369228459	71.7551484354751	96.530285358321	1.005725	95.524560358321	103.200873808277	100.403478894903	1289.49403844363
16	870068	870258	190	870163	37.3098532278319	32.6199219583056	69.9297751861375	0.23275	69.6970251861375	39.0251280906503	33.6405070017339	72.6656350923842	0.96775	71.6978850923842	77.085908547021	75.3598557866099	963.187770135161
16	876645	876831	186	876738	39.5981196935156	56.3799737571225	95.9780934506381	0.22785	95.7502434506381	42.8804715909768	61.0985046075247	103.978976198502	0.96285	103.016126198502	105.90114126505	108.277676587129	1323.23385729614
16	877680	878069	389	877874.5	76.7202756720319	70.6189650861285	147.33924075816	0.476525	146.86271575816	79.7553311935968	73.4378237760362	153.193154969633	1.211525	151.981629969633	162.432268029603	159.74409429187	2029.58980428955
16	878579	878633	54	878606	6.21010899147373	3.9016428218146	10.1117518132883	0.06615	10.0456018132883	16.054664720494	8.70807238407001	24.762737104564	0.80115	23.961587104564	11.1105795492826	25.1854255713609	138.826596750236
16	882849	883228	379	883038.5	101.958905802431	78.6460474500391	180.60495325247	0.464275	180.14067825247	115.107313113837	87.1334230683981	202.240736182235	1.199275	201.041461182235	199.238171389418	211.30965721375	2489.47925299892
16	883591	883726	135	883658.5	17.4915436631767	5.04262610081875	22.5341697639955	0.165375	22.3687947639955	24.4923410671909	8.38707708822397	32.8794181554148	0.900375	31.9790431554148	24.7402075322348	33.6123733256648	309.128682204204
16	887864	888069	205	887966.5	21.7853807374238	68.1208016964631	89.9061824338869	0.251125	89.6550574338869	23.8262508286767	76.1997832997956	100.026034128472	0.986125	99.0399091284723	99.1597781923858	104.09837416297	1239.00058317354
16	888709	888961	252	888835	287.307789533075	195.636932960311	482.944722493386	0.3087	482.636022493386	294.540083544529	199.734472911273	494.274556455802	1.0437	493.230856455802	533.802356586418	518.422630794775	6669.85589486491
16	892077	892343	266	892210	110.579879462924	79.6617325652753	190.2416120282	0.32585	189.9157620282	112.273454643749	81.3709075174873	193.644362161237	1.06085	192.583512161237	210.049554112898	202.419718303395	2624.56738796141
16	895845	895919	74	895882	9.52336043610513	6.83139988651779	16.3547603226229	0.09065	16.2641103226229	15.7243695609365	10.9600393817188	26.6844089426553	0.82565	25.8587589426553	17.9883390658363	27.1794954931831	224.764143276451
16	899736	900155	419	899945.5	197.104311456026	248.459358852942	445.563670308967	0.513275	445.050395308967	213.665368755387	258.961604943575	472.626973698962	1.248275	471.378698698962	492.232114354662	495.454373710765	6150.43607256679
16	900501	900680	179	900590.5	93.0734360181024	46.4580191623749	139.531455180477	0.219275	139.312180180477	113.931130350678	53.7045129657329	167.63564331641	0.954275	166.68136831641	154.081267488793	175.194622023429	1925.24412372467
16	901589	901944	355	901766.5	149.587307812963	95.8695950406715	245.456902853634	0.434875	245.022027853634	156.89800067549	97.3219737562066	254.219974431696	1.169875	253.050099431696	270.997873735471	265.974637541792	3386.11612205907
16	906735	906904	169	906819.5	76.4607794749228	18.5252285146286	94.9860079895514	0.207025	94.7789829895514	83.7510726364055	21.3550870433349	105.10615967974	0.942025	104.16413467974	104.826913277862	109.484319620971	1309.81138775406
16	911040	911258	218	911149	103.770479254003	84.7074586206645	188.477937874668	0.26705	188.210887874668	105.590652579545	86.1381376542064	191.728790233752	1.00205	190.726740233752	208.16393886989	200.468111718297	2601.00664157495
16	912482	912656	174	912569	35.7577759733688	37.1317558378313	72.8895318112001	0.21315	72.6763818112001	39.5719200774684	41.1508969377204	80.7228170151888	0.94815	79.7746670151888	80.3811196656473	83.8491594827813	1004.36140497062
16	919093	919309	216	919201	49.6029730733898	49.4572752085775	99.0602482819673	0.2646	98.7956482819673	50.9285536471391	51.5031452265569	102.431698873696	0.9996	101.432098873696	109.269402646214	106.612745039907	1365.32025453925
16	920702	921772	1070	921237	423.263397117241	452.11647427828	875.379871395521	1.31075	874.069121395521	438.919067684954	461.335139179668	900.254206864622	2.04575	898.208456864622	966.732972830977	944.084468996719	12079.3202540932
16	923458	923592	134	923525	22.9475637057486	17.8444384915383	40.7920021972869	0.16415	40.6278521972869	39.2201252329867	31.7177351797627	70.9378604127493	0.89915	70.0387104127493	44.9349866881386	73.6159387321393	561.462275596075
16	928096	928199	103	928147.5	0	3.81364411142691	3.81364411142691	0.126175	3.68746911142691	1.34138034220522	5.37072129261652	6.71210163482174	0.861175	5.85092663482174	4.07839367511421	6.14976281169326	50.959494202114
