Chr	Start	End	Length	Midpoint	WatsonHpM	CrickHpM	TotalHpM	BGHpM	Total-BGHpM	WatsonHpM300	CrickHpM300	TotalHpM300	BGHpM300	Total-BGHpM300	NormHpM	NormHpM300	NormHpChr
1	6329	6760	431	6544.5	153.157371486063	241.959190145677	395.11656163174	1.015867	394.10069463174	161.52989952526	258.376837306565	419.906736831825	2.430067	417.476669831825	453.465280235123	446.328921617912	16118.5732465827
1	9191	9576	385	9383.5	57.9473782895631	62.9903156420306	120.937693931594	0.907445	120.030248931594	63.8644394501911	73.6378056434567	137.502245093648	2.321645	135.180600093648	138.11077019115	144.523073559452	4909.19296911494
1	11130	11243	113	11186.5	7.73641071352399	8.33572703686295	16.0721377503869	0.266341	15.8057967503869	10.249879171859	11.425911202973	21.675790374832	1.680541	19.995249374832	18.1866719607055	21.3771420916648	646.451265151343
1	28177	28865	688	28521	145.696868287322	263.356472934909	409.053341222231	1.621616	407.431725222231	155.745141968133	266.770965934089	422.516107902222	3.035816	419.480291902221	468.804404486576	448.471016117157	16663.8074873547
1	29827	30075	248	29951	17.9442887414146	21.8405948635459	39.7848836049605	0.584536	39.2003476049605	24.3829641090401	23.0971290872659	47.480093196306	1.998736	45.481357196306	45.1052151242923	48.6246216329256	1603.27977790672
1	31066	31177	111	31121.5	3.45799418400437	8.20382344425756	11.6618176282619	0.261627	11.4001906282619	11.7234193060822	24.6644717763518	36.387891082434	1.675827	34.712064082434	13.1174359964254	37.1110513439847	466.263597526394
1	32971	33197	226	33084	129.366323498806	82.6015497853703	211.967873284176	0.532682	211.435191284176	150.776106628505	93.119036245942	243.895142874447	1.946882	241.948260874447	243.284316859268	258.669559683234	8647.62144305225
1	34454	35111	657	34782.5	438.17693444989	209.395003207943	647.571937657833	1.548549	646.023388657833	452.362620819755	213.992628431622	666.355249251377	2.962749	663.392500251377	743.335855446561	709.240253750907	26422.1186385299
1	36394	36567	173	36480.5	48.5612226425963	48.6217242904555	97.1829469330518	0.407761	96.7751859330518	58.2066853522059	51.7094083884721	109.916093740678	1.821961	108.094132740678	111.352726363358	115.564631956093	3958.06945829202
1	37240	37445	205	37342.5	43.5805869870152	39.3261711111918	82.906758098207	0.483185	82.423573098207	63.2748233910543	52.0975189592845	115.372342350339	1.897385	113.474957350339	94.8392864617612	121.317331014492	3371.09377964927
1	39003	39222	219	39112.5	147.366513762788	104.54774752518	251.914261287967	0.516183	251.398078287967	191.167406750189	122.528937271652	313.696344021841	1.930383	311.765961021841	289.266935009973	333.312434527431	10282.0888014958
1	42596	42658	62	42627	11.6372169582233	6.4144747084818	18.0516916667051	0.146134	17.9055576667051	36.8776044205603	36.3097889551976	73.1873933757579	1.560334	71.6270593757579	20.6027262466151	76.5772807920561	732.330713198528
1	45159	45276	117	45217.5	23.3110349133334	29.7913114140323	53.1023463273656	0.275769	52.8265773273656	65.7511908388839	77.2311035126734	142.982294351557	1.689969	141.292325351557	60.7840052502333	151.057186578718	2160.58755443978
1	45499	45719	220	45609	73.9455140243868	64.3163517587459	138.261865783133	0.51854	137.743325783133	123.776371247512	106.36989715434	230.146268401852	1.93274	228.213528401852	158.492021652315	243.985605402212	5633.65128787195
1	48350	48502	152	48426	37.1357114505182	65.4865836318833	102.622295082402	0.358264	102.264031082402	71.8730575777195	77.7977189453513	149.670776523071	1.772464	147.898312523071	117.668372942319	158.119720472339	4182.56120312798
1	52617	52829	212	52723	35.9320786676536	117.896611102837	153.828689770491	0.499684	153.329005770491	44.0650001807836	141.434952207218	185.499952388002	1.913884	183.586068388002	176.425419992875	196.273894684217	6271.09985849367
1	57366	57556	190	57461	32.8598949918157	50.747882199768	83.6077771915837	0.44783	83.1599471915837	73.5241025465709	113.564893121567	187.088995668138	1.86203	185.226965668138	95.6865828232227	198.028196101405	3401.21120883084
1	58423	58681	258	58552	190.137478698451	253.256197837756	443.393676536207	0.608106	442.785570536207	205.235289911496	309.313224640572	514.548514552068	2.022306	512.526208552068	509.483706987355	547.947433939512	18109.7667383887
1	61029	61405	376	61217	194.628801026801	307.073163628926	501.701964655727	0.886232	500.815732655727	228.843132908872	338.562321286518	567.40545419539	2.300432	565.10502219539	576.255128824626	604.160024700156	20483.1789941286
1	62616	62751	135	62683.5	33.3465082455062	42.3494534551237	75.6959617006299	0.318195	75.3777667006299	57.0833547564998	48.389417963221	105.472772719721	1.732395	103.740377719721	86.7321488289659	110.909984346024	3082.9228932551
1	67796	68683	887	68239.5	527.131557271369	773.764774721658	1300.89633199303	2.090659	1298.80567299303	556.102146331715	816.040226161218	1372.14237249293	3.504859	1368.63751349293	1494.44871957178	1463.22549168843	53120.6736206784
1	69613	70547	934	70080	405.93715634795	335.001724307962	740.938880655912	2.201438	738.737442655912	433.240299992752	357.417534838427	790.657834831179	3.615638	787.042196831179	850.01570922672	841.435510925582	30214.0892965671
1	70813	71700	887	71256.5	552.307542979621	131.45208030773	683.759623287351	2.090659	681.668964287351	580.410908419744	144.716041572937	725.126949992681	3.504859	721.622090992681	784.350832487101	771.494152758696	27880.009552013
1	73183	73353	170	73268	40.4233009932795	15.4272201850252	55.8505211783047	0.40069	55.4498311783047	74.3208242465611	35.9886802092871	110.309504455848	1.81489	108.494614455848	63.802407802798	115.992791383856	2267.8776706885
1	73635	73843	208	73739	37.9306331014813	39.9514881427017	77.8821212441829	0.490256	77.3918652441829	60.9409598245459	54.1325743872752	115.073534211821	1.904456	113.169078211821	89.0496371585078	120.990312246964	3165.29878180924
1	74874	75086	212	74980	46.7470732313344	43.6117878368203	90.3588610681547	0.499684	89.8591770681547	68.6427695956579	58.1903849082372	126.833154503895	1.913884	124.919270503895	103.394938060144	133.552572688097	3675.20724317457
1	76164	76629	465	76396.5	472.047056956868	296.177266861744	768.224323818613	1.096005	767.128318818613	500.967044639004	348.925203536196	849.892248175201	2.510205	847.382043175201	882.683189367221	905.945507520521	31375.2656740682
1	79541	79633	92	79587	28.422374128835	20.9346701892379	49.3570443180729	0.216844	49.1402003180729	44.4280100679387	27.8622588731998	72.2902689411385	1.631044	70.6592249411385	56.5423380663344	75.5425583016176	2009.81609260735
1	81915	82733	818	82324	218.43784950433	429.389695115367	647.827544619697	1.928026	645.899518619697	246.446612367801	457.371357240705	703.817969608506	3.342226	700.475743608506	743.193326488046	748.886359063449	26417.0523995967
1	83442	83537	95	83489.5	7.25509760419135	27.9013599381799	35.1564575423712	0.223915	34.9325425423713	14.6703995718049	57.3536621187533	72.0240616905581	1.638115	70.3859466905581	40.1945376120278	75.2503935036845	1428.72812285886
1	84473	84643	170	84558	26.5970244125149	37.1378115077166	63.7348359202316	0.40069	63.3341459202316	31.8518675365751	55.5837139113819	87.435581447957	1.81489	85.620691447957	72.8743608407154	91.5380274963413	2590.3432395087
1	87041	87314	273	87177.5	162.578128075442	138.063760387415	300.641888462857	0.643461	299.998427462857	175.537981057774	148.281138674061	323.819119731834	2.057661	321.761458731834	345.188102514409	343.998731598194	12269.8251811969
1	92239	92946	707	92592.5	734.152195809691	841.672024284251	1575.82422009394	1.666399	1574.15782109394	808.009007418126	864.076034493315	1672.08504191144	3.080599	1669.00444291144	1811.27799874521	1784.35109554805	64382.4750542327
1	94473	94607	134	94540	28.7689835692977	17.1212663250823	45.8902498943799	0.315838	45.5744118943799	37.0537092170562	21.9846987884469	59.0384080055031	1.730038	57.3083700055031	52.4394240932442	61.2690117379263	1863.97665950811
1	99806	99983	177	99894.5	47.3005883072032	50.8933861628012	98.1939744700043	0.417189	97.7767854700044	57.1444564207013	74.0313163613507	131.175772782052	1.831389	129.344383782052	112.505199883183	138.283510199582	3999.03451042216
1	100312	100418	106	100365	21.4219834619946	27.2258415393555	48.6478250013501	0.249842	48.3979830013501	38.5815508302671	45.4366375395217	84.0181883697888	1.664042	82.3541463697888	55.688318299032	88.045728051818	1979.45967774323
1	101169	101410	241	101289.5	62.0471899544935	63.7197355089477	125.766925463441	0.568037	125.198888463441	67.1209281458711	77.7623179811494	144.88324612702	1.982237	142.90100912702	144.057977607096	152.77704818204	5120.58842214025
1	105909	106156	247	106032.5	69.0729813131623	100.347633128344	169.420614441506	0.582179	168.838435441506	74.2073211551229	127.936284549407	202.14360570453	1.996379	200.14722670453	194.271082200159	213.979612072297	6905.42981926317
1	108453	108900	447	108676.5	337.900203252674	419.725131885524	757.625335138198	1.053579	756.571756138198	362.312568162491	477.395902641238	839.70847080373	2.467779	837.24069180373	870.536459560852	895.103276688317	30943.5061488651
1	110429	110618	189	110523.5	75.662460788179	67.808646876991	143.47110766517	0.445473	143.02563466517	83.22016663439	83.3937713627925	166.613937997182	1.859673	164.754264997182	164.570020778198	176.140605552321	5849.69577545083
1	113160	114371	1211	113765.5	525.271906620808	697.235290318703	1222.50719693951	2.854327	1219.65286993951	590.006169762039	803.260778092503	1393.26694785454	4.268527	1388.99842085454	1403.37288918889	1484.99356277497	49883.3531310949
1	114604	114848	244	114726	379.81884497395	176.630710820017	556.449555793967	0.575108	555.874447793967	513.258279410449	256.797894301526	770.056173711976	1.989308	768.066865711976	639.607505589347	821.14877471302	22735.0601628429
1	119642	119872	230	119757	130.546155633422	98.4230807100794	228.969236343501	0.54211	228.427126343501	140.388123695169	110.325404888922	250.713528584091	1.95631	248.757218584091	262.835798747961	265.949091622376	9342.58532813455
1	124432	124801	369	124616.5	135.165381445427	130.491154135368	265.656535580795	0.869733	264.786802580795	152.111743006699	133.464735125604	285.576478132302	2.283933	283.292545132302	304.67244354152	302.871190915242	10829.6826934424
1	128074	128209	135	128141.5	20.5204589075309	45.2190316126761	65.739490520207	0.318195	65.421295520207	40.2302957364726	79.2890595643992	119.519355300872	1.732395	117.786960300872	75.2759041293663	125.927341024632	2675.70688936275
1	128945	129302	357	129123.5	507.747729321801	615.037851539943	1122.78558086174	0.841449	1121.94413186174	575.962787268048	693.061976651828	1269.02476391988	2.255649	1266.76911491988	1290.94598688348	1354.31686093699	45887.1017339505
1	130477	130820	343	130648.5	749.56691565425	437.726922193086	1187.29383784734	0.808451	1186.48538684734	830.05790795521	476.273372067322	1306.33128002253	2.222651	1304.10862902253	1365.2092872974	1394.23694813585	48526.8152896034
1	131986	132204	218	132095	132.655113074252	57.334961609415	189.990074683667	0.513826	189.476248683667	161.058386682854	65.2863781789675	226.344764861821	1.928026	224.416738861821	218.017631984958	239.926415743315	7749.50877909323
1	135710	135780	70	135745	8.4856311197405	9.41395640416493	17.8995875239054	0.16499	17.7345975239054	26.6565260331368	25.5656963226443	52.222222355781	1.57919	50.643032355781	20.4060138578279	54.1430255921181	725.338506329829
1	136713	136859	146	136786	36.8881047065524	22.9764257997188	59.8645305062712	0.344122	59.5204085062712	56.1432291506747	35.1088562458738	91.2520853965485	1.758322	89.4937633965485	68.4861485672488	95.6787715212943	2434.36278403756
1	138451	138660	209	138555.5	108.765462401392	114.253011863582	223.018474264975	0.492613	222.525861264975	120.522282617202	140.827035649638	261.34931826684	1.906813	259.44250526684	256.045608172235	277.372849707375	9101.22576010686
1	139136	139483	347	139309.5	46.1637573437929	119.209346857296	165.373104201089	0.817879	164.555225201089	82.7937550203874	180.063204309469	262.856959329857	2.232079	260.624880329857	189.342678981302	278.636939954709	6730.24809811652
1	141638	142083	445	141860.5	259.216960188656	246.094402774809	505.311362963465	1.048865	504.262497963465	296.18196698976	267.991499177265	564.173466167025	2.463065	561.710401167025	580.221090868004	600.530797841797	20624.1504256265
1	143394	143631	237	143512.5	185.987665671654	129.562028829153	315.549694500807	0.558609	314.991085500807	198.80411474815	132.936020725221	331.740135473371	1.972809	329.767326473371	362.439150206678	352.557893280535	12883.0193725227
1	152054	152174	120	152114	9.51205907614817	17.4145743137946	26.9266333899428	0.28284	26.6437933899428	15.1604129181024	21.8760958304715	37.0365087485739	1.69704	35.3394687485739	30.6572289789719	37.7818166065539	1089.72133561934
1	154755	154915	160	154835	35.7946749252428	38.2257411392208	74.0204160644637	0.37712	73.6432960644637	45.6747440247328	46.2246590025471	91.8994030272798	1.79132	90.1080830272798	84.7364096085018	96.3355474278941	3011.98368311436
1	158677	158860	183	158768.5	64.639460559131	59.3697170292344	124.009177588365	0.431331	123.577846588365	78.8585478387235	70.8821305882375	149.740678426961	1.845531	147.895147426961	142.192753266802	158.116336633108	5054.28840654753
1	168984	169294	310	169139	315.049980890307	319.227194663408	634.277175553715	0.73067	633.546505553715	356.841419146994	379.389133270065	736.230552417059	2.14487	734.085682417059	728.979541513757	784.819116096575	25911.8187153321
1	170782	170931	149	170856.5	42.5734595562882	41.4773297014379	84.0507892577261	0.351193	83.6995962577261	61.2095671404959	61.8095834829011	123.019150623397	1.765393	121.253757623397	96.3075208686011	129.63373235676	3423.28265686063
1	171799	171947	148	171873	11.5691151033603	19.522731732835	31.0918468361953	0.348836	30.7430108361953	28.1748673875929	35.0657550719443	63.2406224595372	1.763036	61.4775864595372	35.3739240097853	65.7263671266006	1257.37781925694
1	175009	175397	388	175203	87.0914720755877	92.0410068840875	179.132478959675	0.914516	178.217962959675	123.991977119883	115.414843507926	239.406820627809	2.328716	237.078104627809	205.06347645989	253.462821815587	7289.04903988195
1	176231	176389	158	176310	18.0822925001678	17.6802815507564	35.7625740509241	0.372406	35.3901680509241	28.2399691607438	29.7678107739547	58.0077799346986	1.786606	56.2211739346986	40.7210966420051	60.1066784030722	1447.44483759596
1	179689	180587	898	180138	124.27148473272	156.27075628408	280.5422410168	2.116586	278.4256550168	130.532955273889	175.362676283068	305.895631556956	3.530786	302.364845556956	320.36575777878	323.261598083953	11387.5067343122
1	180982	181409	427	181195.5	213.979028061194	59.1808118841005	273.159839945295	1.006439	272.153400945295	230.707283682001	68.9488779330082	299.656161615009	2.420639	297.235522615009	313.148695010345	317.777782238073	11130.9738531226
1	182516	182658	142	182587	24.5237679440578	19.1674220554074	43.6911899994652	0.334694	43.3564959994652	61.028962221432	35.7937749007292	96.8227371221612	1.748894	95.0738431221612	49.8874167851494	101.6444964263	1773.26471635777
1	182951	183088	137	183019.5	32.7978933031005	17.456575457763	50.2544687608635	0.322909	49.9315597608635	65.032971277025	26.0108084459851	91.0437797230102	1.737109	89.3066707230102	57.4529023875342	95.4787486762893	2042.18240232653
1	184611	184857	246	184734	87.7202892024283	97.6686601622287	185.388949364657	0.579822	184.809127364657	96.8069366918112	104.417743984325	201.224680676136	1.994022	199.230658676136	212.647487994743	212.999699063345	7558.62523624273
1	188699	191684	2985	190191.5	1488.46044060163	1668.62734773561	3157.08778833723	7.035645	3150.05214333723	1529.64176224081	1706.3730758009	3236.01483804171	8.449845	3227.56499304171	3624.55407308645	3450.62540471145	128835.972365847
1	192005	192597	592	192301	653.290493411848	248.254761615638	901.545255027487	1.395344	900.149911027487	728.747148594582	264.591406570302	993.338555164884	2.809544	990.529011164885	1035.74222836406	1058.98551304094	36815.799797966
1	198294	198800	506	198547	19.9209425787445	166.896545694455	186.8174882732	1.192642	185.6248462732	21.8749958005105	196.094540948573	217.969536749083	2.606842	215.362694749083	213.586081122068	230.246637118207	7591.98783913857
1	202615	202883	268	202749	377.974794748292	1.03302813617413	379.007822884466	0.631676	378.376146884466	403.061478024249	2.30076266495238	405.362240689202	2.045876	403.316364689202	435.372096061848	431.189982891986	15475.4450357313
1	211281	211552	271	211416.5	40.3139980162381	27.1147385132868	67.4287365295249	0.638747	66.7899895295249	65.284278121769	52.3106247635621	117.594902885331	2.052947	115.541955885331	76.8507686778072	123.527181992465	2731.6859701963
1	220100	220246	146	220173	6.53527799875269	28.997589795754	35.5328677945067	0.344122	35.1887457945067	20.0409458472255	85.9383406682088	105.979286515434	1.758322	104.220964515434	40.4893335388285	111.423785000707	1439.20674150077
2	10535	10724	189	10629.5	35.4642659260251	46.1399566955442	81.6042226215693	0.445473	81.1587496215693	37.8076297512882	50.8334845312844	88.6411142825726	1.859673	86.7814412825726	93.3839387800793	92.778997972993	1220.44654188158
2	21364	21490	126	21427	5.42994789331875	7.45880315243789	12.8887510457566	0.296982	12.5917690457566	7.82721318667462	10.9427980446131	18.7700112312878	1.711182	17.0588292312878	14.4885054930581	18.2377828632482	189.352116188605
2	23803	23958	155	23880.5	11.3611094379932	19.5139314931464	30.8750409311396	0.365335	30.5097059311396	13.5455689352428	21.9514978841671	35.4970668194099	1.779535	33.7175318194099	35.1054756776904	36.0477859101376	458.797914841057
2	28718	28940	222	28829	19.8739412985894	23.1370301740359	43.0109714726253	0.523254	42.4877174726253	36.8996050197818	44.3000065815589	81.1996116013408	1.937454	79.2621576013408	48.8877715079346	84.7400486871914	638.920487362046
2	36538	36676	138	36607	20.7888662180335	17.1919682507623	37.9808344687958	0.325266	37.6555684687958	27.4395473599754	21.7873934145193	49.2269407744948	1.739466	47.4874747744947	43.3277412110914	50.7693841071314	566.255746110131
2	45043	45509	466	45276	74.5879315216552	81.0422073141832	155.630138835838	1.098362	154.531776835838	78.7494448671295	84.0740898923562	162.823534759486	2.512562	160.310972759486	177.80936811993	171.390232714281	2323.81318748154
2	48638	48814	176	48726	19.7931390978122	29.7689108039158	49.562049901728	0.414832	49.147217901728	25.7369009856772	35.5852692217434	61.3221702074206	1.829032	59.4931382074206	56.5504127299472	63.6047715683853	739.064517515971
2	49408	49579	171	49493.5	18.2214962916058	18.6975092565805	36.9190055481862	0.403047	36.5159585481862	25.589896981788	23.9634526829752	49.5533496647631	1.817247	47.7361026647631	42.0164683840013	51.0351949324222	549.118555194954
2	60846	60994	148	60920	14.159085645352	16.3310448021347	30.4901304474867	0.348836	30.1412944474867	15.8761324118679	21.4790850172468	37.3552174291148	1.763036	35.5921814291148	34.6815692523729	38.0519945262696	453.257827995089
2	62676	62925	249	62800.5	46.2554598414572	51.2998972347807	97.5553570762379	0.586893	96.9684640762379	52.3179249623947	54.6225877335727	106.940512695967	2.001093	104.939419695967	111.575118580771	112.191893374493	1458.1893782893
2	69542	69795	253	69668.5	22.9089239611982	41.577332425172	64.4862563863702	0.596321	63.8899353863702	25.9432066047408	47.9437058235377	73.8869124282785	2.010521	71.8763914282785	73.5138705636044	76.843844444993	960.762099797191
2	71114	71604	490	71359	109.037369807226	150.039186557308	259.076556364533	1.15493	257.921626364533	115.294940242169	159.787652072363	275.082592314532	2.56913	272.513462314532	296.773144963324	291.347154345668	3878.56587787314
2	74727	75225	498	74976	108.925866770262	137.238337905713	246.164204675975	1.173786	244.990418675975	117.267193959654	143.177799676458	260.444993636112	2.587986	257.857007636112	281.894070152888	275.677776667639	3684.10936173112
2	80826	80922	96	80874	3.64349923653128	4.25111578594019	7.89461502247147	0.226272	7.66834302247147	5.92406135128936	7.44430275749643	13.3683641087858	1.640472	11.7278921087858	8.82344884185856	12.5384190687212	115.314772188775
2	84366	84517	151	84441.5	5.75665679175833	20.3053530487787	26.062009840537	0.355907	25.706102840537	7.73561069173411	24.824676139774	32.5602868315081	1.770107	30.7901798315081	29.5782912517562	32.9181215471384	386.562440442625
2	88116	88230	114	88173	6.28447116762736	6.23086970770584	12.5153408753332	0.268698	12.2466428753332	11.3180082640638	12.0606284905139	23.3786367545777	1.682898	21.6957387545777	14.0913919184835	23.19515408115	184.16218850773
2	89834	89936	102	89885	10.109175339565	10.9991995807992	21.1083749203642	0.240414	20.8679609203642	21.3110804413734	19.8506406639594	41.1617211053328	1.654614	39.5071071053328	24.0113653073639	42.2374848339903	313.807579098162
2	90469	90596	127	90532.5	9.89926962244693	9.10254792245668	19.0018175449036	0.299339	18.7024785449036	12.0502282072455	9.96767148548111	22.0178996927266	1.713539	20.3043606927266	21.5196897391438	21.7076164178862	281.243555022389
2	92219	92314	95	92266.5	6.09666605245456	7.51270462053061	13.6093706729852	0.223915	13.3854556729852	7.69760965671512	10.1357760640783	17.8333857207934	1.638115	16.1952707207934	15.4017475495619	17.3145429157364	201.287392471882
2	96166	96383	217	96274.5	24.3270625864727	31.7813656163425	56.1084282028152	0.511469	55.5969592028152	25.2481876747882	33.7867202353841	59.0349079101724	1.925669	57.1092389101724	63.9716981688742	61.0561184831359	836.054238324221
2	100146	100306	160	100226	5.70295532911308	8.23272423141674	13.9356795605298	0.37712	13.5585595605298	7.12949418318122	10.860095792085	17.9895899752662	1.79132	16.1982699752662	15.6009266018814	17.3177494518407	203.890488772961
2	101242	101826	584	101534	26.4755211031779	28.5297770541255	55.0052981573034	1.376488	53.6288101573034	30.6122337731662	30.4276287451529	61.039862518319	2.790688	58.249174518319	61.7070808499388	62.2748362402333	806.457667311205
2	107503	107892	389	107697.5	41.0088169407432	47.8085021410491	88.8173190817923	0.916873	87.9004460817923	41.8694403811996	50.5562769810933	92.4257173622929	2.331073	90.0946443622929	101.141157471236	96.321180002634	1321.82661697712
2	113471	113554	83	113512.5	3.97900837465947	2.8469775419885	6.82598591664797	0.195631	6.63035491664797	7.75361118200627	6.93708894271665	14.6907001247229	1.609831	13.0808691247229	7.62910543242152	13.9849017493948	99.7057466656681
2	116878	117384	506	117131	74.8861396438305	71.9233589477578	146.809498591588	1.192642	145.616856591588	76.4892833080132	73.5844041889826	150.073687496996	2.606842	147.466845496996	167.551566340082	157.658434306242	2189.75267479526
2	122135	122354	219	122244.5	18.6325074861533	19.9836442865258	38.6161517726791	0.516183	38.0999687726791	20.1148478600651	22.2132050121795	42.3280528722446	1.930383	40.3976698722446	43.8390828836183	43.1895953304857	572.938535293238
2	124808	125074	266	124941	35.2664605384789	60.5235484556794	95.7900089941583	0.626962	95.1630469941583	36.2948885493612	63.2849236661515	99.5798122155127	2.041162	97.5386502155127	109.497746035586	104.279648930547	1431.03993297685
2	126105	126625	520	126365	112.411561708741	127.8953834354	240.30694514414	1.22564	239.08130514414	115.81745447368	129.158417836162	244.975872309842	2.63984	242.336032309842	275.094848887473	259.084130410417	3595.24947651676
2	132202	132429	227	132315.5	58.5535948008397	64.4566555801449	123.010250380985	0.535039	122.475211380985	61.2253675708459	69.4362912084886	130.661658779335	1.949239	128.712419779335	140.924024766388	137.607870499888	1841.75395620454
2	135762	135864	102	135813	8.31292641585156	12.9940539138487	21.3069803297003	0.240414	21.0665663297003	16.0103360671192	24.9644799475544	40.9748160146736	1.654614	39.3202020146736	24.2398872532208	42.0376625359146	316.794161397094
2	136197	136476	279	136336.5	60.1569384704699	54.6294879215103	114.78642639198	0.657603	114.12882339198	70.9428322415441	66.7744187081321	137.717250949676	2.071803	135.645447949676	131.320394983595	145.020047539773	1716.24290033096
2	140530	141141	611	140835.5	60.9665605218219	33.5525138563987	94.5190743782205	1.440127	93.0789473782205	66.3332066910169	39.4895755617735	105.82278225279	2.854327	102.96845525279	107.09971215934	110.084713505436	1399.69972405214
2	142899	143096	197	142997.5	22.3280081390263	22.1907043993393	44.5187125383656	0.464329	44.0543835383656	31.2652515591504	30.7066363443712	61.9718879035216	1.878529	60.0933589035216	50.6904292454441	64.246474148152	662.479650004786
2	145806	146097	291	145951.5	39.1371659633342	42.49905752983	81.6362234931642	0.685887	80.9503364931642	42.0017439846999	45.2334320048938	87.2351759895937	2.100087	85.1350889895937	93.144131748617	91.0188645412866	1217.31247336734
2	146948	147133	185	147040.5	57.4476646790634	56.8140474214836	114.261712100547	0.436045	113.825667100547	61.2018669307684	58.7748008257398	119.976667756508	1.850245	118.126422756508	130.971573338461	126.29026408765	1711.68410600189
2	151223	151462	239	151342.5	71.5582490034043	143.820617184621	215.378866188025	0.563323	214.815543188025	72.655778896387	148.565646423084	221.221425319471	1.977523	219.243902319471	247.173861445848	234.396079026337	3230.34654980149
2	152108	152224	116	152166	3.24718844237271	10.1692769765292	13.4164654189019	0.273412	13.1430534189019	5.42304770538109	14.1115843515782	19.5346320569593	1.687612	17.8470200569593	15.1228315071018	19.0804463859615	197.642203331836
2	153718	153937	219	153827.5	7.9304159975683	49.3367437651549	57.2671597627232	0.516183	56.7509767627232	9.35905490883486	54.2475775195695	63.6066324284043	1.930383	61.6762494284043	65.299548901766	65.9387599022151	853.408087993266
2	158463	158661	198	158562	12.4304385628829	27.4263470004425	39.8567855633254	0.466686	39.3900995633254	14.1562855690874	33.4686115711857	47.6248971402731	1.880886	45.7440111402731	45.3235499969459	48.9054278672399	592.339224305341
2	159736	160143	407	159939.5	104.461945188216	127.384069508947	231.846014697162	0.959299	230.886715697162	111.229329508755	135.703396099117	246.932725607873	2.373499	244.559226607873	265.665883522522	261.460972004911	3472.02113207655
2	161531	161640	109	161585.5	10.6998914286628	8.88814208277059	19.5880335114334	0.256913	19.3311205114334	14.3963921087732	10.6453899442277	25.0417820530009	1.671113	23.3706690530009	22.2430259560119	24.9858405743175	290.696927797479
2	164167	164324	157	164245.5	32.4295832715875	37.6761261695778	70.1057094411653	0.370049	69.7356604411653	36.027481266096	50.0316626923837	86.0591439584797	1.784249	84.2748949584797	80.2401549529967	90.0992215958642	1048.66876372661
2	165667	165938	271	165802.5	50.4446739414059	47.9907071036928	98.4353810450987	0.638747	97.7966340450987	64.9815698770256	80.9927059659347	145.97427584296	2.052947	143.92132884296	112.528038309478	153.867883266799	1470.64320710381
2	170134	170565	431	170349.5	72.5554761644816	60.4426462521785	132.99812241666	1.015867	131.98225541666	83.5902767149302	70.7496269792897	154.33990369422	2.430067	151.90983669422	151.863143744277	162.408485298585	1984.71868977865
2	171223	171446	223	171334.5	51.2682963740807	52.4002272040279	103.668523578109	0.525611	103.142912578109	57.4629650957947	59.9275322222237	117.390497318018	1.939811	115.450686318018	118.679643029312	123.429604689351	1551.03930953234
2	172295	172458	163	172376.5	41.5673321527986	20.7260645075284	62.293396660327	0.384191	61.909205660327	48.5958235850083	22.7829205292931	71.3787441143014	1.798391	69.5803531143014	71.234777497987	74.3891245079876	930.976343414505
2	177638	177835	197	177736.5	26.6025245623203	56.6268423226532	83.2293668849735	0.464329	82.7650378849735	27.9081601233938	64.4379550708066	92.3461151942005	1.878529	90.4675861942005	95.2321871273288	96.7198962368336	1244.60153398629
2	181392	181597	205	181494.5	16.8836598534898	26.7961298354697	43.6797896889595	0.483185	43.1966046889595	21.3742821627734	38.8255574761785	60.1998396389519	1.897385	58.3024546389519	49.7034405605113	62.3317986060473	649.580569679643
2	182105	182323	218	182214	93.0525344346587	61.3029696844637	154.355504119122	0.513826	153.841678119122	109.931194151962	70.2351129656773	180.166307117639	1.928026	178.238281117639	177.015317735781	190.556516210386	2313.43564228401
2	186585	186640	55	186612.5	4.34551835714526	6.66278147151378	11.008299828659	0.129635	10.878664828659	11.9875264994642	18.1691948670928	30.156721366557	1.543835	28.612886366557	12.5173511803157	30.5903530405801	163.590850429973
2	191779	192331	552	192055	62.1345923350372	82.9937604678558	145.128352802893	1.301064	143.827288802893	64.1291466599155	89.1787289253676	153.307875585283	2.715264	150.592611585283	165.492430515521	161.000225376811	2162.84156749802
2	193071	194078	1007	193574.5	284.129238714421	297.447801466787	581.577040181209	2.373499	579.203541181208	295.682453384708	316.003506861113	611.685960245821	3.787699	607.898261245821	666.450731228322	649.910749514576	8709.92914721183
2	195926	196307	381	196116.5	158.809625434243	127.518773177817	286.32839861206	0.898017	285.43038161206	173.435723799434	133.2616295937	306.697353393133	2.312217	304.385136393133	328.425627633762	325.421513344915	4292.23618908242
2	201903	202008	105	201955.5	5.01433657347948	42.4660566309977	47.4803932044772	0.247485	47.2329082044772	8.28552566954839	58.713399153367	66.9989248229154	1.661685	65.3372398229154	54.34774474396	69.8527651938015	710.277570193668
2	203223	203339	116	203281	28.9571886953654	6.56837890030871	35.5255675956741	0.273412	35.2521555956741	54.5083846230682	13.0291548698794	67.5375394929477	1.687612	65.8499274929477	40.5622949510962	70.400885247994	530.113778135116
2	206991	207171	180	207081	53.0767456300897	51.6893078410016	104.766053471091	0.42426	104.341793471091	61.2323677615073	56.3941359845238	117.626503746031	1.83846	115.788043746031	120.059114995513	123.790277244072	1569.06780364778
2	209419	209548	129	209483.5	13.6116707356311	9.41575645319215	23.0274271888232	0.304053	22.7233741888232	21.729591840201	12.2645340442079	33.9941258844088	1.718253	32.2758728844088	26.1462651164594	34.5064924096911	341.708855520121
2	216404	216791	387	216597.5	32.4094827241169	114.786226386533	147.19570911065	0.912159	146.28355011065	36.6354978263998	135.826899462929	172.462397289329	2.326359	170.136038289329	168.318685930507	181.89431885765	2199.77825803339
2	217111	217585	474	217348	331.295423360926	131.113771093337	462.409194454262	1.117218	461.291976454262	337.293186719607	142.749888021599	480.043074741206	2.531418	477.511656741206	530.777789083854	510.512989622008	6936.80225590493
2	221913	222046	133	221979.5	7.62890778550974	7.59260679679423	15.221514582304	0.313481	14.908033582304	10.2495791636878	8.85584120300445	19.1054203666922	1.727681	17.3777393666922	17.1536759976308	18.5787332135646	224.183567595796
2	227333	227485	152	227409	22.1666037429193	16.4073468803439	38.5739506232633	0.358264	38.2156866232633	25.7777020969608	19.0864198491827	44.8641219461435	1.772464	43.0916579461435	43.9722316657903	46.0697677539152	574.678673617669
2	236033	236296	263	236164.5	34.7203456641665	32.8791955174964	67.5995411816629	0.619891	66.9796501816629	37.9313331205474	37.8699314481746	75.801264568722	2.034091	73.767173568722	77.0689984904993	78.8653005280323	1007.22451764983
2	241435	241626	191	241530.5	24.7922752572841	47.6324973472769	72.424772604561	0.450187	71.974585604561	26.5114220809985	52.7151357810668	79.2265578620653	1.864387	77.3621708620653	82.8163362195469	82.7087518658127	1082.3372034936
2	242591	242747	156	242669	24.3067620335546	11.7371196792338	36.0438817127884	0.367692	35.6761897127884	27.3989462541394	14.5361959165536	41.9351421706929	1.781892	40.1532501706929	41.0502026162328	42.9282835262604	536.490305302982
2	246681	246867	186	246774	46.3916635511832	36.4628931252346	82.8545566764178	0.438402	82.4161546764178	50.9691882273917	39.6156789964023	90.584867223794	1.852602	88.732265223794	94.8307505805476	94.8646454088185	1239.35510883327
2	251013	251754	741	251383.5	407.622502251042	451.557698896419	859.18020114746	1.746537	857.43366414746	410.021767598872	455.497706208822	865.519473807694	3.160737	862.358736807694	986.59150336941	921.957256203592	12893.8895089078
2	255848	256248	400	256048	95.994014550576	112.647968147648	208.641982698224	0.9428	207.699182698224	107.491227695571	123.961276283697	231.452503979268	2.357	229.095503979268	238.98554194345	244.928535239513	3123.33236351773
2	258035	258298	263	258166.5	74.1244188971472	147.709523105196	221.833942002343	0.619891	221.214051002343	75.9443684663856	157.378786463054	233.32315492944	2.034091	231.28906392944	254.536195942156	247.273694425196	3326.5658332626
2	269675	270152	477	269913.5	128.27809385913	177.857344229341	306.135438088471	1.124289	305.011149088471	139.059987521255	183.313492836278	322.373480357533	2.538489	319.834991357533	350.955905635953	341.939124037248	4586.68725030999
2	288076	288686	610	288381	335.634541543752	463.91713552545	799.551677069202	1.43777	798.113907069202	345.948622464248	482.834250763351	828.782873227599	2.85197	825.930903227599	918.336230964707	883.011856727185	12001.8526955144
2	289157	289302	145	289229.5	30.0083173245354	15.7562291461107	45.7645464706461	0.341765	45.4227814706461	50.9994890526832	28.9035872354439	79.9030762881271	1.755965	78.1471112881271	52.2649531178634	83.5479403503802	683.057302225364
2	291976	292477	501	292226.5	259.637171633787	211.125850350334	470.763021984121	1.180857	469.582164984121	262.725055737251	219.7417850191	482.466840756352	2.595057	479.871783756352	540.316753912138	513.036227497733	7061.46819728513
2	294115	294195	80	294155	10.6660905080407	12.9718533091797	23.6379438172204	0.18856	23.4493838172204	15.820430894748	19.1168206771979	34.9372515719459	1.60276	33.3344915719459	26.9816357820762	35.6382733482603	352.626420717733
2	296114	296271	157	296192.5	34.9263512750589	31.6294614789903	66.5558127540492	0.370049	66.1857637540492	38.4211464613974	35.9699796999488	74.3911261613463	1.784249	72.6068771613463	76.155526537071	77.624814815454	995.286236814486
2	297820	298205	385	298012.5	130.344950153268	111.998350454271	242.34330060754	0.907445	241.43585560754	134.014350095247	122.318731546363	256.33308164161	2.321645	254.01143664161	277.804072444439	271.56643421664	3630.65666285391
2	301314	302036	722	301675	888.306294443213	1356.62564987017	2244.93194431338	1.701754	2243.23019031338	904.627838986593	1361.43138076194	2266.05921974853	3.115954	2262.94326574853	2581.13477275871	2419.33765518185	33733.1777679917
2	306010	306228	218	306119	50.5730774386806	71.2574408104119	121.830518249092	0.513826	121.316692249092	53.1487475911783	76.8007917924452	129.949539383623	1.928026	128.021513383623	139.590994376041	136.869214836421	1824.33241293515
2	307100	307570	470	307335	55.2740054759772	128.194891592983	183.468897068961	1.10779	182.361107068961	63.0317167696565	135.782298248144	198.8140150178	2.52199	196.2920250178	209.830714960515	209.857973341801	2742.30423132173
2	308068	308269	201	308168.5	30.1822220611092	8.60843446448607	38.7906565255953	0.473757	38.3168995255953	39.7607829485406	12.3804372010158	52.1412201495564	1.887957	50.2532631495564	44.0886905752633	53.7263190260621	576.20068987865
2	311490	311689	199	311589.5	63.0745179354148	44.3942091473165	107.468727082731	0.469043	106.999684082731	65.3037786528972	57.826274991121	123.130053644018	1.883243	121.246810644018	123.117371749331	129.626305264329	1609.03654911023
2	315185	315500	315	315342.5	31.5239586054507	51.8655126402212	83.3894712456719	0.742455	82.6470162456719	36.0341814485862	58.8899039607578	94.924085409344	2.156655	92.767430409344	95.096387529742	99.1786851048384	1242.82675181894
2	318027	318180	153	318103.5	24.2150595358904	27.800857200827	52.0159167367174	0.360621	51.6552957367174	26.6833267630975	28.773383689142	55.4567104522395	1.774821	53.6818894522395	59.4362899531724	57.391901299016	776.780413026382
2	321657	321808	151	321732.5	15.8306311725689	34.3988369073611	50.22946807993	0.355907	49.8735610799299	17.8249854919997	39.1591665625557	56.9841520545554	1.770107	55.2140450545554	57.3861671889897	59.0299457866469	749.987098558549
2	323857	324393	536	324125	249.591298018346	293.268387633765	542.85968565211	1.263352	541.59633365211	255.013945712832	301.954124203697	556.968069916529	2.677552	554.290517916529	623.178635712281	592.598118655058	8144.40064174909
2	326171	326331	160	326251	23.2385329386261	31.2607514365824	54.4992843752084	0.37712	54.1221643752084	27.63195260044	42.6662620839136	70.2982146843536	1.79132	68.5068946843536	62.2747505133647	73.2414782368	813.876614152703
2	326743	326923	180	326833	45.5433404457461	27.6192522545258	73.1625927002718	0.42426	72.7383327002718	53.4038545394242	33.7976205322712	87.2014750716953	1.83846	85.3630150716953	83.6951288618915	91.2625428346724	1093.82225601324
2	331540	331787	247	331663.5	92.179610659183	55.6611160195522	147.840726678735	0.582179	147.258547678735	94.2322665665509	58.1588840502609	152.391150616812	1.996379	150.394771616812	169.440550346031	160.788712480016	2214.44004639092
2	332538	332710	172	332624	62.7248084105163	86.386352870538	149.111161281054	0.405404	148.705757281054	75.425454332929	90.599167613288	166.024621946217	1.819604	164.205017946217	171.105757529915	175.553399459923	2236.20285031241
2	336953	337088	135	337020.5	68.1796569820449	88.1200000891938	156.299657071239	0.318195	155.981462071239	73.1548924905443	104.801354432569	177.956246923114	1.732395	176.223851923114	179.477423849032	188.402867695295	2345.61321940184
2	338416	338656	240	338536	174.009739433668	159.892054915942	333.90179434961	0.56568	333.33611434961	181.01553024759	174.584855097863	355.600385345453	1.97988	353.620505345453	383.547546515436	378.059590435071	5012.63153928762
2	339404	339517	113	339460.5	17.4716758690469	15.9692349476645	33.4409108167113	0.266341	33.1745698167113	23.2925344094425	22.2553061588716	45.5478405683141	1.680541	43.8672995683141	38.1717561108889	46.8990147844735	498.871522787165
2	340845	340961	116	340903	8.84764097965824	20.3733549009179	29.2209958805762	0.273412	28.9475838805762	13.4031650566453	27.3284443339068	40.731609390552	1.687612	39.043997390552	33.3080464341766	41.7423691196868	435.307084049593
2	341294	341968	674	341631	239.055411056607	269.291534585809	508.346945642416	1.588618	506.758327642416	274.038763884194	304.806201884596	578.844965768791	3.002818	575.84214776879	583.092874958215	615.639204316067	7620.51474948441
2	342184	342567	383	342375.5	130.276048276616	92.7895272712378	223.065575547853	0.902731	222.162844547853	187.840016123382	141.507054171031	329.347070294412	2.316931	327.030139294412	255.62790914353	349.631536216454	3340.83357157765
2	344156	344338	182	344247	56.3596350448355	24.772374715261	81.1320097600965	0.428974	80.7030357600965	59.8991314486832	28.7886841058733	88.6878155545565	1.843174	86.8446415545565	92.8595793543927	92.8465660822526	1213.5936220311
2	347347	347780	433	347563.5	144.344531454264	159.87675449921	304.221285953475	1.020581	303.200704953475	151.030713563132	164.219472780091	315.250186343223	2.434781	312.815405343223	348.87274879759	334.43440704975	4559.46220933624
2	350741	351094	353	350917.5	315.025980236611	406.590574144829	721.61655438144	0.832021	720.78453338144	323.630514594872	411.047095525319	734.677610120191	2.246221	732.431389120191	829.358498655723	783.050492849847	10838.9914249408
2	356612	356806	194	356709	88.0053969677944	111.160727640274	199.166124608068	0.457258	198.708866608068	90.4090624354693	120.843491365836	211.252553801305	1.871458	209.381095801305	228.640987212242	223.851643575243	2988.13806550531
2	360357	360594	237	360475.5	95.1458914505864	100.08562599216	195.231517442747	0.558609	194.672908442747	100.624740675811	114.691423804433	215.316164480244	1.972809	213.343355480244	223.997080400139	228.087739188402	2927.44625828781
2	362644	362819	175	362731.5	28.5381772829192	25.7515013833424	54.2896786662616	0.412475	53.8772036662616	31.4759572980583	28.5330771440087	60.0090344420671	1.826675	58.1823594420671	61.9928906282077	62.2034035037804	810.19295155902
2	369833	369931	98	369882	15.2219145931989	31.3747545416393	46.5966691348382	0.230986	46.3656831348382	20.7789659483838	35.5254675929504	56.3044335413342	1.645186	54.6592475413342	53.3498869259264	58.4368056337083	697.236439789256
2	370993	371414	421	371203.5	103.734225367602	142.569583110706	246.303808478308	0.992297	245.311511478308	121.102098409413	152.274547440938	273.37664585035	2.406497	270.97014885035	282.263530140081	289.697180864602	3688.93788117058
2	375913	376251	338	376082	29.9254150665598	64.0760452136126	94.0014602801724	0.796666	93.2047942801724	34.3511356081399	69.7655001750216	104.116635783161	2.210866	101.905769783161	107.244515762677	108.948584725187	1401.59218071282
2	378749	379034	285	378891.5	161.602601505415	128.445298413214	290.047899918629	0.671745	289.376154918629	171.851280644589	137.217937350071	309.069217994661	2.085945	306.983272994661	332.965764767699	328.199209899894	4351.57181721254
2	379989	380197	208	380093	80.6088955122429	94.75178071635	175.360676228593	0.490256	174.870420228593	98.956695243925	108.766862439525	207.72355768345	1.904456	205.81910168345	201.211683191502	220.043476297124	2629.66101178875
2	381172	381299	127	381235.5	15.9986357484423	6.44097543027136	22.4396111787137	0.299339	22.1402721787137	34.5390407260364	16.6368531313139	51.1758938573503	1.713539	49.4623548573503	25.4753286780777	52.8807502298436	332.9403020971
2	382955	383050	95	383002.5	12.115129974949	12.9563528870009	25.0714828619499	0.223915	24.8475678619499	19.2493242861457	17.7129824414174	36.9623067275632	1.638115	35.3241917275632	28.5904325396054	37.7654837745516	373.651989621405
2	389906	389992	86	389949	4.6987279773744	4.93123431005637	9.62996228743077	0.202702	9.42726028743077	10.9267976088157	12.8836509068462	23.8104485156619	1.616902	22.1935465156619	10.8473171611227	23.7273658602352	141.764963985531
2	391570	391784	214	391677	15.4365204383325	43.6808897189206	59.1174101572531	0.504398	58.6130121572531	21.9911989654896	64.58265901205	86.5738579775396	1.918598	84.6552599775396	67.4420683479122	90.5058740414884	881.408946418408
2	392410	392822	412	392616	258.928352327959	316.45361912064	575.3819714486	0.971084	574.4108874486	276.999544525792	326.315887735306	603.315432261098	2.385284	600.930148261098	660.936145495459	642.461062911883	8637.85832673132
2	393208	393393	185	393300.5	184.600127879842	75.6048592193081	260.20498709915	0.436045	259.76894209915	201.64469211582	80.0969815694476	281.741673685268	1.850245	279.891428685268	298.89872748244	299.235019732997	3906.34538545044
2	400922	401132	210	401027	83.4287723160995	102.45139042754	185.880162743639	0.49497	185.385192743639	84.8038097674445	107.28122197573	192.085031743174	1.90917	190.175861743174	213.310327852861	203.319115589815	2787.7797336086
2	407289	407556	267	407422.5	198.841915777722	132.922620360241	331.764536137963	0.629319	331.135217137963	206.465323413426	137.390442048513	343.855765461939	2.043519	341.812246461939	381.015121466602	365.435250359284	4979.53495508054
2	408628	408789	161	408708.5	85.4690278857243	45.9147505616948	131.383778447419	0.379477	131.004301447419	110.013296388148	58.6638978051185	168.677194193266	1.793677	166.883517193266	150.737877595905	178.417012607387	1970.01244374302
2	410766	410945	179	410855.5	82.576849112608	64.4779561603003	147.054805272908	0.421903	146.632902272908	92.2578127891432	66.7094169377049	158.967229726848	1.836103	157.131126726848	168.720662070913	167.990624177522	2205.03173520394
2	418173	418388	215	418280.5	56.7927468413282	56.0150256588475	112.807772500176	0.506755	112.301017500176	61.3480709128678	60.4715470393377	121.819617952205	1.920955	119.898662952205	129.217261134219	128.18498566745	1688.75677726616
2	419300	420036	736	419668	163.234145943138	156.121952231163	319.356098174301	1.734752	317.621346174301	166.263528453218	164.516580872305	330.780109325523	3.148952	327.631157325523	365.465615040778	350.274091235892	4776.31648311124
2	423354	423532	178	423443	51.7172086009234	41.2453233823745	92.962531983298	0.419546	92.542985983298	62.7397088163527	53.6281606487599	116.367869465113	1.833746	114.534123465113	106.483017270306	122.44969721357	1391.64006031822
2	426870	427009	139	426939.5	49.0642363429792	37.3511173174417	86.4153536604209	0.327623	86.0877306604209	58.6786982082312	58.6867984288537	117.365496637085	1.741823	115.623673637085	99.055387215726	123.614547344	1294.56742092317
2	429297	429477	180	429387	33.5681142813012	46.5604681488465	80.1285824301476	0.42426	79.7043224301476	35.9116781120118	48.787428803683	84.6991069156948	1.83846	82.8606469156948	91.7104267997062	88.5872333832277	1198.57520152129
2	431257	432000	743	431628.5	588.983541909133	609.614503826391	1198.59804573552	1.751251	1196.84679473552	599.085217044418	617.099007678828	1216.18422472325	3.165451	1213.01877372325	1377.13146555196	1296.85177712152	17997.9058155527
2	435723	435962	239	435842.5	122.916047815227	161.365895058336	284.281942873563	0.563323	283.718619873563	129.564328891799	166.558136477339	296.122465369138	1.977523	294.144942369138	326.456018021254	314.4736087405	4266.49511120709
2	436793	436867	74	436830	16.599552115361	11.5340141473296	28.1335662626907	0.174418	27.9591482626907	22.5969154631475	14.3288902702526	36.9258057334002	1.588618	35.3371877334002	32.1707197545632	37.7793779480222	420.443217401253
2	441353	441474	121	441413.5	21.1691765763946	16.8505589519338	38.0197355283284	0.285197	37.7345385283284	23.8095484911483	18.7443105312881	42.5538590224364	1.699397	40.8544620224364	43.4186067707413	43.6779568666663	567.443279635699
2	444747	444931	184	444839	69.2528862131601	70.1025093540058	139.355395567166	0.433688	138.921707567166	73.4796013345092	76.8426929336898	150.322294268199	1.847888	148.474406268199	159.847906666474	158.735628662172	2089.07256929415
2	447387	447580	193	447483.5	40.9363149660359	34.007226241218	74.9435412072539	0.454901	74.4886402072539	46.2223589399012	38.4661476870778	84.688506626979	1.869101	82.819405626979	85.7090905091627	88.543141865668	1120.14297625704
2	449295	449678	383	449486.5	370.299285693522	331.52102950567	701.820315199192	0.902731	700.917584199192	379.405333711309	337.006278905214	716.411612616523	2.316931	714.094681616523	806.498930527422	763.446516202645	10540.2368292839
2	451953	452624	671	452288.5	626.246356821518	625.615539640203	1251.86189646172	1.581547	1250.28034946172	645.677286053965	652.894682631308	1298.57196868527	2.995747	1295.57622168527	1438.61387905168	1385.11485715247	18801.4272767643
2	453399	453587	188	453493	54.7644915985515	64.0709450747022	118.835436673254	0.443116	118.392320673254	61.6496791276501	67.829747451699	129.479426579349	1.857316	127.622110579349	136.226115820349	136.442208884221	1780.35638824833
2	454582	454807	225	454694.5	111.369833335602	60.1445381327269	171.514371468329	0.530325	170.984046468329	126.792453395335	65.8403932684548	192.63284666379	1.944525	190.68832166379	196.739893138091	203.86699215459	2571.21862032399
2	458427	458797	370	458612	162.702431461044	164.197172172698	326.899603633742	0.87209	326.027513633742	168.066877570316	166.187226375009	334.254103945325	2.28629	331.967813945325	375.138029057355	354.910458756317	4902.72648886157
2	461896	462145	249	462020.5	75.2854505197011	74.4415275341083	149.726978053809	0.586893	149.140085053809	79.9650779768423	84.4623004658923	164.427378442735	2.001093	162.426285442735	171.605509415332	173.651736882118	2242.73417109759
2	465992	466547	555	466269.5	123.56046536697	331.335024439524	454.895489806494	1.308135	453.587354806494	136.094906762537	369.712569713374	505.80747647591	2.722335	503.08514147591	521.912596857093	537.853884786882	6820.94193412362
2	466936	467061	125	466998.5	68.2398586217328	9.06024677031712	77.30010539205	0.294625	77.00548039205	96.9359402054283	16.618752638318	113.554692843746	1.708825	111.845867843746	88.6050499815814	119.575653418497	1157.99063796112
2	472060	472358	298	472209	88.1055996969761	114.636422306379	202.742022003355	0.702386	202.039636003355	94.5948764428111	121.317804284507	215.912680727318	2.116586	213.796094727318	232.473480526276	228.571767721068	3038.2254067869
2	473814	474321	507	474067.5	455.575708333334	620.621903630536	1076.19761196387	1.194999	1075.00261296387	464.748958181471	628.095307180639	1092.84426536211	2.609199	1090.23506636211	1236.93352430313	1165.58235859133	16165.6411369445
2	476025	476163	138	476094	15.6065250686806	19.0292182912068	34.6357433598873	0.325266	34.3104773598874	19.7210371339999	27.0189359039495	46.7399730379493	1.739466	45.0005070379493	39.4787688601783	48.1105394143298	515.953038205164
2	476663	477644	981	477153.5	891.984294619432	848.291904587282	1740.27619920671	2.312217	1737.96398220671	917.592292094216	858.366178976264	1775.95847107048	3.726417	1772.23205407048	1999.7587798376	1894.71287549701	26135.1011676407
2	481032	481190	158	481111	34.9517519668874	38.3733451594525	73.3250971263399	0.372406	72.9526911263399	37.1161109166663	41.9088414543509	79.0249523710172	1.786606	77.2383463710172	83.9417767492761	82.5763697339401	1097.04572854132
2	483486	483780	294	483633	99.9953235326282	110.92282116051	210.918144693138	0.692958	210.225186693138	104.237739081604	119.648758825384	223.886497906987	2.107158	221.779339906987	241.89204559856	237.106743372494	3161.31782848295
2	484559	484738	179	484648.5	18.2972983561963	32.0813737875451	50.3786721437414	0.421903	49.9567691437414	19.4934309347809	36.323189320178	55.8166202549588	1.836103	53.9805172549588	57.4819091363854	57.7111675833009	751.238362214147
2	486787	486904	117	486845.5	29.7942114930205	20.7828660546094	50.57707754763	0.275769	50.30130854763	33.0432999871442	25.7294007813971	58.7727007685413	1.689969	57.0827317685413	57.8783475579984	61.0277794050645	756.419466235322
2	488501	488803	302	488652	181.447142003227	301.023698862074	482.470840865301	0.711814	481.759026865301	186.625983057249	310.885367460397	497.511350517646	2.126014	495.385336517646	554.327853513202	529.621938208706	7244.58103531123
2	490234	491231	997	490732.5	975.467268411796	1267.73852888721	2243.205797299	2.349929	2240.855868299	983.446185730375	1291.95978859197	2275.40597432234	3.764129	2271.64184532234	2578.40279940194	2428.63740273985	33697.4732616351
2	492852	493287	435	493069.5	352.369697352496	459.684620246125	812.054317598621	1.025295	811.029022598621	359.554893052798	467.549434456923	827.104327509721	2.439495	824.664832509721	933.196789605157	881.658286530244	12196.067221482
2	494165	494309	144	494237	22.3803095635393	20.4988583192044	42.8791678827437	0.339408	42.5397598827437	25.34759038218	25.0515823199268	50.3991727021069	1.753608	48.6455647021069	48.9476532244854	52.0075108478087	639.703089111781
2	496897	497150	253	497023.5	194.77660505248	143.866018421196	338.642623473676	0.596321	338.046302473676	199.953646057475	151.847435807869	351.801081865344	2.010521	349.790560865344	388.967244594466	373.964954463312	5083.46226098347
2	501403	501929	526	501666	642.338395113928	1615.2770946561	2257.61548977003	1.239782	2256.37570777003	658.515035710617	1644.66719514252	2303.18223085313	2.653982	2300.52824885313	2596.26043946906	2459.52017600359	33930.8570249545
2	502176	502614	438	502395	41.073618705723	67.037425871553	108.111044577276	1.032366	107.078678577276	56.5034389615652	78.4500367122694	134.953475673835	2.446566	132.506909673835	123.208265424713	141.664601582333	1610.22445008387
2	504446	504828	382	504637	414.589592010879	214.474841565468	629.064433576347	0.900374	628.164059576347	433.151897584971	236.244834506058	669.396732091029	2.314574	667.082158091029	722.786321337481	713.184907724922	9446.18612064598
2	505428	505638	210	505533	68.207057728348	25.586496889181	93.793554617529	0.49497	93.298584617529	85.1593194503195	30.0431182723949	115.202437722714	1.90917	113.293267722714	107.352434023649	121.123084625587	1403.00257815515
2	515385	515706	321	515545.5	406.824380512919	425.01707602009	831.841456533009	0.756597	831.084859533009	422.392004522067	431.912963840628	854.304968362695	2.170797	852.134171362695	956.273698221876	911.026060285707	12497.6622675522
2	526901	527141	240	527021	91.8308011587982	158.749423794555	250.580224953353	0.56568	250.014544953353	102.446590296801	176.589209689667	279.035799986468	1.97988	277.055919986468	287.674995843558	296.203546045418	3759.66101290605
2	528066	528245	179	528155.5	35.8420762162928	45.1528298095641	80.9949060258569	0.421903	80.5730030258569	39.9921892512615	50.9155867674702	90.9077760187317	1.836103	89.0716730187317	92.7099593941265	95.2275100334795	1211.63821979075
2	532242	532506	264	532374	111.317131900194	127.11286212218	238.429994022374	0.622248	237.807746022373	113.150581837136	130.194146045877	243.344727883014	2.036448	241.308279883014	273.629449683882	257.985348932302	3576.09798843581
2	533311	533649	338	533480	186.319574711727	177.113123959311	363.432698671038	0.796666	362.636032671038	191.77802338131	184.016211975958	375.794235357268	2.210866	373.583369357268	417.261000598302	399.402108977215	5453.23694732481
2	534999	535170	171	535084.5	28.0709645576331	22.7613199409665	50.8322844985996	0.403047	50.4292374985996	29.6114065140344	24.9860805358809	54.5974870499154	1.817247	52.7802400499154	58.0255468357258	56.4279379580732	758.343232268503
2	536246	536405	159	536325.5	17.3616728729392	16.1258392130322	33.4875120859714	0.374763	33.1127490859714	19.9668438289385	18.6415077312893	38.6083515602278	1.788963	36.8193885602278	38.1006231355576	39.3640152330845	497.94187690918
2	537544	537712	168	537628	118.700733004384	64.2693504785908	182.970083482975	0.395976	182.574107482975	135.242183537255	69.3542889750266	204.596472512282	1.810176	202.786296512282	210.075800274362	216.801070770439	2745.50728237802
2	539733	539926	193	539829.5	29.2888977299917	23.0326273304574	52.3215250604491	0.454901	51.8666240604491	34.4230375665047	25.1390847031942	59.562122269699	1.869101	57.693021269699	59.6794513046949	61.6802466555965	779.958319574999
2	544547	544879	332	544713	80.9436046285813	87.0196701199466	167.963274748528	0.782524	167.180750748528	85.2862229067382	94.2051658284189	179.491388735157	2.196724	177.294664735157	192.363695422916	189.547685507142	2514.02553725374
2	549135	549281	146	549208	17.167267578	20.4334565378822	37.6007241158822	0.344122	37.2566021158822	24.6701719316047	41.4165280454075	66.0866999770121	1.758322	64.3283779770121	42.8686773436769	68.7741798445296	560.256182193598
2	549539	549682	143	549610.5	30.4939305509886	38.1855400442797	68.6794705952683	0.337051	68.3424195952683	42.064545695205	52.6911351273706	94.7556808225756	1.751251	93.0044298225756	78.6370460033663	99.4320637968126	1027.71752950588
2	553299	553419	120	553359	13.9162790321254	16.6403532266446	30.55663225877	0.28284	30.27379225877	18.5360048577498	23.7110458082701	42.2470506660199	1.69704	40.5500106660199	34.8340256117311	43.3524645567626	455.250299494977
2	554655	554942	287	554798.5	16.8185580803389	34.1308296077535	50.9493876880923	0.676459	50.2729286880923	24.1582579888094	50.9491876826449	75.1074456714542	2.090659	73.0167866714542	57.8456927539507	78.0630536029798	755.992696458886
2	555199	555963	764	555581	226.490168822131	125.8531278113	352.343296633431	1.800748	350.542548633431	240.700755870206	143.837317639485	384.53807350969	3.214948	381.32312550969	403.345838298837	407.676767818601	5271.37792606316
2	561097	561494	397	561295.5	69.9023039010899	73.2897961648617	143.192100065952	0.935729	142.256371065952	78.6758428624612	77.9681235865943	156.643966449055	2.349929	154.294037449055	163.684880664654	164.957460675473	2139.21846920523
2	564878	565210	332	565044	238.2560892858	123.586766083312	361.842855369112	0.782524	361.060331369112	254.48633134241	130.037941791404	384.524273133815	2.196724	382.327549133815	415.447946619515	408.750608215919	5429.54191488603
2	568521	568745	224	568633	45.3199343609239	38.6570528866864	83.9769872476103	0.527968	83.4490192476103	48.4258189546602	40.7097087940543	89.1355277487145	1.942168	87.1933597487145	96.0191986817579	93.2193845576173	1254.88708782532
2	581484	581678	194	581581	35.04555452175	43.3366803438275	78.3822348655776	0.457258	77.9249768655776	37.5009213975955	49.5356491826622	87.0365705802576	1.871458	85.1651125802576	89.6630530039639	91.0509630938824	1171.81781367072
2	582185	582408	223	582296.5	148.395141779118	138.924583833319	287.319725612437	0.525611	286.794114612437	161.299493249777	146.362686421944	307.662179671721	1.939811	305.722368671721	329.994783881405	326.85116315288	4312.7436911339
2	583504	583561	57	583532.5	10.3753825901454	10.1788772380077	20.5542598281531	0.134349	20.4199108281531	19.9408431207676	15.3693186079831	35.3101617287507	1.548549	33.7616127287507	23.4958240677988	36.0949132974906	307.06990524071
2	586216	586494	278	586355	189.568963214022	239.887533720799	429.456496934821	0.655246	428.801250934821	191.623719178588	248.398965543263	440.022684721852	2.069446	437.953238721852	493.392886815455	468.220647722755	6448.21422579946
2	589271	589385	114	589328	31.4822574696536	20.2631518993629	51.7454093690165	0.268698	51.4767113690165	43.2325775084203	32.0868739373505	75.3194514457707	1.682898	73.6365534457707	59.2308048793113	78.7256531109876	774.094902529842
2	595640	595948	308	595794	113.972104212613	102.485091345438	216.457195558051	0.725956	215.731239558051	120.083970679075	105.056261375368	225.140232054443	2.140156	223.000076054443	248.227491943587	238.411845879164	3244.11658043186
2	597158	597302	144	597230	16.9512616947342	12.3009350356471	29.2521967303813	0.339408	28.9127887303813	20.3724548764043	14.418292705271	34.7907475816753	1.753608	33.0371395816753	33.2680099847389	35.3203710491644	434.783842613177
2	600053	600497	444	600275	63.5453307587553	71.3938445255853	134.939175284341	1.046508	133.892667284341	67.7561454470306	74.2449221792469	142.001067626278	2.460708	139.540359626278	154.061326758778	149.184140659312	2013.44702243967
2	611964	612097	133	612030.5	23.5492414012682	18.027291002114	41.5765324033822	0.313481	41.2630514033822	28.6078791813619	23.4456385794796	52.0535177608415	1.727681	50.3258367608415	47.478630265992	53.8039082759616	620.504241718332
2	618593	618839	246	618716	103.029406170723	92.7858271704597	195.815233341183	0.579822	195.235411341183	109.190473977263	98.5504841801167	207.740958157379	1.994022	205.746936157379	224.64431482004	219.966323335638	2935.90504702465
2	620569	620821	252	620695	137.282039095985	104.91625756214	242.198296658125	0.593964	241.604332658125	145.853672558137	108.192246788948	254.045919347085	2.008164	252.037755347085	277.997927705284	269.456349731781	3633.19018184887
2	623273	623402	129	623337.5	24.0414548074878	17.8955874149561	41.9370422224439	0.304053	41.6329892224439	26.324616993063	19.9949445943078	46.3195615873708	1.718253	44.6013085873708	47.9042929432607	47.6837519389242	626.067281243834
2	624862	625603	741	625232.5	197.516179669178	140.819335439911	338.335515109088	1.746537	336.588978109088	206.202316250005	148.781052290008	354.983368540013	3.160737	351.822631540013	387.290399030926	376.137463679795	5061.5473536019
2	628518	629078	560	628798	224.366810989083	187.759413928052	412.126224917135	1.31992	410.806304917135	238.002882389305	193.783678008523	431.786560397828	2.73412	429.052440397828	472.687307378831	458.704705864015	6177.61038159245
2	633393	633644	251	633518.5	115.773053264342	141.231246658972	257.004299923313	0.591607	256.412692923313	132.826217734561	167.512662475382	300.338880209943	2.005807	298.333073209943	295.036916291059	318.95118570911	3855.87488511077
2	634816	635131	315	634973.5	414.424587516717	360.275212671855	774.699800188572	0.742455	773.957345188572	464.223443868248	402.356158813752	866.579602682	2.156655	864.422947682	890.54089273788	924.164126862717	11638.5918943262
2	642316	643226	910	642771	2744.91466214267	3389.94613060676	6134.86079274942	2.14487	6132.71592274942	2753.5805981733	3414.83780857143	6168.41840674473	3.55907	6164.85933674473	7056.50556416959	6590.91925017946	92222.3663518898
2	645024	645106	82	645065	37.0806099497407	7.64670827033442	44.7273182200751	0.193274	44.5340442200751	53.1699481686099	12.0301276597749	65.2000758283849	1.607474	63.5926018283849	51.2423426736922	67.9875534323248	669.692676610033
2	645371	645511	140	645441	17.0669648460946	10.3709824703011	27.4379473163957	0.32998	27.1079673163957	44.8620218889451	15.6109251885249	60.4729470774699	1.74418	58.7287670774699	31.1913228349431	62.7875739456194	407.643354820015
2	647224	647484	260	647354	99.8199187551985	86.674160709445	186.494079464643	0.61282	185.881259464643	108.541656305675	90.2113570506468	198.753013356322	2.02702	196.725993356322	213.881118611973	210.321933688679	2795.23947044554
2	650085	650321	236	650203	137.236237848515	169.305811314659	306.542049163174	0.556252	305.985797163174	144.575937756985	174.529453588914	319.1053913459	1.970452	317.1349393459	352.077367912844	339.052468590969	4601.34378306671
2	651073	651378	305	651225.5	486.484950195991	279.98092572848	766.465875924471	0.718885	765.746990924471	550.778501333726	312.965224108621	863.743725442346	2.133085	861.610640442346	881.093787853481	921.15745811153	11515.1264822053
2	653126	653318	192	653222	65.4984839560076	46.6702711395066	112.168755095514	0.452544	111.716211095514	101.101853670747	53.6856622149071	154.787515885654	1.866744	152.920771885654	128.544363563153	163.489287284479	1679.96259355132
2	657616	657797	181	657706.5	37.2657149913727	39.8496853699403	77.1154003613129	0.426617	76.6887833613129	44.5044121488716	45.9389512208385	90.4433633697101	1.840817	88.6025463697101	88.2406479144219	94.7259615482807	1153.22822112018
2	661618	662899	1281	662258.5	1741.64243641837	1218.12327753645	2959.76571395482	3.019317	2956.74639695482	1752.38802909178	1244.68860108554	2997.07663017732	4.433517	2992.64311317732	3402.13009452363	3199.46782662077	44462.8697732587
2	664739	665086	347	664912.5	151.582728598145	127.213164854085	278.79589345223	0.817879	277.97801445223	154.788915923786	133.995849591356	288.784765515142	2.232079	286.552686515142	319.850687755249	306.356644098317	4180.16921205954
2	666412	666684	272	666548	261.34931826684	361.180237321649	622.529555588489	0.641104	621.888451588489	265.94454342515	376.256347943644	642.200891368793	2.055304	640.145587368793	715.565399442078	684.38672226612	9351.81497640462
2	668444	668790	346	668617	63.1178191147917	115.911257028542	179.029076143334	0.815522	178.213554143334	78.0932269939858	172.250391515012	250.343618508998	2.229722	248.113896508998	205.058403530141	265.261308881978	2679.93428785963
2	670297	670514	217	670405.5	98.1552734159192	84.0975905324337	182.252863948353	0.511469	181.741394948353	107.216920224369	90.4107624817728	197.627682706141	1.925669	195.702013706141	209.117653719405	209.227185727774	2732.98514350822
2	675195	675275	80	675235	12.5878428500405	10.2680796675786	22.8559225176191	0.18856	22.6673625176191	24.4538660401676	23.6547442748077	48.1086103149754	1.60276	46.5058503149754	26.0818162369599	49.7199185486667	340.866564938455
2	679189	679470	281	679329.5	71.8182560851132	155.583837574749	227.402093659863	0.662317	226.739776659863	78.5535395313343	181.551344841358	260.104884372692	2.076517	258.028367372692	260.89427845234	275.860979255863	3409.6604201254
2	680037	680820	783	680428.5	692.212653519154	995.726620207657	1687.93927372681	1.845531	1686.09374272681	706.637646406915	1038.41778296978	1745.0554293767	3.259731	1741.7956983767	1940.07516851183	1862.17303124593	25355.0884802225
2	681920	682303	383	682111.5	115.594848410647	156.905773579792	272.500621990439	0.902731	271.597890990439	131.144871940418	172.013385059762	303.15825700018	2.316931	300.84132600018	312.509506902374	321.632786488054	4084.22638824784
2	683132	683323	191	683227.5	75.9255679543236	64.8152653474557	140.740833301779	0.450187	140.290646301779	93.2449396751233	71.1656383100239	164.410577985147	1.864387	162.546190985147	161.423052803925	173.779929222692	2109.65835397537
2	684803	684943	140	684873	42.9566699936376	26.9672344957789	69.9239044894165	0.32998	69.5939244894165	49.0593362095163	28.5614779175492	77.6208141270655	1.74418	75.8766341270655	80.0770688839929	81.1205481244555	1046.53737120296
2	686637	686838	201	686737.5	68.5029657878775	72.6342783107841	141.137244098662	0.473757	140.663487098662	83.2409672009267	78.4527367858102	161.693703986737	1.887957	159.805746986737	161.852055743388	170.850090256942	2115.26504781121
2	691735	691892	157	691813.5	48.6218242931792	39.737282308463	88.3591066016423	0.370049	87.9890576016423	52.8974407464343	43.6772896208662	96.5747303673004	1.784249	94.7904813673004	101.243116813679	101.3415512425	1323.15913655728
2	697384	698211	827	697797.5	794.754946422568	1107.6464685238	1902.40141494636	1.949239	1900.45217594636	799.178166896055	1127.77451674339	1926.95268363945	3.363439	1923.58924463945	2186.72306412515	2056.53052071531	28578.5611158387
2	700104	700325	221	700214.5	42.4287556150449	46.9068775838617	89.3356331989065	0.520897	88.8147361989065	44.3629082947877	50.896086236342	95.2589945311298	1.935097	93.3238975311298	102.193169887913	99.7736102547456	1335.57550070083
2	701925	703380	1455	702652.5	1876.95802195485	1791.82610325083	3668.78412520568	3.429435	3665.35469020568	1900.84837264677	1811.30533379884	3712.15370644561	4.843635	3707.31007144561	4217.47820898507	3963.52617011655	55118.7577099154
2	704110	704515	405	704312.5	371.908829532024	114.635322276418	486.544151808442	0.954585	485.589566808442	388.61538456178	121.976822233916	510.592206795696	2.368785	508.223421795696	558.735399331895	543.347277064405	7302.18381072293
2	704908	705029	121	704968.5	28.4009735459559	14.6362986430115	43.0372721889674	0.285197	42.7520751889674	44.9348238718235	21.2593790332028	66.1942029050264	1.699397	64.4948059050264	49.1919502306729	68.9521097817106	642.895837675275
2	706797	707395	598	707096	300.092873509557	194.313092427972	494.405965937528	1.409486	492.996479937528	314.231358593819	202.790423321642	517.021781915462	2.823686	514.198095915462	567.258038300844	549.734867197209	7413.56726052424
2	711336	711545	209	711440.5	48.2633145285921	35.8968777088992	84.1601922374913	0.492613	83.6675792374913	52.4944297697855	40.659407424016	93.1538371938015	1.906813	91.2470241938015	96.2706810272843	97.5532020164597	1258.17374250012
2	714543	714689	146	714616	28.379872971248	24.3096621125429	52.6895350837909	0.344122	52.3454130837909	32.6190884330638	29.7876113132541	62.4066997463179	1.758322	60.6483777463179	60.2303617740258	64.8398509269853	787.158238382928
2	716525	716793	268	716659	61.1088643976956	71.4848470041834	132.593711401879	0.631676	131.962035401879	63.9777425361819	76.552185021242	140.529927557424	2.045876	138.484051557424	151.839877927206	148.054830028714	1984.41462586402
2	718098	719151	1053	718624.5	389.119898303019	587.746708221989	976.866606525008	2.481921	974.384685525008	392.373086908816	599.119317973212	991.492404882028	3.896121	987.596283882028	1121.15921259994	1055.8501018907	14652.5719710611
2	721147	721302	155	721224.5	29.3063982066452	18.042691421569	47.3490896282142	0.365335	46.9837546282142	40.6987084944435	24.4652663506733	65.1639748451168	1.779535	63.3844398451168	54.0610604071378	67.7650051554324	706.530856229179
2	722417	722582	165	722499.5	28.2390691362302	25.1556851553341	53.3947542915644	0.388905	53.0058492915644	36.2175864439147	32.7480919466809	68.9656783905956	1.803105	67.1625733905956	60.9902814953428	71.8042494843701	797.089725618364
2	723043	723249	206	723146	100.726443445849	57.6348697778938	158.361313223743	0.485542	157.875771223743	122.411234065817	68.0112523952765	190.422486461093	1.899742	188.522744461093	181.65707854742	201.551749633494	2374.09940314922
2	727129	727261	132	727195	15.5177226500046	15.5197227044793	31.0374453544839	0.311124	30.7263213544839	18.0378912908298	18.9543162511299	36.9922075419597	1.725324	35.2668835419597	35.3547205407117	37.7042149599599	462.055327573159
2	728189	728366	177	728277.5	14.2205873204485	24.0590552868651	38.2796426073136	0.417189	37.8624536073136	20.853367974842	30.622834061882	51.476202036724	1.831389	49.644813036724	43.565790086905	53.0758182859174	569.36683706518
2	728639	728790	151	728714.5	32.4622841622486	8.13852166565914	40.6008058279077	0.355907	40.2448988279077	45.822148039517	13.4919674753212	59.3141155148382	1.770107	57.5440085148382	46.3071102731357	61.5209354725042	605.193498321721
2	730181	730310	129	730245.5	18.6379076332349	18.8774141565783	37.5153217898132	0.304053	37.2112687898132	30.6363344295861	25.9064056024066	56.5427400319928	1.718253	54.8244870319928	42.8165153208998	58.6134649993779	559.574470101052
2	734630	734827	197	734728.5	43.9155961115247	58.3014879343059	102.217084045831	0.464329	101.752755045831	60.6261512502307	79.4022626476663	140.028413897897	1.878529	138.149884897897	117.080081842204	147.697568759845	1530.13444147005
2	735532	735714	182	735623	26.7611288821627	41.3575264384043	68.118655320567	0.428974	67.689681320567	43.9998984076327	64.8430661046538	108.842964512286	1.843174	106.999790512286	77.8859837781799	114.394658585184	1017.90180201097
2	736028	736298	270	736163	151.091415216439	140.979839811504	292.071255027943	0.63639	291.434865027943	168.67969426136	161.174989858728	329.854684120087	2.05059	327.804094120087	335.33458463876	350.458979874237	4382.53022459763
2	738179	738565	386	738372	133.365332418212	121.222901699684	254.588234117896	0.909802	253.678432117896	141.114243472203	140.937338653917	282.05158212612	2.324002	279.72758012612	291.890785469028	299.059847427578	3814.75770230381
2	739665	739800	135	739732.5	37.2621148933182	22.0845015067336	59.3466164000518	0.318195	59.0284214000518	56.2764327786886	27.484848593827	83.7612813725156	1.732395	82.0288863725156	67.9200519476976	87.6979889939999	887.655774717308
2	741105	741298	193	741201.5	52.6449338690054	54.6321879950512	107.277121864057	0.454901	106.822220864057	67.1392286443144	66.9276228808929	134.066851525207	1.869101	132.197750525207	122.913176706582	141.334076119747	1606.36789819394
2	741679	741824	145	741751.5	52.3604261199817	18.494903738295	70.8553298582767	0.341765	70.5135648582767	68.0553535964433	23.8369492374514	91.8923028338947	1.755965	90.1363378338947	81.1352374770993	96.3657549539147	1060.36671077736
2	742576	742765	189	742670.5	65.2814780455045	56.3521348405554	121.63361288606	0.445473	121.18813988606	73.9116131010409	65.2572773863608	139.168890487402	1.859673	137.309217487402	139.443077779796	146.798801940332	1822.39927217528
2	744436	744842	406	744639	129.548328456002	72.2452677154581	201.79359617146	0.956942	200.83665417146	142.841790524711	83.1638651009276	226.005655625638	2.371142	223.634513625638	231.089289884269	239.090130098255	3020.13524369877
2	747831	747966	135	747898.5	19.6621355297204	18.8186125550226	38.480748084743	0.318195	38.162553084743	23.6626444899827	23.853649692315	47.5162941822978	1.732395	45.7838991822978	43.9110944608496	48.9480726138062	573.879663730906
2	749403	749534	131	749468.5	26.5860241129042	19.5656329013169	46.1516570142211	0.308767	45.8428900142211	37.4724206213312	28.4591751311692	65.9315957525004	1.722967	64.2086287525004	52.7483438883858	68.6461546251504	689.374797524537
2	757259	757384	125	757321.5	11.5157136488863	10.4265839846973	21.9422976335836	0.294625	21.6476726335836	15.2297148056502	13.789275572983	29.0189903786331	1.708825	27.3101653786331	24.9085273660809	29.1975996348789	325.53270385058
2	760158	760306	148	760232	23.2046320152802	19.2231235725274	42.4277555878075	0.348836	42.0789195878075	27.2948434187321	24.3612635179898	51.6561069367218	1.763036	49.8930709367218	48.4173951550798	53.3412335505207	632.773079138278
2	760894	761190	296	761042	46.6553707336702	27.4740482996637	74.1294190333339	0.697672	73.4317470333339	52.0373173195965	31.4588568322998	83.4961741518963	2.111872	81.3843021518963	84.492994303755	87.0088568798704	1104.249660684
2	767674	767854	180	767764	21.4220834647183	36.490593879709	57.9126773444274	0.42426	57.4884173444274	30.298525228812	47.3346892359965	77.6332144648085	1.83846	75.7947544648085	66.1480723999337	81.0330096726126	864.497549227952
2	770736	770856	120	770796	6.68748214427612	23.5763421394001	30.2638242836763	0.28284	29.9809842836763	19.5787332581261	40.6254064979463	60.2041397560725	1.69704	58.5070997560725	34.4971110812834	62.5505869624735	450.847120758183
2	773576	773765	189	773670.5	40.0939920240229	12.1919320667768	52.2859240907997	0.445473	51.8404510907997	44.0495997613286	14.1841863290093	58.2337860903378	1.859673	56.3741130903378	59.6493358210677	60.2701873446308	779.564736499258
2	774526	774646	120	774586	13.7999758644225	6.51737751120428	20.3173533756268	0.28284	20.0345133756268	16.9886627134107	8.00421800768413	24.9928807210949	1.69704	23.2958407210949	23.0523730254833	24.9058407776833	301.274387315915
2	776329	776449	120	776389	22.9657255082792	13.337063256257	36.3027887645362	0.28284	36.0199487645362	28.8986871019809	16.3132443173101	45.211931419291	1.69704	43.514891419291	41.44574313889	46.5222513375814	541.659674568801
2	784705	784849	144	784777	9.11854835825415	9.66426322167159	18.7828115799257	0.339408	18.4434035799257	13.5482690087836	14.5656967200552	28.1139657288388	1.753608	26.3603577288388	21.221589524666	28.1821497793266	277.347645504689
2	786460	786614	154	786537	28.0853649498508	19.7156369869182	47.801001936769	0.362978	47.438023936769	33.9085235528924	26.0375091732222	59.9460327261145	1.777178	58.1688547261145	54.5837576825092	62.1889654627031	713.362053226345
2	786900	786962	62	786931	10.5588875881976	3.18258668284042	13.741474271038	0.146134	13.595340271038	17.5650784130146	8.03301879211958	25.5980972051342	1.560334	24.0377632051342	15.643247702618	25.6990383050056	204.443588607014
2	788757	788858	101	788807.5	8.4944313594291	11.2454062866328	19.7398376460619	0.238057	19.5017806460619	13.8860782095577	16.5411505247003	30.4272287342579	1.652257	28.7749717342579	22.4393931454851	30.7636402985367	293.263275506329
2	792578	792715	137	792646.5	18.0800924402456	16.7383558959041	34.8184483361497	0.322909	34.4955393361497	24.710673034717	25.1758857055284	49.8865587402454	1.737109	48.1494497402454	39.6917072844688	51.4771088590812	518.735957483939
2	798985	799120	135	799052.5	31.7105636879387	28.8200849611258	60.5306486490646	0.318195	60.2124536490646	43.6569890679481	38.6509527205386	82.3079417884867	1.732395	80.5755467884867	69.2824385735514	86.1442075825846	905.460978352429
2	804940	805165	225	805052.5	89.1999295027993	125.797626299628	214.997555802427	0.530325	214.467230802427	97.4579544233208	149.761078982603	247.219033405924	1.944525	245.274508405924	246.773081706821	262.225687680413	3225.10870855233
3	13030	13205	175	13117.5	47.9114049437716	55.8389208623516	103.750325806123	0.412475	103.337850806123	50.826884351518	69.0977819886484	119.924666340166	1.826675	118.097991340166	118.903945395178	126.259867746218	2188.61049281834
3	13566	13773	207	13669.5	31.9549703447451	100.356833378927	132.311803723672	0.487899	131.823904723672	33.9558248412186	105.401370774975	139.357195616193	1.902099	137.455096616193	151.680940205057	146.954762929161	2791.92163212106
3	38902	39251	349	39076.5	88.8565201494961	140.254020042641	229.110540192137	0.822593	228.287947192137	120.671286675566	179.078677494306	299.749964169872	2.236793	297.513171169872	262.675654617957	318.074619376614	4834.95053081814
3	39470	39642	172	39556	44.5290128189102	57.141556341713	101.670569160623	0.405404	101.265165160623	82.3325424585253	107.62803142164	189.960573880165	1.819604	188.140969880165	116.519044810432	201.143590209698	2144.71271947906
3	40736	41276	540	41006	196.796960080082	199.392330769155	396.189290849236	1.27278	394.916510849236	206.236517181522	223.204079320225	429.440596501748	2.68698	426.753616501748	454.403985329346	456.247007830397	8364.00614769348
3	41889	42041	152	41965	33.4996124155433	38.6684531971921	72.1680656127354	0.358264	71.8098016127354	43.0290719656212	50.6825804211695	93.7116523867907	1.772464	91.9391883867907	82.626730314129	98.2932024048979	1520.87240126271
3	44471	44537	66	44504	9.94127076641529	10.4018833119349	20.3431540783502	0.155562	20.1875920783502	13.7693750309599	15.3233173550654	29.0926923860252	1.569762	27.5229303860252	23.2285104385202	29.4250690557344	427.556558441562
3	48494	48581	87	48537.5	10.3643822905346	28.5778783642417	38.9422606547763	0.205059	38.7372016547763	18.7015093655299	42.0749459784733	60.7764553440032	1.619259	59.1571963440032	44.5723040917799	63.2456124094176	820.421997774311
3	50336	50444	108	50390	9.95907125123997	46.9766794850281	56.9357507362681	0.254556	56.6811947362681	31.6889630996121	137.75805206096	169.447015160572	1.668756	167.778259160572	65.2192553965455	179.373591133212	1200.4609789884
3	52406	52541	135	52473.5	32.1788764431859	9.84086803178617	42.0197444749721	0.318195	41.7015494749721	58.0065799020137	17.6902818231298	75.6968617251435	1.732395	73.9644667251435	47.9831806350338	79.0762288220222	883.204440925908
3	56625	56811	186	56718	30.7937387167437	69.296187392537	100.089926109281	0.438402	99.6515241092808	32.562186883259	73.7305081683583	106.292695051617	1.852602	104.440093051617	114.662336102446	111.658057740522	2110.53713222753
3	58841	58969	128	58905	29.4471020389392	59.5485218992711	88.9956239382103	0.301696	88.6939279382103	44.5789141780536	74.3253243691292	118.904238547183	1.715896	117.188342547183	102.05416391168	125.287352168313	1878.46427829268
3	61230	61634	404	61432	98.8856933100737	154.104297277102	252.989990587176	0.952228	252.037762587176	104.297140699502	161.186590174681	265.483730874182	2.366428	263.117302874182	290.002976899657	281.301616442795	5337.9520425643
3	63277	63352	75	63314.5	12.1153299803965	9.82496759871243	21.9402975791089	0.176775	21.7635225791089	22.1679037783279	24.6011700522281	46.769073830556	1.590975	45.178098830556	25.0418281410566	48.3004047625282	460.933467318677
3	65278	66112	834	65695	2201.83137040029	3394.33655018686	5596.16792058715	1.965738	5594.20218258715	2218.42972248296	3418.259401764	5636.68912424696	3.379938	5633.30918624696	6436.87386237485	6022.63310965554	118480.590608838
3	67678	68823	1145	68250.5	2400.50108148774	2212.85077053128	4613.35185201902	2.698765	4610.65308701902	2410.01434059657	2254.29369929575	4664.30803989233	4.112965	4660.19507489233	5305.16977678941	4982.26605846906	97649.831560046
3	71391	71818	427	71604.5	42.4025549014265	124.668195537774	167.0707504392	1.006439	166.0643114392	51.8081110767978	141.152944526288	192.961055603086	2.420639	190.540416603086	191.079083466718	203.708865219562	3517.10522004538
3	72975	73085	110	73030	14.3749915258941	12.0038269434328	26.3788184693269	0.25927	26.1195484693269	31.0596459591529	24.1137567767477	55.1734027359006	1.67347	53.4999327359006	30.0540154523857	57.1973693626149	553.190504754128
3	74623	74704	81	74663.5	8.05411936682749	9.63056230377317	17.6846816706007	0.190917	17.4937646706007	11.4017105438293	14.3423906379567	25.7441011817861	1.605117	24.1389841817861	20.1289036197561	25.8072547698259	370.503514620247
3	76940	77375	435	77157.5	231.768212578097	221.641636764602	453.409849342699	1.025295	452.384554342699	255.685464002707	247.40183838491	503.087302387617	2.439495	500.647807387617	520.528614903213	535.248103975971	9581.13193471518
3	78859	79002	143	78930.5	15.8259310445534	19.3866280258328	35.2125590703861	0.337051	34.8755080703861	32.7129909906502	42.3238527578477	75.0368437484979	1.751251	73.2855927484979	40.1289118641565	78.3504371507589	738.634511070119
3	81048	81559	511	81303.5	281.190458672045	459.749322008381	740.939780680425	1.204427	739.735353680425	314.000152296546	491.887397340283	805.887549636829	2.618627	803.268922636829	851.163938622265	858.783682820176	15666.9849851157
3	93808	94423	615	94115.5	2081.29108729281	1400.0095314996	3481.30061879241	1.449555	3479.85106379241	2112.41163491072	1407.81854419055	3520.23017910127	2.863755	3517.36642410127	4004.03160743891	3760.45531750693	73700.3768923927
3	95147	96242	1095	95694.5	2936.15307082671	1265.21886026	4201.37193108671	2.580915	4198.79101608671	2969.5479803905	1279.8955600034	4249.4435403939	3.995115	4245.4484253939	4831.26767015126	4538.85583176143	88926.9324189799
3	97172	97564	392	97368	2.84887759373945	383.329640596086	386.178518189826	0.923944	385.254574189826	7.24519733454167	398.609356763604	405.854554098145	2.338144	403.516410098145	443.286641780973	431.403853649564	8159.37429412991
3	98626	98779	153	98702.5	17.5453778764389	15.2270147321093	32.7723926085483	0.360621	32.4117716085483	20.0072449293271	17.6686812348032	37.6759261641303	1.774821	35.9011051641303	37.2940552899078	38.3822683055617	686.454603806188
3	100276	100414	138	100345	36.9607066839834	32.4617841486299	69.4224908326133	0.325266	69.0972248326133	52.056717848001	40.9305148080593	92.9872326560603	1.739466	91.2477666560603	79.5055498480384	97.5539957910663	1463.42226119071
3	108643	108783	140	108713	62.6831072747192	73.273495720893	135.956602995612	0.32998	135.626622995612	66.7106169703897	83.8650841997517	150.575701170141	1.74418	148.831521170141	156.056473489645	159.117424150629	2872.46007032425
3	109855	109999	144	109927	19.6628355487866	40.300097637639	59.9629331864256	0.339408	59.6235251864256	22.7865206273476	50.0085620632011	72.7950826905487	1.753608	71.0414746905487	68.6047980263847	75.9512257332891	1262.77711239275
3	111135	111235	100	111185	19.0319183647476	18.6960092157245	37.7279275804721	0.2357	37.4922275804721	26.9306334988922	24.126057111767	51.0566906106591	1.6499	49.4067906106591	43.1397957882426	52.8213458796169	794.054473183336
3	159382	159503	121	159442.5	20.8224671332082	28.3368718000423	49.1593389332504	0.285197	48.8741419332504	26.0327090424829	32.5878875832587	58.6205966257416	1.699397	56.9211996257416	56.2362024982528	60.855083605964	1035.1140364172
3	167500	168077	577	167788.5	70.5386212322106	104.776553757083	175.315174989294	1.359989	173.955185989294	88.6806153584476	119.400052051457	208.080667409904	2.774189	205.306478409904	200.158584436647	219.495425089927	3684.22743812062
3	172672	172801	129	172736.5	32.6278886727524	0	32.6278886727524	0.304053	32.3238356727524	39.016862686682	9.2851528959953	48.3020155826773	1.718253	46.5837625826773	37.1928732967989	49.8032154151436	684.592193176614
3	176739	177037	298	176888	266.188550071061	223.893998111267	490.082548182328	0.702386	489.380162182328	271.016581570224	230.403475407297	501.42005697752	2.116586	499.30347097752	563.096983609445	533.810859062497	10364.6684111793
3	177724	177922	198	177823	0.512113948242759	58.7435999759347	59.2557139241774	0.466686	58.7890279241774	1.65464506690582	64.6384605318937	66.2931055987995	1.880886	64.4122195987995	67.6445979048538	68.8638158489897	1245.10314830179
3	179745	179841	96	179793	2.89637888751319	7.989217599124	10.8855964866372	0.226272	10.6593244866372	8.61023451351329	14.0941838776485	22.7044183911618	1.640472	21.0639463911618	12.2649709358334	22.5196978829308	225.755705540832
3	180837	180941	104	180889	12.6565447212459	19.3907281375059	32.0472728587517	0.245128	31.8021448587517	28.5580778249423	41.4618292792591	70.0199071042013	1.659328	68.3605791042013	36.5925986096712	73.0850506329975	673.543211795426
3	181199	181297	98	181248	18.2456969507494	14.2483880776466	32.4940850283961	0.230986	32.2630990283961	33.728818658342	35.9130781501441	69.6418968084861	1.645186	67.9967108084861	37.1229877070785	72.6960350166208	683.30584111781
3	190318	190574	256	190446	144.700941161653	102.588494161779	247.289435323432	0.603392	246.686043323432	157.423687686011	106.306995441111	263.730683127122	2.017592	261.713091127122	283.845111895281	279.800358144837	5224.60704028414
3	194569	194763	194	194666	162.451724632642	157.157280429983	319.609005062625	0.457258	319.151747062625	187.924418422213	162.034013255604	349.958431677818	1.871458	348.086973677818	367.226544866959	372.143630573292	6759.37090788786
3	197297	197522	225	197409.5	75.9308680986815	72.8743848504699	148.805252949151	0.530325	148.274927949151	82.532047892375	79.0618533760751	161.59390126845	1.944525	159.64937626845	170.61003106613	170.682912593832	3140.34074252459
3	201451	201682	231	201566.5	40.0845917679919	53.1904487269754	93.2750404949673	0.544467	92.7305734949673	43.6866898768972	59.6621249934332	103.34881487033	1.958667	101.39014787033	106.698861659079	108.39732763959	1963.95710354876
3	203733	203879	146	203806	5.13703991550133	38.7897565010816	43.926796416583	0.344122	43.582674416583	13.8653776457447	58.2476864689369	72.1130641146816	1.758322	70.3547421146816	50.1476651447654	75.2170323467458	923.045116471175
3	204445	204621	176	204533	48.978534008739	53.2225496012941	102.201083610033	0.414832	101.786251610033	51.8322117332177	65.6216873116482	117.453899044866	1.829032	115.624867044866	117.118624095694	123.615823229448	2155.74890091643
3	204983	205183	200	205083	163.650657287491	109.024669461311	272.675326748803	0.4714	272.203926748803	187.270200603544	116.019959989241	303.290160592786	1.8856	301.404560592786	313.206831669222	322.234946815808	5765.05477539391
3	206773	206996	223	206884.5	58.7024988564799	215.075857935111	273.778356791591	0.525611	273.252745791591	63.2038214572031	225.340537510082	288.544358967285	1.939811	286.604547967285	314.413637512582	306.412089749969	5787.2678981191
3	209658	210078	420	209868	190.100377687946	160.432869645896	350.533247333842	0.98994	349.543307333842	199.226926264098	175.430278124312	374.65720438841	2.40414	372.25306438841	402.196078244839	397.979865232643	7403.03910094423
3	210875	211133	258	211004	152.335149091521	260.633698775798	412.968847867319	0.608106	412.360741867319	160.926583092972	283.268615273965	444.195198366937	2.022306	442.172892366937	474.475893891935	472.731926069807	8733.46058038679
3	212068	212407	339	212237.5	88.0414979510625	289.11087439724	377.152372348302	0.799023	376.353349348302	104.03223348433	328.626650672631	432.658884156961	2.213223	430.445661156961	433.044598383995	460.194213575308	7970.85368977127
3	213916	214169	253	214042.5	95.9872143653621	249.834404639744	345.821619005106	0.596321	345.225298005106	126.35444146538	330.753008587391	457.107450052771	2.010521	455.096929052771	397.227634045209	486.549156525494	7311.58722294176
3	214499	216852	2353	215675.5	4053.12369330876	2898.97375818864	6952.0974514974	5.546021	6946.5514304974	4111.08467196875	2973.09497699863	7084.17964896738	6.960221	7077.21942796738	7992.93158831318	7566.33350699688	147122.23286134
3	217488	217695	207	217591.5	93.1728377113109	43.7993929465456	136.972230657857	0.487899	136.484331657857	167.799270281604	79.3469611414413	247.146231423045	1.902099	245.244132423045	157.04338141491	262.193212381406	2890.62563273266
3	218070	218446	376	218258	270.177958728989	159.015131031517	429.193089760506	0.886232	428.306857760506	377.165072694216	195.452723467647	572.617796161863	2.300432	570.317364161863	492.824021694456	609.732597102673	9071.18616971613
3	219027	219303	276	219165	192.784650798419	76.2298762426467	269.014527041065	0.650532	268.363995041065	265.468630462899	108.265748790893	373.734379253791	2.064732	371.669647253791	308.788479375883	397.356127526167	5683.72818729767
3	220617	221019	402	220818	485.348719248923	209.299500606777	694.6482198557	0.947514	693.7007058557	520.767583938373	224.234107374687	745.00169131306	2.361714	742.63997731306	798.194951861482	793.964607310903	14692.009093161
3	224390	224602	212	224496	86.2920503020567	82.8043553091032	169.09640561116	0.499684	168.59672161116	95.1828924583681	94.6612782513705	189.844170709739	1.913884	187.930286709739	193.992958280796	200.918346503751	3570.73957987805
3	227536	227778	242	227657	80.8920032231344	274.480575917652	355.372579140787	0.570394	354.802185140786	107.619831198294	339.856856545257	447.47668774355	1.984594	445.49209374355	408.247116801563	476.28052094495	7514.41779770388
3	228332	229868	1536	229100	994.936698692881	2000.12957672922	2995.0662754221	3.620352	2991.4459234221	1045.05056362417	2045.21090459131	3090.26146821548	5.034552	3085.22691621548	3442.05651614086	3298.45019367364	63356.358639426
3	230201	230820	619	230510.5	329.34967036523	98.4581816661101	427.80785203134	1.458983	426.34886903134	372.232838356923	111.178628127822	483.411466484745	2.873183	480.538283484745	490.571095171203	513.748789723431	9029.71758251364
3	232370	232543	173	232456.5	49.5000482130128	30.5904331793921	80.0904813924049	0.407761	79.6827203924049	93.251839863061	54.5910868755964	147.842926738657	1.821961	146.020965738657	91.6855707813533	156.112628276917	1687.61433092233
3	232892	233482	590	233187	953.429168168875	283.939133536602	1237.36830170548	1.39063	1235.97767170548	1013.21349649071	307.244468294683	1320.45796478539	2.80483	1317.65313478539	1422.15674546832	1408.71752893913	26176.9882001794
3	235559	235669	110	235614	37.1315113361214	20.7898662452708	57.9213775813922	0.25927	57.6621075813922	68.7168716139449	27.9617615833153	96.6786331972603	1.67347	95.0051631972603	66.347926125269	101.571069959547	1221.235904426
3	240542	241326	784	240934	769.622761907312	593.814573490008	1363.43733539732	1.847888	1361.58944739732	781.880395763582	613.298604168758	1395.17899993234	3.262088	1391.91691193234	1566.68980476211	1488.11375384104	28837.3420604168
3	242959	243163	204	243061	270.10915685506	39.2277684310374	309.336925286097	0.480828	308.856097286097	299.00674392708	48.1687119519396	347.175455879019	1.895028	345.280427879019	355.380030068302	369.143121442198	6541.31753290944
3	244816	245055	239	244935.5	105.395570616998	102.76899907812	208.164569695117	0.563323	207.601246695117	120.853191630038	117.652104443307	238.505296073345	1.977523	236.527773073345	238.872853542493	252.874456268513	4396.82326751255
3	246600	246856	256	246728	123.722669784867	148.823253439424	272.545923224291	0.603392	271.942531224291	137.245238093651	160.179262738506	297.424500832157	2.017592	295.406908832157	312.906061342273	315.822791033211	5759.51863366791
3	250622	251430	808	251026	1287.97758013015	1226.98451888654	2514.96209901669	1.904456	2513.05764301669	1350.49688294339	1259.39100152894	2609.88788447234	3.318656	2606.56922847234	2891.60715487306	2786.71196964167	53224.4892230499
3	252098	252206	108	252152	22.2249053308564	5.63325343067035	27.8581587615267	0.254556	27.6036027615267	60.1333378276687	16.2731432250926	76.4064810527613	1.668756	74.7377250527613	31.7616173537864	79.9029278460341	584.621551272739
3	252989	253247	258	253118	136.937029699102	107.193619589739	244.130649288841	0.608106	243.522543288841	172.940710316949	137.33654058042	310.27725089737	2.022306	308.25494489737	280.205084234202	329.558768385441	5157.60671740411
3	254282	254460	178	254371	49.6513523340226	51.6571069639592	101.308459297982	0.419546	100.888913297982	64.8856672649646	72.0533624886123	136.939029753577	1.833746	135.105283753577	116.086116986006	144.442552027895	2136.74401519408
3	256619	257412	793	257015.5	463.246617262812	327.947632178476	791.194249441289	1.869101	789.325148441289	499.347700533577	377.756288796933	877.10398933051	3.283301	873.82068833051	908.223594908966	934.21135525271	16717.2559584686
3	258466	258605	139	258535.5	29.2505966868015	20.2501515452774	49.5007482320789	0.327623	49.1731252320789	52.1736210320462	30.1680216743389	82.3416427063852	1.741823	80.5998197063852	56.5802225602209	86.1701580273711	1041.44625621749
3	262902	263120	218	263011	79.6804702250948	33.1173020027075	112.797772227802	0.513826	112.283946227802	104.907857333346	43.7729922274798	148.680849560826	1.928026	146.752823560826	129.197618364196	156.895065563	2378.08141907531
3	263633	263798	165	263715.5	43.1193744251532	23.9625526584616	67.0819270836147	0.388905	66.6930220836147	67.1768296684385	37.1974131310622	104.374242799501	1.803105	102.571137799501	76.739194730762	109.659937025021	1412.5032288877
3	266911	267544	633	267227.5	362.409970815409	260.383591963739	622.793562779148	1.491981	621.301581779148	374.273593940166	300.246977706831	674.520571646997	2.906181	671.614390646997	714.890127649413	718.030367640184	13158.6553279266
3	269097	269268	171	269182.5	63.4295276046711	76.9549959924433	140.384523597114	0.403047	139.981476597114	90.7465716280722	98.1305727431569	188.877144371229	1.817247	187.059897371229	161.067311926845	199.987803642514	2964.69227965109
3	271190	271392	202	271291	126.015232226473	79.457664156615	205.472896383088	0.476114	204.996782383088	145.143053203282	81.1164093351939	226.259462538476	1.890314	224.369148538476	235.8760708542	239.875536402664	4341.66286039151
3	277171	277323	152	277247	40.6945083800467	39.9360877232466	80.6305961032933	0.358264	80.2723321032933	50.4695746196157	48.518821487733	98.9883961073487	1.772464	97.2159321073487	92.3639974965301	103.934627434468	1700.10182090855
3	278371	278559	188	278465	91.8819025506264	51.0746911009313	142.956593651558	0.443116	142.513477651558	118.244720584156	66.5486125579403	184.793333142096	1.857316	182.936017142096	163.980715996792	195.578917712932	3018.31797471202
3	284204	284581	377	284392.5	58.8590031191239	42.7732649983092	101.632268117433	0.888589	100.743679117433	73.5634036169984	52.2799239273757	125.843327544374	2.302789	123.540538544374	115.919005739364	132.078555112598	2133.66807497484
3	293620	293752	132	293686	24.8920779755708	32.9552975902581	57.8473755658289	0.311124	57.5362515658289	37.5632230944819	42.6578618551199	80.2210849496018	1.725324	78.4957609496018	66.2031120355095	83.9206855566959	1218.57037776663
3	297936	298121	185	298028.5	74.6925343706811	75.3235515574438	150.016085928125	0.436045	149.580040928125	82.3293423713659	81.3878167274085	163.717159098774	1.850245	161.866914098774	172.111737180355	173.053706796187	3167.98195954055
3	298552	298694	142	298623	4.02360958944492	57.8911767588245	61.9147863482694	0.334694	61.5800923482694	8.63913530067247	63.6131326054471	72.2522679061195	1.748894	70.5033739061195	70.8560888473091	75.3759362376323	1304.21559197125
3	303341	303586	245	303463.5	77.3013054247348	54.7513912417423	132.052696666477	0.577465	131.475231666477	91.9160034794197	66.8678212520998	158.78382473152	1.991665	156.79215973152	151.279745465374	167.628230816595	2784.53702420066
3	308226	308317	91	308271.5	23.6825450320059	9.46465778509816	33.147202817104	0.214487	32.932715817104	67.9633510906078	41.8505398664138	109.813890957022	1.628687	108.185203957022	37.8934709081429	115.661997199994	697.487772699522
3	314275	314563	288	314419	23.7807477067128	18.1623946818789	41.9431423885917	0.678816	41.2643263885917	29.4965033844639	22.9051238576963	52.4016272421602	2.093016	50.3086112421602	47.4800973060993	53.7854922835651	873.944416384176
3	314965	315170	205	315067.5	34.2231321217601	28.0418637650264	62.2649958867865	0.483185	61.7818108867865	37.9570338205471	30.6758355054611	68.6328693260082	1.897385	66.7354843260082	71.0881928624587	71.347643845284	1308.487824329
4	19962	20464	502	20213	87.2372760467922	107.865637893232	195.102913940024	1.183214	193.919699940024	92.1391095560707	114.239211487707	206.378321043777	2.597414	203.780907043777	223.13041381108	217.864419881974	1895.65290941054
4	22444	22591	147	22517.5	26.2303144245817	14.3165899352333	40.546904359815	0.346479	40.200425359815	30.1080200400984	17.1609674064047	47.2689874465032	1.760679	45.5083084465032	46.2559376313556	48.6534355123733	392.977368036581
4	32034	32258	224	32146	39.7464825590466	37.941633401092	77.6881159601386	0.527968	77.1601479601386	41.7542372434578	39.365972195238	81.1202094386958	1.942168	79.1780414386958	88.7830155956033	84.6501191680662	754.275398613046
4	34065	34240	175	34152.5	17.4336748340279	38.8869591485513	56.3206339825791	0.412475	55.9081589825791	19.2693248308926	42.3300529267192	61.5993777576118	1.826675	59.7727027576118	64.3297749174362	63.9036571187076	546.527579549118
4	36620	36757	137	36688.5	11.8541228660028	21.4451840939009	33.2993069599037	0.322909	32.9763979599037	15.4252201305505	24.1284571771366	39.5536773076871	1.737109	37.8165683076871	37.9437330248957	40.4301111218009	322.359227834536
4	42355	42585	230	42470	27.3685454261242	22.8371220055571	50.2056674316812	0.54211	49.6635574316812	30.2221231478791	29.563805217537	59.7859283654161	1.95631	57.8296183654161	57.1445300528448	61.8262841202819	485.483770685293
4	43874	43965	91	43919.5	7.79191222519646	11.8113217002445	19.603233925441	0.214487	19.388746925441	10.3181810321694	16.7292556480443	27.0474366802137	1.628687	25.4187496802137	22.3093328119318	27.1754662080055	189.533783985867
4	46191	46496	305	46343.5	115.785653607532	251.911161203531	367.696814811064	0.718885	366.977929811064	129.969339922923	268.118602639131	398.087942562054	2.133085	395.954857562054	422.256930902849	423.319714263882	3587.37549898723
4	47879	48016	137	47947.5	46.810074947287	0.167804570425962	46.9778795177129	0.322909	46.6549705177129	47.6729984503893	0.456112422951616	48.1291108733409	1.737109	46.3920018733409	53.6827505466473	49.5982019214763	456.0734707599
4	49356	49436	80	49396	8.30232612713574	8.06311961196357	16.3654457390993	0.18856	16.1768857390993	12.4525391648281	11.5359141990806	23.9884533639087	1.60276	22.3856933639087	18.6136592118086	23.9327921792792	158.136385968056
4	52172	52410	238	52291	69.9437050287159	34.6024424528839	104.5461474816	0.560966	103.9851814816	71.5401485104084	36.59479671784	108.134945228248	1.975166	106.159779228248	119.64878545803	113.496593237718	1016.50225259292
4	56732	56917	185	56824.5	18.0956928651482	19.7399376487856	37.8356305139338	0.436045	37.3995855139338	20.1059476176527	23.454138810997	43.5600864286497	1.850245	41.7098414286497	43.0331987656121	44.5924524433968	365.59788980781
4	60979	61147	168	61063	51.8837131359408	91.2775860911007	143.161299227042	0.395976	142.765323227042	72.0652628127366	128.335595425277	200.400858238014	1.810176	198.590682238014	164.27049783686	212.315493180408	1395.59570493343
4	62124	62418	294	62271	61.1659659529478	85.1390188974015	146.304984850349	0.692958	145.612026850349	97.7458622649515	118.842436863915	216.588299128867	2.107158	214.481141128867	167.546009080239	229.304158400011	1423.42352236209
4	63005	63138	133	63071.5	16.4982493562183	5.84865929759378	22.3469086538121	0.313481	22.0334276538121	39.6239792224722	16.0844380854062	55.7084173078784	1.727681	53.9807363078785	25.3523898376086	57.7114017751982	215.386736103415
4	63545	63650	105	63597.5	4.90923371083485	8.67773635203386	13.5869700628687	0.247485	13.3394850628687	11.4750125403265	14.5053950776435	25.9804076179699	1.661685	24.3187226179699	15.3488522467041	25.9994151183971	130.399509061154
4	70354	70480	126	70417	10.2728797983178	21.6656900997348	31.9385698980527	0.296982	31.6415878980527	12.0995295500465	26.1732128693295	38.2727424193759	1.711182	36.5615604193759	36.4078564659276	39.0883683182149	309.31085483251
4	74141	74300	159	74220.5	22.2678064993383	18.3046985577526	40.572505057091	0.374763	40.1977420570909	24.3269625837489	23.4748393748099	47.8018019585589	1.788963	46.0128389585589	46.2528501345856	49.1928346588211	392.951137536961
4	76826	77209	383	77017.5	36.8517037151131	42.1086468963718	78.9603506114849	0.902731	78.0576196114849	41.7691376492942	51.9308144188196	93.6999520681138	2.316931	91.3830210681138	89.8156761298891	97.6985977778078	763.04859054514
4	80518	80653	135	80585.5	12.8049487632674	12.4268384648284	25.2317872280958	0.318195	24.9135922280958	14.6316985177197	14.774202399041	29.4059009167607	1.732395	27.6735059167607	28.666402356722	29.5860510197859	243.541649485143
4	83763	84017	254	83890	44.7480187838881	17.6720813274102	62.4201001112983	0.598678	61.8214221112983	48.9226324861716	19.1654220009327	68.0880544871044	2.012878	66.0751764871044	71.1337708461272	70.641701437071	604.332405245184
4	87290	87502	212	87396	50.0529632725391	77.2118029869927	127.264766259532	0.499684	126.765082259532	52.3422256242621	79.1054545636232	131.447680187885	1.913884	129.533796187885	145.860091935543	138.486013096021	1239.18610162489
4	88046	88227	181	88136.5	19.0576190647473	16.1281392756781	35.1857583404254	0.426617	34.7591413404254	22.0223998152947	18.7016093682536	40.7240091835482	1.840817	38.8831921835482	39.995016459935	41.5704504956797	339.786351933136
4	89883	89992	109	89937.5	9.95027101155136	4.80623090538864	14.75650191694	0.256913	14.49958891694	14.6240983107159	7.03779168551697	21.6618899962329	1.671113	19.9907769962329	16.6837060707498	21.3723606222764	141.740049743038
4	93931	94229	298	94080	61.186966524932	104.311141080824	165.498107605756	0.702386	164.795721605756	79.0188522048694	122.540537587605	201.559389792475	2.116586	199.442803792475	189.619402090456	213.226505751824	1610.95282850055
4	98189	98399	210	98294	34.3267349435487	37.9101325431158	72.2368674866645	0.49497	71.7418974866645	36.7797017540245	41.787638153185	78.5673399072096	1.90917	76.6581699072096	82.5485975831359	81.9560966644446	701.30954585475
4	103412	103573	161	103492.5	24.1347573487318	43.3407804555006	67.4755378042325	0.379477	67.0960608042325	25.5118948572753	47.8641036554453	73.3759985127206	1.793677	71.5823215127206	77.2029443990068	76.5294510482455	655.894387794882
4	104688	104915	227	104801.5	77.2332035698718	164.746187125999	241.979390695871	0.535039	241.444351695871	78.7781456488412	172.964610967922	251.742756616763	1.949239	249.793517616763	277.813848324382	267.057010371255	2360.22790822477
4	106513	107093	580	106803	212.757294785334	188.099423188748	400.856717974082	1.36706	399.489657974082	222.505060281323	200.681965894431	423.187026175754	2.78126	420.405766175754	459.665999506871	449.460450891218	3905.19236906928
4	111190	111339	149	111264.5	16.9758623647728	20.9346701892379	37.9105325540107	0.351193	37.5593395540107	18.1719949433573	22.1824041732694	40.3543991166267	1.765393	38.5890061166267	43.2170170423595	41.2559329202257	367.159557915566
4	114356	114604	248	114480	41.0029167800429	52.6493339888497	93.6522507688926	0.584536	93.0677147688926	43.0105714617304	53.9081682752157	96.918739736946	1.998736	94.920003736946	107.086787547924	101.480025039353	909.779070039845
4	116017	116110	93	116063.5	9.47395803840544	7.80111247578	17.2750705141854	0.219201	17.0558695141854	17.4864762721595	17.399773910682	34.8862501828415	1.633401	33.2528491828415	19.6250469848345	35.5509885677671	166.728850534998
4	121808	121995	187	121901.5	25.6561987876237	40.3276983893897	65.9838971770134	0.440759	65.5431381770134	28.4961761389508	44.4375103266934	72.9336864656443	1.854959	71.0787274656443	75.4161003159397	75.9910530868569	640.713865664908
4	125193	125570	377	125381.5	28.207568278254	20.6549625709534	48.8625308492074	0.888589	47.9739418492074	29.7526103599471	25.2592879771227	55.0118983370699	2.302789	52.7091093370699	55.2004025391593	56.3518913268422	468.967012998001
4	126451	126600	149	126525.5	14.7077005877577	7.71621016332968	22.4239107510874	0.351193	22.0727177510874	18.3189989472466	10.5739879994815	28.8929869467281	1.765393	27.1275939467281	25.3975983216689	29.0024104992722	215.770814602061
4	132758	133245	487	133001.5	118.054915414508	119.159145489981	237.21406090449	1.147859	236.06620190449	127.616175830734	128.731006194922	256.347182025656	2.562059	253.785123025656	271.625571481648	271.324479828634	2307.65405779889
4	134774	135054	280	134914	127.515973101552	217.46142290979	344.977396011342	0.65996	344.317436011342	140.051014513461	225.679446740817	365.730461254278	2.07416	363.656301254278	396.183018039643	388.788970755575	3365.85890725669
4	135557	135718	161	135637.5	49.5062483818843	23.7480468160517	73.2542951979361	0.379477	72.8748181979361	57.306360830427	26.149312218357	83.455673048784	1.793677	81.661996048784	83.8521735849519	87.3057424940717	712.384359002242
4	137896	138031	135	137963.5	11.7980213379879	18.6352075596941	30.433228897682	0.318195	30.115033897682	15.3247173931976	24.1096566650746	39.4343740582722	1.732395	37.7019790582722	34.6513529961253	40.3076024888252	294.388097974542
4	139299	139460	161	139379.5	18.8481133585242	15.1438124659625	33.9919258244867	0.379477	33.6124488244867	21.5738875993468	16.6842544223639	38.2581420217107	1.793677	36.4644650217107	38.6755941646519	38.9845625554847	328.576913156618
4	141736	141956	220	141846	27.2009408611457	26.7767293070653	53.9776701682109	0.51854	53.4591301682109	31.9950714369625	31.8706680486371	63.8657394855996	1.93274	61.9329994855996	61.5118414483031	66.2132542259326	522.587213518111
4	145533	145728	195	145630.5	32.2137773937691	40.0172899349188	72.2310673286879	0.459615	71.7714523286879	33.9844256202066	45.2858334321305	79.2702590523371	1.873815	77.3964440523371	82.5826043608529	82.7453937123154	701.598457823395
4	147668	148149	481	147908.5	27.8046573043289	85.2465218254158	113.051179129745	1.133717	111.917462129745	30.2013225813424	93.5794487860141	123.780771367357	2.547917	121.232854367357	128.775929652424	129.611384454707	1094.04388912374
4	148833	148972	139	148902.5	27.7698563564694	14.6230982834786	42.392954639948	0.327623	42.065331639948	50.4906751943236	31.6044607980567	82.0951359923804	1.741823	80.3533129923804	48.4017604133301	85.9066149750668	411.207671697352
4	155693	156299	606	155996	281.977280102385	356.859419637266	638.836699739652	1.428342	637.408357739651	290.446810783605	362.013960029421	652.460770813026	2.842542	649.618228813026	733.423116233559	694.514027924615	6230.95543261188
4	158744	159025	281	158884.5	214.649646326556	226.898379940413	441.548026266969	0.662317	440.885709266969	230.108067361386	250.683727772418	480.791795133804	2.076517	478.715278133804	507.297663840011	511.799794555109	4309.85752220091
4	159240	159532	292	159386	263.024563894835	190.017875440865	453.0424393357	0.688244	452.3541953357	302.575841137153	212.090276618027	514.666117755179	2.102444	512.563673755179	520.493682826705	547.987488402219	4421.96716856199
4	163215	163393	178	163304	48.5988236667203	64.3623530116636	112.961176678384	0.419546	112.541630678384	52.3421256215383	73.5851042080487	125.927229829587	1.833746	124.093483829587	129.494118606867	132.669715028102	1100.14541942498
4	163993	164251	258	164122	133.372332608873	162.518926462991	295.891259071865	0.608106	295.283153071865	140.029213919687	174.481252276075	314.510466195761	2.022306	312.488160195761	339.762552008605	334.084545645926	2886.52657978389
4	167296	167725	429	167510.5	197.039766693308	207.734057969442	404.77382466275	1.011153	403.76267166275	204.293964272986	219.794086443613	424.088050716599	2.425353	421.662697716599	464.582670236393	450.804250292988	3946.9630134823
4	172183	172650	467	172416.5	167.823670946195	201.299682718937	369.123353665132	1.100719	368.022634665132	171.654075273385	206.927636005249	378.581711278635	2.514919	376.066792278635	423.459002824736	402.057163868932	3597.58796217019
4	174620	174807	187	174713.5	53.860266970547	44.6922172640444	98.5524842345914	0.440759	98.1117252345914	57.0488538168115	51.9246142499481	108.97346806676	1.854959	107.11850906676	112.890592642646	114.521581903834	959.086557197448
4	176380	176643	263	176511.5	150.248692263531	49.128638097064	199.377330360595	0.619891	198.757439360595	157.094078708583	52.2146221487772	209.30870085736	2.034091	207.27460985736	228.696876626131	221.599576171949	1942.94400366455
4	178134	178247	113	178190.5	15.5220227671252	5.90426081198999	21.4262835791152	0.266341	21.1599425791152	19.4666302048201	7.43390247422808	26.9005326790482	1.680541	25.2199916790482	24.3473290509263	26.9629718323105	206.8480238236
4	183106	183244	138	183175	17.8991875130105	23.951852367022	41.8510398800325	0.325266	41.5257738800325	21.5458868367013	28.1892677798106	49.7351546165119	1.739466	47.9956886165119	47.7809274279131	51.3127211423487	405.933250183213
4	184715	184876	161	184795.5	31.4648569957238	30.9839438972861	62.44880089301	0.379477	62.06932389301	39.3253710894019	35.5967695349729	74.9221406243748	1.793677	73.1284636243748	71.4190148267797	78.1824486675871	606.755757456925
4	190685	190849	164	190767	22.5671146514748	31.6745627073944	54.2416773588692	0.386548	53.8551293588692	25.2995890747876	34.9323514384829	60.2319405132706	1.800748	58.4311925132706	61.9674912007922	62.4694336902765	526.458284988043
4	196200	196300	100	196250	3.50029533614393	12.7287466877819	16.2290420239259	0.2357	15.9933420239259	5.43224795596464	15.3540181912518	20.7862661472164	1.6499	19.1363661472164	18.40246774889	20.4589005407495	156.342163009893
4	198376	198673	297	198524.5	146.287384370972	315.483492697695	461.770877068667	0.700029	461.070848068667	154.686613137406	332.763963358962	487.450576496368	2.114229	485.336347496368	530.52335145736	518.87845298587	4507.17639752986
4	199731	199985	254	199858	198.050894232984	197.309974052838	395.360868285822	0.598678	394.762190285822	222.949872396493	219.19197004401	442.141842440503	2.012878	440.128964440503	454.226418990368	470.546740134417	3858.97923094992
4	202596	202870	274	202733	77.3928079169516	79.7877731476616	157.180581064613	0.645818	156.534763064613	83.3746708425593	88.7536173467736	172.128288189333	2.060018	170.068270189333	180.11407025294	181.82186723298	1530.19821667988
4	211164	211253	89	211208.5	19.2662247464568	20.2075503849667	39.4737751314235	0.209773	39.2640021314235	20.5117586705661	26.8352309004498	47.3469895710158	1.623973	45.7230165710158	45.1784581255708	48.8829823412175	383.823406794433
4	212718	213200	482	212959	260.946707301086	370.945403291569	631.892110592655	1.136074	630.756036592655	266.792666525139	381.087579529966	647.880246055105	2.550274	645.329972055105	725.76873573074	689.929405231437	6165.92598000579
4	215813	215989	176	215901	35.0724552544345	43.8467942375956	78.9192494920302	0.414832	78.5044174920302	43.7139906204766	47.5904962033086	91.3044868237852	1.829032	89.4754548237852	90.3297765333386	95.659197623809	767.416242219705
4	219408	219558	150	219483	16.1977411713971	20.0082449565644	36.2059861279615	0.35355	35.8524361279615	17.7851844079535	23.0467277145039	40.8319121224574	1.76775	39.0641621224574	41.25299756467	41.763927457425	350.47380372621
4	221913	222115	202	222014	47.0667819391126	44.4725112800004	91.539293219113	0.476114	91.063179219113	52.3132248343792	51.9418147184304	104.25503955281	1.890314	102.36472555281	104.780302714977	109.439259410841	890.183827018472
4	223840	223979	139	223909.5	21.4805850581028	19.511831435948	40.9924164940508	0.327623	40.6647934940508	25.937106438593	21.3496814927348	47.2867879313278	1.741823	45.5449649313278	46.7902549492184	48.6926253654223	397.516776900012
4	226948	227283	335	227115.5	144.701741183443	191.307510566141	336.009251749584	0.789595	335.219656749584	148.482944170556	192.841252340052	341.324196510608	2.203795	339.120401510608	385.714812632633	362.557369171877	3276.92399382572
4	228959	229105	146	229032	16.6314529842322	19.4056285433422	36.0370815275745	0.344122	35.6929595275745	22.4348110479744	25.1644853950227	47.5992964429972	1.758322	45.8409744429972	41.0694985191963	49.0090924058086	348.914847717098
4	230689	230867	178	230778	49.9940616682597	58.0802819094058	108.074343577666	0.419546	107.654797577666	62.2413952439853	61.4928748568349	123.73427010082	1.833746	121.90052410082	123.871166981394	130.325197545757	1052.37441220887
4	232348	232509	161	232428.5	22.6848178573099	42.8483670438335	65.5331849011434	0.379477	65.1537079011434	29.9860167171427	53.74626386549	83.7322805826327	1.793677	81.9386035826327	74.9680089738413	87.6014666655418	636.907008312645
4	234133	234649	516	234391	137.97255790337	183.145788268575	321.118346171945	1.216212	319.902134171945	144.339731323525	186.332575065813	330.672306389338	2.630412	328.041894389338	368.089965067552	350.713214770232	3127.18827203859
4	238765	238898	133	238831.5	21.6749903530421	37.6425252544031	59.3175156074452	0.313481	59.0040346074452	23.7165459580755	43.5282855625022	67.2448315205777	1.727681	65.5171505205777	67.8919916983906	70.0451097090232	576.791166163916
4	239589	240050	461	239819.5	67.0697267513192	104.260539702615	171.330266453934	1.086577	170.243689453934	79.0751537383317	110.233402383087	189.308556121418	2.500777	186.807779121418	195.888013896112	199.718261235262	1664.20918205807
4	242058	242292	234	242175	79.6754700889081	28.507776454904	108.183246543812	0.551538	107.631708543812	84.2394943974125	29.953915842824	114.193410240237	1.965738	112.227672240237	123.844599976186	119.98384471844	1052.14870644399
4	245717	245798	81	245757.5	5.34104547191906	7.81691290613	13.1579583780491	0.190917	12.9670413780491	9.54275991233456	12.7229465298054	22.2657064421399	1.605117	20.6605894421399	14.9203062375011	22.0884645108802	126.758703331059
4	248028	248136	108	248082	12.5428416243601	6.54387823299383	19.0867198573539	0.254556	18.8321638573539	17.0646647834487	10.3630822551261	27.4277470385748	1.668756	25.7589910385748	21.6689099444206	27.5392220045349	184.092932372162
4	251322	251509	187	251415.5	29.0593914790218	33.5838147089275	62.6432061879492	0.440759	62.2024471879492	36.5331950400198	37.8707314699645	74.4039265099842	1.854959	72.5489675099843	71.5721908882984	77.5629029671725	608.057097967662
4	255184	255573	389	255378.5	56.0801274319984	66.7906191493771	122.870746581375	0.916873	121.953873581375	57.7884739615495	70.6141232886299	128.402597250179	2.331073	126.071524250179	140.324156269283	134.784459902816	1192.15435739597
4	258645	258844	199	258744.5	48.3420166721709	61.2150672903013	109.557083962472	0.469043	109.088040962472	51.313697610656	68.8298746917645	120.143572302421	1.883243	118.260329302421	125.520304173968	126.433425055803	1066.3850155315
4	264162	264427	265	264294.5	30.7069363525424	139.124589280787	169.83152563333	0.624605	169.20692063333	32.6992906174986	144.164926562438	176.864217179936	2.038805	174.825412179936	194.695073436533	186.907780310481	1654.0742971971
4	265004	265230	226	265117	33.3059071396702	120.36957845806	153.67548559773	0.532682	153.14280359773	35.4185646812785	125.555119694572	160.973684375851	1.946882	159.026802375851	176.211169620821	170.017311964644	1497.04027638816
4	266829	267326	497	267077.5	22.5175133005026	55.9683243868636	78.4858376873662	1.171429	77.3144086873662	34.4400380295396	71.3757440325894	105.815782062129	2.585629	103.230153062129	88.9605130850886	110.364497525652	755.783367099317
4	267540	267741	201	267640.5	22.7104185545858	23.2610335514663	45.9714521060521	0.473757	45.4976951060521	32.7787927828673	33.8035206929715	66.5823134758387	1.887957	64.6943564758387	52.35115122189	69.1654515023744	444.760579383817
4	271999	272398	399	272198.5	174.170943824327	172.327693620459	346.498637444786	0.940443	345.558194444786	187.281000897708	182.567372514497	369.848373412205	2.354643	367.493730412205	397.610675687523	392.891608679109	3377.98788298717
4	273565	273722	157	273643.5	13.2958621340785	13.3187627578136	26.6146248918921	0.370049	26.2445758918921	17.2378695009563	15.9525344928009	33.1904039937572	1.784249	31.4061549937572	30.1978761356651	33.5766674007805	256.552617712887
4	276604	276782	178	276693	23.8553497386185	21.5223861966237	45.3777359352423	0.419546	44.9581899352423	26.3082165463706	24.9524796207063	51.2606961670769	1.833746	49.4269501670769	51.7303787472356	52.842898684184	439.486671952008
4	281877	282117	240	281997	82.7039525744741	103.219211340371	185.923163914845	0.56568	185.357483914845	84.3004960588904	112.676168915741	196.976664974632	1.97988	194.996784974632	213.278445158957	208.473217896816	1811.95336921863
4	283205	283367	162	283286	21.4800850444842	19.8585408791344	41.3386259236185	0.381834	40.9567919236185	23.6354437491271	23.5772421639138	47.2126859130408	1.796034	45.4166519130408	47.1262379898367	48.555444499472	400.371193819617
4	285216	285312	96	285264	11.612116274566	20.9122695791215	32.5243858536875	0.226272	32.2981138536875	14.3534909402912	30.6960360556554	45.0495269959467	1.640472	43.4090549959467	37.1632769219402	46.4091004476929	315.728693444511
4	286746	287010	264	286878	164.163971268419	201.405785608819	365.569756877238	0.622248	364.947508877238	181.541044560813	211.312455432822	392.853499993635	2.036448	390.817051993635	419.920661491771	417.826829548292	3567.52721461114
4	289631	289823	192	289727	43.9591972990728	36.2239866182337	80.1831839173065	0.452544	79.7306399173065	47.8880043064178	37.2568147489603	85.1448190553781	1.866744	83.2780750553781	91.7407085699546	89.0335104207275	779.403121885765
4	292578	292689	111	292633.5	10.4515846656308	11.1402034212644	21.5917880868953	0.261627	21.3301610868953	13.7074733449684	14.935206784253	28.6426801292214	1.675827	26.9668531292214	24.5431880899565	28.8305607147881	208.511986843389
4	294846	295021	175	294933.5	12.8153490465358	26.3379173553197	39.1532664018554	0.412475	38.7407914018554	15.1495126212154	31.0963469587634	46.2458595799787	1.826675	44.4191845799787	44.5764345733736	47.4890411498092	378.708784906882
4	296329	296623	294	296476	34.4726389174769	44.576514112684	79.0491530301609	0.692958	78.3561950301608	39.0903646886266	52.2804239409943	91.3707886296209	2.107158	89.2636306296209	90.1592268714774	95.4327340367731	765.967300512547
4	301031	301113	82	301072	13.4665667834928	18.158594578377	31.6251613618697	0.193274	31.4318873618697	22.7138186471928	35.3489627855596	58.0627814327524	1.607474	56.4553074327524	36.1665681005404	60.356993113456	307.26093710036
4	302710	303077	367	302893.5	261.407719857501	383.973958145106	645.381678002607	0.865019	644.516659002607	280.0800284277	401.256928874466	681.336957302166	2.279219	679.057738302166	741.602162523274	725.988132881286	6300.44229740311
4	304851	305069	218	304960	63.6948348307379	48.4004182628317	112.09525309357	0.513826	111.58142709357	70.4437186473868	49.8871587565878	120.330877403975	1.928026	118.402851403975	128.389276637285	126.585797009712	1090.75899442668
4	307930	308306	376	308118	52.6882350483823	47.3793904535057	100.067625501888	0.886232	99.181393501888	56.0042253646842	52.6299334604453	108.634158825129	2.300432	106.333726825129	114.121388292579	113.682562535991	969.543049052748
4	310216	310442	226	310329	56.1898304199348	62.9197137190742	119.109544139009	0.532682	118.576862139009	58.0185802288619	66.4120088373194	124.430589066181	1.946882	122.483707066181	136.438455328053	130.948684899291	1159.14254081511
4	312538	312937	399	312737.5	183.578700059621	347.123954476296	530.702654535917	0.940443	529.762211535917	189.261054827645	365.195546685024	554.456601512669	2.354643	552.101958512669	609.561903808849	590.258305608702	5178.66559150212
4	313951	314380	429	314165.5	93.420744463448	120.877192283735	214.297936747182	1.011153	213.286783747182	98.8923934925639	129.158417836162	228.050811328726	2.425353	225.625458328726	245.414820323371	241.218671084002	2084.97492660214
4	314741	315245	504	314993	519.626352855119	394.072033182336	913.698386037455	1.187928	912.510458037455	526.193531722742	401.404432891974	927.597964614716	2.602128	924.995836614716	1049.96468214322	988.923271864788	8920.20307983787
4	316470	316670	200	316570	22.4143104896089	17.9686894060057	40.3829998956147	0.4714	39.9115998956147	35.6777717411976	29.7206094883522	65.3983812295497	1.8856	63.5127812295497	45.9236055095231	67.9022163479428	390.153968290746
4	320313	320406	93	320359.5	5.98676305907069	3.99670885676042	9.98347191583111	0.219201	9.76427091583111	7.53170513804011	7.70000972208474	15.2317148601249	1.633401	13.5983138601249	11.23509272491	14.5381076347485	95.4501712595089
4	321812	322093	281	321952.5	48.095209949995	54.4238823215129	102.519092271508	0.662317	101.856775271508	65.8789943198162	66.8476207019055	132.726615021722	2.076517	130.650098021722	117.199770950671	139.679463723805	995.696117755578
4	323681	323903	222	323792	33.7411189933613	42.9753705029759	76.7164894963373	0.523254	76.1932354963373	34.6598440163073	44.7327183671568	79.3925623834641	1.937454	77.4551083834641	87.670454168199	82.8081123970741	744.823391283634
4	326222	326392	170	326307	16.6461533846212	13.2180600150133	29.8642133996345	0.40069	29.4635233996345	17.7350830433627	15.8631320577825	33.5982151011452	1.81489	31.7833251011452	33.9017034913222	33.9799041310265	288.019287732379
4	330876	330985	109	330930.5	20.099847451505	11.4596121208714	31.5594595723764	0.256913	31.3025465723764	38.9059596660608	41.5022303796477	80.4081900457084	1.671113	78.7370770457084	36.0177443147609	84.1786792620393	305.996572293771
4	334400	334773	373	334586.5	78.6210413698548	92.4031167467289	171.024158116584	0.879161	170.144997116584	86.6461599467994	103.678523850482	190.324683797281	2.293361	188.031322797281	195.774455231985	201.026365301581	1663.24441975443
4	337315	337448	133	337381.5	9.16524963023801	12.5017405049053	21.6669901351434	0.313481	21.3535091351434	13.5682695535304	17.1344666846152	30.7027362381456	1.727681	28.9750552381456	24.5700531256846	30.9775517838412	208.740224591304
4	340306	340437	131	340371.5	11.8828236477145	11.6681177998572	23.5509414475717	0.308767	23.2421744475717	13.597770357032	16.3010439850145	29.8988143420465	1.722967	28.1758473420465	26.7432138352108	30.1231097893745	227.202783555219
4	341277	341452	175	341364.5	22.7940208316276	13.3560637737665	36.1500846053941	0.412475	35.7376096053941	25.649698610581	17.5845789441427	43.2342775547237	1.826675	41.4076025547237	41.1208743739634	44.2693255229757	349.35132245355
4	345035	345558	523	345296.5	51.4862023090975	55.7459183292788	107.232120638376	1.232711	105.999409638376	54.3548804421363	58.2166856245793	112.571566066716	2.646911	109.924655066716	121.96642292483	117.521663605567	1036.19224523828
4	351219	351410	191	351314.5	42.5029576360556	53.8721672946714	96.375124930727	0.450187	95.924937930727	46.4070639706382	55.3721081479604	101.779172118599	1.864387	99.9147851185986	110.374402919894	106.820001016186	937.709720722791
4	352638	352742	104	352690	10.2452790465672	11.9565256551066	22.2018047016738	0.245128	21.9566767016738	18.1678948316842	15.16731310604	33.3352079377243	1.659328	31.6758799377243	25.2640776562453	33.8650333193425	214.636460779319
4	356934	357365	431	357149.5	82.7729544538507	181.745750136297	264.518704590148	1.015867	263.502837590148	95.3954982490269	195.260618235353	290.65611648438	2.430067	288.22604948438	303.195071001388	308.14565494253	2575.8595999797
4	361381	361507	126	361444	8.50793172713322	11.4602121372138	19.968143864347	0.296982	19.671161864347	9.99037210376877	14.8386041531258	24.8289762568945	1.711182	23.1177942568945	22.6342887715585	24.7154893350592	192.294517943087
4	362431	362584	153	362507.5	11.4062106663974	11.7258193714518	23.1320300378492	0.360621	22.7714090378492	13.5056678484728	15.5340230939733	29.0396909424461	1.774821	27.2648699424461	26.2015356008085	29.1491737834518	222.600838426043
4	363642	363837	195	363739.5	30.2450237716142	21.4774849736671	51.7225087452813	0.459615	51.2628937452813	32.8679952124382	23.9839532413407	56.8519484537788	1.873815	54.9781334537788	58.9847792569589	58.7777300869907	501.118007624293
4	366097	366579	482	366338	84.10499073399	146.45148884062	230.55647957461	1.136074	229.42040557461	98.7313891073519	160.735877898811	259.467267006163	2.550274	256.916993006163	263.978698648981	274.672796637834	2242.68838823575
4	369169	369474	305	369321.5	62.8368114610986	16.38474626478	79.2215577258786	0.718885	78.5026727258786	111.367433270232	47.4095912760734	158.777024546306	2.133085	156.643939546306	90.327768947758	167.469766978471	767.399186340223
4	372062	372167	105	372114.5	10.3415816695232	7.66430874971164	18.0058904192349	0.247485	17.7584054192349	12.9218519473127	9.25635211155986	22.1782040588725	1.661685	20.5165190588725	20.4334080088011	21.9344372718809	173.596457244292
4	375351	375484	133	375417.5	13.347963553144	20.3837551841863	33.7317187373303	0.313481	33.4182377373303	16.4466479507715	23.4093375907641	39.8559855415355	1.727681	38.1283045415355	38.4521284710824	40.7633917746787	326.678411805175
4	378499	378642	143	378570.5	20.9608709028563	20.4838579106442	41.4447288135005	0.337051	41.1076778135005	38.8566583232598	43.2147770235956	82.0714353468554	1.751251	80.3201843468554	47.2998522799683	85.8711967740023	401.846171742088
4	381528	381708	180	381618	38.5939511680101	28.4868758856435	67.0808270536536	0.42426	66.6565670536536	41.7425369247809	31.7404645023352	73.4830014271162	1.83846	71.6445414271162	76.6972483688233	76.5959710463726	651.598137299392
4	385790	386258	468	386024	144.085324394345	194.879607857926	338.964932252271	1.103076	337.861856252271	153.740387365433	207.280145606412	361.020532971846	2.517276	358.503256971846	388.755014678059	383.279794162416	3302.75269083825
4	386517	387610	1093	387063.5	271.865704697451	168.35808550183	440.223790199281	2.576201	437.647589199281	284.497948756829	184.081013740938	468.578962497767	3.990401	464.588561497767	503.571775903424	496.69676567279	4278.20343172309
4	407456	407795	339	407625.5	17.0827652764446	21.760792690006	38.8435579664506	0.799023	38.0445349664506	19.3788278133815	24.1531578498989	43.5319856632804	2.213223	41.3187626632804	43.7752989146522	44.1743458131861	371.902562857864
4	411476	411579	103	411527.5	45.6231426192859	25.1755856973572	70.7987283166432	0.242771	70.5559573166432	64.0174436175044	38.3549446582854	102.37238827579	1.656971	100.71541727579	81.1840156403323	107.675965703927	689.71644348102
4	413246	413737	491	413491.5	27.2830430973314	22.8723229643115	50.1553660616429	1.157287	48.9980790616429	30.7196366984567	25.660598907468	56.3802356059247	2.571487	53.8087486059247	56.378808653034	57.5275278222526	478.978418167199
4	417010	417157	147	417083.5	11.8272221333183	14.43219308387	26.2594152171883	0.346479	25.9129362171883	15.3779188422242	19.9154424289391	35.2933612711633	1.760679	33.5326822711633	29.816280568656	35.8501612151728	253.310689665233
4	421754	421939	185	421846.5	26.0915106440386	36.8141026909891	62.9056133350277	0.436045	62.4695683350277	29.4975034117012	39.5082760711118	69.005779482813	1.850245	67.155534482813	71.8795493057451	71.7967241102666	610.668328181927
4	423626	423705	79	423665.5	8.09842057344173	8.75853855281109	16.8569591262528	0.186203	16.6707561262528	15.5051223068141	15.9657348523338	31.4708571591479	1.600403	29.8704541591479	19.1819227966258	31.9348326661233	162.964192717803
4	432071	432236	165	432153.5	17.1523671721636	17.386973562044	34.5393407342076	0.388905	34.1504357342076	18.5810060834302	18.3549999277909	36.9360060112211	1.803105	35.1329010112211	39.2946196779345	37.5609727555888	333.835978898535
4	442432	442822	390	442627	13.268961401394	14.2039868683086	27.4729482697026	0.91923	26.5537182697026	16.5448506254784	19.2919254464565	35.8367760719349	2.33343	33.5033460719349	30.5535855695634	35.8187975603576	259.574624492497
4	444251	444406	155	444328.5	6.79198499057835	5.36944624545957	12.1614312360379	0.365335	11.7960962360379	8.84244083802407	7.71941025048917	16.5618510885132	1.779535	14.7823160885132	13.5729780693582	15.8039375025652	115.312184148634
4	452744	452940	196	452842	7.79571232869836	15.3023167830812	23.0980291117795	0.461972	22.6360571117795	8.70583711740317	16.6729541145819	25.3787912319851	1.876172	23.5026192319851	26.0457952026778	25.1269099689667	221.277712036473
4	453930	454020	90	453975	3.64779935365185	4.16201335909303	7.80981271274488	0.21213	7.59768271274488	4.67842742445636	5.99976341315614	10.6781908376125	1.62633	9.05186083761249	8.74214475488756	9.67744446154199	74.2707901448248
4	461496	461583	87	461539.5	5.92466136763176	10.9407979901385	16.8654593577702	0.205059	16.6604003577702	11.0501009671799	19.7995392721312	30.8496402393111	1.619259	29.2303812393111	19.1700071072576	31.2505236335188	162.862960389889
4	465325	465820	495	465572.5	41.4368285983255	20.3630546203733	61.7998832186988	1.166715	60.6331682186988	56.6376426168165	29.3396991136487	85.9773417304652	2.580915	83.3964267304652	69.7665266576804	89.1600415045712	592.716685185174
4	471539	471761	222	471650	18.1947955643687	8.54113263141297	26.7359281957817	0.523254	26.2126741957817	19.4533298425635	9.68556380182698	29.1388936443904	1.937454	27.2014396443904	30.161168990096	29.0813597507766	256.240764182454
4	477597	477767	170	477682	8.83864073452217	11.9209246854572	20.7595654199794	0.40069	20.3588754199794	11.2558065699011	13.8101761422434	25.0659827121446	1.81489	23.2510927121446	23.425594710559	24.8580001867651	199.017229472543
4	482366	482582	216	482474	24.4230652012575	25.9461066837291	50.3691718849866	0.509112	49.8600598849866	26.9381337031722	29.9102146525522	56.8483483557244	1.923312	54.9250363557244	57.3706322680116	58.7209633926381	487.404671178796
4	485416	485652	236	485534	21.9406975900038	34.084728352112	56.0254259421158	0.556252	55.4691739421158	24.8094757257664	37.7427279835847	62.5522037093511	1.970452	60.5817517093511	63.8246642259193	64.7686202945214	542.236301925446
4	489256	489334	78	489295	6.61998030575555	4.52222316998356	11.1422034757391	0.183846	10.9583574757391	8.39312860028638	6.63508071703941	15.0282093173258	1.598046	13.4301633173258	12.6090481730719	14.3583360310629	107.122908284565
4	504904	505076	172	504990	14.5079951484606	20.5448595721221	35.0528547205826	0.405404	34.6474507205826	16.6277528834541	22.9954263172283	39.6231792006823	1.819604	37.8035752006823	39.8665015425128	40.4162200475039	338.694525530124
4	507355	507670	315	507512.5	51.3271979783601	22.3226079919447	73.6498059703048	0.742455	72.9073509703048	62.777209837753	29.7201094747335	92.4973193124865	2.156655	90.3406643124865	83.8896068677142	96.5842026503682	712.702381588967
4	512113	512503	390	512308	39.8930865520409	49.17003922469	89.0631257767309	0.91923	88.1438957767309	42.0019439901474	51.2401956087114	93.2421395988587	2.33343	90.9087095988587	101.421278733752	97.1915061439952	861.646508980865
4	521448	521608	160	521528	19.7353375234939	6.44787561820902	26.1832131417029	0.37712	25.8060931417029	25.325789788406	10.2113781232213	35.5371679116273	1.79132	33.7458479116273	29.693343395933	36.0780589572732	252.266250204173
4	538832	539067	235	538949.5	46.1356565784236	57.6204693856761	103.7561259641	0.553895	103.2022309641	76.5223842095692	95.6578053933817	172.180189602951	1.968095	170.212094602951	118.747896724099	181.975631503108	1008.84855662039
4	543720	543806	86	543763	15.4981221161527	18.1462942433577	33.6444163595104	0.202702	33.4417143595104	22.883023255751	26.1101111506532	48.9931344064042	1.616902	47.3762324064042	38.4791414482247	50.6504536619689	326.907906421516
4	546000	546502	502	546251	92.3574155019824	114.573020579532	206.930436081514	1.183214	205.747222081514	100.902748247792	119.170945811382	220.073694059174	2.597414	217.476280059174	236.739551565555	232.50629453231	2011.27229602039
4	548520	548675	155	548597.5	22.2301054724906	34.8629495482114	57.093055020702	0.365335	56.727720020702	23.9941535191616	38.1100379878604	62.104191507022	1.779535	60.324656507022	65.2727889259993	64.4937569723268	554.539159944703
4	550698	551960	1262	551329	753.597825442527	431.69555791923	1185.29338336176	2.974534	1182.31884936176	759.839395441673	435.111850967437	1194.95124640911	4.388734	1190.56251240911	1360.4151316051	1272.84353996675	11557.7023238831
4	553030	553164	134	553097	18.5574054406289	9.50765895630386	28.0650643969328	0.315838	27.7492263969328	22.0951017954494	11.0437007928609	33.1388025883103	1.730038	31.4087645883103	31.9291767200544	33.5794573471582	271.261257982073
4	556633	556903	270	556768	54.5447856145075	55.9448237467861	110.489609361294	0.63639	109.853219361294	61.3458708529456	67.8025467108433	129.148417563789	2.05059	127.097827563789	126.400743720962	135.881692117974	1073.86498099345
4	560798	560977	179	560887.5	38.2308412781313	47.7098994554472	85.9407407335785	0.421903	85.5188377335785	42.0567454827537	51.586805049174	93.6435505319278	1.836103	91.8074475319278	98.4008002180161	98.1523568009802	835.98537750009
4	562540	563146	606	562843	164.501480461022	141.260247448855	305.761727909876	1.428342	304.333385909876	188.091922984468	151.231919043285	339.323842027753	2.842542	336.481300027753	350.17604892953	359.735876609533	2974.99670538498
4	565676	565862	186	565769	23.7511469004875	23.1248298417403	46.8759767422278	0.438402	46.4375747422278	26.4409201607659	25.3986917740082	51.8396119347741	1.852602	49.9870099347741	53.4326077846702	53.4416647715406	453.948328577752
4	568837	568952	115	568894.5	8.62163482401899	12.7726478835013	21.3942827075202	0.271055	21.1232277075202	15.7864299686784	22.8656227818213	38.6520527504997	1.685255	36.9667977504997	24.3050837066186	39.5216120275523	206.489119322515
4	569884	570069	185	569976.5	43.072773155893	54.6673889538056	97.7401621096986	0.436045	97.3041171096986	50.0344627686483	58.5358943187388	108.570357087387	1.850245	106.720112087387	111.961332050966	114.095651290153	951.191821943165
4	570340	570499	159	570419.5	63.6257329486376	16.0406368924107	79.6663698410483	0.374763	79.2916068410482	73.8368110636877	21.4009828900104	95.2377939536981	1.788963	93.4488309536981	91.235542606865	99.9071779575622	775.111374690437
4	573881	574029	148	573955	29.0264905829132	25.202386427318	54.2288770102312	0.348836	53.8800410102312	34.9325514439304	30.8872412634352	65.8197927073656	1.763036	64.0567567073656	61.9961553699243	68.4837865432257	526.701807664683
4	575914	576323	409	576118.5	69.7854007170447	63.512329859923	133.297730576968	0.964013	132.333717576968	75.7695637052983	65.3342794836361	141.103843188934	2.378213	138.725630188934	152.267547718152	148.313104413559	1293.62203435482
4	579179	579355	176	579267	15.8414314667322	43.8006929819542	59.6421244486863	0.414832	59.2272924486863	18.6322074779821	46.7033720410626	65.3355795190447	1.829032	63.5065475190447	68.1488795469079	67.8955518191476	578.97361269425
4	587761	588030	269	587895.5	41.5964329454053	64.0140435248974	105.610476470303	0.634033	104.976443470303	44.7334183862229	69.2574863384519	113.990904724675	2.048233	111.942671724675	120.789364253289	119.679147517463	1026.19228755818
4	589469	589711	242	589590	139.684804539146	201.865498129825	341.550302668971	0.570394	340.979908668971	141.33724954613	206.239717268682	347.576966814812	1.984594	345.592372814812	392.342748808413	369.476625220631	3333.23306563895
4	591547	592400	853	591973.5	400.538609309883	290.019599147812	690.558208457696	2.010521	688.547687457696	406.634475340548	295.133838442302	701.76831378285	3.424721	698.34359278285	792.265718638253	746.606853051473	6730.86554589742
4	593011	593090	79	593050.5	12.7781480333066	12.9479526582073	25.7261006915139	0.186203	25.5398976915139	25.376191161168	42.3586537057072	67.7348448668752	1.600403	66.1344418668752	29.3870501159122	70.7050627095778	249.66406909633
4	593301	593773	472	593537	479.701065426035	314.529566715995	794.23063214203	1.112504	793.11812814203	509.207469080149	340.0331613472	849.240630427349	2.526704	846.713926427349	912.587922671773	905.231216521449	7753.08897231005
4	598278	598389	111	598333.5	16.0407368951344	15.9471343457192	31.9878712408536	0.261627	31.7262442408536	19.8132396452828	18.1763950632016	37.9896347084844	1.675827	36.3138077084844	36.5052648509795	38.8234931568684	310.138408931347
4	599633	600555	922	600094	211.436558812976	202.378412099858	413.814970912834	2.173154	411.641816912834	230.072766399908	214.633745893482	444.70651229339	3.587354	441.11915829339	473.648675086197	471.605367326039	4023.98522742761
4	602890	603046	156	602968	27.0635371187349	20.6595626962452	47.7230998149801	0.367692	47.3554078149801	34.0073262439417	26.1208114420927	60.1281376860345	1.781892	58.3462456860345	54.4886968431622	62.3786160984565	462.920562627486
4	610160	610388	228	610274	83.1087636001501	65.565685786357	148.674449386507	0.537396	148.137053386507	88.2363032568967	72.6571789345193	160.893482191416	1.951596	158.941886191416	170.45138803901	169.926527133382	1448.10680054934
4	611881	611987	106	611934	14.3342904173343	5.27594369876811	19.6102341161024	0.249842	19.3603921161024	21.6440895114082	8.35052743997561	29.9946169513838	1.664042	28.3305749513838	22.2767068314708	30.2885307865475	189.256602880311
4	614074	614191	117	614132.5	16.3694458480487	22.5811150327975	38.9505608808462	0.275769	38.6747918808462	19.3478269690239	28.3412719198866	47.6890988889105	1.689969	45.9991298889105	44.5004933438921	49.178178140949	378.063609692299
4	616197	616651	454	616424	181.055331331636	164.572882405768	345.628213737404	1.070078	344.558135737404	188.966646808971	177.684639525452	366.651286334423	2.484278	364.167008334423	396.459975097111	389.33497333923	3368.21185611204
4	617220	617671	451	617445.5	145.538663978374	118.541428665475	264.080092643849	1.063007	263.017085643849	154.931119796936	130.249047541207	285.180167338144	2.477207	282.702960338144	302.63614876285	302.240859295788	2571.11115466684
4	619925	620144	219	620034.5	17.5012766752722	19.6530352818606	37.1543119571328	0.516183	36.6381289571328	24.0604553249973	25.8879050985158	49.9483604235132	1.930383	48.0179774235132	42.157041693016	51.3365503522469	358.15430703754
4	621304	622022	718	621663	461.542870858553	376.065942757654	837.608813616207	1.692326	835.916487616207	469.070675890368	381.216183032688	850.286858923056	3.106526	847.180332923056	961.83312913023	905.729856860676	8171.46232313678
4	623172	623385	213	623278.5	21.0435731553845	8.1179211045699	29.1614942599544	0.502041	28.6594532599544	23.9573525168274	9.59796141583583	33.5553139326632	1.916241	31.6390729326632	32.9765138223229	33.8256825434453	280.159137886199
4	626056	626364	308	626210	144.946647853868	127.188964194941	272.135612048809	0.725956	271.409656048809	147.528918186132	132.159699580873	279.688617767005	2.140156	277.548461767005	312.292917559297	296.730127906501	2653.15233207437
4	628638	629133	495	628885.5	517.485094534522	532.390200498931	1049.87529503345	1.166715	1048.70858003345	533.684035738604	554.04609033174	1087.73012607034	2.580915	1085.14921107034	1206.67874126489	1160.14501449066	10251.6014179016
4	629584	629804	220	629694	84.8674114997395	51.7787102760199	136.646121775759	0.51854	136.127581775759	111.795344925091	66.8767214945122	178.672066419603	1.93274	176.739326419603	156.632893213639	188.953967176453	1330.70877545731
4	630692	631140	448	630916	489.149522769888	305.108710123892	794.25823289378	1.055936	793.20229689378	508.367446200782	311.142174454947	819.509620655728	2.470136	817.039484655728	912.684770018452	873.505942865136	7753.9117599855
4	636213	636993	780	636603	340.865884027735	364.314822697097	705.180706724832	1.83846	703.342246724832	360.787726630993	371.414616071329	732.202342702322	3.25266	728.949682702322	809.288827339688	779.328162039114	6875.48906443044
4	643928	644171	243	644049.5	60.4863474424503	88.9977239954087	149.484071437859	0.572751	148.911320437859	62.3130971969027	95.6685056848213	157.981602881724	1.986951	155.994651881724	171.342285289892	166.77560636042	1455.67561170679
4	645038	645133	95	645085.5	31.759365017121	36.6289976493571	68.3883626664781	0.223915	68.1644476664781	46.2430595037142	62.3639985832834	108.607058086998	1.638115	106.968943086998	78.4322656219507	114.361679261886	666.338353335352
4	651400	651515	115	651457.5	1.84055013032767	146.705195750734	148.545745881061	0.271055	148.274690881061	5.0515375867086	150.763606288038	155.815143874747	1.685255	154.129888874747	170.609758287753	164.781967620529	1449.45226940617
4	652347	652635	288	652491	74.2889233776899	103.174410120138	177.463333497828	0.678816	176.784517497828	77.0885996313522	107.09911701581	184.187716647162	2.093016	182.094700647162	203.414106750796	194.679456950072	1728.14873907675
4	654758	654983	225	654870.5	76.80199182513	71.8050557255803	148.60704755071	0.530325	148.07672255071	82.8374562106592	74.6560333765181	157.493489587177	1.944525	155.548964587177	170.381969386025	166.299117148139	1447.51703930053
4	657539	657779	240	657659	67.1683294369211	76.9940970574234	144.162426494344	0.56568	143.596746494344	70.9926335979637	81.2204121678775	152.213045765841	1.97988	150.233165765841	165.227160918243	160.615937878695	1403.72324399264
4	664950	665160	210	665055	46.9183778970911	51.8164113028677	98.7347891999588	0.49497	98.2398191999588	49.0893370266365	61.8736852288147	110.963022255451	1.90917	109.053852255451	113.037981791391	116.590678696039	960.338733733415
4	666855	666985	130	666920	23.8783503650774	23.0465277090564	46.9248780741338	0.30641	46.6184680741338	31.3125528474767	30.8063390599342	62.1188919074109	1.72061	60.3982819074109	53.6407496290333	64.5724707015815	455.716642838896
4	668449	668567	118	668508	11.6278167021923	10.3937830913125	22.0215997935048	0.278126	21.7434737935048	18.5270046126137	14.4931947453479	33.0201993579616	1.692326	31.3278733579616	25.0187593459335	33.4929756387924	212.552305774488
4	668842	668937	95	668889.5	6.13696715011944	7.44570279562871	13.5826699457481	0.223915	13.3587549457481	10.1194756201096	11.2653068286559	21.3847824487655	1.638115	19.7466674487655	15.3710248106174	21.1113804072104	130.587880895247
4	671044	671228	184	671136	46.8126750181041	42.3214526924781	89.1341277105822	0.433688	88.7004397105822	55.6233149899807	48.8983318243042	104.521646814285	1.847888	102.673758814285	102.061656572118	109.769650286081	867.086978039688
4	674261	674369	108	674315	8.6582358209057	13.7216737317387	22.3799095526444	0.254556	22.1253535526444	16.1143388998028	36.6170973252327	52.7314362250355	1.668756	51.0626802250355	25.4581628140145	54.5916757670346	216.28535340545
4	674596	674994	398	674795	80.9855057698259	111.103026068679	192.088531838505	0.938086	191.150445838505	93.0177334867992	132.488608539234	225.506342026034	2.352286	223.154056026034	219.944018546385	238.576467568559	1868.58219614073
4	675626	676073	447	675849.5	253.308999275888	165.281601708872	418.59060098476	1.053579	417.53702198476	262.030736826365	170.331139241106	432.361876067471	2.467779	429.894097067471	480.431892818108	459.604530311416	4081.61352743851
4	679718	680463	745	680090.5	183.196189641337	221.065621075893	404.261810717231	1.755965	402.505845717231	191.115005322953	237.026255789317	428.141261112269	3.170165	424.971096112269	463.136524778253	454.34129558181	3934.67697054297
4	681737	682087	350	681912	94.8768841237414	78.1851294970975	173.062013620839	0.82495	172.237063620839	100.928148939621	84.6059043771746	185.534053316795	2.23915	183.294903316795	198.181656073154	195.962606888669	1683.69531750591
4	687897	688082	185	687989.5	41.5944328909306	24.1244570681872	65.7188899591178	0.436045	65.2828449591178	46.337162066748	26.4207196105716	72.7578816773196	1.850245	70.9076366773196	75.1165983394039	75.8081380341846	638.169381551349
4	690476	690948	472	690712	284.78745664204	272.74112854102	557.528585183059	1.112504	556.416081183059	290.849921762977	275.705809288843	566.55573105182	2.526704	564.02902705182	640.230726862272	603.0096664004	5439.21924107605
4	693291	693420	129	693355.5	14.9089060679109	22.1511033207405	37.0600093886515	0.304053	36.7559563886514	24.5861696436679	31.5932604929985	56.1794301366665	1.718253	54.4611771366665	42.2926178287113	58.2250463750283	359.306123554561
4	694220	694392	172	694306	49.5160486488103	41.5648320847053	91.0808807335155	0.405404	90.6754767335155	54.7572914024426	43.2708785516105	98.0281699540531	1.819604	96.2085659540531	104.334199425452	102.857641146693	886.393859598782
4	699447	700140	693	699793.5	2380.99315015802	2153.89236470477	4534.88551486278	1.633401	4533.25211386278	2403.79177111494	2209.09316818697	4612.88493930191	3.047601	4609.83733830191	5216.10965976637	4928.42804573274	44314.5929031101
4	703097	703219	122	703158	19.8541407592901	19.6216344266081	39.4757751858981	0.287554	39.1882211858981	43.9407967979058	37.2111135042138	81.1519103021196	1.701754	79.4501563021196	45.0912620658652	84.9410401759325	383.082613724377
4	704092	704437	345	704264.5	519.732655750448	357.487536745041	877.220192495489	0.813165	876.407027495489	536.188603954527	373.900683783361	910.089287737888	2.227365	907.861922737888	1008.422882113	970.605215177166	8567.27569201834
4	709275	709555	280	709415	298.285524283509	253.320799597289	551.606323880797	0.65996	550.946363880797	312.260504914466	257.249306596462	569.509811510928	2.07416	567.435651510928	633.93708941615	606.651726259226	5385.75027675271
4	715425	715651	226	715538	173.06981383329	249.479894984106	422.549708817396	0.532682	422.017026817396	175.560581673338	260.661799541168	436.222381214505	1.946882	434.275499214505	485.586734396818	464.288735769527	4125.40760404747
4	716636	716863	227	716749.5	44.3409076955662	81.0865085207974	125.427416216364	0.535039	124.892377216364	47.3463895546734	86.7308622538022	134.077251808476	1.949239	132.128012808476	143.705295639151	141.259518756056	1220.87956152274
4	720436	720648	212	720542	42.23045021388	49.8365573783783	92.0670075922583	0.499684	91.5673235922583	49.1810395243008	60.626051247507	109.807090771808	1.913884	107.893206771808	105.360387887526	115.349819782165	895.112066635238
4	721597	722201	604	721899	97.2946499754628	120.855191684513	218.149841659976	1.423628	216.726213659976	116.529073855772	127.888583250186	244.417657105958	2.837828	241.579829105958	249.372342018966	258.27566520768	2118.59691200598
4	722427	722833	406	722630	105.510273741121	28.4448747416752	133.955148482796	0.956942	132.998206482796	131.431379743917	38.8423579337658	170.273737677682	2.371142	167.902595677682	153.032130607751	179.506520677806	1300.11771441205
4	727652	728154	502	727903	118.220919935907	144.952148003673	263.17306793958	1.183214	261.98985393958	126.206937447872	151.097215374415	277.304152822287	2.597414	274.706738822287	301.45418202443	293.692010499931	2561.06949943821
4	730330	730531	201	730430.5	110.722715710318	70.0482078750181	180.770923585336	0.473757	180.297166585336	114.611221619998	72.3468704827721	186.95809210277	1.887957	185.07013510277	207.455876847961	197.860526810698	1762.48647508053
4	731507	731651	144	731579	30.5345316568247	21.2634791448759	51.7980108017006	0.339408	51.4586028017006	33.4031097871398	23.8236488751948	57.2267586623346	1.753608	55.4731506623346	59.209968563455	59.3069584555268	503.031152303838
4	741763	742145	382	741954	17.9063877091194	42.5378585866389	60.4442462957582	0.900374	59.5438722957582	19.2814251604644	46.4329646760854	65.7143898365498	2.314574	63.3998158365498	68.5131467786706	67.7814437978069	582.068324104943
4	744004	744236	232	744120	70.4803196442735	60.5183483140453	130.998667958319	0.546824	130.451843958319	72.5327755461939	62.7451089634343	135.277884509628	1.961024	133.316860509628	150.102201755884	142.530528972357	1275.22586727413
4	746256	746691	435	746473.5	130.059642382455	116.318168111417	246.377810493872	1.025295	245.352515493872	138.213164456674	122.483436032353	260.696600489027	2.439495	258.257105489027	282.31071071515	276.105525704022	2398.4319796854
4	750989	751554	565	751271.5	129.47382642682	163.827962116672	293.301788543492	1.331705	291.970083543492	139.713705326306	169.709122299479	309.422827625785	2.745905	306.676922625785	335.950424746242	327.871687334782	2854.13982437698
4	755187	755531	344	755359	151.932138114872	157.396386942431	309.328525057303	0.810808	308.517717057303	159.373840801551	163.268646882827	322.642487684378	2.225008	320.417479684378	354.990678597051	342.561868745067	3015.90043778561
4	765270	765606	336	765438	588.927040370224	519.523350049672	1108.4503904199	0.791952	1107.6584384199	598.760808208625	532.405000902044	1131.16580911067	2.206152	1128.95965711067	1274.50839601343	1206.98324654002	10827.8629869643
4	768112	768402	290	768257	109.76698967959	228.806831920157	338.573821599747	0.68353	337.890291599747	114.905929646843	241.037265035571	355.943194682414	2.09773	353.845464682414	388.787733328361	378.300096948438	3303.03065924058
4	769069	769469	400	769269	416.340639703464	390.801044091715	807.141683795179	0.9428	806.198883795179	425.375085771058	405.199036244068	830.574122015126	2.357	828.217122015126	927.639072311296	885.456078499938	7880.95928419094
4	769976	770303	327	770139.5	372.565947429681	174.548154098253	547.114101527934	0.770739	546.343362527934	411.823816680562	192.522743664959	604.346560345521	2.184939	602.161621345521	628.640723977491	643.777644396529	5340.75385344309
4	771618	771783	165	771700.5	25.9557069452076	16.2732432278164	42.228950173024	0.388905	41.840045173024	31.1092473101251	18.2006957250691	49.3099430351941	1.803105	47.5068380351941	48.1425383610768	50.7900855831455	409.005394432033
4	775827	775939	112	775883	16.9910627787804	11.4314113527784	28.4224741315587	0.263984	28.1584901315587	22.7221188732627	14.0052814562488	36.7274003295116	1.678184	35.0492163295116	32.40008909509	37.4715045375004	275.261996377914
4	781259	781371	112	781315	14.8755051581837	14.7841026686906	29.6596078268743	0.263984	29.3956238268743	24.2995618374458	23.3044347335669	47.6039965710127	1.678184	45.9258125710127	33.8235759995189	49.0997937860905	287.355538651237
4	784242	784820	578	784531	214.071130569753	234.679791879618	448.750922449371	1.362346	447.388576449371	228.874833772296	244.817167987276	473.692001759572	2.776546	470.915455759572	514.780077673246	503.460918252142	4373.42599460285
4	787361	787568	207	787464.5	18.1469942624238	51.3267979674652	69.473792229889	0.487899	68.985893229889	20.4903580876869	56.5191393891915	77.0094974768784	1.902099	75.1073984768784	79.3774480275744	80.2981497893429	674.368355819286
4	789289	789437	148	789363	24.3404629514531	31.466657044751	55.8071199962041	0.348836	55.4582839962041	32.1811765058318	38.6602529738459	70.8414294796777	1.763036	69.0783934796777	63.8121338943521	73.8524739150153	542.129847771189
4	790095	790328	233	790211.5	87.6095861872545	83.0476619359485	170.657248123203	0.549181	170.108067123203	96.4716275591305	88.9377223611682	185.409349920299	1.963381	183.445968920299	195.731962361444	196.124112794933	1662.88341234044
4	793950	794702	752	794326	233.083148392478	551.360517185858	784.443665578336	1.772464	782.671201578336	246.48381338103	570.347734333097	816.831547714127	3.186664	813.644883714127	900.567343803654	869.876737481758	7650.96553286068
4	802514	802647	133	802580.5	8.40062880456644	33.5135127941423	41.9141415987088	0.313481	41.6006605987088	10.1177755738061	52.99534341297	63.1131189867762	1.727681	61.3854379867762	47.8670945606611	65.6278501759582	406.66530178075
4	803751	803903	152	803827	8.48323105437088	8.06941978355882	16.5526508379297	0.358264	16.1943868379297	10.4822855018172	8.76023859911457	19.2425241009318	1.772464	17.4700601009318	18.6337965543549	18.6774343308575	158.307467136839
4	806012	806575	563	806293.5	447.354784423318	595.60622228843	1042.96100671175	1.326991	1041.63401571175	462.904407942194	599.036215709789	1061.94062365198	2.741191	1059.19943265198	1198.53851381444	1132.40181958983	10182.4443469934
4	807839	808271	432	808055	203.801950872214	111.918648283455	315.720599155669	1.018224	314.702375155669	211.749367332817	115.576547912204	327.325915245021	2.432424	324.893491245021	362.106950544642	347.347222172879	3076.35827224751
4	811695	812123	428	811909	360.950131054337	406.516372123818	767.466503178155	1.008796	766.457707178155	380.767070800398	425.517589652379	806.284660452777	2.422996	803.861664452777	881.911561456864	859.417389646516	7492.47128064742
4	814207	814456	249	814331.5	123.862973606266	109.671787086595	233.534760692861	0.586893	232.947867692861	132.115398374258	117.657704595836	249.773102970095	2.001093	247.772009970095	268.037513108738	264.895794204748	2277.17092832512
4	816598	816804	206	816701	68.2761596104484	51.7462093908063	120.022369001255	0.485542	119.536827001255	74.7411356944159	53.1299470791162	127.871082773532	1.899742	125.971340773532	137.54302261556	134.677352640717	1168.52663219217
4	817578	817886	308	817732	127.343468403111	111.970949707968	239.314418111079	0.725956	238.588462111079	139.618802741482	116.412070669003	256.030873410485	2.140156	253.890717410485	274.527767410217	271.43737195247	2332.3102938615
4	819222	819332	110	819277	13.8713778091687	17.5237772881124	31.3951550972811	0.25927	31.1358850972811	17.8740868293532	20.1506488351619	38.0247356645151	1.67347	36.3512656645151	35.8259781150613	38.8635398716415	304.367380879754
4	820939	821252	313	821095.5	129.926638759888	201.213580373802	331.14021913369	0.737741	330.40247813369	138.236265085857	204.594572460531	342.830837546387	2.151941	340.678896546387	380.172007758766	364.223573438924	3229.83389075113
4	826343	826567	224	826455	37.4444198586857	44.9263236403061	82.3707434989918	0.527968	81.8427754989918	43.0615728508348	48.7519278367574	91.8135006875922	1.942168	89.8713326875922	94.1710015546916	96.0824350231984	800.050203960095
4	827371	827606	235	827488.5	88.7357168592252	83.4602731740757	172.195990033301	0.553895	171.642095033301	102.956504185121	93.7277528253119	196.684257010433	1.968095	194.716162010433	197.497065558714	208.173200784381	1677.87923005155
4	831431	832035	604	831733	142.465380272575	316.368316797295	458.83369706987	1.423628	457.41006906987	158.382113790279	349.305613897281	507.68772768756	2.837828	504.84989968756	526.31113819009	539.740607294847	4471.39062454278
4	832537	832768	231	832652.5	103.21971135399	144.228528294733	247.448239648722	0.544467	246.903772648722	117.279894305568	164.678885292926	281.958779598494	1.958667	280.000112598494	284.095638450684	299.351214905789	2413.59622106854
4	834959	837014	2055	835986.5	4494.72862112553	3555.79674781368	8050.52536893921	4.843635	8045.68173393921	4513.9422444393	3570.5881506812	8084.5303951205	6.257835	8078.2725601205	9257.6272304533	8636.57047409764	78650.1835133313
4	838143	838388	245	838265.5	199.993447141521	109.848191891262	309.841639032783	0.577465	309.264174032783	212.067475997015	114.067406808331	326.134882805347	1.991665	324.143217805347	355.849576655797	346.545096546594	3023.1973928539
4	842034	842332	298	842183	207.006638156999	272.296216423126	479.302854580126	0.702386	478.600468580126	218.108240526902	288.043045313206	506.151285840108	2.116586	504.034699840108	550.693511992275	538.869068128448	4678.53637866477
4	844924	845396	472	845160	160.80707983811	123.215855980982	284.022935819092	1.112504	282.910431819092	169.584818913878	134.898574178505	304.483393092382	2.526704	301.956689092382	325.52609014344	322.825233496782	2765.57762489484
4	847930	848518	588	848224	470.050302572068	449.128832742363	919.17913531443	1.385916	917.79321931443	486.380447349689	461.645773661276	948.026221010964	2.800116	945.226105010964	1056.04320180966	1010.55167538965	8971.84446432597
4	851005	851206	201	851105.5	44.0314992683327	36.0431816937223	80.0746809620549	0.473757	79.6009239620549	49.617351407953	42.7630647204883	92.3804161284413	1.887957	90.4924591284413	91.5914531060583	96.7464881657231	778.135089663945
4	854064	854148	84	854106	9.02904592051205	14.8442043056549	23.8732502261669	0.197988	23.6752622261669	14.5563964667479	23.9596525794733	38.5160490462212	1.612188	36.9038610462212	27.2415389423782	39.4543257014395	231.436412772767
4	856065	856370	305	856217.5	122.028723647534	114.074206993545	236.102930641079	0.718885	235.384045641079	137.162135830228	133.691541303033	270.853677133261	2.133085	268.720592133261	270.840659946689	287.292154916538	2300.98567131826
4	857948	858169	221	858058.5	65.1124734423937	82.9295587192184	148.042032161612	0.520897	147.521135161612	76.6188868379727	95.5718030509703	172.190689888943	1.935097	170.255592888943	169.742692179656	182.0221360014	1442.08592089996
4	859141	859340	199	859240.5	52.2224223612285	21.9742985051785	74.196720866407	0.469043	73.727677866407	63.6472335342404	25.8493040471544	89.4965375813949	1.883243	87.6132945813949	84.8335020977722	93.668341528304	720.721448593221
4	861485	861827	342	861656	382.26521160466	126.498045376662	508.763256981321	0.806094	507.957162981322	394.643448745753	133.159726818215	527.803175563968	2.220294	525.582881563968	584.47229450839	561.906467357275	4965.5113645456
4	866731	866925	194	866828	24.944679408255	134.576165397185	159.52084480544	0.457258	159.06358680544	34.0936285945243	180.13500626511	214.228634859635	1.871458	212.357176859635	183.023818400862	227.033404725984	1554.91861426284
4	867604	868044	440	867824	151.169717349122	106.794608722039	257.964326071162	1.03708	256.927246071162	162.302420566107	112.908675248423	275.21109581453	2.45128	272.75981581453	295.628978143685	291.610533595185	2511.5802142447
4	870719	871014	295	870866.5	163.41415084586	167.00324860068	330.417399446539	0.695315	329.722084446539	169.686821692087	168.890500002991	338.577321695078	2.109515	336.467806695078	379.389124302288	359.721450738443	3223.18273425186
4	884374	884622	248	884498	84.3525974779559	25.2869887315971	109.639586209553	0.584536	109.055050209553	91.7816998214447	31.5664597630378	123.348159584482	1.998736	121.349423584482	125.482343923653	129.736009893045	1066.06251597743
4	889047	889523	476	889285	124.446789507426	137.079333574976	261.526123082402	1.121932	260.404191082402	131.050669374661	140.392723820461	271.443393195121	2.536132	268.907261195121	299.629665951043	287.491724873616	2545.56892672959
4	892469	892686	217	892577.5	42.698462960956	27.7448556755359	70.4433186364919	0.511469	69.9318496364919	45.784147004498	30.0769191930171	75.8610661975151	1.925669	73.9353971975151	80.4658967231831	79.0451502687618	683.615508196827
4	893800	894744	944	894272	1199.38506717131	875.657649937142	2075.04271710845	2.225008	2072.81770910845	1220.04722993837	897.928356515469	2117.97558645384	3.639208	2114.33637845384	2385.05254149707	2260.4603895901	20262.7320595297
4	905113	905233	120	905173	15.3205172788008	19.6844361371132	35.004953415914	0.28284	34.722113415914	17.0866653826702	24.4699664786888	41.5566318613591	1.69704	39.8595918613591	39.9524109065985	42.6143301822761	339.424387197985
4	907103	907267	164	907185	24.8524768969721	23.0682283001068	47.9207051970788	0.386548	47.5341571970788	26.9094329214605	26.207613806294	53.1170467277545	1.800748	51.3162987277545	54.6943717880414	54.862822111252	464.667918808089
4	909472	909968	496	909720	185.104841626528	103.994932468377	289.099774094905	1.169072	287.930702094905	190.907899682099	110.395306792812	301.303206474911	2.583272	298.719934474911	331.30257899131	319.364783363031	2814.65304094239
4	911427	911664	237	911545.5	49.0677364383099	86.4936557931048	135.561392231415	0.558609	135.002783231415	51.7465093989775	90.0937538475354	141.840263246513	1.972809	139.867454246513	155.338662845444	149.533841132815	1319.71336017074
4	915001	915156	155	915078.5	23.6809449884261	32.0845738747046	55.7655188631307	0.365335	55.4001838631307	43.5808869951864	55.7756191382278	99.3565061334143	1.779535	97.5769711334143	63.7452819616234	104.320618247393	541.561892651973
4	916145	916419	274	916282	128.83430900854	140.013013478442	268.847322486982	0.645818	268.201504486982	134.472162564502	141.940565978418	276.41272854292	2.060018	274.35271054292	308.601512375705	293.313514953783	2621.79119731659
4	923924	924146	222	924035	112.883574564766	128.230392559909	241.113967124675	0.523254	240.590713124675	118.908138653408	144.782443381496	263.690582034905	1.937454	261.753128034905	276.831623580352	279.843162045431	2351.88320450682
4	924484	924685	201	924584.5	84.5219020892378	123.866073690702	208.38797577994	0.473757	207.91421877994	91.3335876163918	133.128725973857	224.462313590249	1.887957	222.574356590249	239.232969563812	237.956704494995	2032.45567036206
4	925904	926487	583	926195.5	116.894083797402	210.578935454232	327.473019251634	1.374131	326.098888251634	127.332968117119	237.13775882628	364.470726943399	2.788331	361.682395943399	375.220155050901	386.678646772356	3187.76435019721
4	926912	927619	707	927265.5	274.120566112209	282.68119927475	556.801765386959	1.666399	555.135366386959	282.448992950239	301.351807798646	583.800800748886	3.080599	580.720201748886	638.757094103372	620.854385737838	5426.69967380102
4	930356	931063	707	930709.5	656.506280998968	649.375486780379	1305.88176777935	1.666399	1304.21536877935	683.959428729372	663.32646675764	1347.28589548701	3.080599	1344.20529648701	1500.67329427856	1437.10473846555	12749.2960183475
4	933348	933444	96	933396	27.9373609187242	19.4206289519024	47.3579898706266	0.226272	47.1317178706266	35.1184565073523	23.7768476004872	58.8953041078395	1.640472	57.2548321078394	54.2313118025272	61.2117737798398	460.733892093493
4	935928	936463	535	936195.5	85.9157400526449	76.5681854570395	162.483925509684	1.260995	161.222930509684	92.7495261817441	84.3951986382666	177.144724820011	2.675195	174.469529820011	185.508430611159	186.527302546316	1576.0271771197
4	940863	941058	195	940960.5	29.533704397693	57.004652612921	86.538357010614	0.459615	86.078742010614	30.725536859157	63.9663422256762	94.6918790848332	1.873815	92.8180640848332	99.0450445782754	99.2328181269011	841.45869543572
4	943461	943649	188	943555	33.1602031711895	35.2998614482061	68.4600646193955	0.443116	68.0169486193955	35.2192592528763	41.7422369166097	76.961496169486	1.857316	75.104180169486	78.2625483450446	80.2947090613413	664.89648333543
4	946309	946662	353	946485.5	80.0704808476581	54.5251850806556	134.595665928314	0.832021	133.763644928314	86.9808690631377	56.3474347125399	143.328303775678	2.246221	141.082082775678	153.912869373065	150.83241391727	1307.60022194826
4	950269	950532	263	950400.5	50.0931643674803	60.341643501207	110.434807868687	0.619891	109.814916868687	52.3738264849621	63.1368196323011	115.510646117263	2.034091	113.476555117263	126.356671607464	121.319039204769	1073.49055677781
4	952499	952702	203	952600.5	44.2758059224153	44.0276991648308	88.303505087246	0.478471	87.825034087246	46.3974637091597	45.2326319831039	91.6300956922637	1.892671	89.7374246922637	101.054385938717	95.939272505458	858.529491526947
4	954098	954264	166	954181	21.5246862592696	40.8318121197337	62.3564983790033	0.391262	61.9652363790033	23.7516469141062	46.1765576924309	69.9282046065371	1.805462	68.1227426065371	71.2992482941373	72.830777004805	605.738254857545
4	954880	956087	1207	955483.5	1518.43545701916	1264.94435278335	2783.37980980251	2.844899	2780.53491080251	1526.72968292567	1276.93387933729	2803.66356226296	4.259099	2799.40446326296	3199.3753365718	2992.87425034758	27180.9882905684
4	959728	960572	844	960150	588.2751226142	623.122271732062	1211.39739434626	1.989308	1209.40808634626	595.466818491544	631.376096538187	1226.84291502973	3.403508	1223.43940702973	1391.58490270132	1307.99259135704	11822.5118863941
4	964831	965023	192	964927	35.6799718011197	36.9637067656954	72.6436785668151	0.452544	72.1911345668151	38.2983431166519	40.1031922746064	78.4015353912583	1.866744	76.5347913912583	83.0655046102419	81.8241913294769	705.701041810375
4	967901	967968	67	967934.5	10.9078970940299	14.2024868274526	25.1103839214825	0.157919	24.9524649214825	15.1230118994258	23.1255298608064	38.2485417602322	1.572119	36.6764227602322	28.7111305620771	39.2111689162688	243.921647671701
4	969790	970028	238	969909	49.6590525437502	145.900173824673	195.559226368424	0.560966	194.998260368424	52.3957270814599	150.752505985703	203.148233067163	1.975166	201.173067067163	224.371441075372	215.07634934145	1906.19632616862
4	976083	976410	327	976246.5	24.076755768966	81.9473319667013	106.024087735667	0.770739	105.253348735667	44.726618201009	121.376405880616	166.103024081625	2.184939	163.918085081625	121.107980600501	175.246636363241	1028.89916196074
4	979303	979498	195	979400.5	36.485693746246	25.1149840467743	61.6006777930203	0.459615	61.1410627930203	38.7103543384367	28.0198631658049	66.7302175042416	1.873815	64.8564025042416	70.3509269356089	69.3386967022526	597.681584717218
4	992766	993099	333	992932.5	295.111737840357	297.383199707255	592.494937547612	0.784881	591.710056547612	313.661043060363	306.359444189635	620.020487249999	2.199081	617.821406249999	680.841141021155	660.519693507919	5784.23383786622
4	998379	998816	437	998597.5	158.789024873154	181.278337405563	340.067362278717	1.030009	339.037353278717	165.311302517821	187.759013917157	353.070316434978	2.444209	350.626107434978	390.107580394825	374.858246535265	3314.24370675295
4	1002244	1002469	225	1002356.5	128.181191219832	118.943639620334	247.124830840166	0.530325	246.594505840166	136.569419686655	130.892365062989	267.461784749645	1.944525	265.517259749645	283.739785842658	283.867436862379	2410.57299792202
4	1003565	1003943	378	1003754	69.8885035252146	72.3297700170135	142.218273542228	0.890946	141.327327542228	75.8272652768929	78.3248333021542	154.152098579047	2.305146	151.846952579047	162.615892490884	162.341255196066	1381.53864572552
4	1005159	1005730	571	1005444.5	917.261583086827	1007.26933459195	1924.53091767878	1.345847	1923.18507067878	933.466524454333	1023.29177098864	1956.75829544298	2.760047	1953.99824844298	2212.88028389362	2089.04112275823	18800.0052377075
4	1009948	1010091	143	1010019.5	28.8860867587904	26.2855159280829	55.1716026868734	0.337051	54.8345516868734	32.5419863330647	29.9929169050804	62.5349032381451	1.751251	60.7836522381451	63.0944468912712	64.9844743812348	536.032581906803
4	1011392	1012253	861	1011822.5	270.327662806419	161.716904618643	432.044567425062	2.029377	430.015190425062	277.803366419168	172.174089436803	449.977455855971	3.443577	446.533878855971	494.789685701194	477.394304922319	4203.59327635154
4	1013727	1014180	453	1013953.5	283.262215099646	124.4310890798	407.693304179446	1.067721	406.625583179446	287.029717713607	129.285721303476	416.315439017083	2.481921	413.833518017083	467.876830817409	442.433987749106	3974.94927041075
4	1021768	1021957	189	1021862.5	17.0208635904531	43.4663838765108	60.4872474669639	0.445473	60.0417744669639	18.5612055441308	48.8508305305305	67.4120360746613	1.859673	65.5523630746613	69.0860494674274	70.0827558397587	586.935543370133
4	1022414	1022848	434	1022631	450.999583695258	371.228110991565	822.227694686823	1.022938	821.204756686823	459.115004731735	380.468562670051	839.583567401786	2.437138	837.146429401786	944.905325450841	895.002499712622	8027.64848912519
4	1030297	1030436	139	1030366.5	14.1973866885422	16.411847002912	30.6092336914541	0.327623	30.2816106914541	18.0388913180671	23.0488277717023	41.0877190897695	1.741823	39.3458960897695	34.8430217586966	42.0651323555673	296.016461590266
4	1031778	1032263	485	1032020.5	161.696804071173	139.78290721113	301.479711282302	1.143145	300.336566282302	170.659648188573	146.055478054633	316.715126243205	2.557345	314.157781243205	345.577176212088	335.869555960194	2935.92598303061
4	1035599	1035765	166	1035682	38.5067487929139	34.8144482272003	73.3211970201142	0.391262	72.9299350201142	54.664588877541	46.6567707718025	101.321359649344	1.805462	99.5158976493435	83.9155928215966	106.39354601435	712.923150906065
4	1036998	1037150	152	1037074	64.1772479700316	46.4832660461237	110.660514016155	0.358264	110.302250016155	73.3550979434601	49.863758119234	123.218856062694	1.772464	121.446392062694	126.91741322831	129.839679964785	1078.25445904837
4	1039547	1039757	210	1039652	37.2102134797002	41.9359421924828	79.146155672183	0.49497	78.651185672183	48.0456085990228	50.0201623791543	98.0657709781771	1.90917	96.1566009781771	90.4986528506078	102.802084816673	768.850967664318
4	1045138	1045380	242	1045259	121.998922835861	179.462387945274	301.461310781135	0.570394	300.890916781135	127.681377606608	196.487451650124	324.168829256733	1.984594	322.184235256733	346.215030211652	344.450726653437	2941.34501026853
4	1049500	1049727	227	1049613.5	20.0037448339964	66.5669130563837	86.5706578903801	0.535039	86.0356188903801	22.7984209514719	80.2175848542711	103.016005805743	1.949239	101.066766805743	98.9954256913568	108.051597369472	841.037147401356
4	1050213	1050477	264	1050345	146.285584321945	181.165634335915	327.45121865786	0.622248	326.82897065786	156.147652931163	202.807523787401	358.955176718564	2.036448	356.918728718564	376.060211989251	381.585757494821	3194.90123643363
4	1052321	1052450	129	1052385.5	25.8975053599943	32.9964987124366	58.8940040724309	0.304053	58.5899510724309	28.0752646747536	38.1911401968088	66.2664048715625	1.718253	64.5481518715625	67.4155335017831	69.0091425441073	572.743312035988
4	1054715	1055235	520	1054975	629.988258738204	880.555083326576	1510.54334206478	1.22564	1509.31770206478	641.036259648185	893.221328312024	1534.25758796021	2.63984	1531.61774796021	1736.67081548837	1637.46946159486	14754.264234262
4	1055856	1056574	718	1056215	1100.96458653205	623.153972595486	1724.11855912754	1.692326	1722.42623312754	1141.6333942121	636.149426547467	1777.78282075956	3.106526	1774.67629475956	1981.88053238362	1897.32604023116	16837.4966601283
4	1059008	1059586	578	1059297	299.712263143024	259.614271010052	559.326534153076	1.362346	557.964188153076	306.944560126204	264.350099997932	571.294660124136	2.776546	568.518114124136	642.012029891054	607.80899900225	5454.35268797546
4	1062846	1063315	469	1063080.5	229.588053197968	169.941828637609	399.529881835577	1.105433	398.424448835577	239.866533148815	173.651029663633	413.517562812448	2.519633	410.997929812448	458.440334677854	439.40242906096	3894.77946721783
4	1067484	1067690	206	1067587	77.4506094912699	46.1657573982676	123.616366889538	0.485542	123.130824889538	86.7671632425178	50.725281584204	137.492444826722	1.899742	135.592702826722	141.678395330642	144.96365714589	1203.65958957322
4	1071693	1071814	121	1071753.5	27.0197359257393	23.278434025396	50.2981699511353	0.285197	50.0129729511353	48.6241243558251	46.7452731823072	95.3693975381323	1.699397	93.6700005381323	57.5465790941332	100.14363280462	488.899465667553
4	1075211	1075397	186	1075304	31.1706489824979	29.6205067618943	60.7911557443921	0.438402	60.3527537443921	43.784192532538	44.3739085943985	88.1581011269365	1.852602	86.3054991269365	69.4438724987165	92.2701629543484	589.975506675591
4	1080244	1080924	680	1080584	1354.73959850054	1198.69764844836	2553.4372469489	1.60276	2551.8344869489	1361.82879158606	1226.93081742389	2588.75960900995	3.01696	2585.74264900995	2936.22507267903	2764.44604336564	24945.3380497955
4	1084626	1085021	395	1084823.5	108.895265936799	84.1669924227052	193.062258359505	0.931015	192.131243359505	111.690142059722	88.6081133837404	200.298255443463	2.345215	197.953040443463	221.07255657936	211.633783290714	1878.16993619396
4	1087063	1087192	129	1087127.5	18.7160097604713	35.9313786485874	54.6473884090588	0.304053	54.3433354090588	30.5399318039064	46.2793604924297	76.819292296336	1.718253	75.101039296336	62.5292372123504	80.2913511191441	531.230720278113
4	1090130	1090399	269	1090264.5	77.6508149441858	199.161124471881	276.811939416067	0.634033	276.177906416067	80.3363880900673	208.643082728186	288.979470818253	2.048233	286.931237818253	317.779423973706	306.761357480175	2699.76413935484
4	1092525	1092742	217	1092633.5	50.4588743281762	55.3039062903737	105.76278061855	0.511469	105.25131161855	54.9016953355148	60.442846257626	115.344541593141	1.925669	113.418872593141	121.105636626239	121.25737018073	1028.87924821814
4	1093477	1093760	283	1093618.5	56.1714299187677	47.7866015445513	103.958031463319	0.667031	103.291000463319	62.2761961918448	53.5714591044027	115.847655296247	2.081231	113.766424296247	118.850037842823	121.628941547619	1009.71631868641
4	1101930	1102115	185	1102022.5	57.2503593051358	16.7231554818965	73.9735147870323	0.436045	73.5374697870323	60.2085398759168	17.8140851951127	78.0226250710295	1.850245	76.1723800710295	84.6146423972146	81.436733381695	718.862078456141
4	1103561	1103726	165	1103643.5	28.7113820004268	21.3753821927345	50.0867641931613	0.388905	49.6978591931613	37.9000322680186	25.0271816553357	62.9272139233543	1.803105	61.1241089233543	57.1839987929257	65.3484603860773	485.819085941906
4	1105878	1106108	230	1105993	82.5669488429583	82.7311533153298	165.298102158288	0.54211	164.755992158288	86.4012532763744	88.6700150697318	175.071268346106	1.95631	173.114958346106	189.573688075547	185.079115213008	1610.56445515475
4	1108123	1108710	587	1108416.5	167.005048649707	175.89059066166	342.895639311367	1.383559	341.512080311367	185.24094533353	191.078804336961	376.319749670491	2.797759	373.521990670491	392.955083082977	399.336488344832	3338.43528450855
4	1110243	1110536	293	1110389.5	65.6327876139827	49.215940474884	114.848728088867	0.690601	114.158127088867	70.4557189742349	53.9970706966154	124.45278967085	2.104801	122.34798867085	131.35411278542	130.803586862899	1115.94740408425
4	1112302	1112547	245	1112424.5	22.6298163592561	53.6780620079033	76.3078783671594	0.577465	75.7304133671594	25.4827940646686	59.9912339572424	85.474028021911	1.991665	83.482363021911	87.1379157348355	89.2519169435133	740.29909531996
4	1116763	1117100	337	1116931.5	37.2556147162755	31.8149665315172	69.0705812477927	0.794309	68.2762722477927	42.6760623508395	35.0303541077424	77.706416458582	2.208509	75.497907458582	78.5609346798685	80.7156472575392	667.431489272434
4	1125132	1125337	205	1125234.5	25.7342009121364	103.188010490566	128.922211402702	0.483185	128.439026402702	28.1377663770875	112.642668003291	140.780434380378	1.897385	138.883049380378	147.786187373386	148.481403010909	1255.54966389408
4	1126057	1126262	205	1126159.5	69.3930900318355	51.4828022164905	120.875892248326	0.483185	120.392707248326	76.2715773784439	64.4187545478497	140.690331926294	1.897385	138.792946926294	138.527826705917	148.385073481446	1176.89324930724
4	1127597	1127813	216	1127705	56.7690461958032	47.9971072780117	104.766153473815	0.509112	104.257041473815	65.2081760490073	54.9139956705341	120.122171719541	1.923312	118.198859719541	119.961596547262	126.367707245393	1019.15980716501
4	1129392	1129581	189	1129486.5	50.5945780242835	20.7561653273724	71.3507433516559	0.445473	70.9052703516559	58.8306023455834	22.2474059436966	81.07800828928	1.859673	79.21833528928	81.5859467596363	84.6931977690484	693.13113663144
4	1135500	1135722	222	1135611	148.480044091568	154.736014482931	303.216058574499	0.523254	302.692804574499	157.107579076287	165.714213491746	322.821792568033	1.937454	320.884338568033	348.288341840634	343.06099273725	2958.95927967478
4	1140566	1140979	413	1140772.5	380.423061430752	237.732375021604	618.155436452356	0.973441	617.181995452356	401.758742542164	241.041465149968	642.800207692132	2.387641	640.412566692132	710.149995511668	684.672152811325	6033.23357903764
4	1144942	1145165	223	1145053.5	24.9420793374379	24.4977672358869	49.4398465733248	0.525611	48.9142355733248	39.3368714026314	33.2373052711885	72.5741766738199	1.939811	70.6343656738199	56.2823355652066	75.5159809841857	478.158810089142
4	1146066	1146257	191	1146161.5	76.3729801403103	82.5757490826469	158.948729222957	0.450187	158.498542222957	87.7649904199374	90.6817698630924	178.44676028303	1.864387	176.58237328303	182.37365943532	188.786166843516	1549.39504751298
4	1149347	1150053	706	1149700	71.1134368882346	107.324323149659	178.437760037894	1.664042	176.773718037894	75.4069538290381	113.216783640248	188.623737469287	3.078242	185.545495469287	203.401680535384	198.368739832165	1728.04316946391
4	1150528	1151001	473	1150764.5	133.457334924047	197.285573388247	330.742908312294	1.114861	329.628047312294	136.891728465251	210.82044203205	347.7121704973	2.529061	345.1831094973	379.280922068661	369.039077284752	3222.26347866731
4	1153658	1153903	245	1153780.5	66.2700049696169	85.0740171269743	151.344022096591	0.577465	150.766557096591	73.1039911041636	95.7590081498007	168.862999253964	1.991665	166.871334253964	173.476981886	178.403987692335	1473.81139043818
4	1161547	1162827	1280	1162187	553.760482552755	730.278490303124	1284.03897285588	3.01696	1281.02201285588	560.131856087308	743.887060954319	1304.01891704163	4.43116	1299.58775704163	1473.98625265013	1389.40363393694	12522.5704579794
4	1163429	1163600	171	1163514.5	25.5250952168082	11.4442117014163	36.9693069182245	0.403047	36.5662599182245	27.5753510588065	13.3913647352447	40.9667157940511	1.817247	39.1494687940511	42.0743468023124	41.8551297628246	357.451754626696
4	1166432	1166649	217	1166540.5	53.7251632907821	32.495985080147	86.2211483709291	0.511469	85.7096793709291	58.6870984370249	35.3960640684384	94.0831625054632	1.925669	92.1574935054632	98.6203889113134	98.526594819952	837.850940953376
4	1168765	1169110	345	1168937.5	216.294191118364	277.404455554192	493.698646672556	0.813165	492.885481672556	227.274990197996	288.452756472345	515.727746670341	2.227365	513.500381670341	567.130320029812	548.988933186699	4818.17885252384
4	1172103	1172249	146	1172176	24.5954698969752	29.4783028887442	54.0737727857195	0.344122	53.7296507857195	26.1875132588234	33.9235239614525	60.1110372202759	1.758322	58.3527152202759	61.8231114087444	62.3855327490145	525.231675095734
4	1174321	1174483	162	1174402	25.3851914063041	21.8941963234674	47.2793877297715	0.381834	46.8975537297715	27.6211523062767	24.1166568557359	51.7378091620127	1.796034	49.9417751620127	53.9618748053327	53.3933037760523	458.444831544055
4	1174874	1175021	147	1174947.5	15.5018222169309	11.2505064255432	26.7523286424741	0.346479	26.4058496424741	22.2444058619845	13.0662558803848	35.3106617423694	1.760679	33.5499827423694	30.3834430415305	35.8686573401418	258.129141679234
4	1181452	1181551	99	1181501.5	9.24135170299973	8.65583575553608	17.8971874585358	0.233343	17.6638444585358	13.0031541617085	12.0906293076341	25.0937834693427	1.647543	23.4462404693427	20.3246030431494	25.0666348107345	172.672081018868
4	1183089	1183158	69	1183123.5	11.9835263905148	11.2523064745704	23.2358328650852	0.162633	23.0731998650853	25.2834886362664	23.0561279705349	48.3396166068013	1.576833	46.7627836068013	26.5487860977225	49.9946087705529	225.550980468654
4	1184465	1184565	100	1184515	8.92394305786743	6.95568944933121	15.8796325071986	0.2357	15.6439325071986	12.9893537858332	11.2853073734027	24.274661159236	1.6499	22.624761159236	18.0004256145375	24.1883822014113	152.926526707008
4	1201891	1201944	53	1201917.5	4.41032012212501	4.97643554118423	9.38675566330923	0.124921	9.26183466330923	6.25057024428147	7.90771537928064	14.1582856235621	1.539121	12.6191646235621	10.6569729723858	13.4912883645026	90.5386292955878
4	1206510	1206582	72	1206546	0	2.10435731553845	2.10435731553845	0.169704	1.93465331553845	2.85787783887553	6.03136427385614	8.88924211273167	1.583904	7.30533811273166	2.2260760253372	7.81021771401798	18.9121125261407
4	1213636	1213796	160	1213716	5.4277478333966	3.89540609761769	9.32315393101429	0.37712	8.94603393101429	6.50987730692421	4.69802795830826	11.2079052652325	1.79132	9.41658526523247	10.2936022158272	10.0673753779999	87.4515340847658
4	1219114	1219318	204	1219216	14.2806889574128	12.3683368714439	26.6490258288567	0.480828	26.1681978288567	15.7117279340489	13.6783725523618	29.3901004864107	1.895028	27.4950724864107	30.1099930128237	29.3952858673745	255.805987548685
4	1222519	1222657	138	1222588	3.58279758322463	5.19514149799089	8.77793908121552	0.325266	8.45267308121552	5.6354534905925	7.60080702014043	13.2362605107329	1.739466	11.4967945107329	9.72592492152532	12.2913500725807	82.6287082934741
4	1229647	1229724	77	1229685.5	9.62626218665261	11.8247220652249	21.4509842518775	0.181489	21.2694952518775	13.3939648060617	15.8227309573939	29.2166957634556	1.595689	27.6210067634556	24.4733839758005	29.5299235947733	207.918950825446
4	1233743	1234051	308	1233897	74.6578334255453	58.5332942479217	133.191127673467	0.725956	132.465171673467	80.415890255436	67.9511507583123	148.367041013748	2.140156	146.226885013748	152.418803144796	156.332778849711	1294.90705769469
4	1236262	1236437	175	1236349.5	32.394782323728	27.3941461234001	59.7889284471281	0.412475	59.3764534471281	33.6554166591211	28.7603833350565	62.4157999941777	1.826675	60.5891249941777	68.3205091199584	64.7765031548181	580.431729021545
4	1242221	1243075	854	1242648	537.544140874744	337.420790195092	874.964931069835	2.012878	872.952053069835	544.129920248982	342.439126877521	886.569047126503	3.427078	883.141969126503	1004.44747438732	944.176839569353	8533.50175195988
4	1249953	1250135	182	1250044	26.7364282094004	28.0085628580229	54.7449910674233	0.428974	54.3160170674233	29.4238014043091	31.7184639031137	61.1422653074228	1.843174	59.2990913074228	62.4978038258733	63.3973138830152	530.963671113859
4	1251688	1252043	355	1251865.5	157.209081840877	139.658503822804	296.867585663682	0.836735	296.030850663682	172.846007737573	143.611411486569	316.457419224142	2.250935	314.206484224142	340.622877561498	335.921624855373	2893.83566243885
4	1256900	1257070	170	1256985	33.4909121785784	38.9911619866823	72.4820741652607	0.40069	72.0813841652607	39.6407796800596	47.0024801877516	86.6432598678111	1.81489	84.8283698678111	82.9392221720866	90.6909477383668	704.628181920018
4	1258081	1258631	550	1258356	64.6534609404538	68.55846729955	133.211928240004	1.29635	131.915578240004	70.2399130964165	71.7361538489274	141.976066945344	2.71055	139.265516945344	151.786422781819	148.890303311598	1289.53453292562
4	1261408	1261552	144	1261480	41.4334285057185	37.0651095275619	78.4985380332804	0.339408	78.1591300332804	46.5524679309477	39.1044650726731	85.6569330036208	1.753608	83.9033250036208	89.9324773750869	89.7019720505792	764.040900900776
4	1263001	1263173	172	1263087	100.573239273088	46.9604790437832	147.533718316871	0.405404	147.128314316871	109.608485362472	47.8101021846288	157.4185875471	1.819604	155.5989835471	169.290699536991	166.352592970996	1438.24591920111
4	1266963	1267373	410	1267168	99.6414138933329	94.1643647171354	193.805778610468	0.96637	192.839408610468	113.077779854258	107.862437806073	220.940217660331	2.38057	218.559647660331	221.887394914728	233.664534807951	1885.09257230957
4	1269527	1269934	407	1269730.5	198.54460768006	202.487315066004	401.031922746064	0.959299	400.072623746064	214.801250455737	210.636137012208	425.437387467945	2.373499	423.063888467945	460.336779185162	452.302278811039	3910.8911235645
4	1270783	1271003	220	1270893	83.5266749826352	78.9724509410567	162.499125923692	0.51854	161.980585923692	93.5783487560531	85.1914203246382	178.769769080691	1.93274	176.837029080691	186.380213963269	189.05842217122	1583.43360199731
4	1274046	1274127	81	1274086.5	10.8520955741862	10.2169782757504	21.0690738499367	0.190917	20.8781568499367	14.7382014184967	16.7760569227519	31.5142583412485	1.605117	29.9091413412485	24.023097080801	31.976193560073	204.093440676489
4	1277478	1277573	95	1277525.5	22.102401994282	45.6709439212309	67.7733459155129	0.223915	67.5494309155129	27.8138575549125	50.9442875491819	78.7581451040944	1.638115	77.1200301040944	77.7246070282851	82.4498765053562	660.326286001997
4	1278569	1278980	411	1278774.5	102.171882814703	173.442023971029	275.613906785732	0.968727	274.645179785732	120.774989500078	194.581099727579	315.356089227658	2.382927	312.973162227658	316.015818071924	334.603066678409	2684.78104224286
4	1279218	1279668	450	1279443	220.052193473571	253.024191518693	473.076384992264	1.06065	472.015734992264	255.721264977804	275.986516934365	531.707781912169	2.47485	529.232931912169	543.116899968073	565.808776524444	4614.1676250653
4	1288032	1288245	213	1288138.5	23.8196487662454	60.3286431471215	84.1482919133669	0.502041	83.6462509133669	26.2386146506516	64.4251547221687	90.6637693728203	1.916241	88.7475283728203	96.2461399528641	94.880963410129	817.679993080891
4	1288942	1289379	437	1289160.5	203.948854873379	180.808924620355	384.757779493734	1.030009	383.727770493734	211.069548816872	184.733031499684	395.802580316556	2.444209	393.358371316556	441.529851003024	420.543782122775	3751.11277906804
4	1293157	1293335	178	1293246	32.8981960350059	35.5739689139615	68.4721649489674	0.419546	68.0526189489674	34.9596521820624	38.4808480874667	73.4405002695291	1.833746	71.6067542695291	78.303591804789	76.5555723785773	665.245176965079
4	1294416	1294646	230	1294531	151.475625681025	161.794506732261	313.270132413286	0.54211	312.728022413286	161.309193513979	165.841916969955	327.151110483934	1.95631	325.194800483934	359.835195047118	347.669355210233	3057.05807984077
4	1295623	1295952	329	1295787.5	74.4526278364428	91.7077978086052	166.160425645048	0.775453	165.384972645048	88.9334222440477	102.802599993294	191.736022237342	2.189653	189.546369237342	190.297413804977	202.646118194756	1616.71302433085
4	1296868	1297034	166	1296951	12.6593447975104	16.5438505982411	29.2031953957515	0.391262	28.8119333957515	15.4654212254916	20.0346456756303	35.5000669011219	1.805462	33.6946049011219	33.151962504478	36.0232744884105	281.649700284659
4	1298235	1298338	103	1298286.5	8.98454470845034	10.17197705007	19.1565217585204	0.242771	18.9137507585204	14.1877864270637	14.133884958971	28.3216713860347	1.656971	26.6647003860347	21.7627865285142	28.5075258776923	184.890481288615
4	1301024	1301523	499	1301273.5	155.440733677086	127.161763454086	282.602497131171	1.176143	281.426354131171	162.545727192952	129.225419661064	291.771146854016	2.590343	289.180803854016	323.818461322151	309.166393390936	2751.07009323216
4	1304079	1304187	108	1304133	19.67283582116	16.5689512818984	36.2417871030584	0.254556	35.9872311030584	26.1283116463728	21.3701820511003	47.4984936974731	1.668756	45.8297376974731	41.4080971166099	48.9970790769817	351.791485667731
4	1305716	1305946	230	1305831	100.136627381265	98.0011692186448	198.137796599909	0.54211	197.595686599909	115.92135730364	110.641313493198	226.562670796838	1.95631	224.606360796838	227.360125515656	240.12914264972	1931.58734417359
4	1311829	1311935	106	1311882	18.5210044491897	8.92614311778958	27.4471475669792	0.249842	27.1973055669792	26.016508601238	14.1295848418504	40.1460934430884	1.664042	38.4820514430884	31.2941183777788	41.141586496696	265.865981858042
4	1317885	1318073	188	1317979	18.6422077503555	44.5417131648245	63.18392091518	0.443116	62.74080491518	20.0641464791319	50.7430820690287	70.8072285481606	1.857316	68.9499125481606	72.1916430764594	73.7151135311749	613.319788618711
4	1319242	1319447	205	1319344.5	51.6215059943098	111.394033994746	163.015539989055	0.483185	162.532354989055	58.404890750647	119.551656180638	177.956546931285	1.897385	176.059161931285	187.015097680192	188.226795804898	1588.82739455372
4	1319844	1319971	127	1319907.5	19.7979392285515	16.9665621114655	36.7645013400169	0.299339	36.4651623400169	28.5736782498448	21.9825987312484	50.5562769810933	1.713539	48.8427379810933	41.9580205885872	52.2183109795079	356.463480004144
4	1321979	1322153	174	1322066	39.1331658543848	21.920697045257	61.0538628996418	0.410118	60.6437448996418	45.8750494803724	24.2641608732439	70.1392103536162	1.824318	68.3148923536162	69.7786965362244	73.0362064230226	592.820077032458
4	1325388	1325502	114	1325445	7.43650254504517	13.833276771426	21.2697793164712	0.268698	21.0010813164712	11.7635203982996	18.3346993748729	30.0982197731725	1.682898	28.4153217731725	24.1645380333903	30.3791345503332	205.295083019665
4	1328520	1328782	262	1328651	79.5945678854071	148.323139818029	227.917707703436	0.617534	227.300173703436	84.272795304416	156.852372125318	241.125167429733	2.031734	239.093433429733	261.539089806059	255.61743211089	2221.96216126418
4	1330942	1331099	157	1331020.5	40.8749132936631	15.6988275826872	56.5737408763504	0.370049	56.2036918763504	47.426691741832	18.0286910402463	65.4553827820782	1.784249	63.6711337820782	64.6698248293449	68.0715128119439	549.416547457367
4	1333928	1334599	671	1334263.5	320.887439882843	413.525663033071	734.413102915914	1.581547	732.831555915914	342.071216856903	449.093031767266	791.164248624169	2.995747	788.168501624168	843.220200814606	842.639655827549	7163.76041995476
4	1337114	1337318	204	1337216	69.2402858699696	48.2249134826782	117.465199352648	0.480828	116.984371352648	71.5096476796695	50.4989754203936	122.008623100063	1.895028	120.113595100063	134.606082813755	128.414772002128	1143.57522200579
4	1337879	1338241	362	1338060	179.251482200919	61.2461681373827	240.497650338301	0.853234	239.644416338302	189.751068173942	68.5257664088889	258.276834582831	2.267434	256.009400582831	275.742783232533	273.702479547451	2342.63272476284
4	1339449	1339594	145	1339521.5	23.8334491421207	11.1026023971404	34.9360515392611	0.341765	34.5942865392611	35.9614794684314	14.9515072282217	50.9129866966531	1.755965	49.1570216966531	39.8053290789526	52.5543151732378	338.174821575189
4	1342050	1342428	378	1342239	197.616282395636	174.287547000201	371.903829395837	0.890946	371.012883395837	207.966364296676	180.661120594676	388.627484891352	2.305146	386.322338891352	426.899681811382	413.021482095626	3626.81899804729
4	1345280	1345616	336	1345448	50.4896751670863	123.378760417945	173.868435585031	0.791952	173.076483585031	57.7135719214726	142.482880749229	200.196452670701	2.206152	197.990300670701	199.147520418187	211.673618611451	1691.9010278996
4	1350009	1350225	216	1350117	56.4519375588421	54.7209904137271	111.172927972569	0.509112	110.663815972569	61.7601821373764	59.1146100809885	120.874792218365	1.923312	118.951480218365	127.333442963812	127.172342138554	1081.78893005586
4	1355689	1355969	280	1355829	89.3702341413186	79.5038654149802	168.874099556299	0.65996	168.214139556299	91.5523935759222	84.6245048837891	176.176898459711	2.07416	174.102738459711	193.552746728054	186.135161849287	1644.36941245531
4	1359044	1359150	106	1359097	9.31125360688992	19.6129341896432	28.9241877965331	0.249842	28.6743457965331	12.5694423488734	24.7922752572841	37.3617176061575	1.664042	35.6976756061575	32.9936496669563	38.1647795168546	280.304719177336
4	1359627	1359776	149	1359701.5	27.4901487381849	30.2546240330927	57.7447727712777	0.351193	57.3935797712777	35.3800636326409	36.1274839898302	71.5075476224711	1.765393	69.7421546224711	66.0389491548571	74.5621082885821	561.048240630309
4	1362390	1362662	272	1362526	174.329348138722	111.271830666342	285.601178805065	0.641104	284.960074805065	181.207935488054	115.373042369405	296.580977857459	2.055304	294.525673857459	327.88447708281	314.880652982462	2785.61381353794
4	1365446	1365617	171	1365531.5	43.8562944963504	47.3430894647902	91.1993839611405	0.403047	90.7963369611405	52.4394282717317	58.8407026206806	111.280130892412	1.817247	109.462883892412	104.47326519655	117.027978939681	887.575323071551
4	1366871	1367421	550	1367146	239.361619396681	192.476642409317	431.838261805998	1.29635	430.541911805998	243.63493578729	198.162897283567	441.797833070857	2.71055	439.087283070857	495.395748724847	469.433067069595	4208.74221644648
4	1369475	1369680	205	1369577.5	27.5749510479115	24.5889697199325	52.163920767844	0.483185	51.680735767844	29.0123901988667	25.9617071086316	54.9740973074983	1.897385	53.0767123074983	59.4655620935192	56.74489972523	505.202602670541
4	1382144	1382206	62	1382175	5.05033755402379	6.44367550381218	11.494013057836	0.146134	11.347879057836	9.39315583762822	10.5469872640732	19.9401431017015	1.560334	18.3798091017015	13.0572445751316	19.6500570420142	110.930658196556
4	1383534	1383728	194	1383631	42.3878545010376	35.1285567824494	77.516411283487	0.457258	77.059153283487	46.6543707064329	40.6656075928875	87.3199782993203	1.871458	85.4485202993203	88.6668077838082	91.3539574185195	753.288129899817
4	1384899	1385045	146	1384972	15.4102197219904	17.1434669297513	32.5536866517416	0.344122	32.2095646517416	18.7105096106659	20.4926581503328	39.2031677609988	1.758322	37.4448457609988	37.061389284537	40.0326984389046	314.863084884129
4	1385787	1386013	226	1385900	99.5306108754355	65.3401796443364	164.870790519772	0.532682	164.338108519772	103.794827018185	83.3998715289403	187.194698547125	1.946882	185.247816547125	189.092857354296	198.050488006571	1606.47945329371
4	1386581	1386762	181	1386671.5	31.8489674575868	19.3399267538489	51.1888942114357	0.426617	50.7622772114357	36.9656068174464	20.4177561102559	57.3833629277023	1.840817	55.5425459277023	58.4087533328667	59.3811497006794	496.224254234735
4	1388607	1388745	138	1388676	11.0195001337173	9.95947126213491	20.9789713958522	0.325266	20.6537053958522	15.7603292577838	12.3653367897319	28.1256660475157	1.739466	26.3862000475157	23.7648358219095	28.2097780878302	201.899326039924
4	1394655	1395037	382	1394846	53.2474502795039	71.4636464267518	124.711096706256	0.900374	123.810722706256	58.8673033451939	75.3324517998562	134.19975514505	2.314574	131.88518114505	142.460708222217	140.999904740942	1210.30589871438
4	1398831	1398928	97	1398879.5	7.39180132753599	7.7455109613838	15.1373122889198	0.228629	14.9086832889198	9.61446186525197	10.945098107259	20.559559972511	1.642829	18.916730972511	17.1544235715291	20.224086148091	145.739132542294
4	1401452	1401547	95	1401499.5	14.6968002908707	23.3765366973792	38.0733369882499	0.223915	37.84942198825	27.1676399541422	30.845940138533	58.0135800926751	1.638115	56.3754650926751	43.5507954754488	60.2716327852718	369.995245112919
4	1402761	1402903	142	1402832	14.1125843788156	16.0567373309319	30.1693217097475	0.334694	29.8346277097475	24.7513741432768	22.3114076868864	47.0627818301633	1.748894	45.3138878301633	34.3287083717351	48.4455782827316	291.647000468001
4	1410170	1410539	369	1410354.5	35.3659632485944	155.53753631366	190.903499562255	0.869733	190.033766562255	41.2205227068885	170.260437315426	211.480960022314	2.283933	209.197027022314	218.659130476317	223.654853609318	1857.66615037768
4	1411157	1411609	452	1411383	75.6501604531597	60.7133536253269	136.363514078487	1.065364	135.298150078487	89.3574337926806	77.9511231235595	167.30855691624	2.479564	164.82899291624	155.678521698534	176.220497996469	1322.60070489728
4	1411866	1412210	344	1412038	36.0049806532558	30.0618187817332	66.066799434989	0.810808	65.255991434989	50.278369411836	41.2042222629198	91.4825916747558	2.225008	89.2575836747558	75.0856997873074	95.4262691704965	637.906876188777
4	1416881	1417315	434	1417098	212.304682457713	196.059039981647	408.36372243936	1.022938	407.34078443936	214.889152849899	201.074876595982	415.964029445881	2.437138	413.526891445881	468.699765017143	442.106169893035	3981.94068670105
4	1420236	1421129	893	1420682.5	257.259906885178	256.116775750173	513.376682635351	2.104801	511.271881635351	263.588179245801	259.868777941955	523.456957187756	3.519001	519.937956187756	588.28631930922	555.871415250548	4997.91424090283
4	1422563	1422682	119	1422622.5	14.669599550015	7.71611016060595	22.3857097106209	0.280483	22.1052267106209	18.1466942542526	8.98334467576553	27.1300389300181	1.694683	25.4353559300181	25.4350042045964	27.1932201332016	216.088604407536
4	1434358	1434742	384	1434550	154.692013284488	128.555401412045	283.247414696533	0.905088	282.342326696533	161.076687181297	131.960994168813	293.03768135011	2.319288	290.71839335011	324.872409619368	310.810247314459	2760.02413997937
4	1436718	1436829	111	1436773.5	16.3138443336525	7.40760175788599	23.7214460915384	0.261627	23.4598190915384	21.624988991175	9.97927180143428	31.6042607926093	1.675827	29.9284337926093	26.9936429534854	31.9968193330406	229.330358539508
4	1445613	1445793	180	1445703	46.9129777500095	40.6164062528103	87.5293840028197	0.42426	87.1051240028197	48.961233537533	45.3501351834916	94.3113687210246	1.83846	92.4729087210246	100.226033609921	98.8638087128388	851.492044344022
4	1447042	1447761	719	1447401.5	38.5079488255987	46.4004637908718	84.9084126164705	1.694683	83.2137296164705	40.7930110629248	47.4332919215984	88.2263029845232	3.108883	85.1174199845232	95.7484666582558	90.9999744126901	813.451901478556
4	1454590	1454864	274	1454727	27.292243347915	27.5926515300125	54.8848948779274	0.645818	54.2390768779274	28.0321635008242	29.8304124790123	57.8625759798365	2.060018	55.8025579798365	62.409273901754	59.6591314592372	530.211545908872
4	1459452	1459719	267	1459585.5	51.8849131686256	174.21414500098	226.099058169606	0.629319	225.469739169606	54.1657752915549	179.109078322321	233.274853613876	2.043519	231.231334613876	259.432931354319	247.21197537591	2204.06883453867
4	1466026	1466167	141	1466096.5	12.1022296235873	14.3252901721982	26.4275197957855	0.332337	26.0951827957855	14.9733078219957	16.9032603873417	31.8765682093375	1.746537	30.1300312093375	30.0259795033729	32.2123493592945	255.092232525782
4	1468503	1469287	784	1468895	208.30067340212	115.228938444504	323.529611846624	1.847888	321.681723846624	210.004419806379	117.752907188831	327.75732699521	3.262088	324.49523899521	370.137619744451	346.921446291171	3144.584567234
4	1470818	1470946	128	1470882	10.0621740594099	5.53285069604123	15.5950247554511	0.301696	15.2933287554511	12.687345560156	7.64800830574297	20.335353865899	1.715896	18.619457865899	17.5970093539135	19.9062681843863	149.499216215831
4	1476555	1477128	573	1476841.5	169.338812213492	188.807242467339	358.14605468083	1.350561	356.79549368083	177.1910260811	192.284237168853	369.475263249952	2.764761	366.710502249952	410.54068346617	392.054250794704	3487.83757333484
5	4904	5210	306	5057	9.44015711778329	10.2514792154387	19.691636333222	0.721242	18.970394333222	13.0831563406959	13.162858511512	26.2460148522079	2.135442	24.1105728522079	21.827962497056	25.7768799033754	528.883020149603
5	16055	16200	145	16127.5	51.1519932063778	22.6867179090608	73.8387111154386	0.341765	73.4969461154386	64.525457454074	29.9912168587769	94.5166743128509	1.755965	92.7607093128509	84.5680145217866	99.1714995062969	2049.05001712233
5	27037	27544	507	27290.5	602.252603313251	766.656881126803	1368.90948444005	1.194999	1367.71448544005	640.45364377971	790.575632592269	1431.02927637198	2.609199	1428.42007737198	1573.73747590386	1527.13969144105	38131.0454097997
5	33690	33856	166	33773	56.4435373300484	44.7949200613194	101.238457391368	0.391262	100.847195391368	70.6200234493302	66.0674994540552	136.687522903385	1.805462	134.882060903385	116.038114984306	144.203902011724	2811.55828051493
5	42038	42417	379	42227.5	114.482018100933	177.188226004835	291.670244105769	0.893303	290.776941105769	118.518628044464	200.230053585876	318.74868163034	2.307503	316.44117863034	334.577555636259	338.310761342606	8106.68371466385
5	42709	42892	183	42800.5	79.9082764297612	110.128599528613	190.036875958374	0.431331	189.605544958374	104.431444357477	136.042905346195	240.474349703671	1.845531	238.628818703671	218.166404550554	255.120707372392	5286.08691486618
5	46017	46611	594	46314	99.973222930683	108.339550801009	208.312773731692	1.400058	206.912715731692	109.950094666748	120.704387577122	230.654482243869	2.814258	227.840224243869	238.080607067079	243.586501801201	5768.60027690035
5	51677	51843	166	51760	63.6504336213999	48.4263189682789	112.076752589679	0.391262	111.685490589679	67.6061413614293	52.4289279857396	120.035069347169	1.805462	118.229607347169	128.509015534141	126.400579873909	3113.72333818677
5	56179	56541	362	56360	51.816311300144	91.5415932817589	143.357904581903	0.853234	142.504670581903	56.2169311580668	95.4992010735393	151.716132231606	2.267434	149.448698231606	163.970582291463	159.777254968006	3972.94327355083
5	58126	58327	201	58226.5	82.0062335709807	79.1343553507824	161.140588921763	0.473757	160.666831921763	87.3100780296706	82.9114582262225	170.221536255893	1.887957	168.333579255893	184.868565202534	179.967289984449	4479.29325094943
5	59324	59498	174	59411	35.1699579100754	41.1085196563062	76.2784775663816	0.410118	75.8683595663816	36.4265921365191	42.9910709306022	79.4176630671213	1.824318	77.5933450671213	87.2966411893696	82.9559027633469	2115.16357733239
5	60923	61083	160	61003	25.058682513312	25.4401929043579	50.4988754176698	0.37712	50.1217554176698	27.9762619782568	28.5859785848641	56.5622405631209	1.79132	54.7709205631209	57.6717477942742	58.556196495497	1397.36396170077
5	65213	65292	79	65252.5	7.36490059485149	12.7261466169649	20.0910472118163	0.186203	19.9048442118163	10.2763798936485	18.3681002846001	28.6444801782486	1.600403	27.0440771782486	22.9031714013651	28.9131217990738	554.934912655807
5	66835	67041	206	66938	71.5626491232486	112.254357427031	183.817006550279	0.485542	183.331464550279	73.4432003430699	122.836645652582	196.279845995652	1.899742	194.380103995652	210.947240338897	207.813917446707	5111.16938091257
5	68345	69734	1389	69039.5	869.657786521262	1048.03164481869	1917.68943133995	3.273873	1914.41555833995	898.464171109236	1070.24184974916	1968.70602085839	4.688073	1964.01794785839	2202.789793254	2099.75329413973	53372.7377792602
5	70218	70414	196	70316	97.6195588248752	22.6768176394112	120.296376464286	0.461972	119.834404464286	124.286885152175	29.9985170576095	154.285402209785	1.876172	152.409230209785	137.885425076412	162.942392425311	3340.91008534857
5	73367	73609	242	73488	66.3535072439349	56.2811329067041	122.634640150639	0.570394	122.064246150639	69.8888035333858	57.59566871019	127.484472243576	1.984594	125.499878243576	140.451154594161	134.173306839395	3403.07671113497
5	77543	77938	395	77740.5	386.400424233792	126.538246471603	512.938670705395	0.931015	512.007655705395	405.02503150477	132.531309702269	537.556341207039	2.345215	535.211126207039	589.132925264011	572.200130115356	14274.4610645737
5	80097	80441	344	80269	128.974212819044	213.036802398171	342.011015217215	0.810808	341.200207217215	133.027823225609	218.991764591094	352.019587816703	2.225008	349.794579816703	392.596231596633	373.969251168627	9512.45361055506
5	82814	82978	164	82896	12.4885401453724	20.4782577581151	32.9667979034875	0.386548	32.5802499034875	13.5126680391342	23.9151513674116	37.4278194065458	1.800748	35.6270714065458	37.4879119825471	38.0892957867408	908.317490059191
5	84782	85499	717	85140.5	116.792981043707	272.087310733246	388.880291776952	1.689969	387.190322776952	123.897574548678	292.634070357119	416.531644905797	3.104169	413.427475905797	445.513978061987	441.999883640402	10794.6299737352
5	86374	86795	421	86584.5	150.638802888818	113.591093835186	264.229896724003	0.992297	263.237599724003	168.960801917776	122.068924742475	291.029726660251	2.406497	288.623229660251	302.889879549207	308.57028465814	7338.90367872586
5	90011	90194	183	90102.5	30.1705217424323	25.755801500463	55.9263232428952	0.431331	55.4949922428952	34.8752498832307	27.1239387638703	61.9991886471011	1.845531	60.1536576471011	63.8543716158266	64.310940201327	1547.16652616974
5	94045	94145	100	94095	10.4798854364476	8.25272477616358	18.7326102126112	0.2357	18.4969102126112	15.2381150344438	11.0787017461679	26.3168167806117	1.6499	24.6669167806117	21.2831560240801	26.3716733458765	515.68257174021
5	97910	98112	202	98011	35.6613712945051	54.1622751962242	89.8236464907294	0.476114	89.3475324907294	38.3598447917484	60.3271431062655	98.6869878980139	1.890314	96.7966738980139	102.806222904745	103.486393849278	2490.95469480343
5	99518	99606	88	99562	7.45860314699042	8.81224001545634	16.2708431624468	0.207416	16.0634271624468	10.3137809123251	11.5536146811815	21.8673955935067	1.621616	20.2457795935067	18.4831100248682	21.6449867172791	447.838548972591
5	100198	100670	472	100434	97.5106558587287	107.560029569501	205.070685428229	1.112504	203.958181428229	108.391952228245	112.37886081808	220.770813046325	2.526704	218.244109046325	234.681022280414	233.327188988424	5686.22966308479
5	101554	101758	204	101656	24.8455767090344	30.5671325447621	55.4127092537965	0.480828	54.9318812537965	27.3118438817669	32.4651842412369	59.7770281230038	1.895028	57.8820001230037	63.2064375067183	61.8822860362356	1531.46733534837
5	106201	106338	137	106269.5	2.57607016339259	11.5354141854619	14.1114843488545	0.322909	13.7885753488545	3.09248422875592	13.6592720321285	16.7517562608845	1.737109	15.0146472608845	15.865590367594	16.0523253266428	384.417068299494
5	106907	107179	272	107043	139.543900701405	152.576255658444	292.120156359849	0.641104	291.479052359849	143.669113058164	155.597037934282	299.266150992446	2.055304	297.210846992446	335.38542804279	317.751401257278	8126.25814806867
5	110593	110775	182	110684	20.9132696063588	30.899741603902	51.8130112102608	0.428974	51.3840372102608	23.4420384814251	34.0457272898557	57.4877657712808	1.843174	55.6445917712808	59.1241709303151	59.4902480398472	1432.55560795855
5	111125	111276	151	111200.5	17.6123797013408	12.919851892838	30.5322315941788	0.355907	30.1763245941788	21.8584953510943	15.5560236931948	37.4145190442891	1.770107	35.6444120442891	34.7218760965444	38.1078348541988	841.297519073415
5	115934	116101	167	116017.5	4.37261909527722	40.1432933668238	44.5159124621011	0.393619	44.1222934621011	5.34744564623805	42.2094496418958	47.5568952881339	1.807819	45.7490762881339	50.7685686474216	48.9108430727972	1230.10262265854
5	117010	117138	128	117074	7.49450412481099	22.0612008721035	29.5557049969145	0.301696	29.2540089969145	12.4788398811702	28.9529885809686	41.4318284621388	1.715896	39.7159324621388	33.6606292972473	42.4607423308638	815.583922927552
5	117623	118090	467	117856.5	85.7987368658759	259.704273461413	345.503010327289	1.100719	344.402291327289	87.5761852775273	270.190659074903	357.76684435243	2.514919	355.25192535243	396.28065536977	379.803759594783	9601.72576194851
5	122468	122573	105	122520.5	3.16658624704295	16.4897491247009	19.6563353717438	0.247485	19.4088503717438	5.16114057192126	24.8380765047544	29.9992170766756	1.661685	28.3375320766756	22.3324645014609	30.2959687260863	541.10690700103
5	123022	123602	580	123312	296.425973635671	331.42032676287	627.846300398541	1.36706	626.479240398541	299.449055974156	345.026597351419	644.475653325575	2.78126	641.694393325575	720.847712725478	686.042567831728	17465.8590065658
5	124242	124433	191	124337.5	28.7425828502319	7.19479596177964	35.9373788120115	0.450187	35.4871918120115	41.7765378508505	16.1985411931869	57.9750790440375	1.864387	56.1106920440375	40.8327353871539	59.9885609927342	989.361256940049
5	128369	128533	164	128451	16.380246142212	11.3564093099777	27.7366554521897	0.386548	27.3501074521897	18.0929927916073	12.3913374979028	30.4843302895101	1.800748	28.6835822895101	31.4699372754394	30.665934833132	762.504309433269
5	131444	131695	251	131569.5	137.81295355629	148.08963345811	285.9025870144	0.591607	285.310980014399	145.652867088879	159.484243808554	305.137110897433	2.005807	303.131303897433	328.288240210495	324.08102716656	7954.29605422598
5	132711	133001	290	132856	185.202044273998	130.760561473108	315.962605747105	0.68353	315.279075747105	195.088413545083	134.250856536878	329.339270081961	2.09773	327.241540081961	362.770521299197	349.857547134798	8789.78827968221
5	141257	141473	216	141365	50.1818667834325	31.5978606182903	81.7797274017228	0.509112	81.2706154017228	71.5035475135217	45.3870361885495	116.890583702071	1.923312	114.967271702071	93.5126552427423	122.912780780803	2265.77517409885
5	152797	153273	476	153035	59.1937122354623	39.9115870559317	99.105299291394	1.121932	97.983367291394	70.1612109528377	46.1195561399024	116.28076709274	2.536132	113.74463509274	112.742899752287	121.605646469338	2731.71650031266
5	156592	156680	88	156636	6.67378177112454	7.36920071197206	14.0429824830966	0.207416	13.8355664830966	10.0928748955963	11.0165000520052	21.1093749476015	1.621616	19.4877589476015	15.9196599192287	20.8345784671911	385.727152452815
5	159117	159575	458	159346	175.427678053495	282.266287973977	457.693966027472	1.079506	456.614460027472	184.941037165052	292.365563043892	477.306600208944	2.493706	474.812894208944	525.395684139175	507.627712772375	12730.1325645292
5	160266	160475	209	160370.5	107.671032592846	29.894114214031	137.565146806877	0.492613	137.072533806877	129.238020004255	36.6585984555824	165.896618459837	1.906813	163.989805459837	157.72018624163	175.323313412233	3821.49861441634
5	162433	162642	209	162537.5	98.8029910575455	25.8154031238085	124.618394181354	0.492613	124.125781181354	105.308068233731	28.6193794945913	133.927447728322	1.906813	132.020634728322	142.823224913121	141.144719663834	3460.55105004627
5	171888	172022	134	171955	24.0860560222733	23.0435276273444	47.1295836496177	0.315838	46.8137456496177	28.4130738755277	30.5730327054624	58.9861065809901	1.730038	57.2560685809901	53.865442459309	61.2130957069505	1305.13866758825
5	174399	175130	731	174764.5	435.789969437078	453.180643099901	888.970612536979	1.722967	887.247645536979	440.076586189944	458.927999638352	899.004585828296	3.137167	895.867418828296	1020.89645540294	957.781758485642	24735.9230467047
5	177629	177744	115	177686.5	18.2432968853798	5.35854594857255	23.6018428339524	0.271055	23.3307878339524	22.2842069460307	6.50307712171029	28.787284067741	1.685255	27.102029067741	26.8451753253453	28.9750788046073	650.448130668594
5	178598	178731	133	178664.5	43.3392804146446	26.5058219284693	69.845102343114	0.313481	69.531621343114	49.9249597861594	31.2041498949488	81.1291096811082	1.727681	79.4014286811082	80.0053808253763	84.8889449377775	1938.49918171937
5	182369	182569	200	182469	70.7139260069166	101.070352812771	171.784278819687	0.4714	171.312878819687	78.8631479640153	102.380488496412	181.243636460428	1.8856	179.358036460428	197.118258506106	191.753659022759	4776.09854329741
5	184266	184528	262	184397	126.473644712071	93.458345487572	219.931990199643	0.617534	219.314456199643	142.602183998644	100.019924202667	242.622108201311	2.031734	240.590374201311	252.350459400015	257.217828033788	6114.3532348299
5	188033	188434	401	188233.5	125.650322287567	143.608411404857	269.258733692424	0.945157	268.313576692424	134.320458432597	159.281338282097	293.601796714694	2.359357	291.242439714694	308.730466358126	311.370511074532	7480.41881974572
5	191920	192001	81	191960.5	8.89264220533863	49.9034592005565	58.7961014058951	0.190917	58.6051844058951	19.9336429246587	131.135371681663	151.069014606322	1.605117	149.463897606322	67.4330614785727	159.793504787496	1633.87678614216
5	192683	192792	109	192737.5	9.68846388081527	33.0053989548489	42.6938628356642	0.256913	42.4369498356642	16.640953242987	51.7495094806896	68.3904627236765	1.671113	66.7193497236765	48.8293565874967	71.3303941636136	1183.11627058367
5	194610	195262	652	194936	526.913451330905	687.688930308314	1214.60238163922	1.536764	1213.06561763922	562.6072235079	697.786205323755	1260.39342883165	2.950964	1257.44246483165	1395.79337905095	1344.34563625068	33819.5293269746
5	196694	196919	225	196806.5	136.230110445025	98.9258944050149	235.15600485004	0.530325	234.62567985004	148.860754460824	102.167982708477	251.028737169301	1.944525	249.084212169301	269.968059211297	266.298684078217	6541.22080880683
5	198626	198778	152	198702	54.3811811584784	32.8070935536841	87.1882747121624	0.358264	86.8300107121624	61.6777798930194	35.279560895288	96.9573407883074	1.772464	95.1848767883074	99.9094791680136	101.763203745908	2420.76772356008
5	200898	201022	124	200960	26.5350227237997	23.1488304954365	49.6838532192362	0.292268	49.3915852192362	31.7944659731517	25.9416065611611	57.7360725343128	1.706468	56.0296045343128	56.8315898393094	59.9018694399183	1377.00726204617
5	201871	202184	313	202027.5	327.570521907275	125.787026010912	453.357547918186	0.737741	452.619806918186	340.192665691556	131.120171267656	471.312836959212	2.151941	469.160895959212	520.799304289257	501.585098978399	12618.764072985
5	204960	205222	262	205091	124.444389442057	61.4506737074191	185.895063149476	0.617534	185.277529149476	174.24384580993	72.8807850247889	247.124630834718	2.031734	245.092896834718	213.186446564237	262.031524742489	5165.42447464179
5	208555	208789	234	208672	81.8939305122272	81.8248286301269	163.718759142354	0.551538	163.167221142354	83.9999878740691	85.9999423460291	169.999930220098	1.965738	168.034192220098	187.745595652003	179.647211995692	4549.00257692901
5	210338	210504	166	210421	47.6912989488326	63.6690341280145	111.360333076847	0.391262	110.969071076847	53.7157630347511	70.2502133769612	123.965976411712	1.805462	122.160514411712	127.684679572349	130.603156060512	3093.74999925744
5	211587	211796	209	211691.5	60.1727389008199	29.3023980976958	89.4751369985158	0.492613	88.9825239985157	82.1527375612513	43.1260746076434	125.278812168895	1.906813	123.371999168895	102.386232073811	131.898367803596	2480.77848073264
5	212066	212138	72	212102	14.5893973655802	5.89366052327417	20.4830578888544	0.169704	20.3133538888544	49.8012564169002	19.8518406966442	69.6530971135443	1.583904	68.0691931135443	23.3732161328262	72.7735266500241	566.323913219377
5	213227	213477	250	213352	130.946966550148	114.749325381475	245.696291931623	0.58925	245.107041931623	139.017986377287	120.552383437046	259.570369814333	2.00345	257.566919814333	282.02826072404	275.36764057136	6833.43478894963
5	214776	214981	205	214878.5	94.7460805610971	95.0404885797706	189.786569140868	0.483185	189.303384140868	105.576675549681	101.277558456348	206.854234006028	1.897385	204.956849006028	217.81872833061	219.121632430182	5277.66285562278
5	221550	221791	241	221670.5	36.5656959252334	46.6824714718022	83.2481673970355	0.568037	82.6801303970355	43.1251745831297	56.2342316292728	99.3594062124025	1.982237	97.3771692124025	95.1344897663845	104.107007805453	2305.07159222136
5	222327	222567	240	222447	68.6272691734791	30.4690298727788	99.0962990462579	0.56568	98.5306190462579	94.2310665338661	39.1952675458238	133.42633407969	1.97988	131.44645407969	113.3725857025	140.530856786608	2746.9735453593
5	223102	223272	170	223187	48.080909560501	16.043136960504	64.124046521005	0.40069	63.723356521005	63.1429197984489	21.1642764429316	84.3071962413806	1.81489	82.4923062413805	73.3221994173897	88.1934362974626	1776.5683021084
5	225332	225867	535	225599.5	261.876832634538	356.261403349336	618.138235983874	1.260995	616.877240983874	269.939052221988	363.674605259751	633.613657481739	2.675195	630.938462481739	709.799334951219	674.543283293361	17198.1611210763
5	228242	228415	173	228328.5	19.9835442838021	34.4036370381003	54.3871813219024	0.407761	53.9794203219024	27.7905569202824	49.1951399083473	76.9856968286297	1.821961	75.1637358286297	62.1105044894017	80.3583806747336	1504.91330566473
5	229455	229736	281	229595.5	235.758221252367	301.583514109538	537.341735361906	0.662317	536.679418361906	260.006181684366	310.555758482969	570.561940167335	2.076517	568.485423167336	617.521070525676	607.774048739038	14962.2947551649
5	234684	234831	147	234757.5	49.6334518464742	14.4595938301732	64.0930456766474	0.346479	63.7465666766474	53.9711699911682	16.6797542997958	70.650924290964	1.760679	68.890245290964	73.3489057893298	73.651322607071	1777.21538708717
5	237195	237473	278	237334	181.830852454195	206.510224636383	388.341077090578	0.655246	387.685831090578	185.468651535473	222.18335151907	407.652003054544	2.069446	405.582557054543	446.084126299119	433.612794195451	10808.4444432088
5	238119	238364	245	238241.5	38.2077406489487	186.598382305498	224.806122954447	0.577465	224.228657954447	45.1242290305761	199.660638076934	244.78486710751	1.991665	242.79320210751	258.004902303133	259.572895693688	6251.35818159338
5	239815	239950	135	239882.5	8.65373569833766	11.2161054885787	19.8698411869163	0.318195	19.5516461869163	10.3169809994846	13.836676864033	24.1536578635176	1.732395	22.4212628635176	22.4967700843376	23.9708199244207	545.087967208139
5	241764	243078	1314	242421	404.428215249525	365.988568284236	770.416783533761	3.097098	767.319685533761	414.944501677411	370.268584857336	785.213086534747	4.511298	780.701788534747	882.903382232381	834.656910342455	21392.404690009
5	246711	246876	165	246793.5	20.7754658530531	28.5470775253315	49.3225433783846	0.388905	48.9336383783846	23.0494277880447	32.5185856957109	55.5680134837557	1.803105	53.7649084837557	56.3046610737724	57.480657863126	1364.23998351715
5	248247	248424	177	248335.5	37.206513378922	55.4907113783091	92.6972247572312	0.417189	92.2800357572312	40.471302300672	59.1554111922721	99.626713492944	1.831389	97.795324492944	106.180458052382	104.554062237281	2572.71109674969
5	250455	250641	186	250548	32.2932795591378	28.0754646802011	60.3687442393389	0.438402	59.9303422393389	47.5074939426092	37.1460117310628	84.653505673672	1.852602	82.800903673672	68.9578318646282	88.5233612229062	1670.82137805817
5	251423	251613	190	251518	47.0021801795803	56.3156338463924	103.317814025973	0.44783	102.869984025973	52.7199359118061	59.7213266058838	112.44126251769	1.86203	110.57923251769	118.365602419731	118.221479592713	2867.95239354191
5	254433	254642	209	254537.5	51.038290109492	59.9625331755307	111.000823285023	0.492613	110.508210285023	57.0826547374336	63.7862373202309	120.868892057665	1.906813	118.962079057665	127.154397918546	127.183673474787	3080.9014815531
5	258141	258361	220	258251	45.9053503056638	63.8634394229537	109.768789728618	0.51854	109.250249728618	50.3578715772046	68.5928682365145	118.950739813719	1.93274	117.017999813719	125.706946939633	125.10523686936	3045.83030872379
5	260173	260309	136	260241	23.9087511930926	35.7093726018976	59.6181237949901	0.320552	59.2975717949901	41.6380340784787	55.146902014111	96.7849360925897	1.734752	95.0501840925897	68.2297452847777	101.619202296309	1653.18012412374
5	264268	264757	489	264512.5	226.380965847813	223.40478478676	449.785750634573	1.152573	448.633177634573	234.501287017752	232.509232760967	467.01051977872	2.566773	464.44374677872	516.212156918261	496.541942656183	12507.6192808052
5	265989	266189	200	266089	50.8495849698056	25.0927834421053	75.942368411911	0.4714	75.470968411911	61.0478627362178	35.7131727053995	96.7610354416172	1.8856	94.8754354416172	86.8393897973279	101.432376582254	2104.08455439457
5	268332	268731	399	268531.5	99.6223133730997	194.583299787502	294.205613160601	0.940443	293.265170160601	105.371569963302	200.99687447147	306.368444434772	2.354643	304.013801434771	337.440594197237	325.024515036983	8176.05402264101
5	271612	271719	107	271665.5	16.0746378184803	16.1412396324873	32.2158774509676	0.252199	31.9636784509676	28.5610779066543	22.5838151063384	51.1448930129927	1.666399	49.4784940129927	36.7784644979056	52.8980047795088	891.127854133925
5	280902	281075	173	280988.5	52.7961379872915	50.6547796639714	103.450917651263	0.407761	103.043156651263	73.9219133815855	78.749644872577	152.671558254162	1.821961	150.849597254162	118.564860563972	161.274971595584	2872.78034068217
5	281378	281491	113	281434.5	35.2155591520982	14.5688968072147	49.7844559593128	0.266341	49.5181149593128	55.3911086654699	42.496057448118	97.8871661135879	1.680541	96.2066251135879	56.9771791387536	102.855566172702	1380.53483400355
5	284518	284983	465	284750.5	206.989737696688	166.695440217026	373.685177913714	1.096005	372.589172913714	214.114531751854	179.022575966291	393.137107718145	2.510205	390.626902718145	428.713412610877	417.623538856359	10387.5588237274
5	287197	287372	175	287284.5	23.7813477230552	14.8636048340593	38.6449525571145	0.412475	38.2324775571145	29.525804182518	19.7921390705749	49.3179432530929	1.826675	47.4912682530929	43.991551869048	50.7734397570257	1065.89814861135
5	291558	291817	259	291687.5	69.7324992761893	86.5905584324032	156.323057708592	0.610463	155.712594708592	72.5097749197351	91.1518826673668	163.661657587102	2.024663	161.636994587102	179.168056178258	172.807897305216	4341.17214003238
5	292653	292915	262	292784	259.933679709659	224.368311029939	484.301990739597	0.617534	483.684456739598	264.166995010774	226.758376127186	490.92537113796	2.031734	488.89363713796	556.543316742306	522.681590656422	13484.8275574254
5	294969	295316	347	295142.5	91.7068977840915	112.428662174499	204.135559958591	0.817879	203.317680958591	98.1025719805113	115.626149263176	213.728721243688	2.232079	211.496642243688	233.944041278068	226.113397657553	5668.37290076139
5	298448	298638	190	298543	50.2364682705913	57.8498756339223	108.086343904514	0.44783	107.638513904514	56.2020307522304	63.4627285089509	119.664759261181	1.86203	117.802729261181	123.852430449057	125.944199794375	3000.89609726976
5	303429	303792	363	303610.5	144.850745241807	171.820679811127	316.671425052933	0.855591	315.815834052933	152.733959953773	176.277201191617	329.011161145389	2.269791	326.741370145389	363.388133140247	349.322809927793	8804.7527737718
5	311390	311967	577	311678.5	183.380694666627	319.139492274693	502.52018694132	1.359989	501.16019794132	192.379639767295	336.659769467475	529.03940923477	2.774189	526.26522023477	576.65148196328	562.635963171352	13972.0405601585
5	313757	314079	322	313918	27.2439420323514	24.8463767308243	52.0903187631757	0.758954	51.3313647631757	33.6333160571759	30.6069336288083	64.2402496859841	2.173154	62.0670956859841	59.0635642724141	66.3566179557784	1431.08713226934
5	316597	316750	153	316673.5	19.9906444771872	25.0114812277094	45.0021257048967	0.360621	44.6415047048967	21.4640846086867	28.3028708739726	49.7669554826593	1.774821	47.9921344826593	51.3659902579964	51.3089213785671	1244.57791533627
5	318490	318871	381	318680.5	569.420009065015	499.187496170155	1068.60750523517	0.898017	1067.70948823517	579.293377982015	512.116248305405	1091.40962628742	2.312217	1089.09740928742	1228.54181402721	1164.36607683953	29767.0891211408
5	319747	319926	179	319836.5	78.5436392616846	40.8026113244033	119.346250586088	0.421903	118.924347586088	88.1239001954194	44.1076013410944	132.231501536514	1.836103	130.395398536514	136.838283564297	139.407161689262	3315.53825481121
5	321929	322566	637	322247.5	120.048569714873	80.5588941503758	200.607463865249	1.501409	199.106054865249	125.464217218698	83.5241749145419	208.98839213324	2.915609	206.07278313324	229.098005143959	220.31468993875	5550.95533479721
5	326026	326183	157	326104.5	17.886187158925	31.8889685470805	49.7751557060055	0.370049	49.4051067060055	18.85871364724	33.8923231116474	52.7510367588874	1.784249	50.9667877588874	56.8471481087328	54.489156071684	1377.38423284782
5	327055	327256	201	327155.5	41.5797324905417	59.715226439736	101.294958930278	0.473757	100.821201930278	47.8996046223709	66.3454070233125	114.245011645683	1.887957	112.357054645683	116.008206049158	120.122168878022	2810.83359867837
5	328156	328406	250	328281	95.3423968027241	71.7311537127407	167.073550515465	0.58925	166.484300515465	103.209111065274	79.5809675149793	182.790078580253	2.00345	180.786628580253	191.562336774206	193.280982646688	4641.48072609718
5	332890	333053	163	332971.5	19.2927254682464	34.9135509264209	54.2062763946673	0.384191	53.8220853946673	20.6139614542224	39.7702832072953	60.3842446615177	1.798391	58.5858536615177	61.9294697238169	62.6347836331635	1500.52690388364
5	334506	334644	138	334575	6.76778433143467	12.9587529523706	19.7265372838052	0.325266	19.4012712838052	8.42222939289302	16.4958492908487	24.9180786837417	1.739466	23.1786126837417	22.3237437524675	24.7805109873592	540.895606653313
5	335399	336288	889	335843.5	364.374324317719	352.701006376228	717.075330693947	2.095373	714.979957693947	375.064715487627	373.18346424874	748.248179736367	3.509573	744.738606736367	822.679562087914	796.208275221154	19933.2050103665
5	337637	337882	245	337759.5	109.558183992433	56.0275259993142	165.585709991748	0.577465	165.008244991748	114.430416695487	57.9681788560998	172.398595551586	1.991665	170.406930551586	189.863938520098	182.183932769097	4600.32919863921
5	339515	339602	87	339558.5	4.79493059760668	3.02798247194737	7.82291306955405	0.205059	7.61785406955405	6.22356950887324	4.51262290850508	10.7361924173783	1.619259	9.11693341737832	8.76535458448896	9.74701427574377	212.381123797146
5	342363	342637	274	342500	180.48821588534	142.456880041058	322.945095926397	0.645818	322.299277926397	197.387076152837	161.589001134987	358.976077287824	2.060018	356.916059287824	370.848197872476	381.582903576916	8985.50723340699
5	349457	349913	456	349685	244.886169866652	248.69667365182	493.582843518472	1.074792	492.508051518472	257.407210897238	254.246824819067	511.654035716306	2.488992	509.165043716306	566.696036424321	544.353975466419	13730.8239965745
5	351354	351493	139	351423.5	60.9102589883595	23.947352244454	84.8576112328135	0.327623	84.5299882328135	65.1970757466728	26.5770238677681	91.7740996144409	1.741823	90.0322766144409	97.2629973110871	96.2545019541248	2356.64450008234
5	355048	355199	151	355123.5	38.1159381485607	32.9179965743053	71.033934722866	0.355907	70.678027722866	58.9487055623135	42.8318665944174	101.780572156731	1.770107	100.010465156731	81.3244738829091	106.922293602397	1970.46029216294
5	359103	359510	407	359306.5	133.419933905371	146.328585493151	279.748519398521	0.959299	278.789220398521	142.092470115771	150.780606751073	292.873076866843	2.373499	290.499577866843	320.784088119102	310.576309262977	7772.47337506876
5	362245	362449	204	362347	29.1801947692926	37.6607257501227	66.8409205194153	0.480828	66.3600925194153	50.6413792989911	53.9952706475881	104.636649946579	1.895028	102.741621946579	76.3561149742817	109.842203510832	1850.07889306824
5	364190	364359	169	364274.5	17.6151797776054	18.9013148075508	36.5164945851562	0.398333	36.1181615851562	22.6174160215131	23.7516469141062	46.3690629356192	1.812533	44.5565299356192	41.5587500552232	47.6358785874485	1006.9523092599
5	372064	372270	206	372167	26.0379091841171	27.3587451591982	53.3966543433153	0.485542	52.9111123433153	28.7834839642391	31.0657461253007	59.8492300895398	1.899742	57.9494880895398	60.8812740326016	61.954438167128	1475.12953099772
5	374769	374914	145	374841.5	16.6151525402636	17.1409668616579	33.7561194019215	0.341765	33.4143544019215	19.4661301912014	21.7048911674386	41.17102135864	1.755965	39.41505635864	38.4476601770565	42.1390723633676	931.57181458736
5	377678	378631	953	378154.5	582.198457106493	472.704974876315	1054.90343198281	2.246221	1052.65721098281	584.421117644209	481.762121562197	1066.18323920641	3.660421	1062.52281820641	1211.22216649704	1135.95488781572	29347.4408147576
5	382352	382480	128	382416	12.9790535052886	34.7363460999639	47.7153996052525	0.301696	47.4137036052526	18.0668920807127	40.2930974469776	58.3599895276904	1.715896	56.6440935276904	54.5557739055285	60.5588264139949	1321.86512935628
5	386865	387123	258	386994	53.2006490047963	36.1043833606476	89.3050323654439	0.608106	88.6969263654439	55.4905113728617	37.1888128968211	92.6793242696828	2.022306	90.6570182696828	102.057614001122	96.9224201623117	2472.81619296606
5	394030	394237	207	394133.5	27.7990571517998	48.7423275752789	76.5413847270787	0.487899	76.0534857270787	30.4042281077991	51.657906985749	82.0621350935481	1.902099	80.1600360935481	87.5096534663915	85.6999805064527	2120.32478174693
5	396335	396594	259	396464.5	44.5705139492599	48.5986236612729	93.1691376105328	0.610463	92.5586746105328	55.3056063366772	57.1572567693393	112.462863106016	2.024663	110.438200106016	106.501069123151	118.07070028272	2580.47937798184
5	399225	399431	206	399328	58.4582922051211	75.3091511652261	133.767443370347	0.485542	133.281901370347	60.4143454813617	81.060707818074	141.475053299436	1.899742	139.575311299436	153.358559318578	149.221507879367	3715.81809475535
5	400822	401139	317	400980.5	188.662138515201	170.423141746941	359.085280262142	0.747169	358.338111262142	202.114104901028	192.459441940835	394.573546841863	2.161369	392.412177841863	412.31567022294	419.532196221767	9990.24791947155
5	402143	402251	108	402197	16.8436587639962	10.1094753477362	26.9531341117324	0.254556	26.6985781117324	33.5701143357759	22.9091239666457	56.4792383024215	1.668756	54.8104823024215	30.720266089937	58.5984923882147	744.340068920161
5	404399	404640	241	404519.5	48.6500250612722	43.9152961033535	92.5653211646258	0.568037	91.9972841646258	52.3641262207599	47.8151023208155	100.179228541575	1.982237	98.1969915415754	105.855114727886	104.983488918148	2564.82815485495
5	406401	406971	570	406686	32.4700843746999	12.6115434955655	45.0816278702653	1.34349	43.7381378702653	36.6249975404077	14.2013867974915	50.8263843378993	2.75769	48.0686943378993	50.3265465310474	51.3907723659342	1219.39259913195
5	409379	409723	344	409551	226.568670960262	412.920246543584	639.488917503846	0.810808	638.678109503846	237.181060005657	426.193408059375	663.374468065032	2.225008	661.149460065032	734.884134565733	706.842194697882	17805.9560346768
5	414229	414487	258	414358	123.133453736625	98.4121804131923	221.545634149818	0.608106	220.937528149818	134.747370060218	106.393297791694	241.140667851912	2.022306	239.118361851912	254.218019611792	255.644083362547	6159.60349056261
5	415690	415860	170	415775	28.1314662054923	26.9330335642618	55.064499769754	0.40069	54.663809769754	33.1562030622401	31.4925577501982	64.6487608124383	1.81489	62.8338708124383	62.897985600162	67.1763857177747	1523.993665924
5	416511	416879	368	416695	167.681267067597	96.6849333688555	264.366200436453	0.867376	263.498824436453	174.244145818101	105.270167201435	279.514313019536	2.281576	277.232737019536	303.190453334153	296.392583089631	7346.18646433544
5	422603	422816	213	422709.5	81.1592105009522	88.1358005195438	169.295011020496	0.502041	168.792970020496	89.1854291078578	97.7939635750676	186.979392682925	1.916241	185.063151682925	194.218768184578	197.853060759362	4705.84502337538
5	424449	424566	117	424507.5	6.08786581276595	10.415783690534	16.5036495032999	0.275769	16.2278805032999	8.36882793841897	13.3183627469187	21.6871906853377	1.689969	19.9972216853377	18.6723354723525	21.3792507106242	452.423407782395
5	430774	431351	577	431062.5	104.693351490936	118.455526325787	223.148877816724	1.359989	221.788888816724	112.31915919201	125.021105149832	237.340264341842	2.774189	234.566075341842	255.197623323886	250.777183543321	6183.33890653978
5	432262	432432	170	432347	37.3574174890369	28.3538722630771	65.711289752114	0.40069	65.310599752114	38.725654755168	29.9636161070262	68.6892708621943	1.81489	66.8743808621943	75.148533921237	71.4961396671879	1820.81967501269
5	432874	433062	188	432968	118.754834477924	22.0574007686016	140.812235246526	0.443116	140.369119246526	125.139608377457	23.3117349323995	148.451343309856	1.857316	146.594027309856	161.513346366877	156.725294736092	3913.40540522297
5	435623	435763	140	435693	24.9602798331575	3.27868930034897	28.2389691335065	0.32998	27.9089891335065	26.7849295304115	3.90460634820124	30.6895358786127	1.74418	28.9453558786127	32.1130050032784	30.9457998703309	778.085589733989
5	438977	439466	489	439221.5	134.595165914695	103.091907873057	237.687073787752	1.152573	236.534500787752	142.348577091254	105.893684183918	248.242261275172	2.566773	245.675488275172	272.164411649212	262.654379690207	6594.43757197628
5	442214	442558	344	442386	260.520295687084	71.1176370026315	331.637932689715	0.810808	330.827124689715	288.171648815928	107.322623103356	395.494271919284	2.225008	393.269263919284	380.660620116349	420.448516419547	9223.25839831862
5	451362	451566	204	451464	32.5487865182787	42.0771460383955	74.6259325566741	0.480828	74.1451045566741	39.4837754037969	48.6092239499887	88.0929993537856	1.895028	86.1979713537856	85.3138070392706	92.155203823689	2067.12027902172
5	453141	453387	246	453264	167.828271071487	57.1515566140865	224.979827685573	0.579822	224.400005685573	177.361930735961	62.1088916350375	239.470822370999	1.994022	237.476800370999	258.202060663855	253.889071840967	6256.13525179773
5	456055	456286	231	456170.5	58.7068989763242	44.4936118547083	103.200510831033	0.544467	102.656043831033	61.3896720459412	47.1766849324965	108.566356978438	1.958667	106.607689978438	118.119435762901	113.975459571	2861.98787143215
5	460284	460434	150	460359	26.3762183985098	54.7903923039986	81.1666107025085	0.35355	80.8130607025085	30.2106228346497	64.603359575863	94.8139824105127	1.76775	93.0462324105126	92.9861776883295	99.4767554055732	2253.01882823944
5	461003	461104	101	461053.5	6.93778896178279	38.167739559455	45.1055285212378	0.238057	44.8674715212378	13.4989676659826	78.6919433009824	92.190910966965	1.652257	90.538653966965	51.6259951427676	96.7958755781284	1250.87773231323
5	461386	462269	883	461827.5	462.528397700954	759.091875081759	1221.62027278271	2.081231	1219.53904178271	484.787503963327	803.995298098331	1288.78280206166	3.495431	1285.28737106166	1403.24191475082	1374.11493323965	34000.0044426512
5	462981	463125	144	463053	18.0623919581447	25.6006972759512	43.6630892340959	0.339408	43.3236812340959	41.2004221594179	49.8664581927749	91.0668803521928	1.753608	89.3132723521928	49.8496590319236	95.4858065510088	1207.83780097605
5	463474	463647	173	463560.5	117.980913398945	47.1031829305519	165.084096329497	0.407761	164.676335329497	145.207454957367	66.9765242127989	212.183979170166	1.821961	210.362018170166	189.482032296498	224.900358520825	4591.07575975415
5	464976	465069	93	465022.5	9.96567143100643	7.18829578473692	17.1539672157433	0.219201	16.9347662157433	21.2930799511012	11.016600054729	32.3096800058302	1.633401	30.6762790058302	19.4857015284232	32.7963489155883	472.130950173485
5	467551	468168	617	467859.5	236.086730199834	210.409130829331	446.495861029165	1.454269	445.041592029165	239.346918996292	214.463441254963	453.810360251255	2.868469	450.941891251255	512.079559855558	482.106959690927	12407.4880653572
5	472558	472711	153	472634.5	18.5448050974384	40.3765997212957	58.9214048187341	0.360621	58.5607838187341	25.0182814129234	51.5243033468402	76.5425847597635	1.774821	74.7677637597635	67.3819726960005	79.9350425596743	1632.63892486096
5	474004	474979	975	474491.5	543.106792382458	618.494245680367	1161.60103806282	2.298075	1159.30296306283	565.525302986463	645.079369768758	1210.60467275522	3.712275	1206.89239775522	1333.93229239022	1290.30200086616	32320.6593180456
5	482899	483299	400	483099	173.68523059515	135.56019219873	309.24542279388	0.9428	308.30262279388	176.954219631297	145.55676447137	322.510984102667	2.357	320.153984102667	354.743184030894	342.28016270654	8595.28902768871
5	484287	484759	472	484523	131.361077829131	92.0087060043213	223.369783833453	1.112504	222.257279833453	134.158454020148	96.6333319634087	230.791785983556	2.526704	228.265081983556	255.73656950326	244.040721906176	6196.39736232026
5	490861	491676	815	491268.5	369.318358976413	282.074482749855	651.392841726268	1.920955	649.471886726268	378.975021991081	305.402618128947	684.377640120028	3.335155	681.042485120028	747.303811261647	728.110047639439	18106.8799583413
5	503874	504020	146	503947	35.9205783544242	32.3006797606941	68.2212581151183	0.344122	67.8771361151183	43.7455914811766	37.8375305656847	81.5831220468614	1.758322	79.8248000468614	78.1016754582518	85.3415759439524	1892.3731429663
5	509933	510132	199	510032.5	33.6937177023113	22.9228243397973	56.6165420421086	0.469043	56.1474990421086	36.4887938306818	23.9043510732483	60.3931449039301	1.883243	58.5099019039301	64.6051674976686	62.553582769717	1565.35801763662
5	512301	512421	120	512361	20.1068476421664	16.7318557188614	36.8387033610277	0.28284	36.5558633610277	25.8786048452085	18.5564054133916	44.4350102586001	1.69704	42.7379702586001	42.062384180102	45.6916363382499	1019.15516772881
5	517613	517786	173	517699.5	58.9989069296281	32.3787818879305	91.3776888175586	0.407761	90.9699278175586	69.2277855295029	35.4781663046241	104.705951834127	1.821961	102.883990834127	104.673004571345	109.994411661953	2536.18608669007
5	522705	523109	404	522907	109.914893707993	117.723106377158	227.638000085152	0.952228	226.685772085152	118.106716825403	120.871492128482	238.978208953884	2.366428	236.611780953884	260.83213900438	252.964270022042	6319.86102446911
5	525800	525884	84	525842	17.0018630729437	4.74132913768516	21.7431922106288	0.197988	21.5452042106288	31.9974715023321	8.84684095786837	40.8443124602005	1.612188	39.2321244602005	24.7906238130972	41.9434978490051	600.667148637071
5	526804	526914	110	526859	26.3913188097937	6.49267683844193	32.8839956482356	0.25927	32.6247256482356	29.9957169813449	8.25912495048257	38.2548419318275	1.67347	36.5813719318275	37.5390872439221	39.1095490251313	909.557446688062
5	541456	541592	136	541524	20.1397485382749	9.72726493762413	29.867013475899	0.320552	29.546461475899	23.6707447106052	13.7146735410773	37.3854182516825	1.734752	35.6506662516825	33.9971347821262	38.1145212964438	823.737319616028
5	546594	546653	59	546623.5	15.1037113737451	7.44140267850814	22.5451140522532	0.139063	22.4060510522532	26.7152276319687	15.4121197737413	42.1273474057101	1.553263	40.5740844057101	25.7811426312422	43.3782020579253	624.667033377856
5	559155	559265	110	559210	22.6248162230694	13.9608802469108	36.5856964699802	0.25927	36.3264264699802	31.1453482933931	20.8329674192003	51.9783157125934	1.67347	50.3048457125934	41.7983865127233	53.7814665142891	1012.75860718613
5	570500	570689	189	570594.5	58.909404491886	114.946130741784	173.85553523367	0.445473	173.41006223367	70.853729814697	123.529064511718	194.382794326415	1.859673	192.523121326415	199.531347032668	205.828596751881	4834.5667373851
5	571643	571960	317	571801.5	5.19074137814658	9.39325584035196	14.5839972184985	0.747169	13.8368282184985	6.49447688746915	11.2179055376059	17.712382425075	2.161369	15.551013425075	15.9211117136696	16.6257603206317	385.762328866035
6	4171	4493	322	4332	5.41444747113995	45.0920281535337	50.5064756246736	0.758954	49.7475216246736	7.29279863103914	67.4949383326369	74.7877369636761	2.173154	72.6145829636761	57.2411420274586	77.6330531738884	1244.46721891643
6	16562	16695	133	16628.5	23.0331273440761	20.4273563717344	43.4604837158105	0.313481	43.1470027158105	39.4304739520466	30.2401236381513	69.6705975901978	1.727681	67.9429165901978	49.6463668913687	72.6385230233217	1079.35086454021
6	27455	27758	303	27606.5	17.2009684958984	58.6983987448068	75.8993672407053	0.714171	75.1851962407053	72.7054802500829	99.092498942756	171.797979192839	2.128371	169.669608192839	86.5105708952951	181.395653286565	1880.80750585473
6	27961	28190	229	28075.5	114.658822916495	61.2681687366042	175.9269916531	0.539753	175.3872386531	151.65813065184	91.9797052144384	243.637835866279	1.953953	241.683882866279	201.806351546296	258.386910232828	4387.42799624819
6	30706	31532	826	31119	274.116466000536	336.464964161641	610.581430162177	1.946882	608.634548162177	281.08025567049	348.467591072389	629.547846742878	3.361082	626.186764742878	700.315020253992	669.463190725567	15225.396537386
6	32041	32331	290	32186	99.8028182894399	84.5806036880698	184.38342197751	0.68353	183.69989197751	129.027814278965	99.162100838475	228.18991511744	2.09773	226.09218511744	211.371165109422	241.717653852023	4595.37452758482
6	36057	36263	206	36160	30.4058281513788	65.5476852960849	95.9535134474637	0.485542	95.4679714474637	43.5647865566652	104.543447408059	148.108233964724	1.899742	146.208491964724	109.848602186189	156.313114637722	2388.19456814695
6	36509	36830	321	36669.5	290.535613202281	240.099239486945	530.634852689225	0.756597	529.878255689225	315.575195195359	282.904405354125	598.479600549484	2.170797	596.308803549484	609.695428045716	637.520332206164	13255.2556928746
6	40206	40429	223	40317.5	58.3005879097922	84.3725980227027	142.673185932495	0.525611	142.147574932495	74.597031769515	94.6593781996196	169.256409969135	1.939811	167.316598969135	163.559696238901	178.880025120334	3555.915781827
6	42648	42761	113	42704.5	20.5474596429392	19.7156369869182	40.2630966298574	0.266341	39.9967556298574	33.6207157139854	27.1577396844925	60.7784553984779	1.680541	59.0979143984779	46.0215885108676	63.1822334262797	1000.54534615613
6	44453	44697	244	44575	78.3850349418421	210.113222769802	288.498257711644	0.575108	287.923149711644	90.742871527294	229.106240075017	319.849111602311	1.989308	317.859803602311	331.293888969601	339.827428978609	7202.58838393257
6	47745	47920	175	47832.5	59.2054125541392	65.7521908661213	124.95760342026	0.412475	124.54512842026	94.1395640416493	116.578875212192	210.718439253841	1.826675	208.891764253841	143.305739701339	223.328493809817	3115.57891796319
6	48940	49183	243	49061.5	147.675822187298	166.536535889012	314.21235807631	0.572751	313.63960707631	191.135005867699	186.143669920679	377.278675788378	1.986951	375.291724788378	360.88409447893	401.228530649149	7845.90260606491
6	54497	54594	97	54545.5	21.9728984670462	67.4756378069562	89.4485362740024	0.228629	89.2199072740025	30.8153393050703	121.267602917193	152.082942222263	1.642829	150.440113222263	102.659373113672	160.837187691513	2231.89510253292
6	54867	55261	394	55064	238.261389430158	220.370902154112	458.63229158427	0.928658	457.70363358427	248.242061269724	268.001399446914	516.243460716639	2.342858	513.900602716639	526.648923219658	549.416813930489	11449.7596939996
6	56053	56272	219	56162.5	156.896073315589	176.033894564771	332.929967880361	0.516183	332.413784880361	165.973320548941	184.845334558438	350.818655107379	1.930383	348.888272107379	382.486283754575	373.000307580187	8315.55110464785
6	64087	64180	93	64133.5	14.7706023009865	9.5323596290662	24.3029619300527	0.219201	24.0837609300527	19.889141712597	14.5636966655805	34.4528383781775	1.633401	32.8194373781775	27.7115710477677	35.087623217387	602.471238905011
6	65027	65262	235	65144.5	75.7908642854537	68.20255760578	143.993421891234	0.553895	143.439526891234	87.0447708036039	74.3609253387786	161.405696142382	1.968095	159.437601142382	165.046258848406	170.456501466041	3588.23481619409
6	74484	75058	574	74771	1004.93297095735	1054.12331073496	2059.05628169231	1.352918	2057.70336369231	1025.9237426746	1130.42378890056	2156.34753157516	2.767118	2153.58041357516	2367.66147628693	2302.41662125854	51474.8131914793
6	75585	75689	104	75637	37.9841345586791	11.2143054395515	49.1984399982305	0.245128	48.9533119982305	64.0887455595269	21.0791741250338	85.1679196845607	1.659328	83.5085916845607	56.3272981907787	89.279958296628	1224.59953882348
6	76216	76911	695	76563.5	984.40961197083	558.33120704375	1542.74081901458	1.638115	1541.10270401458	1098.80072759589	582.022552315444	1680.82327991133	3.052315	1677.77096491133	1773.24368890061	1793.72348110465	38551.705361306
6	80250	80432	182	80341	27.1297389218469	51.289596954236	78.419335876083	0.428974	77.990361876083	32.3669815665299	61.7106807891279	94.0776623556578	1.843174	92.2344883556578	89.7382871573563	98.6089108652326	1950.9805830825
6	81960	82407	447	82183.5	88.9590229413236	63.651533651361	152.610556592685	1.053579	151.556977592685	104.00493274075	81.5586213795465	185.563554120297	2.467779	183.095775120297	174.386465824108	195.749716733052	3791.29822456528
6	87327	87519	192	87423	39.7566828368675	123.215555972811	162.972238809678	0.452544	162.519694809678	46.2302591550762	153.63558451096	199.865843666036	1.866744	197.999099666036	187.000530459512	211.683025714608	4065.53786025465
6	90404	90837	433	90620.5	86.1492464125642	64.2907510614699	150.439997474034	1.020581	149.419416474034	95.1931927389127	73.8311109084349	169.024303647348	2.434781	166.589522647348	171.926917376485	178.102699789154	3737.82571671533
6	93789	93890	101	93839.5	6.82358585127835	30.6914359303636	37.515021781642	0.238057	37.276964781642	11.626816674955	52.8138384693925	64.4406551443474	1.652257	62.7883981443474	42.8921072996777	67.1277703857604	932.507975803309
6	95073	96568	1495	95820.5	4832.39711806731	2565.37407206743	7397.77119013474	3.523715	7394.24747513474	4847.50642959359	2630.14483620283	7477.65126579641	4.937915	7472.71335079641	8508.06544904219	7989.1604308435	184972.000430205
6	98812	99018	206	98915	70.3303155586723	31.6812628898846	102.011578448557	0.485542	101.526036448557	74.9528414605612	39.3652721761719	114.318113636733	1.899742	112.418371636733	116.819211933453	120.187723550821	2539.74107856017
6	103246	103671	425	103458.5	102.17448288552	127.25266592996	229.42714881548	1.001725	228.42542381548	113.683096341021	138.868182297133	252.551278638154	2.415925	250.135353638154	262.833839762969	267.422471039653	5714.21334413707
6	106314	106871	557	106592.5	320.561130995298	460.508242678799	781.069373674098	1.312849	779.756524674097	379.680341201578	493.500541276839	873.180882478418	2.727049	870.453833478418	897.213620257416	930.611813520274	19506.1261747727
6	107808	107958	150	107883	23.4272380783125	42.924169108424	66.3514071867365	0.35355	65.9978571867365	32.0540730439656	53.9400691440869	85.9941421880525	1.76775	84.2263921880525	75.9393150323334	90.0473667479538	1650.98013137776
6	109999	110180	181	110089.5	34.3656360030813	64.3944538859823	98.7600898890636	0.426617	98.3334728890636	49.9894615429679	72.8905852917148	122.880046834683	1.840817	121.039229834683	113.14574282037	129.404378326911	2459.87698554923
6	111863	112067	204	111965	54.1530749456407	40.7739105426916	94.9269854883323	0.480828	94.4461574883323	63.4244274657607	44.3585081749434	107.782935640704	1.895028	105.887907640704	108.672869284326	113.205932318783	2362.6332148485
6	114015	114248	233	114131.5	108.941367192441	146.541791300152	255.483158492593	0.549181	254.933977492593	132.437307141959	176.54400845854	308.981315600498	1.963381	307.017934600498	293.335457460071	328.236267005771	6377.34238041235
6	114520	114801	281	114660.5	122.886647014449	63.3730260657613	186.259673080211	0.662317	185.597356080211	153.17897207439	86.052643781437	239.231615855827	2.076517	237.155098855827	213.554449997746	253.545137195691	4642.84084947915
6	115725	116238	513	115981.5	418.527599268807	318.343170585598	736.870769854405	1.209141	735.661628854405	443.991292813243	341.132691294657	785.1239841079	2.623341	782.5006431079	846.476576242561	836.580085647332	18403.0631361121
6	118937	119376	439	119156.5	234.796295052768	203.056230561328	437.852525614096	1.034723	436.817802614096	271.868204765544	225.638145615915	497.506350381459	2.448923	495.057427381459	502.616996042562	529.271366927197	10927.2867921672
6	123223	123294	71	123258.5	18.129993799389	17.8792869709874	36.0092807703764	0.167347	35.8419337703764	34.5919421668918	24.3064620253834	58.8984041922752	1.581547	57.3168571922752	41.2409132050372	61.2780854831037	896.609724125123
6	129950	130146	196	130048	140.232619459762	78.3955352278342	218.628154687596	0.461972	218.166182687596	170.234636612702	85.1333187421486	255.367955354851	1.876172	253.491783354851	251.029217958375	271.010867144622	5457.57162897918
6	131245	131795	550	131520	286.463402289101	264.073792472254	550.537194761355	1.29635	549.240844761355	312.312106319913	272.853631605221	585.165737925133	2.71055	582.455187925133	631.97466276738	622.709278633718	13739.6236892426
6	137090	137597	507	137343.5	296.503675752013	388.311876295247	684.81555204726	1.194999	683.62055304726	311.590486665447	414.066777771196	725.657264436643	2.609199	723.048065436643	786.596394994274	773.01867779643	17101.2211394846
6	144187	144346	159	144266.5	12.8335495422554	5.11053919371177	17.9440887359671	0.374763	17.5693257359671	25.9413065529899	9.11954838549149	35.0608549384814	1.788963	33.2718919384814	20.2158466780862	35.5713473882799	439.50832569781
6	155925	156228	303	156076.5	69.8598027435029	51.8340117822449	121.693814525748	0.714171	120.979643525748	80.8783028499828	62.3651986159682	143.243501465951	2.128371	141.115130465951	139.203174978952	150.86774556818	3026.38595063833
6	157824	158013	189	157918.5	50.1486658791527	52.6536341059703	102.802299985123	0.445473	102.356826985123	75.6607607418755	70.8225289648919	146.483289706767	1.859673	144.623616706767	117.775146973945	154.618706983594	2560.5238543604
6	160171	160503	332	160337	118.341923231625	96.5791304871447	214.92105371877	0.782524	214.13852971877	131.350077529521	106.099089778468	237.449167307989	2.196724	235.252443307989	246.394867379762	251.510987121583	5356.81722101709
6	162112	162444	332	162278	158.002903461879	229.248543950891	387.25144741277	0.782524	386.46892341277	192.472542297644	242.052092676026	434.52463497367	2.196724	432.32791097367	444.683912118697	462.206547656745	9667.77621497787
6	164798	165001	203	164899.5	57.9959796132979	41.9021412718607	99.8981208851586	0.478471	99.4196498851586	62.2913966058524	45.1733303679296	107.464726973782	1.892671	105.572055973782	114.395533959103	112.868251810923	2487.04842286785
6	167308	167758	450	167533	89.8175463245816	102.809300175784	192.626846500366	1.06065	191.566196500366	93.9565590572158	113.910602537516	207.867161594732	2.47485	205.392311594732	220.422394994223	219.587190296444	4792.15534787504
6	169291	169855	564	169573	196.795360036502	64.0613448132237	260.856704849725	1.329348	259.527356849725	208.650282924294	70.1664110944719	278.816694018766	2.743548	276.073146018766	298.620751512534	295.152851535051	6492.24880885971
6	173368	174158	790	173763	286.322898462254	323.297205516665	609.62010397892	1.86203	607.75807397892	291.123829223285	340.207066083774	631.330895307059	3.27623	628.054665307059	699.306520100241	671.460183862539	15203.4709548913
6	176488	176962	474	176725	276.059118911796	307.592677778725	583.651796690522	1.117218	582.534578690522	284.771556208966	339.654151024247	624.425707233213	2.531418	621.894289233213	670.283533043213	664.874057718274	14572.4885057609
6	181954	182246	292	182100	64.0014431817069	152.848963086067	216.850406267774	0.688244	216.162162267774	74.4724283757422	181.485443046417	255.957871422159	2.102444	253.855427422159	248.723325850976	271.39964303593	5407.43973020191
6	183991	184448	457	184219.5	208.174469964767	80.8727026974537	289.047172662221	1.077149	287.970023662221	263.10636612285	110.406107086976	373.512473209825	2.491349	371.021124209825	331.347823685838	396.662784372466	7203.76096686754
6	191417	191787	370	191602	311.244977254945	384.57047439218	695.815451647125	0.87209	694.943361647125	337.80530066785	398.337349355047	736.142650022896	2.28629	733.856360022896	799.624792672143	784.573944990533	17384.4686997331
6	192321	192783	462	192552	1414.31542114339	450.743976733393	1865.05939787678	1.088934	1863.97046387678	1473.23232583956	475.385347880563	1948.61767372012	2.503134	1946.11453972012	2144.74600087093	2080.61256263284	46628.4563243974
6	194149	194847	698	194498	194.05888550424	181.102732622686	375.161618126926	1.645186	373.516432126926	238.610898949609	214.237935112942	452.848834062551	3.059386	449.789448062551	429.780347698019	480.874869941223	9343.76106242122
6	196280	196808	528	196544	335.49683779317	239.872133301344	575.368971094514	1.244496	574.124475094514	366.475581548822	258.45193935209	624.927520900911	2.658696	622.268824900911	660.606589977853	665.274477939932	14362.1041913043
6	199029	199930	901	199479.5	146.53719117486	157.033977071619	303.571168246479	2.123657	301.447511246479	156.081651133498	162.676130744701	318.7577818782	3.537857	315.2199248782	346.855466193223	337.005105459047	7540.90924972077
6	203285	204252	967	203768.5	785.284988493112	942.921581977953	1728.20657047106	2.279219	1725.92735147106	799.944087757135	985.995855174702	1785.93994293184	3.693419	1782.24652393184	1985.90903482579	1905.41945590448	43175.2163925229
6	204649	205167	518	204908	457.034248058997	404.378113884934	861.412361943931	1.220926	860.191435943931	479.428157992965	441.572126923389	921.000284916354	2.635126	918.365158916354	989.764686714544	981.834341056036	21518.2587808343
6	205723	205980	257	205851.5	58.1637841837239	187.146397231562	245.310181415285	0.605749	244.704432415285	81.9151310896589	226.303463736919	308.218594826578	2.019949	306.198645826578	281.565004912421	327.360356322894	6121.44353163788
6	206321	206569	248	206445	176.568809134026	254.6451356677	431.213944801726	0.584536	430.629408801726	217.701429446752	296.271369424778	513.97279887153	1.998736	511.97406287153	495.49642565901	547.357128890203	10772.4800201768
6	207113	207460	347	207286.5	332.09654518076	263.441975263702	595.538520444462	0.817879	594.720641444462	364.885538241448	281.855876795772	646.74141503722	2.232079	644.50933603722	684.305219472469	689.052054195148	14877.3309407138
6	209946	211219	1273	210582.5	706.119232287077	652.146162244158	1358.26539453123	3.000461	1355.26493353123	726.3657837343	675.100787450103	1401.4665711844	4.414661	1397.0519101844	1559.41261014738	1493.60363722369	33902.8503862205
6	212974	213234	260	213104	196.803460257124	158.474616309733	355.278076566858	0.61282	354.665256566858	247.179132319154	167.829271098724	415.008403417878	2.02702	412.981383417878	408.089562260313	441.522961231409	8872.18641394853
6	220157	220328	171	220242.5	52.2355227180377	74.0162159500668	126.251738668105	0.403047	125.848691668105	60.9696606062576	91.876002389926	152.845662996184	1.817247	151.028415996184	144.805662643723	161.466148688962	3148.18841642154
6	221540	221855	315	221697.5	135.576192634527	141.708059645736	277.284252280264	0.742455	276.541797280264	148.14883507056	180.000602604412	328.149437674972	2.156655	325.992782674972	318.198128824917	348.522486789873	6917.87631094434
6	223863	224171	308	224017	86.2176482755984	95.3364966420238	181.554144917622	0.725956	180.828188917622	87.8161918144894	99.9430221081152	187.759213922605	2.140156	185.619057922605	208.066888688339	198.44738626401	4523.53697259154
6	224907	225562	655	225234.5	129.342422847833	586.402771617725	715.745194465559	1.543835	714.201359465559	152.248046719148	648.060850974169	800.308897693317	2.958035	797.350862693317	821.783681241633	852.456619528899	17866.2202765819
6	225971	226956	985	226463.5	1099.48614626436	739.266335101457	1838.75248136582	2.321645	1836.43083636582	1176.97045667353	767.852613694493	1944.82307036802	3.735845	1941.08722536802	2113.05799555417	2075.23780529776	45939.5342929215
6	228992	229637	645	229314.5	494.466967599006	306.268741719209	800.735709318215	1.520265	799.215444318215	511.149521975067	322.276777723682	833.426299698748	2.934465	830.491834698748	919.603696117946	887.887998969844	19992.9039442329
6	233604	234166	562	233885	531.840185518393	324.862148140382	856.702333658775	1.324634	855.377699658775	545.602560358692	361.473945321257	907.076505679948	2.738834	904.337671679948	984.225842700158	966.837399421534	21397.8399778116
6	237419	237580	161	237499.5	30.4589295976817	56.0277260047617	86.4866556024434	0.379477	86.1071786024434	36.9484063489641	63.490129255254	100.438535604218	1.793677	98.6448586042181	99.0777646603724	105.46230854459	2154.0281321467
6	238248	238437	189	238342.5	44.1122014663861	29.759410545161	73.8716120115472	0.445473	73.4261390115472	53.1578478390381	39.5633775718893	92.7212254109274	1.859673	90.8615524109274	84.4865415285994	97.1410898732024	1836.80352361817
6	239758	239877	119	239817.5	14.5845972348409	13.1419579422516	27.7265551770925	0.280483	27.4460721770925	39.5774779559358	40.2275956629317	79.8050736188676	1.694683	78.1103906188676	31.5803574585639	83.5086818770425	686.581682804185
6	241464	241978	514	241721	110.191501241842	99.9252216232906	210.116722865132	1.211498	208.905224865132	121.569911151041	117.313495220743	238.883406371784	2.625698	236.257708371784	240.373253908037	252.585727111352	5225.90263222442
6	244083	244286	203	244184.5	29.4184012572275	66.4816107330384	95.9000119902659	0.478471	95.4215409902659	38.902859581625	90.7623720584222	129.665231640047	1.892671	127.772560640047	109.795177768087	136.603056706869	2387.03307949274
6	245183	245403	220	245293	134.424561268004	119.883965231607	254.308526499611	0.51854	253.789986499611	154.990421412111	149.302766499729	304.29318791184	1.93274	302.36044791184	292.01914362636	323.256896512957	6348.72468765084
6	245880	246117	237	245998.5	88.4484090339369	73.8041101730266	162.252519206963	0.558609	161.693910206963	115.621649140608	90.7295711650374	206.351220305646	1.972809	204.378411305646	186.050355411904	218.503218291881	4044.88031120692
6	248103	248354	251	248228.5	199.790241606893	88.2070024588426	287.997244065736	0.591607	287.405637065736	209.598608753466	90.9547772988867	300.553386052352	2.005807	298.547579052352	330.698421820726	319.180516275922	7189.64246216251
6	251919	252057	138	251988	39.9118870641029	64.3525527447376	104.264439808841	0.325266	103.939173808841	80.5826947986246	96.1967200715852	176.77941487021	1.739466	175.03994887021	119.595847509671	187.137143857085	2600.10730870672
6	253538	253622	84	253580	4.85073211745036	11.9592257286474	16.8099578460978	0.197988	16.6119698460978	15.3532181694619	30.5114310276421	45.864649197104	1.612188	44.252461197104	19.1142813603949	47.3107953385716	415.559433715458
6	255290	256297	1007	255793.5	196.848161474633	351.413271302703	548.261432777336	2.373499	545.887933777336	210.509033550342	364.136217832508	574.64525138285	3.787699	570.85755238285	628.116692609798	610.310118299824	13655.748399152
6	261111	261270	159	261190.5	39.7446825100194	43.1802760839073	82.9249585939266	0.374763	82.5501955939266	43.8411940850665	54.3480802569223	98.1892743419888	1.788963	96.4003113419889	94.9849824889129	103.062638260081	2065.04784513384
6	261593	261750	157	261671.5	29.639807287575	30.0829193564411	59.7227266440161	0.370049	59.3526776440161	36.1361842267951	34.8233484696127	70.9595326964077	1.784249	69.1752836964077	68.2931518953509	73.9560603165401	1484.74656165098
6	262836	264117	1281	263476.5	428.336166420827	464.879161727773	893.2153281486	3.019317	890.1960111486	434.765141524251	469.257880989198	904.023022513449	4.433517	899.589505513449	1024.28894228896	961.761082496782	22268.8431122797
6	268444	268575	131	268509.5	12.2694341776708	15.8636320714012	28.133066249072	0.308767	27.824299249072	24.4218651685727	31.6347616233482	56.0566267919209	1.722967	54.3336597919209	32.0155580241147	58.0887161724549	696.043283644049
7	20533	20665	132	20599	42.6774623889718	14.3371904963226	57.0146528852944	0.311124	56.7035288852944	88.0383978666267	33.5423135785778	121.580711445204	1.725324	119.855387445204	65.24495380633	128.13871934464	652.151548748096
7	23470	23575	105	23522.5	80.7865003495948	29.7314097825155	110.51791013211	0.247485	110.27042513211	126.993558872765	41.9067413971524	168.900300269917	1.661685	167.238615269917	126.880794465241	178.796651885635	1268.2284497053
7	38868	38984	116	38926	13.3345631881636	14.8012031344492	28.1357663226128	0.273412	27.8623543226128	16.2656430208126	18.3276991842115	34.5933422050241	1.687612	32.9057302050241	32.0593454490612	35.1798798322663	320.447031789101
7	41222	41435	213	41328.5	60.1330378194975	74.2429221247722	134.37595994427	0.502041	133.87391894427	62.8180109490366	77.4228087340718	140.240819683108	1.916241	138.324578683108	154.039754299251	147.884335816308	1539.69400657751
7	43245	43325	80	43285	10.0509737543517	4.05911055637055	14.1100843107222	0.18856	13.9215243107222	15.6034249842448	5.88386025634822	21.487285240593	1.60276	19.884525240593	16.0185658357206	21.2587656960405	160.112497734269
7	45237	45435	198	45336	20.433156529711	19.6367348378919	40.0698913676029	0.466686	39.6032053676029	23.1653309448526	21.9305973149067	45.0959282597593	1.880886	43.2150422597593	45.568756576312	46.2016792872302	455.479442348592
7	53636	53796	160	53716	27.2082410599783	40.6096060675963	67.8178471275746	0.37712	67.4407271275746	33.5527138618461	53.8105656168511	87.3632794786972	1.79132	85.5719594786972	77.5995288583364	91.4859276094259	775.640872967816
7	56151	56389	238	56270	63.8119380202306	72.600077379267	136.412015399498	0.560966	135.851049399498	72.9227861687572	83.2986687725213	156.221454941279	1.975166	154.246288941279	156.31470592495	164.906412218098	1562.43313258609
7	67258	67303	45	67280.5	4.51752304196805	4.04821025948352	8.56573330145158	0.106065	8.45966830145158	12.6200437270829	15.4311202912508	28.0511640183337	1.520265	26.5308990183337	9.73397385304932	28.364477356727	97.2952811428568
7	74490	74733	243	74611.5	15.6449261145945	69.746899668407	85.3918257830015	0.572751	84.8190747830015	17.4181744118491	79.2135575079799	96.6317319198289	1.986951	94.6447809198289	97.5956298470833	101.185781283844	975.510555877599
7	75675	76836	1161	76255.5	309.955242126946	330.173592806075	640.128834933021	2.736477	637.392357933021	321.237449415912	334.78661844921	656.024067865122	4.150677	651.873390865122	733.40470632742	696.925046598285	7330.69742849854
7	79017	79200	183	79108.5	13.7234737807659	14.6966002854232	28.4200740661891	0.431331	27.9887430661891	14.347190768696	17.2721704351972	31.6193612038931	1.845531	29.7738302038931	32.2047725132737	31.8315309276844	321.900638231027
7	80404	80660	256	80532	12.8759506971187	34.0942286108667	46.9701793079854	0.603392	46.3667873079854	14.1345849780371	36.9002050361242	51.0347900141613	2.017592	49.0171980141613	53.3511574240311	52.4048281289717	533.267906739016
7	81224	81452	228	81338	57.0758545522197	61.764082243602	118.839936795822	0.537396	118.302540795822	63.8044378159506	71.5038475216929	135.308285337643	1.951596	133.356689337643	136.122812127071	142.573110412571	1360.6064158176
7	82286	82447	161	82366.5	27.5527504432425	25.8260034125244	53.3787538557669	0.379477	52.9992768557669	32.2242776797612	28.6033790587939	60.8276567385551	1.793677	59.0339797385551	60.9827190335626	63.1138801747583	609.548667666454
7	84294	84656	362	84475	62.903613280553	67.5752405197955	130.478853800348	0.853234	129.625619800348	68.5568672559702	71.4322455714992	139.989112827469	2.267434	137.721678827469	149.151520941477	147.23976891747	1490.83399873112
7	87285	87481	196	87383	27.9967625366223	12.7906483737734	40.7874109103957	0.461972	40.3254389103957	29.7049090607259	13.9352795496349	43.6401886103608	1.876172	41.7640166103608	46.3997823530713	44.6503717289015	463.785904622623
7	91308	91446	138	91377	11.8135217601667	16.2548427266493	28.068364486816	0.325266	27.743098486816	13.4075651764896	19.2869253102698	32.6944904867594	1.739466	30.9550244867594	31.9221257442093	33.0943587899103	319.075461455807
7	92369	92486	117	92427.5	16.6826543787841	7.03189152481665	23.7145459036008	0.275769	23.4387769036008	21.1795768596629	8.8074398847171	29.98701674438	1.689969	28.29704774438	26.9694311168156	30.2526864790012	269.571135323265
7	93548	93752	204	93650	53.0699454448757	19.509931384197	72.5798768290727	0.480828	72.0990488290727	55.8588214043747	21.1018747433215	76.9606961476962	1.895028	75.0656681476962	82.959547717905	80.2535354332156	829.216581074878
7	94679	94877	198	94778	18.3806006250669	36.9846073349559	55.3652079600227	0.466686	54.8985219600227	34.7746471431541	65.7803916342143	100.555038777368	1.880886	98.6741527773684	63.1680532011192	105.493627268861	631.392028397992
7	97092	97326	234	97209	24.2793612872515	39.1084651816225	63.387826468874	0.551538	62.836288468874	28.7961843101534	45.5462405247344	74.3424248348877	1.965738	72.3766868348877	72.3015096080933	77.3787157934021	722.684877786959
7	98658	98862	204	98760	37.7553283267752	32.6227885338419	70.3781168606172	0.480828	69.8972888606172	41.5855326485182	33.5415135567879	75.1270462053061	1.895028	73.2320182053061	80.426129952582	78.2931600145333	803.893974146754
7	107621	107950	329	107785.5	86.9229674860956	97.4437540365505	184.366721522646	0.775453	183.591268522646	96.3199234272257	102.743898394462	199.063821821688	2.189653	196.874168821688	211.246179373363	210.480349716319	2111.49698188753
7	114789	114962	173	114875.5	95.9307128264523	107.856437642649	203.787150469101	0.407761	203.379389469101	100.655341509274	116.318068108693	216.973409617967	1.821961	215.151448617967	234.015045129095	230.020791544764	2339.08164858703
7	115330	115919	589	115624.5	250.234615540128	248.017455152217	498.252070692345	1.388273	496.863797692345	259.378364584763	253.858014229189	513.236378813952	2.802473	510.433905813952	571.707901884782	545.710529958319	5714.46789206726
7	120967	121214	247	121090.5	48.4354192161387	83.2745681161014	131.70998733224	0.582179	131.12780833224	51.1295925962613	95.1000902031162	146.229682799377	1.996379	144.233303799377	150.879988698218	154.201419140614	1508.11078197272
7	121856	122583	727	122219.5	196.572953978917	198.912617703402	395.485571682319	1.713539	393.772032682319	203.263736213076	204.921381361694	408.18511757477	3.127739	405.05737857477	453.087110937208	433.051320078518	4528.8017521262
7	123337	123597	260	123467	407.044386505135	334.642114513414	741.686501018548	0.61282	741.073681018548	422.807815847354	359.659295896376	782.46711174373	2.02702	780.44009174373	852.703862275522	834.377127410939	8523.14412018961
7	124240	124510	270	124375	246.982826972463	94.6270773198535	341.609904292317	0.63639	340.973514292317	276.969143697777	99.7254161812697	376.694559879047	2.05059	374.643969879047	392.335391227366	400.536008716675	3921.56202266777
7	129558	129751	193	129654.5	41.9488425438445	26.914533060371	68.8633756042155	0.454901	68.4084746042155	50.9387873993765	32.0603732155609	82.9991606149374	1.869101	81.1300596149374	78.7130510791025	86.7370433737504	786.771009453062
7	131286	131461	175	131373.5	31.1077472692691	21.4463841265858	52.5541313958548	0.412475	52.1416563958548	33.8468218723484	22.76301998727	56.6098418596184	1.826675	54.7831668596184	59.9959125968147	58.569289146427	599.685110280085
7	141763	142182	419	141972.5	82.7894549032668	148.159035348381	230.948490251648	0.987583	229.960907251648	85.6983341312468	154.668612647134	240.366946778381	2.401783	237.965163778381	264.600617736626	254.411186557132	2644.79768303402
7	144445	144764	319	144604.5	126.485845044366	106.885811206085	233.371656250451	0.751883	232.619773250451	140.120416403732	119.700860244449	259.821276648182	2.166083	257.655193648182	267.65999680314	275.462015102719	2675.37750078295
7	147776	148077	301	147926.5	46.558368091648	31.1704489770504	77.7288170686984	0.709457	77.0193600686984	53.9805702471992	47.7582007710108	101.73877101821	2.123657	99.61511401821	88.6210203961142	106.499619330832	885.805450556627
7	150654	150730	76	150692	4.11511208166169	5.36744619098489	9.48255827264658	0.179132	9.30342627264658	11.6043160621148	13.8254765589747	25.4297926210895	1.593332	23.8364606210895	10.704829652266	25.4838234876321	106.999405004292
7	152935	153042	107	152988.5	6.63548072793435	9.82726766135832	16.4627483892927	0.252199	16.2105493892927	8.97444443335319	14.2347877072188	23.209232140572	1.666399	21.542833140572	18.6523937199599	23.0316809993225	186.438747254519
7	159226	159559	333	159392.5	98.4260807917914	91.4743914514096	189.900472243201	0.784881	189.115591243201	110.206801658573	93.7484533891249	203.955255047698	2.199081	201.756174047698	217.602647617923	215.699755458766	2175.03263282174
7	165175	165610	435	165392.5	65.2908783015355	173.548026858187	238.838905159723	1.025295	237.813610159723	69.8726030921409	189.779168939311	259.651772031452	2.439495	257.212277031452	273.636197154066	274.988488052714	2735.11220955528
7	165970	166846	876	166408	250.441121164639	225.047929540436	475.489050705075	2.064732	473.424318705075	255.655563188311	236.249534634073	491.905097822384	3.478932	488.426165822384	544.7376629273	522.181811906504	5444.88868202694
7	167528	167715	187	167621.5	43.951597092069	13.3368632508095	57.2884603428786	0.440759	56.8477013428786	55.3748082215012	15.668826765567	71.0436349870682	1.854959	69.1886759870682	65.4108433994496	73.9703781624952	653.809687021827
7	173170	173692	522	173431	4.19781433418987	333.904094412256	338.101908746445	1.230354	336.871554746445	5.6310533707482	340.351270011398	345.982323382147	2.644554	343.337769382147	387.615541046133	367.066203773169	3874.38507754054
7	174302	174429	127	174365.5	84.2409944382685	0	84.2409944382685	0.299339	83.9416554382685	112.448262708351	0.679718513221252	113.127981221573	1.713539	111.414442221573	96.5860421593101	119.114411517769	965.419290028401
7	180459	180671	212	180565	65.4623829727396	90.7405714646481	156.202954437388	0.499684	155.703270437388	76.8452930045069	107.311722806469	184.157015810976	1.913884	182.243131810976	179.157327363738	194.838146347748	1790.75501925631
7	185785	185954	169	185869.5	14.3183899842605	14.3300903029374	28.648480287198	0.398333	28.250147287198	19.7586381581239	18.7465105912102	38.5051487493342	1.812533	36.6926157493342	32.5055528466989	39.2284810198806	324.907067829529
7	190239	190358	119	190298.5	16.1864408636151	32.5825874389008	48.7690283025159	0.280483	48.4885453025159	19.0595191164982	38.3560446882465	57.4155638047447	1.694683	55.7208808047447	55.79252227491	59.5718094886605	557.670404950385
7	190858	191115	257	190986.5	96.5792304898685	181.484343016456	278.063573506324	0.605749	277.457824506324	113.364087652309	194.039684981283	307.403772633592	2.019949	305.383823633592	319.25214001654	326.489220911058	3191.06329925444
7	191801	191991	190	191896	34.4845392416013	30.0005171120842	64.4850563536854	0.44783	64.0372263536854	39.7977839563222	33.6722171167085	73.4700010730307	1.86203	71.6079710730307	73.6833484170553	76.5568732766488	736.496954688105
7	196530	198058	1528	197294	1444.24413629983	1045.7104815981	2489.95461789793	3.601496	2486.35312189793	1467.82387853184	1074.61466884988	2542.43854738172	5.015696	2537.42285138172	2860.88005056288	2712.78681369685	28595.7341819146
7	200205	200488	283	200346.5	222.360056331909	152.179744858838	374.539801190747	0.667031	373.872770190747	233.349655651229	158.964529653307	392.314185304537	2.081231	390.232954304537	430.190362047575	417.202364253501	4299.93883816056
7	202523	202636	113	202579.5	15.260615647284	13.4553664784345	28.7159821257186	0.266341	28.4496411257186	17.8855871425826	17.8423859659295	35.7279731085121	1.680541	34.0474321085121	32.7350970485289	36.4004859552341	327.201461464536
7	205689	205767	78	205728	8.82534037226552	14.6002976624672	23.4256380347327	0.183846	23.2417920347327	21.0149723763965	41.8137388640797	62.8287112404761	1.598046	61.2306652404761	26.7427738183634	65.4623809223595	267.305597536858
7	206082	206779	697	206430.5	151.094815309046	154.05629596971	305.151111278755	1.642829	303.508282278755	161.063986835383	164.775387921329	325.839374756712	3.057029	322.782345756712	349.226657430338	345.090173199208	3490.67157259937
7	208762	208863	101	208812.5	14.6585992504042	15.0655103332786	29.7241095836829	0.238057	29.4860525836829	21.4030829472088	21.4436840530449	42.8467670002538	1.652257	41.1945100002538	33.9276263148471	44.0415059179192	339.121307561222
7	210096	210340	244	210218	198.57780858434	151.270120083752	349.847928668092	0.575108	349.272820668092	209.53310696942	156.509562788357	366.042669757777	1.989308	364.053361757777	401.884847350412	389.213472528129	4017.01296924722
7	213821	213958	137	213889.5	26.9710345992808	23.4423384895963	50.4133730888771	0.322909	50.0904640888771	35.5602685408099	26.4785211848899	62.0387897256998	1.737109	60.3016807256998	57.6357429575073	64.4691933105898	576.094193346473
7	216052	216253	201	216152.5	59.2968150436322	69.5204935018728	128.817308545505	0.473757	128.343551545505	67.5754405252429	84.5962041129723	152.171644638215	1.887957	150.283687638215	147.676330848228	160.669951370812	1476.08883534476
7	217286	217478	192	217382	75.3738529274821	55.5560131569076	130.92986608439	0.452544	130.47732208439	87.0901720401792	59.3238157790404	146.41398781922	1.866744	144.54724381922	150.131517729533	154.537055885453	1500.62949073186
7	225469	226458	989	225963.5	1199.16766124991	1410.96242981931	2610.13009106922	2.331073	2607.79901806922	1218.59169029442	1426.35574908099	2644.94743937541	3.745273	2641.20216637541	3000.61971124067	2823.7384263128	29992.4925642267
7	229779	230152	373	229965.5	277.954570537454	183.087686686086	461.04225722354	0.879161	460.16309622354	285.925187629963	198.843915832197	484.76910346216	2.293361	482.47574246216	529.478862192455	515.820148528743	5292.37036527242
7	234520	234734	214	234627	55.3505075596338	99.7199160314643	155.070423591098	0.504398	154.566025591098	61.6719797350428	113.598194028571	175.270173763613	1.918598	173.351575763613	177.848775869302	185.332085509132	1777.67548077972
7	235846	236143	297	235994.5	52.9693427047991	41.5957329263391	94.5650756311383	0.700029	93.8650466311383	57.9154774206919	51.6209059779674	109.536383398659	2.114229	107.422154398659	108.004223932276	114.846212484019	1079.54895818988
7	238139	238368	229	238253.5	58.0497810786669	52.517930409863	110.56771148853	0.539753	110.02795848853	66.1875027225362	61.7162809416571	127.903783664193	1.953953	125.949830664193	126.601804334098	134.654355945096	1265.43982260856
7	245046	245413	367	245229.5	82.9349588663001	209.975119008325	292.910077874625	0.865019	292.045058874625	97.0043420684625	229.327846110812	326.332188179274	2.279219	324.052969179274	336.03669383941	346.448610743043	3358.83217840979
7	249516	249994	478	249755	306.774855504027	287.322525688701	594.097381192728	1.126646	592.970735192728	312.439009776331	299.812365869482	612.251375645814	2.540846	609.710529645814	682.291719522744	651.848265689976	6819.80100569233
7	253923	254534	611	254228.5	281.44206552496	318.675879647461	600.117945172421	1.440127	598.677818172421	294.421819049315	329.079263000252	623.501082049567	2.854327	620.646755049567	688.858477759824	663.540305134944	6885.43859610703
7	255315	255547	232	255431	190.915899899998	139.728205721247	330.644105621245	0.546824	330.097281621245	209.672310760858	143.444306935209	353.116617696067	1.961024	351.155593696067	379.820838567928	375.424326148812	3796.47365302974
7	257223	257538	315	257380.5	132.436207111998	136.770025150466	269.206232262464	0.742455	268.463777262464	140.016413571049	147.193709056175	287.210122627224	2.156655	285.053467627224	308.903292096604	304.753812616061	3087.62208571969
7	265936	266038	102	265987	10.9611985457802	12.3593366263079	23.3205351720881	0.240414	23.0801211720881	17.9491888748776	18.7503106947121	36.6994995695897	1.654614	35.0448855695897	26.5567499822383	37.4668744742049	265.446208790976
7	269112	269345	233	269228.5	81.8554294635895	171.190862657049	253.046292120638	0.549181	252.497111120638	91.794000156464	201.697893564846	293.49189372131	1.963381	291.52851272131	290.531518499023	311.676354887549	2903.98825802973
7	270836	270951	115	270893.5	22.1756039880554	60.0147345973199	82.1903385853753	0.271055	81.9192835853753	28.3947733770844	94.0544617237515	122.449235100836	1.685255	120.763980100836	94.2590342866932	129.110105794429	942.15983930397
7	271315	271670	355	271492.5	135.862300427131	153.839490064654	289.701790491785	0.836735	288.865055491785	269.614143372575	206.824333191632	476.438476564207	2.250935	474.187541564207	332.37767688057	506.959141348567	3322.25872042733
7	271895	272401	506	272148	966.108913522027	207.641055436369	1173.7499689584	1.192642	1172.5573269584	1095.94494981421	247.856750775176	1343.80170058939	2.606842	1341.19485858939	1349.18320140944	1433.88624603821	13485.6699715943
7	272869	273191	322	273030	133.030023285531	33.4275104517309	166.457533737262	0.758954	165.698579737262	190.87979891673	46.4632655013768	237.343064418107	2.173154	235.169910418107	190.658260486781	251.422750296867	1905.71182297333
7	277094	277412	318	277253	118.962640137844	348.136982067723	467.099622205567	0.749526	466.350096205567	126.125635233476	358.858374081989	484.984009315465	2.163726	482.820283315465	536.597828788761	516.188500962834	5363.52751721168
7	280581	280760	179	280670.5	23.126829896215	35.7858746855542	58.9127045817692	0.421903	58.4908015817692	25.6939998171952	39.2784698119706	64.9724696291658	1.836103	63.1363666291658	67.3014488219525	67.4997873385846	672.707106399527
7	281318	281457	139	281387.5	20.5212589293208	17.9103878180687	38.4316467473895	0.327623	38.1040237473895	24.8415766000851	23.1116294822074	47.9532060822924	1.741823	46.2113830822924	43.8437486714955	49.4051003757898	438.237241824271
7	284027	284330	303	284178.5	34.1056289213724	29.3698999362164	63.4755288575888	0.714171	62.7613578575888	40.2770970111802	36.2819881979995	76.5590852091797	2.128371	74.4307142091797	72.2152919710593	79.574699160115	721.823095193197
7	287123	287476	353	287299.5	44.9197234605397	87.4037805818096	132.323504042349	0.832021	131.491483042349	52.2746237830178	99.8933207544193	152.167944537437	2.246221	149.921723537437	151.298444835394	160.282971550287	1512.29343215518
7	288166	288428	262	288297	117.351196247591	104.191437820515	221.542634068105	0.617534	220.925100068105	123.509763986037	110.021096600599	233.530860586636	2.031734	231.499126586636	254.203719450353	247.498274733591	2540.87618529344
7	289398	289594	196	289496	91.8085005514055	79.0854540188764	170.893954570282	0.461972	170.431982570282	98.3831796233094	82.0414345297351	180.424614153045	1.876172	178.548442153045	196.104670176941	190.888112801199	1960.15104481871
7	291695	291849	154	291772	37.4466199186078	23.3966372448498	60.8432571634576	0.362978	60.4802791634576	45.5216398546957	29.1658943797987	74.6875342344944	1.777178	72.9103562344944	69.5906074593024	77.94926764657	695.588237637801
7	293015	293246	231	293130.5	64.4906565062145	66.2551045637805	130.745761069995	0.544467	130.201294069995	84.3139964265945	76.4860832208537	160.800079647448	1.958667	158.841412647448	149.813910776271	169.819109757105	1497.4548717862
7	295701	295862	161	295781.5	41.7453370010455	41.6870354131084	83.4323724141539	0.379477	83.0528954141539	49.762555362815	43.9271964274779	93.6897517902929	1.793677	91.8960747902929	95.5634055111471	98.247109182396	955.19759417303
7	299766	299925	159	299845.5	36.465393193328	45.9823524029391	82.4477455962671	0.374763	82.0729825962671	43.5433859737861	59.1858120202873	102.729197994073	1.788963	100.940234994073	94.4358854468035	107.916320811202	943.92754318351
7	303470	303670	200	303570	19.5185316184381	49.4756475484217	68.9941791668598	0.4714	68.5227791668598	31.9311696964963	70.4196179909669	102.350787687463	1.8856	100.465187687463	78.8445736854762	107.40844248554	788.085634821586
7	304120	304272	152	304196	25.4034919047474	44.4168097628805	69.8203016676279	0.358264	69.4620376676279	29.4463020171493	48.8152295608811	78.2615315780304	1.772464	76.4890675780304	79.9253155493342	81.7753074954211	798.888117453484
7	306314	306549	235	306431.5	99.3456058365272	99.7618171727089	199.107423009236	0.553895	198.553528009236	106.376197325935	122.088325270879	228.464522596815	1.968095	226.496427596815	228.462249488076	242.14983395436	2283.57905312315
7	307145	307398	253	307271.5	152.395050723037	67.3279337840008	219.722984507038	0.596321	219.126663507038	158.539918088332	69.2261854859231	227.766103574255	2.010521	225.755582574255	252.134378923279	241.357788353014	2520.19223119602
7	310239	310382	143	310310.5	15.984835372567	23.0411275619748	39.0259629345418	0.337051	38.6889119345418	67.0116251688296	53.2068491736678	120.218474342497	1.751251	118.467223342497	44.5167403441974	126.654617760617	444.964084837295
7	310601	310793	192	310697	72.2976691426949	37.6477253960373	109.945394538732	0.452544	109.492850538732	90.9770779062795	56.3603350639016	147.337412970181	1.866744	145.470668970181	125.986091447223	155.524299919927	1259.28550584788
7	313030	313136	106	313083	6.60457988630048	5.92246130770961	12.5270411940101	0.249842	12.2771991940101	10.7726934115413	8.20752354503573	18.980216956577	1.664042	17.316174956577	14.1265510283266	18.5129140223082	141.200990944657
7	320903	321119	216	321011	40.9968166138951	59.8967313833136	100.893547997209	0.509112	100.384435997209	44.3132069410919	68.2625592400205	112.575766181112	1.923312	110.652454181112	115.505648735928	118.299761682315	1154.52894542445
7	321491	321658	167	321574.5	74.9334409321568	45.5642410150065	120.497681947163	0.393619	120.104062947163	79.7146711566119	49.5687500842182	129.28342124083	1.807819	127.47560224083	138.195703036262	136.285575200318	1381.32585752074
7	324741	325051	310	324896	71.4698465956233	38.9030595870725	110.372906182696	0.73067	109.642236182696	91.5854944774782	49.0363355830574	140.621830060536	2.14487	138.476960060536	126.157979504834	148.047248431016	1261.0036013701
7	326385	326651	266	326518	44.825920905677	20.2768522725145	65.1027731781915	0.626962	64.4758111781915	59.6130236560797	23.4718392930979	83.0848629491776	2.041162	81.0437009491776	74.1879986068687	86.6447163697613	741.541151728075
7	330655	330908	253	330781.5	100.652041419391	162.10271512681	262.7547565462	0.596321	262.1584355462	104.111135633356	169.207508637229	273.318644270585	2.010521	271.308123270585	301.648157590903	290.058513052526	3015.10387659791
7	334603	334887	284	334745	114.769225923498	146.89900102933	261.668226952828	0.669388	260.998838952828	122.38373331679	151.082314968579	273.466048285369	2.083588	271.382460285369	300.313887437777	290.137987576595	3001.76726899769
7	337634	337757	123	337695.5	25.0606825677866	19.3510270561834	44.41170962397	0.289911	44.12179862397	28.7075818969249	21.2358783931253	49.9434602900502	1.704111	48.2393492900502	50.7679992703187	51.5732214613363	507.448123103252
7	343123	343312	189	343217.5	38.379945339219	36.0510819088973	74.4310272481162	0.445473	73.9855542481162	43.0845734772937	43.9316965500459	87.0162700273396	1.859673	85.1565970273396	85.1302231827402	91.0418590221449	850.913421729004
7	345721	345955	234	345838	58.9273049794344	64.198148539292	123.125453518726	0.551538	122.573915518726	67.5079386867224	71.5490487528208	139.056987439543	1.965738	137.091249439543	141.037597008435	146.56576989141	1409.73181763272
7	346937	347187	250	347062	75.7481631224192	55.3684080471822	131.116571169601	0.58925	130.527321169601	84.9866147464306	58.798401468541	143.785016214972	2.00345	141.781566214972	150.189048328935	151.580239392824	1501.20453396987
7	352333	353000	667	352666.5	232.851342078862	214.883052683751	447.734394762613	1.572119	446.162275762613	242.396302051119	221.627436377832	464.023738428951	2.986319	461.037419428951	513.369055586383	492.900200440235	5131.34587655307
7	355564	355748	184	355656	106.98931402515	91.6207954389564	198.610109464106	0.433688	198.176421464106	115.506946016485	95.5630028112817	211.069948827767	1.847888	209.222060827767	228.02833823774	223.681617527398	2279.24192239629
7	357047	357312	265	357179.5	67.7891463458629	74.5429302959748	142.332076641838	0.624605	141.707471641838	76.7322899266873	79.0616533706276	155.793943297315	2.038805	153.755138297315	163.053298851764	164.3813176365	1629.78828508799
7	357670	357776	106	357723	16.1862408581676	5.45054845440799	21.6367893125756	0.249842	21.3869473125756	28.4862758693011	11.685118262892	40.1713941321931	1.664042	38.5073521321931	24.6085281974275	41.168635743038	245.972888937911
7	358344	358570	226	358457	117.364996623466	46.8512760694655	164.216272692932	0.532682	163.683590692932	131.550682993331	51.5915051771895	183.142188170521	1.946882	181.195306170521	188.339747517622	193.717904375098	1882.53728248523
7	364127	364214	87	364170.5	8.2750253835563	10.2188783275014	18.4939037110577	0.205059	18.2888447110577	11.345409010367	17.6458806137918	28.9912896241588	1.619259	27.3720306241588	21.0437489835586	29.2637404525974	210.341377998837
7	368279	368684	405	368481.5	92.0579073443985	75.185047785072	167.24295512947	0.954585	166.28837012947	97.4782549762388	86.517256435906	183.995511412145	2.368785	181.626726412145	191.336892798588	194.179140523422	1912.49504661526
7	371185	371607	422	371396	587.602804302536	399.791788969037	987.394593271572	0.994654	986.399939271572	632.112416593041	423.411532290537	1055.52394888358	2.408854	1053.11509488358	1134.98436054182	1125.89698683828	11344.6598602757
7	374926	375044	118	374985	20.7329646954661	20.0130450873037	40.7460097827698	0.278126	40.4678837827698	33.6150155587325	26.7442284218516	60.3592439805842	1.692326	58.6669179805842	46.5636841295691	62.7214503925903	465.424173808971
7	375919	375983	64	375951	6.37677368163401	4.90253352834466	11.2793072099787	0.150848	11.1284592099787	13.9173790620865	9.28085277887473	23.1982318409612	1.565048	21.6331838409612	12.8047728486082	23.1282759316535	127.989246024682
7	377242	377415	173	377328.5	36.1923857575337	18.1632947063925	54.3556804639261	0.407761	53.9479194639261	39.4409742380387	19.9250426904176	59.3660169284563	1.821961	57.5440559284563	62.0742585614334	61.5209861629273	620.459077622966
7	381347	381437	90	381392	11.4785126356572	21.7801932184105	33.2587058540676	0.21213	33.0465758540676	18.5648056421852	37.6746261287218	56.239431770907	1.62633	54.613101770907	38.0244820285814	58.3874706805472	380.071153378266
7	381980	382099	119	382039.5	7.30229888979389	9.28365285513929	16.5859517449332	0.280483	16.3054687449332	13.1298576126798	21.5063857608263	34.636243373506	1.694683	32.941560373506	18.7616110666725	35.218186261381	187.53042189989
7	383038	383457	419	383247.5	57.5131664631093	245.659590932013	303.172757395122	0.987583	302.185174395122	68.9571781590782	278.487685057681	347.444863216759	2.401783	345.043080216759	347.704245784264	368.889370433338	3475.45440935689
7	383727	384226	499	383976.5	143.538109490072	218.300445761919	361.838555251991	1.176143	360.662412251991	188.163124923767	269.041727781921	457.204852705688	2.590343	454.614509705688	414.990087736205	486.033396669888	4148.00551833661
7	384559	385220	661	384889.5	576.056289814739	130.980267457152	707.036557271891	1.557977	705.478580271891	658.839444546411	156.508762766567	815.348207312977	2.972177	812.376030312977	811.746963302879	868.520192287378	8113.76219042056
7	391995	392185	190	392090	45.0640273908881	34.6722443540503	79.7362717449384	0.44783	79.2884417449385	50.5963780733107	38.1022377754091	88.6986158487198	1.86203	86.8365858487198	91.231900742707	92.8379536381119	911.902329507306
7	393679	393922	243	393800.5	174.599055484633	171.205863065609	345.804918550242	0.572751	345.232167550242	185.726858568155	179.88459944488	365.611458013035	1.986951	363.624507013035	397.235538370811	388.754979180876	3970.54111395776
7	395814	395946	132	395880	12.4874401154114	21.2859797577161	33.7734198731275	0.311124	33.4622958731275	15.4523208686825	27.495748890714	42.9480697593965	1.725324	41.2227457593965	38.5028232178008	44.0716930800769	384.852380571795
7	397582	398546	964	398064	2278.75026540946	2023.43841158263	4302.18867699209	2.272148	4299.91652899209	2305.42879204182	2041.79761162481	4347.22640366664	3.686348	4343.54005566664	4947.62602646273	4643.72667778262	49453.6632727452
7	401371	401503	132	401437	6.13266703299887	28.7992843945891	34.931951427588	0.311124	34.620827427588	12.998454033693	45.6397430714258	58.6381971051189	1.725324	56.9128731051189	39.835867901966	60.8461816307425	398.176739079417
7	404328	404819	491	404573.5	51.7109084293282	128.024286946293	179.735195375621	1.157287	178.577908375621	53.531058004014	141.129643891658	194.660701895672	2.571487	192.089214895672	205.477641547987	205.364702591294	2053.83794992625
7	405529	405703	174	405616	58.1845847502606	0.617316813611121	58.8019015638717	0.410118	58.3917835638717	72.0106613255778	1.69734622994031	73.7080075555181	1.824318	71.8836895555181	67.1875154190283	76.8516469534828	671.568292731396
7	409803	409921	118	409862	24.9072783895784	26.9071328588146	51.814411248393	0.278126	51.536285248393	29.2363963000313	34.8323487147488	64.06874501478	1.692326	62.37641901478	59.2993525532286	66.6873189451973	592.722691200609
7	411343	411486	143	411414.5	23.4491386748103	35.4481654875039	58.8973041623141	0.337051	58.5602531623141	27.7763565335122	44.9398240080103	72.7161805415224	1.751251	70.9649295415224	67.381362105191	75.8693904684976	673.505874248826
7	413263	413636	373	413449.5	456.426031493246	295.183039782379	751.609071275625	0.879161	750.729910275625	524.115175115375	350.438544754466	874.553719869841	2.293361	872.260358869841	863.814638698199	932.54318978174	8634.20113884199
7	417250	417487	237	417368.5	76.8285925496433	120.961394577119	197.789987126762	0.558609	197.231378126762	82.7853547915937	125.202710096133	207.988064887727	1.972809	206.015255887727	226.940940149788	220.253186924788	2268.37290792402
7	418667	418780	113	418723.5	15.434420381134	14.6163981009884	30.0508184821225	0.266341	29.7844774821225	18.7995120347894	17.6306801997842	36.4301922345736	1.680541	34.7496512345736	34.2710038628783	37.1512361837457	342.553514754113
7	420641	420951	310	420796	150.91871051255	153.429178889173	304.347889401722	0.73067	303.617219401722	166.233727641545	170.191035425154	336.424763066699	2.14487	334.279893066699	349.35200408328	357.382328097792	3491.92446664064
7	421906	422017	111	421961.5	12.6881455819459	12.4397388161902	25.127884398136	0.261627	24.866257398136	18.6278073581378	20.3807551024743	39.008562460612	1.675827	37.332735460612	28.6119373374389	39.912840077732	285.988695810586
7	423159	423398	239	423278.5	70.8758304166422	44.2365048519877	115.11233526863	0.563323	114.54901226863	94.8978846957256	51.8490121908051	146.746896886531	1.977523	144.769373886531	131.803878188007	154.77453759537	1317.43680203165
7	426950	427194	244	427072	77.0479985255161	119.560056409432	196.608054934948	0.575108	196.032946934948	80.0754809838448	131.636285324848	211.711766308693	1.989308	209.722458308693	225.56198562461	224.216598004588	2254.58966068749
7	428056	428608	552	428332	992.483431874234	647.697841087014	1640.18127296125	1.301064	1638.88020896125	1016.64218987666	667.923791973148	1684.56598184981	2.715264	1681.85071784981	1885.74971663741	1798.0851900601	18848.8844962146
7	433150	434081	931	433615.5	439.218762825752	485.901134294831	925.119897120583	2.194367	922.925530120583	449.418140622126	526.061328121966	975.479468744091	3.608567	971.870901744091	1061.94860819353	1039.03792205205	10614.6359085491
7	435417	435553	136	435485	14.8823053433976	18.1301938048365	33.0124991482341	0.320552	32.6919471482341	21.2641791639421	22.2943072211279	43.55848638507	1.734752	41.82373438507	37.6164345228025	44.7142166618366	375.992541971069
7	438552	438919	367	438735.5	109.912293637176	79.1868567807428	189.099150417919	0.865019	188.234131417919	118.584829847576	97.252448826047	215.837278673623	2.279219	213.558059673623	216.588410819734	228.317281814428	2164.89489710198
7	439850	439942	92	439896	11.9121244457686	11.3219083702894	23.234032816058	0.216844	23.017188816058	20.624661745662	17.4449751418098	38.0696368874718	1.631044	36.4385928874718	26.4843379341202	38.9569023708342	264.722419032945
7	443160	443638	478	443399	361.388542995188	454.547780336071	815.936323331258	1.126646	814.809677331258	375.395324492292	466.603608695845	841.998933188138	2.540846	839.458087188138	937.54693585245	897.473918600167	9371.18735734145
7	446174	446347	173	446260.5	42.0460451913142	54.3371799600353	96.3832251513495	0.407761	95.9754641513495	45.929750970255	67.8541481162901	113.783899086545	1.821961	111.961938086545	110.432540058717	119.699745397867	1103.82102875351
7	448446	448778	332	448612	94.7861816533145	190.181679902341	284.967861555656	0.782524	284.185337555656	101.04945224351	217.224816465435	318.274268708945	2.196724	316.077544708945	326.993038806509	337.921996298405	3268.43693261718
7	449882	450166	284	450024	106.752207567176	201.274482032556	308.026689599732	0.669388	307.357301599732	125.243111196522	241.350473566307	366.593584762828	2.083588	364.509996762828	353.655466231723	389.701666058704	3534.93943318375
7	451736	452718	982	452227	917.763696762697	1061.38160842631	1979.14530518901	2.314574	1976.83073118901	933.794433385458	1083.03029806301	2016.82473144847	3.728774	2013.09595744847	2274.60675331637	2152.22313659659	22735.6788598757
7	454598	454767	169	454682.5	74.1077184422836	25.488694225369	99.5964126676526	0.398333	99.1980796676526	84.5382025332065	28.0707645521856	112.608967085392	1.812533	110.796434085392	114.140587946214	118.453692189228	1140.88457208655
7	457834	458321	487	458077.5	154.849917585264	168.830198360579	323.680115945844	1.147859	322.532256945844	180.652220352264	192.822751836161	373.474972188425	2.562059	370.912913188425	371.116271229822	396.547094773552	3709.46773549046
7	459602	459932	330	459767	136.421415655529	139.010786181178	275.432201836707	0.77781	274.654391836707	178.045149344513	179.444987471344	357.490136815858	2.19201	355.298126815858	316.026417762139	379.853154089946	3158.82080935578
7	461358	461651	293	461504.5	152.004840095027	138.566674085074	290.571514180101	0.690601	289.880913180101	184.075413588408	162.718731905012	346.794145493421	2.104801	344.689344493421	333.54655630044	368.511187662074	3333.94217607404
7	464981	465162	181	465071.5	17.8024848791595	21.9897989273573	39.7922838065168	0.426617	39.3656668065168	25.4326927000778	39.6358795465966	65.0685722466744	1.840817	63.2277552466744	45.2954368597096	67.5974919195787	452.747493499111
7	465499	465813	314	465656	137.823453842282	91.8790024716381	229.70245631392	0.740098	228.96235831392	156.967275254888	105.863683366798	262.830958621686	2.154298	260.676660621686	263.45165433706	278.692298836973	2633.31329662913
7	472166	472866	700	472516	761.536741671613	832.597377121716	1594.13411879333	1.6499	1592.48421879333	854.215265919506	878.548928685745	1732.76419460525	3.0641	1729.70009460525	1832.36495743788	1849.24148757476	18315.280725188
7	475230	475499	269	475364.5	138.400469558228	138.16886325006	276.569332808288	0.634033	275.935299808288	149.063559984557	153.059368816804	302.12292880136	2.048233	300.07469580136	317.500272795131	320.813173669793	3173.55262823712
7	478734	479194	460	478964	281.145057435469	371.232011097791	652.37706853326	1.08422	651.29284853326	293.979507002238	391.740569681197	685.720076683436	2.49842	683.221656683436	749.39907008091	730.439824041814	7490.56801594721
7	482764	484597	1833	483680.5	1029.64094391853	1302.02906284476	2331.67000676329	4.320381	2327.34962576329	1045.17796709421	1311.1728118894	2356.35077898361	5.734581	2350.61619798361	2677.92537447323	2513.06975598482	26767.0230187994
7	484969	485508	539	485238.5	389.044596252048	270.41846527957	659.463061531617	1.270423	658.192638531617	412.491434864212	276.184122316464	688.675557180676	2.684623	685.990934180676	757.338196420416	733.400489219827	7569.92301945268
7	492003	492143	140	492073	40.2217955049552	30.7557376817247	70.9775331866799	0.32998	70.6475531866799	45.4591381523619	42.3096523710775	87.7687905234393	1.74418	86.0246105234393	81.289408874702	91.9698618440033	812.522820566559
7	494285	494418	133	494351.5	35.2447599474285	27.4394473572517	62.6842073046802	0.313481	62.3707263046802	46.0491542223936	37.0536092143325	83.102763436726	1.727681	81.375082436726	71.7658183999105	86.9989999804867	717.330412335053
7	499939	500089	150	500014	16.2441424352097	15.3963193433913	31.6404617786011	0.35355	31.2869117786011	18.3974010826542	17.0527644593244	35.4501655419785	1.76775	33.6824155419785	35.9997544044732	36.010242709835	359.833124552699
7	516407	516525	118	516466	68.204457657531	20.9235698869034	89.1280275444344	0.278126	88.8499015444344	86.4455544829886	27.484848593827	113.930403076816	1.692326	112.238077076816	102.233632296331	119.99496864422	1021.86939750316
7	523470	523579	109	523524.5	12.9675531920592	9.60396157925988	22.5715147713191	0.256913	22.3146017713191	20.6044611954676	16.3936465071923	36.99810770266	1.671113	35.32699470266	25.6759180671371	37.7684804662057	256.641912610078
7	524802	524925	123	524863.5	25.3884914961873	20.6868634398246	46.0753549360119	0.289911	45.7854439360119	36.0093807731001	24.9063783650648	60.9157591381649	1.704111	59.2116481381649	52.6822445327937	63.3038274243504	526.581832911867
7	527450	527547	97	527498.5	13.781375357808	22.7016183148972	36.4829936727052	0.228629	36.2543646727052	19.2535244005426	29.8850139661712	49.1385383667137	1.642829	47.4957093667137	41.7154698278743	50.7781878006805	416.964173746771
7	528664	528984	320	528824	81.3756163951129	65.8569937205947	147.232610115708	0.75424	146.478370115708	97.4757549081454	90.7274711078389	188.203226015984	2.16844	186.034786015984	168.542852265133	198.891845763218	1684.65874711776
7	532655	532850	195	532752.5	12.67004508895	12.3702369231949	25.0402820121449	0.459615	24.5806670121449	13.5911701772656	13.3898646943886	26.9810348716542	1.873815	25.1072198716542	28.28332760348	26.8424062466854	282.704099310279
7	544992	545139	147	545065.5	20.5137587250407	1.35983703733744	21.8735957623782	0.346479	21.5271167623782	24.8050756059221	2.15565871281408	26.9607343187362	1.760679	25.2000553187362	24.7698117975351	26.9416576491667	247.584988318195
7	546216	546332	116	546274	19.0958201052137	40.7667103465827	59.8625304517965	0.273412	59.5891184517965	22.5348137717086	48.3097157924048	70.8445295641134	1.687612	69.1569175641134	68.5652085007303	73.936424881524	685.338931294471
7	547225	548215	990	547720	417.584273575823	193.629473808525	611.213747384348	2.33343	608.880317384348	436.061976845635	227.194388002667	663.256364848302	3.74763	659.508734848302	700.597810441178	705.088077235583	7002.77830657934
7	557661	557931	270	557796	29.4444019653984	76.9916969920537	106.436098957452	0.63639	105.799708957452	33.7961204914151	81.6698244083389	115.465944899754	2.05059	113.415354899754	121.736640723296	121.253609375853	1216.81040686683
7	559022	559169	147	559095.5	9.6686633415159	10.6707906360562	20.3394539775721	0.346479	19.9929749775721	14.800903126278	15.5122225001992	30.3131256264772	1.760679	28.5524466264772	23.0045775722628	30.5257362464883	229.940708312547
7	560099	560285	186	560192	50.1501659200087	41.8865408469581	92.0367067669669	0.438402	91.5983047669669	69.650597045451	60.357443931557	130.008040977008	1.852602	128.155438977008	105.396035850756	137.012396168438	1053.47898959371
7	576584	576851	267	576717.5	238.298190432492	143.624811851549	381.923002284041	0.629319	381.293683284041	248.533669212133	146.560591812214	395.094261024347	2.043519	393.050742024347	438.729109837897	420.214892246593	4385.28731755956
7	581631	582024	393	581827.5	171.292565427086	148.871754760435	320.164320187521	0.926301	319.238019187521	185.592054896561	164.01216713379	349.604222030351	2.340501	347.263721030351	367.325812424275	371.263482069398	3671.5804593673
7	582245	582432	187	582338.5	13.6608720757083	6.17526819330963	19.8361402690179	0.440759	19.3953812690179	34.0601276820734	18.7886117379023	52.8487394199757	1.854959	50.9937804199757	22.3169665068485	54.518014223973	223.067738142664
7	584163	584768	605	584465.5	184.365721495409	107.580030114247	291.945751609656	1.425985	290.519766609656	187.147097250628	110.124599419664	297.271696670291	2.840185	294.431511670291	334.281642164049	314.779983147491	3341.2896773971
7	589504	589742	238	589623	84.1872929756233	133.745142762954	217.932435738578	0.560966	217.371469738578	90.4529636311886	153.85839057944	244.311354210628	1.975166	242.336188210628	250.11479498211	259.084297085671	2500.00561570741
7	591034	591160	126	591097	20.2722521472227	22.8224216051681	43.0946737523908	0.296982	42.7976917523908	24.7289735331604	28.0127629724198	52.7417365055801	1.711182	51.0305545055801	49.2444381557082	54.5573298053154	492.2194704253
7	592792	593235	443	593013.5	367.038396877998	108.181946508404	475.220343386401	1.044151	474.176192386401	406.737378143271	155.490735038953	562.228113182224	2.458351	559.769762182224	545.602793626758	598.456039255444	5453.53603776262
7	596002	596448	446	596225	26.2616152771105	49.4488468184609	75.7104620955714	1.051222	74.6592400955714	29.0050900000341	55.6210149273348	84.6261049273689	2.465422	82.1606829273689	85.9053883772399	87.8388941473927	858.661533309084
7	598820	599367	547	599093.5	500.112421361972	379.195527996915	879.307949358887	1.289279	878.018670358887	509.097666089489	382.862027859905	891.959693949394	2.703479	889.256214949394	1010.27729163992	950.713647352498	10098.158738279
7	601390	601650	260	601520	84.2946959009138	91.6571964303956	175.951892331309	0.61282	175.339072331309	95.6113041268453	98.082371430317	193.693675557162	2.02702	191.666655557162	201.75092978504	204.91293973242	2016.5878530811
7	605597	606115	518	605856	66.0319984871295	112.142854390067	178.174852877197	1.220926	176.953926877197	66.8300202225283	115.724751948778	182.554772171306	2.635126	179.919646171306	203.609034779943	192.354082171501	2035.16041662002
7	609153	610682	1529	609917.5	2581.69921670887	2658.65751279119	5240.35672950006	3.603853	5236.75287650006	2603.81621910081	2663.39764189619	5267.21386099701	5.018053	5262.19580799701	6025.58088075224	5625.87169546919	60228.2885378983
7	616067	616362	295	616214.5	77.2622043597547	177.17202556359	254.434229923345	0.695315	253.738914923345	80.7365989904515	188.306628832326	269.043227822777	2.109515	266.933712822777	291.960378983316	285.38178249733	2918.27033692493
7	617317	617449	132	617383	29.1253932766863	36.4765934983862	65.6019867750725	0.311124	65.2908627750725	42.9089686944164	65.4371822863586	108.346150980775	1.725324	106.620826980775	75.1258239033481	113.989504485387	750.915121420346
7	617860	618012	152	617936	62.8331113603204	31.8177666077818	94.6508779681022	0.358264	94.2926139681022	66.8959220174691	40.2370959216865	107.133017939156	1.772464	105.360553939156	108.496197036909	112.642132648209	1084.46644227732
7	619971	620259	288	620115	141.952166294371	118.908038650685	260.860204945056	0.678816	260.181388945056	153.028967988788	131.111871041586	284.140839030374	2.093016	282.047823030374	299.373302450484	301.540444759555	2992.36571500145
7	621956	622072	116	622014	16.3959465698382	24.4458658222689	40.8418123921071	0.273412	40.5684003921071	26.3429174915064	34.7179455987969	61.0608630903032	1.687612	59.3732510903032	46.6793418613172	63.4765989264974	466.580222889917
7	624899	626251	1352	625575	608.09416241746	1249.5385331812	1857.63269559866	3.186664	1854.44603159866	627.461789925783	1274.43501127662	1901.8968012024	4.600864	1897.2959372024	2133.78687440678	2028.42005514397	21328.1232288608
7	627098	627720	622	627409	410.430878741669	221.601035658766	632.031914400435	1.466054	630.565860400435	417.625674703449	227.001782756755	644.627457460203	2.880254	641.747203460203	725.549912720596	686.09902773031	7252.18536715212
7	634159	634265	106	634212	7.84151357616861	9.23475152323327	17.0762650994019	0.249842	16.8264230994019	11.3814099909113	12.8303494550959	24.2117594460072	1.664042	22.5477174460072	19.3610383591304	24.1060139161208	193.521957096599
7	635501	635686	185	635593.5	33.5512138209901	27.4497476377963	61.0009614587864	0.436045	60.5649164587864	39.8793861788893	30.4814302105219	70.3608163894112	1.850245	68.5105713894112	69.6879939277035	73.2454090428116	696.56165753451
7	639566	639923	357	639744.5	20.0461459888597	43.7341911706709	63.7803371595306	0.841449	62.9388881595306	25.1580852207037	61.6928803043033	86.850965525007	2.255649	84.595316525007	72.4195642020319	90.4417878338981	723.864884542767
7	640406	640820	414	640613	497.395847371733	695.195434759974	1192.59128213171	0.975798	1191.61548413171	523.424056291648	711.17677003721	1234.60082632886	2.389998	1232.21082832886	1371.11214672997	1317.37021480861	13704.8592700593
7	641816	641936	120	641876	32.6519893291723	15.6403259893027	48.2923153184751	0.28284	48.0094753184751	41.4361285792594	19.2718248989859	60.7079534782453	1.69704	59.0109134782453	55.241288522916	63.0892197809356	552.160585046883
7	643798	644006	208	643902	104.416043938022	106.428598753172	210.844642691194	0.490256	210.354386691194	108.695960508397	112.146854499016	220.842815007414	1.904456	218.938359007414	242.04070738506	234.069419294589	2419.30161602685
7	648187	648250	63	648218.5	8.25782491507402	13.3502636157899	21.6080885308639	0.148491	21.4595975308639	16.5909518811199	23.6463440460141	40.237295927134	1.562691	38.674604927134	24.6921219389357	41.3474475545665	246.808444560374
7	650745	651549	804	651147	357.968449843478	506.991008711304	864.959458554783	1.895028	863.064430554783	366.878492522747	521.842813223963	888.72130574671	3.309228	885.41207774671	993.070449236838	946.603837784177	9926.16890201459
7	653258	653417	159	653337.5	48.8030292285855	34.1428299346016	82.9458591631871	0.374763	82.5710961631871	52.5888323409906	36.8772044096654	89.4660367506559	1.788963	87.6770737506559	95.0090313744537	93.7365285430405	949.656384765423
7	656510	656613	103	656561.5	9.50315883373582	9.84076802906243	19.3439268627983	0.242771	19.1011558627983	14.1880864352349	13.6022704796	27.790356914835	1.656971	26.133385914835	21.9784210333158	27.9394917045106	219.683829625518
7	661786	662013	227	661899.5	146.456788984978	41.2769242430745	187.733713228052	0.535039	187.198674228052	162.76233309256	45.8497487912676	208.612081883828	1.949239	206.662842883828	215.396979565818	220.945529339372	2152.98602611443
7	666178	666273	95	666225.5	8.64433544230665	11.6699178488844	20.314253291191	0.223915	20.090338291191	11.7479199733971	14.8292038970948	26.5771238704918	1.638115	24.9390088704918	23.1166070177732	26.6625700062955	231.060491102368
7	667839	668046	207	667942.5	62.8613121284135	38.2161408777424	101.077453006156	0.487899	100.589554006156	66.4100087828447	39.4702750360928	105.880283818938	1.902099	103.978184818938	115.741664294072	111.164226544011	1156.88802306637
7	670145	670301	156	670223	33.8770226949161	40.2755969703242	74.1526196652403	0.367692	73.7849276652402	36.7504009559704	42.8360667088142	79.5864676647846	1.781892	77.8045756647846	84.8993756078292	83.1817317298033	848.606000316004
7	671945	672214	269	672079.5	98.7344891917876	80.1718836095246	178.906372801312	0.634033	178.272339801312	104.255539566428	81.6631242258487	185.918663792277	2.048233	183.870430792277	205.126044250475	196.577909673365	2050.32358278012
7	676456	676551	95	676503.5	11.1625040286571	18.529904691602	29.6924087202591	0.223915	29.4684937202591	16.7794570153588	40.3087978746039	57.0882548899627	1.638115	55.4501398899627	33.9074225064511	59.2823573844718	338.91936175289
7	677039	678575	1536	677807	651.389041622767	589.829764957372	1241.21880658014	3.620352	1237.59845458014	662.315939234306	615.583466400637	1277.89940563494	5.034552	1272.86485363494	1424.02167179418	1360.83388256662	14233.7128702408
7	687698	687808	110	687753	17.5075768468674	14.8725050764717	32.3800819233391	0.25927	32.1208119233391	22.2725066273538	19.3315265250552	41.6040331524091	1.67347	39.9305631524091	36.9592674628683	42.6902063739037	369.42387281093
7	693169	693289	120	693229	18.2391967737067	13.5223683033364	31.7615650770432	0.28284	31.4787250770432	23.4409384514641	16.8274583227512	40.2683967742153	1.69704	38.5713567742153	36.2204611231257	41.2370638131953	362.039183718832
7	695125	695351	226	695238	66.6509153443204	55.2457047051604	121.896620049481	0.532682	121.363938049481	72.7104803862696	62.9206137435878	135.631094129857	1.946882	133.684212129857	139.645356954957	142.923268649469	1395.81577579139
7	699856	700077	221	699966.5	16.1099387799585	116.002059501693	132.111998281651	0.520897	131.591101281651	18.7977119857621	121.569911151041	140.367623136803	1.935097	138.432526136803	151.413068872898	147.999743632076	1513.43914901481
7	701600	701717	117	701658.5	10.3062807080451	7.84571369056545	18.1519943986105	0.275769	17.8762253986105	16.2661430344313	12.0073270387635	28.2734700731948	1.689969	26.5835010731948	20.5689755698144	28.4207147949304	205.595812265175
7	702657	703221	564	702939	229.412248409643	254.719537694159	484.131786103802	1.329348	482.802438103802	241.864387563577	263.499076818954	505.36346438253	2.743548	502.61991638253	555.528436958276	537.356507497939	5552.7471382898
7	706800	707024	224	706912	7.42780230808029	113.857701096661	121.285503404741	0.527968	120.757535404741	9.98777203295168	130.302348992958	140.290121025909	1.942168	138.347953025909	138.947610036523	147.909325584527	1388.84149338418
7	712573	712701	128	712637	29.8154120704522	0	29.8154120704522	0.301696	29.5137160704522	34.7555466229209	0.567915468086434	35.3234620910073	1.715896	33.6075660910073	33.9594568367188	35.9302203345748	339.43946740233
7	713470	713646	176	713558	23.5315409191672	27.79825713001	51.3297980491772	0.414832	50.9149660491772	29.9189148895171	32.9441972879236	62.8631121774407	1.829032	61.0340801774407	58.5844421543744	65.2522096588344	585.576852378916
7	726616	726845	229	726730.5	49.6381519744897	61.9897883910701	111.62794036556	0.539753	111.08818736556	59.3079153459667	74.0998182271086	133.407733573075	1.953953	131.453780573075	127.821738709715	140.538689621658	1277.63359463254
7	729844	729933	89	729888.5	5.13073974390607	13.7303739687035	18.8611137126096	0.209773	18.6513407126096	11.9985267990749	23.287834281427	35.286361080502	1.623973	33.662388080502	21.4608488597247	35.9888311294293	214.510471765564
7	730938	731096	158	731017	23.7008455304492	28.5975789008173	52.2984244312665	0.372406	51.9260184312665	37.0566092960445	44.7419186177403	81.7985279137848	1.786606	80.0119219137848	59.7477924301331	85.5416299999281	597.205041837438
7	732434	732686	252	732560	6.62668048824574	12.4107380263072	19.037418514553	0.593964	18.443454514553	12.2127326333136	27.4510476732049	39.6637803065184	2.008164	37.6556163065184	21.2216481317309	40.2580355585298	212.119556972584
7	733038	733883	845	733460.5	960.16375159603	910.702704445273	1870.8664560413	1.991665	1868.8747910413	973.58901725462	920.120160944769	1893.70917819939	3.405865	1890.30331319939	2150.38908174421	2020.94416354073	21494.0694759818
7	738304	738452	148	738378	17.8574863772133	25.6357982319819	43.4932846091953	0.348836	43.1444486091953	19.0603191382881	29.625106887186	48.6854260254741	1.763036	46.9223900254741	49.6434280519102	50.1652457567065	496.207547104998
7	739003	739368	365	739185.5	203.61384574887	31.4820574642061	235.095903213076	0.860305	234.235598213076	229.081539402254	40.8263119699283	269.907851372183	2.274505	267.633346372183	269.519218391603	286.129768457263	2693.96122515773
7	739579	739867	288	739723	136.112507241914	50.8653854001556	186.977892642069	0.678816	186.299076642069	160.617774682081	56.1050281102082	216.722802792289	2.093016	214.629786792289	214.361872860898	229.46307712159	2142.63968664523
7	742002	742241	239	742121.5	20.7904662616132	16.2997439496059	37.0902102112192	0.563323	36.5268872112192	33.8376216217648	25.4823940537737	59.3200156755385	1.977523	57.3424926755385	42.0290432647673	61.3054926615807	420.098475950787
7	745585	745670	85	745627.5	9.36425505046904	7.51940480302081	16.8836598534898	0.200345	16.6833148534898	16.8314584317006	12.6025432504294	29.43400168213	1.614545	27.81945668213	19.196373283122	29.7420885960721	191.876058401317
7	746522	746739	217	746630.5	55.5721135954288	25.1122839732335	80.6843975686622	0.511469	80.1729285686622	62.6661068116843	30.6133338031272	93.2794406148116	1.925669	91.3537716148116	92.2496205053148	97.667326864021	922.074878963719
7	754103	754527	424	754315	78.0997271710285	60.5385488642396	138.638276035268	0.999368	137.638908035268	85.2559220814468	71.1304373512695	156.386359432716	2.413568	153.972791432716	158.371875141685	164.614013009033	1582.99542916941
7	756548	756890	342	756719	31.9139692280141	36.2326868551985	68.1466560832126	0.806094	67.3405620832126	34.1299295832398	37.7707287462303	71.9006583294701	2.220294	69.6803643294702	77.4842756488646	74.4960476034361	774.488867262082
7	761208	761296	88	761252	12.6543446613237	9.7154646162235	22.3698092775472	0.207416	22.1623932775472	17.4685757846111	12.2733342838965	29.7419100685076	1.621616	28.1202940685076	25.5007819452713	30.0637171706661	254.891351279993
7	762196	762388	192	762292	56.0245259176022	28.9593887552876	84.9839146728898	0.452544	84.5313706728898	59.2691142891578	30.3254259614965	89.5945402506543	1.866744	87.7277962506544	97.2645879923143	93.7907565283676	972.201649277269
7	765725	766957	1232	766341	647.824644540709	1430.35475800039	2078.1794025411	2.903824	2075.2755785411	655.913164844501	1438.07416825088	2093.98733309538	4.318024	2089.66930909538	2387.88064727369	2234.08855312156	23867.9004504722
7	767225	767452	227	767338.5	98.3693792474341	30.4669298155804	128.836309063015	0.535039	128.301270063014	107.026115027484	32.5281859571894	139.554300984673	1.949239	137.605061984673	147.627680377505	147.115092562001	1475.60255283587
7	772040	772255	215	772147.5	51.8041109678484	55.5752136798645	107.379324647713	0.506755	106.872569647713	57.5170665693349	57.2944605063026	114.811527075638	1.920955	112.890572075638	122.971109680568	120.692558258755	1229.14945832446
7	774440	774858	418	774649	103.951831294448	140.71273253641	244.664563830858	0.985226	243.679337830857	110.799017788527	167.694767435302	278.493785223829	2.399426	276.094359223829	280.3854972147	295.175530807029	2802.57438449334
7	784042	784133	91	784087.5	4.48452214313577	8.02721863414299	12.5117407772788	0.214487	12.2972537772788	9.11944838276776	11.9114244267025	21.0308728094702	1.628687	19.4021858094702	14.1496264944341	20.7430912794712	141.431640214557
7	785195	785888	693	785541.5	490.324854781936	405.552345867021	895.877200648957	1.633401	894.243799648957	501.64606313316	410.505580776298	912.151643909458	3.047601	909.104042909458	1028.94646147543	971.933179580351	10284.7651700685
7	787020	787203	183	787111.5	49.6398520207932	41.7221363691391	91.3619883899323	0.431331	90.9306573899323	51.5847049919756	44.4636110375881	96.0483160295637	1.845531	94.2027850295637	104.627818719832	100.713238592678	1045.80032691591
7	788383	788905	522	788644	212.860097585332	152.608356532762	365.468454118095	1.230354	364.238100118095	228.749430356733	170.415741545385	399.165171902118	2.644554	396.520617902118	419.104392334808	423.924574896159	4189.12977330911
7	793007	793303	296	793155	103.914030264876	122.821745246746	226.735775511622	0.697672	226.038103511622	111.275330761673	130.750961211629	242.026291973302	2.111872	239.914419973302	260.086910144863	256.495157898061	2599.68122229896
7	794327	794414	87	794370.5	0.453912363029464	35.3095617124083	35.7634740754377	0.205059	35.5584150754378	2.91327934782426	39.1715669002988	42.084846248123	1.619259	40.465587248123	40.9146872272516	43.2622065476518	408.960005106285
7	795652	795874	222	795763	87.0554710950434	160.525772176245	247.581243271289	0.523254	247.057989271289	97.7402621124224	166.950447162548	264.69070927497	1.937454	262.75325527497	284.273085191889	280.912409131068	2841.43250872075
7	798037	798498	461	798267.5	300.647288609939	155.109024642459	455.756313252398	1.086577	454.669736252398	311.435982457278	161.208990784797	472.644973242075	2.500777	470.144196242075	523.158020710371	502.636356178121	5229.19081924702
7	800150	800396	246	800273	112.447062675666	109.024569458588	221.471632134254	0.579822	220.891810134254	119.104544002822	110.57361164923	229.678155652053	1.994022	227.684133652053	254.165414952573	243.419623624396	2540.49331526144
7	801853	802343	490	802098	914.373104414489	647.653939891295	1562.02704430578	1.15493	1560.87211430578	945.822460988034	660.356585868182	1606.17904685622	2.56913	1603.60991685622	1795.99102555821	1714.43708501016	17951.7075348413
7	807914	808029	115	807971.5	23.0344273794846	46.5971691484569	69.6315965279415	0.271055	69.3605415279415	30.2781246731703	54.4259823787113	84.7041070518815	1.685255	83.0188520518815	79.808530737603	88.7563722427886	797.720802720351
7	809555	810139	584	809847	295.48164791545	335.482237395505	630.963885310954	1.376488	629.587397310954	301.276205739503	347.337360288745	648.613566028248	2.790688	645.822878028248	724.424060761655	690.45637645486	7240.93198959799
7	810857	811086	229	810971.5	51.8307116923617	24.6387710763521	76.4694827687138	0.539753	75.9297297687138	55.0732000067189	28.3997735132711	83.47297351999	1.953953	81.51902051999	87.3672557718298	87.1528857760901	873.273530556811
7	823714	823886	172	823800	42.589359989362	14.1822862772583	56.7716462666203	0.405404	56.3662422666203	56.4061363113719	19.0373185118292	75.4434548232011	1.819604	73.6238508232011	64.8568606790152	78.7120725968106	648.272389989119
7	832224	832372	148	832298	19.0929200262254	14.1573855990485	33.250305625274	0.348836	32.901469625274	25.2177868467731	16.6214527118588	41.8392395586319	1.763036	40.0762035586319	37.8575180074566	42.8459121417963	378.402275731652
7	834548	834668	120	834608	11.3531092200945	21.4629845787256	32.8160937988201	0.28284	32.5332537988201	17.4472752044557	31.2426509435865	48.6899261480422	1.69704	46.9928861480422	37.4338367117768	50.2406139404585	374.167397828705
7	836768	837031	263	836899.5	139.271793290124	139.542000649654	278.813793939778	0.619891	278.193902939778	147.198509186914	158.608719962261	305.807229149175	2.034091	303.773138149175	320.099096181926	324.767219258571	3199.52899265684
7	840457	840594	137	840525.5	33.6315160081487	13.6231710488605	47.2546870570092	0.322909	46.9317780570092	38.709854324818	15.2217145877514	53.9315689125695	1.737109	52.1944599125695	54.0012544470159	55.8016739392668	539.76590782021
7	843636	843777	141	843706.5	23.3769367082742	24.1007564226622	47.4776931309364	0.332337	47.1453561309364	26.9144330576472	29.6912086875743	56.6056417452216	1.746537	54.8591047452216	54.2470044354446	58.6504751791815	542.222285305499
7	846350	846458	108	846404	15.9850353780145	15.7392286830758	31.7242640610903	0.254556	31.4697080610903	20.7079640145325	21.2759794853427	41.9839434998752	1.668756	40.3151874998752	36.2100858466504	43.1014125146006	361.935478340449
7	848150	849584	1434	848867	1680.93808303818	2345.9055944923	4026.84367753048	3.379938	4023.46373953048	1691.29686517619	2353.33429682489	4044.63116200108	4.794138	4039.83702400108	4629.53031297475	4319.03441014049	46274.1589570997
7	856380	856854	474	856617	81.169810789668	131.178972869212	212.348783658879	1.117218	211.231565658879	106.865810661338	155.284929433508	262.150740094846	2.531418	259.619322094846	243.05001848706	277.561886532353	2429.39011728155
7	866166	866308	142	866237	18.393700981876	34.1721307326557	52.5658317145317	0.334694	52.2311377145317	21.8234943977874	41.6053331878176	63.428827585605	1.748894	61.679933585605	60.0988727585255	65.9426986753951	600.7142416535
7	867572	867691	119	867631.5	27.2498421930517	16.5149498110819	43.7647920041336	0.280483	43.4843090041336	33.9923258353816	21.3985828246408	55.3909086600224	1.694683	53.6962256600224	50.0344826512317	57.4072282971987	500.11630705829
7	871543	871665	122	871604	21.7930935697722	18.7734113238947	40.5665048936669	0.287554	40.2789508936669	25.9720073891763	23.5163405051596	49.4883478943359	1.701754	47.7865938943359	46.3462917050703	51.0891756639813	463.251242447201
7	875173	875316	143	875244.5	29.0022899237695	24.9089784358819	53.9112683596514	0.337051	53.5742173596514	32.2042771350144	29.3765001159829	61.5807772509972	1.751251	59.8295262509972	61.6442645732276	63.9644077434922	616.161101626337
7	875824	875921	97	875872.5	5.41434746841622	7.8795146111876	13.2938620796038	0.228629	13.0652330796038	8.42862956721201	14.6287984387315	23.0574280059435	1.642829	21.4145990059435	15.0332888535401	22.8945844687634	150.26422790819
7	878492	878739	247	878615.5	20.9991719460465	52.8075382977972	73.8067102438437	0.582179	73.2245312438437	22.4681119549779	63.3166245295752	85.7847364845531	1.996379	83.7883574845531	84.2545649700078	89.579059005337	842.160838942257
7	879436	879624	188	879530	36.1037833443052	40.2407960224647	76.3445793667698	0.443116	75.9014633667698	40.5942056481413	45.2651328683176	85.8593385164588	1.857316	84.0020225164588	87.334731515838	89.807490652347	872.948436542951
7	879966	880128	162	880047	67.0145252478179	32.2325779058312	99.247103153649	0.381834	98.8652691536491	73.4725011411241	39.1873673306488	112.659868471773	1.796034	110.863834471773	113.757645172823	118.525750687209	1137.05689334391
7	882266	882489	223	882377.5	27.5971516525805	11.979326276118	39.5764779286985	0.525611	39.0508669286985	31.7542648782106	14.3135898535213	46.0678547317319	1.939811	44.1280437317319	44.9332177193798	47.1777792512957	449.126956437295
7	887895	888654	759	888274.5	99.8220188123969	145.406560380321	245.228579192718	1.788963	243.439616192718	104.276640141136	152.759760656496	257.036400797632	3.203163	253.833237797632	280.109665577512	271.375919863112	2799.81732791054
7	894331	894648	317	894489.5	367.325704703286	150.769706454186	518.095411157472	0.747169	517.348242157472	384.606075361829	155.785543068521	540.391618430351	2.161369	538.230249430351	595.277980487458	575.427908120376	5950.06102790543
7	897326	897414	88	897370	4.63622627504053	4.37701921512152	9.01324549016205	0.207416	8.80582949016205	13.1347577461427	6.25967049214128	19.394428238284	1.621616	17.772812238284	10.1322783538617	19.0011099868801	101.276506999023
7	902333	902522	189	902427.5	36.2440871657042	55.7481183892009	91.9922055549052	0.445473	91.5467325549052	44.9012229566489	73.5077020998785	118.408925056527	1.859673	116.549252056527	105.336695159625	124.604093461604	1052.88585370553
7	904693	905868	1175	905280.5	717.268835964373	598.252694369331	1315.5215303337	2.769475	1312.7520553337	738.6783190859	612.10237158745	1350.78069067335	4.183675	1346.59701567335	1510.49588787807	1439.66175188065	15098.0600826441
7	906201	906284	83	906242.5	18.1090932301285	4.56682438476901	22.6759176148975	0.195631	22.4802866148976	47.9485059542769	8.74393815514589	56.6924441094228	1.609831	55.0826131094228	25.8665605223458	58.8894304415359	258.547466452456
7	908830	909132	302	908981	281.856476812114	183.455796712151	465.312273524266	0.711814	464.600459524266	305.323815982644	189.052549148659	494.376365131303	2.126014	492.250351131303	534.584639015682	526.270290684694	5343.40481420029
7	910258	910409	151	910333.5	33.3276077307205	26.8015299825513	60.1291377132718	0.355907	59.7732307132718	41.7937383193328	30.6853357642159	72.4790740835487	1.770107	70.7089670835487	68.7770541518085	75.5957381758123	687.456420255476
7	911650	911855	205	911752.5	44.6735167547061	33.6605167980316	78.3340335527377	0.483185	77.8508485527377	50.0066620114502	38.1773398209335	88.1840018323837	1.897385	86.2866168323837	89.5777585180287	92.2499756845571	895.36846212385
7	913276	914002	726	913639	147.630520953446	195.068212994889	342.698733948335	1.711182	340.987551948335	157.56399150741	217.419321763098	374.983313270508	3.125382	371.857931270508	392.351543418181	397.55742404933	3921.723470805
7	914822	915258	436	915040	316.728926619081	216.380293463499	533.10922008258	1.027652	532.08156808258	338.831428616086	240.250043594336	579.081472210422	2.441852	576.639620210422	612.23063208242	616.491790916983	6119.51011703896
7	916860	917064	204	916962	63.6018322976651	43.9969983286444	107.598830626309	0.480828	107.118002626309	69.5280937088766	47.6552979682883	117.183391677165	1.895028	115.288363677165	123.253512974788	123.256063760045	1231.97220146324
7	919723	920429	706	920076	195.806033090599	160.642875365738	356.448908456338	1.664042	354.784866456338	205.818305790866	167.488161808067	373.306467598933	3.078242	370.228225598933	408.227189351031	395.815087704543	4080.40742225995
7	921933	922056	123	921994.5	18.2747977433561	15.7231282445546	33.9979259879107	0.289911	33.7080149879107	22.9730257071118	18.4801033351824	41.4531290422942	1.704111	39.7490180422942	38.7855557497706	42.4961144902657	387.678414584371
7	924503	924712	209	924607.5	22.3205079347463	20.0348456810777	42.355353615824	0.492613	41.862740615824	27.235441800834	25.7820022140813	53.0174440149153	1.906813	51.1106310149153	48.1686524874144	54.6429404864413	481.466527112913
7	932067	932217	150	932142	31.1884494673225	3.65879965326261	34.8472491205852	0.35355	34.4936991205852	36.2826882170656	4.40111987154146	40.6838080886071	1.76775	38.9160580886071	39.68958987164	41.605587798008	396.714626862921
7	936892	937084	192	936988	35.3202620038478	45.719445242242	81.0397072460898	0.452544	80.5871632460898	36.8133026691992	48.304015637152	85.1173183063512	1.866744	83.2505743063512	92.7262526113768	89.0041090660079	926.839023131466
7	939180	939346	166	939263	18.9992174740865	26.4205196051241	45.4197370792106	0.391262	45.0284750792106	21.1211752690022	34.0477273443303	55.1689026133325	1.805462	53.3634406133325	51.8112511560898	57.0514441258832	517.875877179981
7	939667	939843	176	939755	49.0434357764425	29.543104653724	78.5865404301665	0.414832	78.1717084301665	55.3989088779212	34.4646386995782	89.8635475774993	1.829032	88.0345155774993	89.9469504941312	94.1186735505218	899.058695696784
7	942472	942641	169	942556.5	14.5492962733628	29.2002953167632	43.749591590126	0.398333	43.351258590126	20.173949469792	43.2475779169804	63.4215273867724	1.812533	61.6089943867724	49.881390448921	65.8668567939119	498.586084243901
7	944850	945030	180	944940	19.236423934784	16.0426369468854	35.2790608816694	0.42426	34.8548008816694	21.5324864717209	18.4572027114472	39.9896891831681	1.83846	38.1512291831681	40.1050854886585	40.7879007624084	400.867685365208
7	947142	947270	128	947206	20.542259501305	7.63750801975088	28.1797675210559	0.301696	27.8780715210559	25.401391847549	10.3276812909242	35.7290731384732	1.715896	34.0131771384732	32.0774301768822	36.3638635881838	320.627796470032
7	951062	951546	484	951304	126.692050660706	163.264046757535	289.956097418241	1.140788	288.815309418241	131.544982838079	169.630820166795	301.175803004874	2.554988	298.620815004874	332.320437404752	319.258813642158	3321.68658709553
7	951813	951962	149	951887.5	15.7454288519474	8.73133781195539	24.4767666639027	0.351193	24.1255736639027	21.7948936187994	10.43308416174	32.2279777805394	1.765393	30.4625847805394	27.7596821608182	32.5678860576076	277.47003649769
7	953584	953822	238	953703	34.4204374956877	22.2649064203501	56.6853439160377	0.560966	56.1243779160377	40.3153980543704	26.1024109409256	66.417808995296	1.975166	64.442642995296	64.578563566095	68.8963418384198	645.49068990942
7	958540	958748	208	958644	50.4335736390714	83.5639759985881	133.99754963766	0.490256	133.50729363766	53.5884595674375	88.2821045043669	141.870564071804	1.904456	139.966108071804	153.617903108254	149.639313027744	1535.47742136286
7	959111	959729	618	959420	141.329149325508	117.088689097789	258.417838423296	1.456626	256.961212423296	150.432697275202	120.845291414863	271.277988690065	2.870826	268.407162690065	295.668060950691	286.957064034833	2955.33022272801
7	962189	962293	104	962241	4.84873206297567	5.87976014467511	10.7284922076508	0.245128	10.4833642076508	8.20762354775946	9.53995983607	17.7475833838295	1.659328	16.0882553838295	12.0625052251465	17.200131636268	120.569959903904
7	968656	969113	457	968884.5	232.601535274974	160.677876319045	393.279411594019	1.077149	392.202262594019	245.266580227737	183.808206310591	429.074786538328	2.491349	426.583437538328	451.280881608786	456.065067619808	4510.7477083235
7	969468	969641	173	969554.5	69.8373021306627	56.5379399012535	126.375242031916	0.407761	125.967481031916	82.9093581690241	74.3809258835254	157.29028405255	1.821961	155.46832305255	144.942345610497	166.212902392228	1448.76146973219
7	970132	970430	298	970281	94.1483642813379	36.6876992481891	130.836063529527	0.702386	130.133677529527	97.5409566840201	38.5880510073098	136.12900769133	2.116586	134.01242169133	149.736108950775	143.27416111897	1496.67720887078
7	974106	974313	207	974209.5	13.3226628640393	9.58576108354026	22.9084239475795	0.487899	22.4205249475795	21.1498760507139	15.912233395136	37.0621094458499	1.902099	35.1600104458499	25.7977967734186	37.5899557517606	257.860143023679
7	976954	977233	279	977093.5	41.7415368975436	38.9273602489399	80.6688971464835	0.657603	80.0112941464835	46.1487569352328	44.4532107543197	90.6019676895525	2.071803	88.5301646895525	92.0636385987936	94.6485774940708	920.215909322374
7	979469	979625	156	979547	11.6904184072499	11.6320168165891	23.3224352238391	0.367692	22.954743223839	13.5239683469162	13.0069542652104	26.5309226121266	1.781892	24.7490306121266	26.4124859725257	26.459462150661	264.004227582101
7	984316	984773	457	984544.5	15.3649184881388	14.5033950231688	29.8683135113076	1.077149	28.7911645113076	16.8048577071873	16.2250419149765	33.0298996221638	2.491349	30.5385506221638	33.1280651398379	32.6491019784534	331.129347598328
7	986763	987103	340	986933	13.0268548072336	32.0923740871558	45.1192288943894	0.80138	44.3178488943894	28.6073791677432	46.1151560200581	74.7225351878014	2.21558	72.5069551878014	50.9935811889168	77.5179871292118	509.702912002636
7	987459	987803	344	987631	55.9076227335569	21.6947908923415	77.6024136258984	0.810808	76.7916056258984	71.1350374765612	34.4181374330418	105.553174909603	2.225008	103.328166909603	88.3589586092767	110.469285213224	883.186029587136
7	989735	989832	97	989783.5	13.8598774959393	6.72738323104606	20.5872607269854	0.228629	20.3586317269854	27.5780511323473	14.7801025597413	42.3581536920885	1.642829	40.7153246920886	23.4253143093485	43.5292036090628	234.146154078056
7	993759	994327	568	994043	65.3433797314959	150.099488199719	215.442867931215	1.338776	214.104091931215	71.620450697567	157.288884014417	228.909334711984	2.752976	226.156358711984	246.355242123585	241.786262551189	2462.42725789961
7	1004135	1004382	247	1004258.5	30.8955414895051	25.2752884129202	56.1708299024253	0.582179	55.5886509024253	36.5594957563619	27.620652292658	64.1801480490199	1.996379	62.1837690490199	63.9621383639414	66.4813547376595	639.329253249274
7	1007505	1007584	79	1007544.5	4.66532706764718	3.52469600073507	8.19002306838225	0.186203	8.00382006838224	6.8298860228736	5.2864439847602	12.1163300076338	1.600403	10.5159270076338	9.20945981496414	11.2426937845907	92.0525363431175
7	1010887	1011494	607	1011190.5	56.2851330156535	50.6291789666955	106.914311982349	1.430699	105.483612982349	61.9919884509922	57.2147583354865	119.206746786479	2.844899	116.361847786479	121.372930250608	124.403737485326	1213.1749632927
7	1011755	1012424	669	1012089.5	150.620102379479	85.3356242522629	235.955726631742	1.576833	234.378893631742	161.842308034206	88.9227219526081	250.765029986814	2.991033	247.773996986814	269.684098834766	264.897918546283	2695.60927654093
7	1016808	1016953	145	1016880.5	8.51223184425379	14.2449879850397	22.7572198292934	0.341765	22.4154548292934	13.2801617064522	20.9292700421563	34.2094317486085	1.755965	32.4534667486085	25.7919629278031	34.6963599726525	257.801831212093
7	1017817	1017960	143	1017888.5	8.52783226915632	8.44272995125853	16.9705622204149	0.337051	16.6335112204149	11.8503227625009	11.1258030290467	22.9761257915476	1.751251	21.2248747915476	19.1390675774059	22.6917482143441	191.303263073026
7	1021984	1022522	538	1022253	46.7790741029294	35.3661632540418	82.1452373569712	1.268066	80.8771713569712	51.4928024888639	38.7445552699538	90.2373577588177	2.682266	87.5550917588177	93.0599455255549	93.6061162474363	930.174428217865
7	1043122	1043205	83	1043163.5	5.64965387736276	4.42802060422596	10.0776744815887	0.195631	9.88204348158871	8.8580412629266	7.20729630224641	16.065337565173	1.609831	14.455506565173	11.3706057302478	15.4545418293036	113.654125025461
7	1046599	1046673	74	1046636	1.82284964822672	2.29236243615871	4.11521208438543	0.174418	3.94079408438543	3.26498892719739	3.77240274742464	7.03739167462204	1.588618	5.44877367462204	4.5344078763794	5.82534415471359	45.3233690380741
7	1050166	1050580	414	1050373	105.53837450649	77.9043218488519	183.442696355342	0.975798	182.466898355342	114.333414053464	80.994106004067	195.327520057531	2.389998	192.937522057531	209.952441909944	206.271637153424	2098.56551606189
7	1058853	1058956	103	1058904.5	9.0935476773206	5.37204631627666	14.4655939935973	0.242771	14.2228229935973	10.6920912162115	7.20769631314135	17.8997875293529	1.656971	16.2428165293529	16.3652500550724	17.3653746651378	163.577756538006
7	1065150	1065417	267	1065283.5	68.562967422118	59.5761226510218	128.13909007314	0.629319	127.50977107314	73.3768985372342	63.2905238186806	136.667422355915	2.043519	134.623903355915	146.716955488819	143.927902924598	1466.49946344749
7	1076241	1076412	171	1076326.5	45.0570272002267	0.167704567702227	45.224731767929	0.403047	44.821684767929	51.5825049320535	0.28390773268135	51.8664126647348	1.817247	50.0491656647348	51.5733113916271	53.5081161493791	515.497566263191
7	1085917	1086026	109	1085971.5	1.8830512879147	8.61073452713196	10.4937858150467	0.256913	10.2368728150467	3.07918386649928	11.8643231438237	14.9435070103229	1.671113	13.2723940103229	11.7788840848001	14.1896631212992	117.73504386605
8	10675	10815	140	10745	15.9223336702331	14.1459852885428	30.0683189587759	0.32998	29.7383389587759	27.9111602051058	25.3923916024129	53.3035518075188	1.74418	51.5593718075188	34.2179153535101	55.1226942272417	879.364261323784
8	17483	17568	85	17525.5	4.26511616726297	5.69635514934662	9.96147131660959	0.200345	9.76112631660959	7.90971543375533	12.4475390286414	20.3572544623967	1.614545	18.7427094623967	11.2314744451489	20.0380378283636	288.637023237657
8	21148	21683	535	21415.5	85.1841201258056	102.295286175791	187.479406301596	1.260995	186.218411301596	87.8092916265517	106.749707499083	194.558999125634	2.675195	191.883804125634	214.269056654987	205.145095666872	5506.48830542004
8	25567	26144	577	25855.5	55.1216013250063	63.4879291953319	118.609530520338	1.359989	117.249541520338	56.9058499218716	66.5825134812862	123.488363403158	2.774189	120.714174403158	134.911196369857	129.056857972595	3467.07516558041
8	32847	33091	244	32969	63.0391169712129	101.702370026771	164.741486997984	0.575108	164.166378997984	64.70906245485	107.697433311911	172.406495766761	1.989308	170.417187766761	188.895259692624	182.194898871203	4854.40853982735
8	34225	34381	156	34303	15.6198254309372	14.8032031889239	30.4230286198611	0.367692	30.0553366198611	17.3950737826665	17.0366640208031	34.4317378034696	1.781892	32.6498458034696	34.5826633358809	34.9063109905616	888.737898986194
8	48045	48588	543	48316.5	108.61005816871	142.188672736003	250.798730904712	1.279851	249.518879904712	114.590221048014	146.821998932055	261.412219980069	2.694051	258.718168980069	287.104667261939	276.598453777912	7378.28652158105
8	50582	50930	348	50756	60.9421598572307	32.8486946867575	93.7908545439882	0.820236	92.9706185439882	64.8350658867551	36.4558929345732	101.290958821328	2.234436	99.0565228213283	106.975065423513	105.902423308765	2749.14612460637
8	54406	54746	340	54576	29.516003915592	36.753201032235	66.269204947827	0.80138	65.467824947827	33.1116018474546	40.6865081621479	73.7981100096026	2.21558	71.5825300096026	75.3294424261069	76.5296739545663	1935.88705830295
8	65935	66140	205	66037.5	36.4119917388539	45.5616409441894	81.9736326830433	0.483185	81.4904476830433	40.0766915528169	50.3649717705898	90.4416633234066	1.897385	88.5442783234066	93.7656015288353	94.6636665360063	2409.67686295729
8	67523	67743	220	67633	55.4701108172199	110.080498218497	165.550609035717	0.51854	165.032069035717	60.2017396907028	127.680677587542	187.882417278245	1.93274	185.949677278245	189.89135125223	198.80085507109	4880.00704018817
8	69567	69662	95	69614.5	12.2448335076322	11.6863182955768	23.931151803209	0.223915	23.707236803209	18.8215126340109	21.503085670943	40.3245983049539	1.638115	38.6864833049539	27.2783299471551	41.3601468595722	701.024250492974
8	70082	70235	153	70158.5	36.8543037859302	17.1160661834481	53.9703699693783	0.360621	53.6097489693783	41.5432314963787	22.104302046033	63.6475335424116	1.774821	61.8727125424116	61.6851484173352	66.1488007886864	1585.2431222726
8	74558	74765	207	74661.5	14.9870081951473	41.8173389621341	56.8043471572814	0.487899	56.3164481572814	19.7903390215477	51.1380928277787	70.9284318493264	1.902099	69.0263328493264	64.7995659316244	73.7968153197391	1665.28036091244
8	75094	75258	164	75176	16.1425396678958	17.1338666682728	33.2764063361686	0.386548	32.8898583361686	23.1732311600277	24.3346627934765	47.5078939535041	1.800748	45.7071459535041	37.8441576745778	48.8660148886356	972.554856574923
8	78388	78546	158	78467	8.37152801195979	29.1733945840787	37.5449225960385	0.372406	37.1725165960385	10.9453981154302	32.8226939785866	43.7680920940168	1.786606	41.9814860940168	42.7719257663795	44.8828707573241	1099.19328861423
8	81883	81977	94	81930	1.99485433304951	14.7589019823096	16.7537563153591	0.221558	16.5321983153591	3.35869147933632	19.6025339063749	22.9612253857112	1.635758	21.3254673857112	19.0224936014949	22.7992928685013	488.857981604043
8	98169	98357	188	98263	12.9315522115149	39.9809889462033	52.9125411577181	0.443116	52.4694251577181	16.8246582464867	48.4187187612751	65.2433770077618	1.857316	63.3860610077618	60.3730541636154	67.766738358333	1551.52368664102
8	98911	99018	107	98964.5	20.0839470184312	12.8091488776642	32.8930958960955	0.252199	32.6408968960955	30.2659243408747	22.7232189032238	52.9891432440985	1.666399	51.3227442440985	37.5576944160038	54.8697130840104	965.193053578747
8	113270	113446	176	113358	27.4276470358511	40.9146143749856	68.3422614108367	0.414832	67.9274294108367	30.6760355109086	46.6416703605186	77.3177058714272	1.829032	75.4886738714272	78.1595445859837	80.7057755274636	2008.61769281355
8	116975	117149	174	117062	32.7325915245021	32.5611868560217	65.2937783805238	0.410118	64.8836603805238	40.6628075166229	38.876158854388	79.5389663710109	1.824318	77.7146483710109	74.6572833743115	83.0855894661644	1918.61328104423
8	117620	117702	82	117661	23.5917425588552	8.60213429289082	32.193876851746	0.193274	32.000602851746	38.0814372088724	14.2417878978802	52.3232251067526	1.607474	50.7157511067526	36.8209509334146	54.2207700124605	946.259524704795
8	121738	122803	1065	122270.5	903.604711120068	1579.02860737056	2482.63331849062	2.510205	2480.12311349062	912.954965789215	1602.74605335315	2515.70101914236	3.924405	2511.77661414236	2853.71159705146	2685.3681380252	73337.3720943187
8	123727	123917	190	123822	68.7080713742563	36.6555983738704	105.363669748127	0.44783	104.915839748127	73.7109076345064	40.4793025185707	114.190210153077	1.86203	112.328180153077	120.719631608221	120.091298838859	3102.36694958545
8	125956	126101	145	126028.5	52.4276279503311	29.0284906373879	81.4561185877189	0.341765	81.114353587719	79.4158630180941	56.0344261872519	135.450289205346	1.755965	133.694324205346	93.3328552366969	142.934079581131	2398.55574059798
8	138449	138746	297	138597.5	155.133225301603	106.999914313865	262.133139615469	0.700029	261.433110615469	169.04820429832	116.555774583009	285.603978881329	2.114229	283.489749881329	300.813574761042	303.082024691909	7730.59095602606
8	141432	141877	445	141654.5	656.699586263947	784.366263470166	1441.06584973411	1.048865	1440.01698473411	666.103142384843	821.816383484105	1487.91952586895	2.463065	1485.45646086895	1656.93112044873	1588.11791939674	42581.3786650893
8	143361	144079	718	143720	407.984912121855	585.002933490894	992.987845612749	1.692326	991.295519612749	423.766841967965	591.458609321554	1015.22545128952	3.106526	1012.11892528952	1140.61737703117	1082.06752884066	29312.6611263066
8	151231	151532	301	151381.5	115.26363938964	73.5111021924855	188.774741582125	0.709457	188.065284582125	128.996713431884	90.3584610572598	219.355174489144	2.123657	217.231517489144	216.394130071811	232.244616163605	5561.100446345
8	159202	159439	237	159320.5	113.237284198614	128.397397108545	241.634681307159	0.558609	241.076072307159	128.386796819829	152.703259117586	281.090055937416	1.972809	279.117246937416	277.390093891868	298.407333470207	7128.63225283346
8	160469	160740	271	160604.5	202.33161082515	219.42817647747	421.75978730262	0.638747	421.12104030262	223.595789989092	237.433566883086	461.029356872178	2.052947	458.976409872178	484.555782709738	490.696752345066	12452.5715120459
8	161429	161561	132	161495	31.2769518778273	6.18416843572197	37.4611203135493	0.311124	37.1499963135493	53.561558834753	14.7982030527372	68.3597618874901	1.725324	66.6344378874901	42.7460131852827	71.2396139811116	1098.52736266579
8	167448	167673	225	167560.5	43.4980847399345	75.8465658025736	119.344650542508	0.530325	118.814325542508	49.88935881651	83.3626705157112	133.252029332221	1.944525	131.307504332221	136.711688565853	140.382304075934	3513.34591216428
8	170534	170721	187	170627.5	46.2501596970993	55.475710969749	101.725870666848	0.440759	101.285111666848	47.9608062892962	62.443900759547	110.404707048843	1.854959	108.549748048843	116.541995919522	116.051735317457	2995.00612752721
8	172977	173225	248	173101	154.525408746747	200.427758970699	354.953167717445	0.584536	354.368631717445	164.588682836118	236.657545746909	401.246228583027	1.998736	399.247492583027	407.748255908166	426.839906754601	10478.6992474094
8	175242	175507	265	175374.5	61.7425816579991	70.8989310458248	132.641512703824	0.624605	132.016907703824	117.799708463539	106.759507766008	224.559216229547	2.038805	222.520411229547	151.903015810791	237.899030913672	3903.74696737944
8	175746	175856	110	175801	35.929278591389	28.8684862794132	64.7977648708022	0.25927	64.5384948708022	74.3528251181561	64.2180490813152	138.570874199471	1.67347	136.897404199471	74.2601245346407	146.358527802895	1908.40671860268
8	176109	176374	265	176241.5	158.103706207403	43.6259882235905	201.729694430994	0.624605	201.105089430994	214.908653381027	69.1831843147174	284.091837695745	2.038805	282.053032695745	231.398160362924	301.546014470379	5946.68816779195
8	176763	177066	303	176914.5	36.9111053330112	17.9326884254614	54.8437937584727	0.714171	54.1296227584727	83.3635705402248	42.3062522784705	125.669822818695	2.128371	123.541451818695	62.2833323755717	132.079531504268	1600.61581780755
8	180090	180199	109	180144.5	37.3756179847565	19.6125341787483	56.9881521635048	0.256913	56.7312391635048	44.4487106317517	24.9635799230408	69.4122905547924	1.671113	67.7411775547924	65.2768381679798	72.4228415909749	1677.54575298081
8	181707	181932	225	181819.5	157.960802315187	44.389909030196	202.350711345383	0.530325	201.820386345383	178.775569238668	57.6334697397615	236.409038978429	1.944525	234.464513978429	232.221204625858	250.668603167253	5967.83953551364
8	186885	187144	259	187014.5	145.268656624292	211.827869470948	357.09652609524	0.610463	356.48606309524	149.561473546029	230.247271152824	379.808744698853	2.024663	377.784081698853	410.184642410878	403.893136967359	10541.3118056299
8	187580	187925	345	187752.5	332.808664576471	399.76268817643	732.571352752901	0.813165	731.758187752901	353.276822059489	431.060740628965	784.337562688454	2.227365	782.110197688454	841.985147942419	836.162656134248	21638.1284486996
8	189091	191136	2045	190113.5	3214.48665168711	3206.92804581639	6421.4146975035	4.820065	6416.5946325035	3270.85808705335	3228.00671992781	6498.86480698116	6.234265	6492.63054198116	7383.1457868967	6941.34306818469	189739.043833195
8	194941	195462	521	195201.5	417.58097348594	311.129174100861	728.710147586801	1.227997	727.482150586801	433.338502667459	318.141765099997	751.480267767456	2.642197	748.838070767456	837.064998299868	800.591057523562	21511.6858027544
8	198396	198581	185	198488.5	50.1713664974404	45.8987501258974	96.0701166233378	0.436045	95.6340716233377	54.1135738697657	50.8112839266154	104.924857796381	1.850245	103.074612796381	110.03972253646	110.198207708529	2827.90457352107
8	201248	201725	477	201486.5	310.264250543284	290.57711433263	600.841364875914	1.124289	599.717075875914	318.901285786758	297.464501921651	616.365787708409	2.538489	613.827298708409	690.054282010286	656.249548992821	17733.6657626351
8	204289	204463	174	204376	18.0089905036706	18.5279046371273	36.5368951407979	0.410118	36.1267771407979	19.3793278270002	20.5291591444958	39.908486971496	1.824318	38.084168971496	41.5686633982005	40.7162059489685	1068.27071742188
8	206133	206385	252	206259	62.6535064684938	80.7459992464825	143.399505714976	0.593964	142.805541714976	66.8243200672755	88.2824045125381	155.106724579814	2.008164	153.098560579814	164.316774557887	163.679363142303	4222.76744767798
8	207291	207508	217	207399.5	91.6865972311735	81.5714217281845	173.258018959358	0.511469	172.746549959358	95.5641028412428	87.8575929421153	183.421695783358	1.925669	181.496026783358	198.76788788756	194.03940810581	5108.12465053346
8	209321	209548	227	209434.5	84.4582003542192	63.0824181505898	147.540618504809	0.535039	147.005579504809	89.7844454230256	65.4792834330507	155.263728856076	1.949239	153.314489856076	169.149476807104	163.910215517979	4346.96278803334
8	210605	210749	144	210677	39.6660803691643	19.9975446651249	59.6636250342892	0.339408	59.3242170342892	46.3117613749195	24.0136540502897	70.3254154252093	1.753608	68.5718074252093	68.2604041774674	73.3108771654565	1754.22024623788
8	217681	218122	441	217901.5	131.109470976216	141.755760944958	272.865231921174	1.039437	271.825794921174	146.187581652685	179.294983385743	325.482565038429	2.453637	323.028928038429	312.771740694968	345.353797041788	8037.90318252016
8	218876	218978	102	218927	15.5353231293818	23.3930371467954	38.9283602761772	0.240414	38.6879462761772	25.9455066673867	37.7395278964252	63.685034563812	1.654614	62.030420563812	44.515629225778	66.3174081773351	1144.00462468483
8	219907	220048	141	219977.5	35.4256648746637	34.1175292454968	69.5431941201605	0.332337	69.2108571201605	43.9167961442095	42.1254473539591	86.0422434981687	1.746537	84.2957064981687	79.6362989124735	90.1214714429522	2046.56871829404
8	222657	222880	223	222768.5	83.7971823503362	97.5254562618413	181.322638612178	0.525611	180.797027612178	96.7947363595157	110.277303578806	207.072039938322	1.939811	205.132228938322	208.031033460733	219.309133054074	5346.17770199302
8	223809	223916	107	223862.5	21.2300782351487	19.5256318118233	40.755710046972	0.252199	40.503511046972	23.3473359020489	23.0653282211185	46.4126641231673	1.666399	44.7462651231673	46.6046780368764	47.838726573386	1197.69097131531
8	225243	225432	189	225337.5	54.07057269856	61.4897747723991	115.560347470959	0.445473	115.114874470959	57.7308723926786	70.7188261403795	128.449698533058	1.859673	126.590025533058	132.454977933958	135.338795354754	3403.95294763638
8	227189	227387	198	227288	45.7142451006078	80.8520021336407	126.566247234249	0.466686	126.099561234249	52.8036381915716	89.730843963104	142.534482154676	1.880886	140.653596154676	145.094321455198	150.374314135175	3728.77071822079
8	229075	229267	192	229171	29.8247123237595	35.5527683365298	65.3774806602893	0.452544	64.9249366602893	32.6063880871495	37.2612148688046	69.8676029559542	1.866744	68.0008589559542	74.704777225568	72.7004698469237	1919.83382282757
8	231823	232055	232	231939	146.866700149564	126.256138787949	273.122838937513	0.546824	272.576014937513	155.020022218336	134.052251127542	289.072273345878	1.961024	287.111249345878	313.634968632856	306.953809793824	8060.08722821999
8	236055	236588	533	236321.5	376.999368180989	272.882732397827	649.882100578816	1.256281	648.625819578816	395.73867857609	301.299906385028	697.038584961118	2.670481	694.368103961118	746.330298447934	742.356614015546	19179.89990968
8	238806	239042	236	238924	58.7422999405261	66.8947219847843	125.63702192531	0.556252	125.08076992531	68.3521616804863	73.7113076454013	142.063469325888	1.970452	140.093017325888	143.922066514515	149.77499311387	3698.64500514484
8	241399	241622	223	241510.5	129.434025342774	106.77480818274	236.208833525514	0.525611	235.683222525514	140.595929355088	109.504482529788	250.100411884877	1.939811	248.160600884877	271.184902754651	265.311241046401	6969.16539857369
8	242306	242505	199	242405.5	44.8066203799963	47.677598575681	92.4842189556774	0.469043	92.0151759556774	52.7320362413779	54.8765946518575	107.608630893235	1.883243	105.725387893235	105.87570161381	113.032180660616	2720.89363656149
8	245729	245880	151	245804.5	24.2869614942553	23.3187351230609	47.6056966173162	0.355907	47.2497896173162	35.2431599038488	32.6417890513514	67.8849489552002	1.770107	66.1148419552002	54.3671690553303	70.6841082273902	1397.17878668788
8	249694	249868	174	249781	20.8611681872933	46.3869634231676	67.2481316104609	0.410118	66.8380136104609	25.4677936561085	54.5488857261806	80.0166793822891	1.824318	78.1923613822891	76.9060267720363	83.5963177261473	1976.40360977751
8	255594	256291	697	255942.5	136.163308625571	108.709760884273	244.873069509843	1.642829	243.230240509843	146.665294663964	116.123262802859	262.788557466822	3.057029	259.731528466822	279.868750999074	277.681847604725	7192.33112091572
8	261849	262070	221	261959.5	26.8653317202937	62.0357896439878	88.9011213642815	0.520897	88.3802243642815	30.6439346365899	73.0672901045532	103.711224741143	1.935097	101.776127741143	101.693206214827	108.809982985278	2613.40792508492
8	262542	262727	185	262634.5	77.0980998901069	56.5389399284909	133.637039818598	0.436045	133.200994818598	81.0382072052338	66.6382149984062	147.67642220364	1.850245	145.82617720364	153.265465567002	155.904377701351	3938.76048620675
8	267034	267479	445	267256.5	182.812179182198	142.354177243783	325.166356425981	1.048865	324.117491425981	186.600182354525	151.473925634722	338.074107989247	2.463065	335.611042989247	372.940294398432	358.805475191692	9584.17142346195
8	272389	272571	182	272480	74.3687255512298	49.908159328572	124.276884879802	0.428974	123.847910879802	87.0893720183893	58.128383219522	145.217755237911	1.843174	143.374581237911	142.503498163388	153.283349359654	3662.18929773721
8	273669	273780	111	273724.5	15.6956274955277	10.896596786248	26.5922242817757	0.261627	26.3305972817757	21.6909907888396	14.0922838258976	35.7832746147371	1.675827	34.1074476147371	30.296855188991	36.4646491962233	778.597159074676
8	276650	276720	70	276685	5.08353845830354	7.34940017267269	12.4329386309762	0.16499	12.2679486309762	8.92734315047439	11.5153136379914	20.4426567884657	1.57919	18.8634667884657	14.1159070248634	20.167140820259	362.763892118895
8	277725	277934	209	277829.5	55.268805334343	46.4828660352287	101.751671369572	0.492613	101.259058369572	71.9277590676021	54.1045736246296	126.032332692232	1.906813	124.125519692232	116.512018134881	132.703964922912	2994.235730144
8	280130	280459	329	280294.5	125.182109535044	131.33237704742	256.514486582463	0.775453	255.739033582463	137.710550767186	135.428988625191	273.139539392377	2.189653	270.949886392377	294.261781595935	289.675518046844	7562.21679595644
8	281262	281432	170	281347	39.0780643536073	17.8907872842168	56.9688516378241	0.40069	56.5681616378241	48.430019069057	20.674663107529	69.1046821765861	1.81489	67.2897921765861	65.0891957788895	71.9402604944789	1672.72354189136
8	286696	286942	246	286819	23.6968454214998	21.839794841756	45.5366402632559	0.579822	44.9568182632559	29.0860922062588	27.8781593062736	56.9642515125323	1.994022	54.9702295125323	51.7288004561284	58.7692798960507	1329.37550205268
8	290633	290733	100	290683	9.78086639754565	7.79221223336766	17.5730786309133	0.2357	17.3373786309133	18.2458969561969	13.3383632916655	31.5842602478624	1.6499	29.9343602478624	19.9489606755349	32.0031553718502	512.667206268583
8	296724	297259	535	296991.5	131.838490832238	127.032759940468	258.871250772707	1.260995	257.610255772707	135.259884019356	140.60962972824	275.869513747596	2.675195	273.194318747596	296.414871672759	292.075065482999	7617.54893543395
8	298832	298924	92	298878	36.901405068809	16.4632484029113	53.3646534717204	0.216844	53.1478094717204	43.9367966889564	24.5584688891936	68.49526557815	1.631044	66.86422157815	61.1536255689604	71.485278264337	1571.58354681018
8	302061	302247	186	302154	130.71216015482	126.390742454095	257.102902608915	0.438402	256.664500608915	148.73345099351	133.796244154783	282.529695148293	1.852602	280.677093148293	295.326654533778	300.074982293484	7589.58290504625
8	314759	314859	100	314809	13.4287657539212	19.4543298698008	32.883095623722	0.2357	32.647395623722	17.8162852550349	24.0742557008727	41.8905409559075	1.6499	40.2406409559075	37.5651720667273	43.0217139805655	965.385221299574
8	316002	316416	414	316209	134.072251672289	148.035931995464	282.108183667753	0.975798	281.132385667753	146.53559113128	156.746469240883	303.282060372163	2.389998	300.892062372163	323.480211495495	321.687029304073	8313.09956482831
8	319949	320176	227	320062.5	93.5951492136404	84.2711952608363	177.866344474477	0.535039	177.331305474477	108.574257193613	87.4573820417311	196.031639235344	1.949239	194.082400235344	204.043259062471	207.495639066376	5243.69611444378
8	323127	323328	201	323227.5	75.218148686628	60.6077507490636	135.825899435692	0.473757	135.352142435692	87.5606848553485	64.2032486782025	151.763933533551	1.887957	149.875976533551	155.740647088629	160.234062922842	4002.37003541279
8	324520	324601	81	324560.5	16.221841827817	15.9199336048635	32.1417754326805	0.190917	31.9508584326805	30.7224367747212	27.2183413350754	57.9407781097967	1.605117	56.3356611097967	36.7637133612942	60.2290779072677	944.788579592926
8	325438	325613	175	325525.5	58.9100045082284	37.5218219668559	96.4318264750843	0.412475	96.0193514750843	73.9645145418962	45.085127965596	119.049642507492	1.826675	117.222967507492	110.483038263433	125.324370096051	2839.2973191853
8	328029	328390	361	328209.5	241.077266125065	230.535178994455	471.612445119519	0.850877	470.761568119519	257.997826983613	246.201505691928	504.199332675541	2.265077	501.934255675541	541.673814126922	536.623460058259	13920.4445541799
8	330174	330264	90	330219	13.283261790888	10.2774799236096	23.5607417144976	0.21213	23.3486117144976	16.8701594857857	13.8621775585852	30.7323370443709	1.62633	29.1060070443709	26.8656840711974	31.1175538071399	690.419687586349
8	332093	332278	185	332185.5	71.6741521602122	71.1177370053552	142.791889165567	0.436045	142.355844165567	82.1196366596953	75.8540660068537	157.973702666549	1.850245	156.123457666549	163.799337699639	166.913314048522	4209.46986727501
8	332861	333024	163	332942.5	40.2049950473678	12.8873510076244	53.0923460549922	0.384191	52.7081550549922	49.8051565231258	15.6845271931932	65.489683716319	1.798391	63.691292716319	60.6477446709971	68.0930649513348	1558.58294237361
8	335739	336343	604	336041	210.102322472915	260.431993282026	470.534315754941	1.423628	469.110687754941	225.622245182842	270.918178890069	496.540424072911	2.837828	493.702596072911	539.77425663475	527.822901801799	13871.6279341816
8	337823	337991	168	337907	39.2300684936833	16.5264501243113	55.7565186179946	0.395976	55.3605426179946	48.7453276569909	19.2768250351726	68.0221526921635	1.810176	66.2119766921635	63.6996694352327	70.7879560481988	1637.01418338264
8	341521	342319	798	341920	453.023038807296	256.055574083247	709.078612890543	1.880886	707.197726890543	489.076220773391	285.478375460319	774.55459623371	3.295086	771.25951023371	813.72507020249	824.562066255921	20911.8743174941
8	345701	345904	203	345802.5	25.1948862230379	23.3741366320096	48.5690228550475	0.478471	48.0905518550476	33.1892039610724	29.3826002821306	62.571804243203	1.892671	60.679133243203	55.3345778646455	64.8727319686112	1422.04017067965
8	349358	349550	192	349454	49.8380574192344	30.8069390762766	80.644996495511	0.452544	80.192452495511	57.200257940545	33.0430999816967	90.2433579222418	1.866744	88.3766139222418	92.2720853806128	94.4844146717147	2371.29507637303
8	352555	352665	110	352610	21.2541788915686	17.6377803931693	38.891959284738	0.25927	38.632689284738	26.3569178728292	22.6112158526415	48.9681337254707	1.67347	47.2946637254707	44.4520487057504	50.5632476836959	1142.3706725153
8	353403	353566	163	353484.5	33.4885121132088	34.9893529910114	68.4778651042202	0.384191	68.0936741042202	37.1399115649151	36.8159027400163	73.9558143049314	1.798391	72.1574233049314	78.3508312228754	77.1442987302522	2013.53355722006
8	354594	354789	195	354691.5	45.2354320593685	71.5244480827821	116.759880142151	0.459615	116.300265142151	47.3885907040892	76.4733828749395	123.861973579029	1.873815	121.988158579029	133.818927605252	130.418888534935	3439.00501269614
8	356306	356390	84	356348	18.0690921406349	19.827440032053	37.8965321726879	0.197988	37.6985441726879	31.1878494509801	29.7125092677297	60.9003587187098	1.612188	59.2881707187098	43.3771904758965	63.3856385609291	1114.74795197379
8	359904	359974	70	359939	5.85555948553144	9.10744805591966	14.9630075414511	0.16499	14.7980175414511	15.1252119593479	22.1700038355263	37.2952157948743	1.57919	35.7160257948743	17.027087906122	38.1843979064157	437.578164080828
8	360512	360864	352	360688	82.5358479958769	46.7965745795829	129.33242257546	0.829664	128.50275857546	92.4718186179343	53.2464502522666	145.718268870201	2.243864	143.474404870201	147.859519717056	153.390071908173	3799.8333911461
8	361795	361997	202	361896	59.117810168148	33.115601956404	92.233412124552	0.476114	91.757298124552	63.2213219338565	35.1745580353671	98.3958799692237	1.890314	96.5055659692237	105.578978861096	103.175167145319	2713.26817540868
8	364297	364445	148	364371	15.9756351219834	15.5346231103157	31.5102582322991	0.348836	31.1614222322991	18.5984065573599	18.5624055768156	37.1608121341755	1.763036	35.3977761341755	35.8553619863539	37.8441536769067	921.444909249638
8	368007	368307	300	368157	28.4237741669673	28.7051818315553	57.1289559985225	0.7071	56.4218559985225	32.4779845898749	36.1231838727096	68.6011684625845	2.1213	66.4798684625845	64.9208516764061	71.0743621006627	1668.39727637229
8	369825	370060	235	369942.5	117.373796863155	145.595565528179	262.969362391334	0.553895	262.415467391334	123.138753880983	166.42883295555	289.567586836534	1.968095	287.599491836534	301.943906924183	307.47579523658	7759.63929802534
8	371610	371771	161	371690.5	26.5845240720482	34.2890339167009	60.8735579887491	0.379477	60.4940809887491	32.3935822910432	42.0015439792524	74.3951262702956	1.793677	72.6014492702956	69.6064882954917	77.6190117971434	1788.81318545984
8	374447	374624	177	374535.5	34.8018478840098	20.8008665448816	55.6027144288914	0.417189	55.1855254288914	37.2482145147192	26.8101302167925	64.0583447315117	1.831389	62.2269557315117	63.4982888749249	66.5275260972053	1631.83891581211
8	375049	375641	592	375345	115.840955113757	140.837035922012	256.677991035769	1.395344	255.282647035769	119.248747930447	147.450016037106	266.698763967553	2.809544	263.889219967553	293.736648156407	282.126881538449	7548.72142154873
8	377816	377999	183	377907.5	38.5475499041974	38.1828399707389	76.7303898749363	0.431331	76.2990588749363	42.4340557594028	44.4752113535412	86.909267112944	1.845531	85.063736112944	87.792218043994	90.9425803922772	2256.16722037726
8	379589	379789	200	379689	44.3473078698852	74.4441276049254	118.791435474811	0.4714	118.320035474811	56.8139474187599	86.6459599413519	143.459907360112	1.8856	141.574307360112	136.142942082735	151.358656660494	3498.72972862884
8	380330	380454	124	380392	22.4241107565349	12.9740533691019	35.3981641256368	0.292268	35.1058961256368	28.6253796580154	15.5278229251018	44.1532025831172	1.706468	42.4467345831172	40.3940039724937	45.3802730588903	1038.08321162201
8	384816	384994	178	384905	46.6312700772503	39.0015622699506	85.6328323472009	0.419546	85.2132863472009	48.871331088896	41.5640320629154	90.4353631518114	1.833746	88.6016171518114	98.0492226975061	94.7249681111555	2519.76139983989
8	387003	387092	89	387047.5	12.4085379663851	8.02711863141926	20.4356565978043	0.209773	20.2258835978043	21.3199806837857	16.8157580040743	38.1357386878601	1.623973	36.5117656878601	23.2725699259467	39.0351322204261	598.080451442139
8	389796	390231	435	390013.5	50.5568769974357	46.4281645453461	96.9850415427818	1.025295	95.9597465427818	58.4958932292451	49.3351437215751	107.83103695082	2.439495	105.39154195082	110.414454858993	112.675262273956	2837.53479817368
8	393380	393476	96	393428	5.88416026451942	5.45254850888268	11.3367087734021	0.226272	11.1104367734021	8.40212884542245	7.90551531935849	16.3076441647809	1.640472	14.6671721647809	12.7840356376262	15.6808358611466	328.536205057415
8	396885	397173	288	397029	62.9049133159616	67.1372285898397	130.042141905801	0.678816	129.363325905801	68.0947546695946	71.8376566135176	139.932411283112	2.093016	137.839395283112	148.849716920284	147.365620881185	3825.28041277747
8	401043	401294	251	401168.5	43.7338911624997	58.1730844370312	101.906975599531	0.591607	101.315368599531	45.7372457270666	63.3384251233493	109.075670850416	2.005807	107.069863850416	116.576810545949	114.46957476542	2995.90082663247
8	402677	402900	223	402788.5	43.5547862842918	32.412482805829	75.9672690901208	0.525611	75.4416580901208	46.7589735554588	34.2391325575576	80.9981061130164	1.939811	79.0582951130164	86.8056643726702	84.5220970478607	2230.81383366515
8	406832	406936	104	406884	5.32484503067412	6.78978493065619	12.1146299613303	0.245128	11.8695019613303	9.55996038081684	10.6605903582353	20.2205507390521	1.659328	18.5612227390521	13.657441122187	19.8440083666669	350.981802950573
8	412474	412909	435	412691.5	27.195540714064	20.2219507771844	47.4174914912484	1.025295	46.3921964912484	33.5038125299401	26.8458311891656	60.3496437191057	2.439495	57.9101487191057	53.3803940698068	61.912380011423	1371.81971243473
8	417292	417487	195	417389.5	32.3560812696429	31.3817547323007	63.7378360019436	0.459615	63.2782210019436	38.071436936499	37.8196300781363	75.8910670146353	1.873815	74.0172520146353	72.8100117819875	79.1326621583944	1871.14035341359
8	420133	420272	139	420202.5	32.9508974704138	41.1730214131147	74.1239188835285	0.327623	73.7962958835285	36.548895467646	47.6690983441636	84.2179938118097	1.741823	82.4761708118097	84.9124562553949	88.1761857313816	2182.16038589136
8	422409	422930	521	422669.5	938.456260357774	782.557414203262	1721.01367456104	1.227997	1719.78567756104	965.132086916592	801.238022999532	1766.37010991612	2.642197	1763.72791291612	1978.84222190549	1885.62100420217	50854.1537602385
8	423506	423633	127	423569.5	24.8417766055325	7.46290326411099	32.3046798696435	0.299339	32.0053408696435	39.0897646722842	12.391637506074	51.4814021783582	1.713539	49.7678631783582	36.8264026533504	53.2073725522735	946.399628145486
8	429299	429462	163	429380.5	19.7193370876964	14.5348958811451	34.2542329688414	0.384191	33.8700419688414	25.3747911230357	22.1776040425301	47.5523951655658	1.798391	45.7540041655658	38.9719893473619	48.916111521022	1001.53893861467
8	439144	439274	130	439209	22.0834014767725	15.3177172025363	37.4011186793088	0.30641	37.0947086793088	26.5066219502592	17.9581891200137	44.4648110702729	1.72061	42.7442010702729	42.6823974066355	45.6982977678714	1096.892504387
8	443542	443674	132	443608	20.1465487234888	17.1004657585456	37.2470144820344	0.311124	36.9358904820344	27.7542559315669	27.6780538560815	55.4323097876484	1.725324	53.7069857876484	42.4996559415367	57.4187320685632	1092.19624186459
8	445496	445676	180	445586	63.3542255536993	40.7878109212906	104.14203647499	0.42426	103.71777647499	66.3280065493827	42.3953547053177	108.7233612547	1.83846	106.8849012547	119.341100422428	114.271829210157	3066.94015501358
8	452752	452900	148	452826	24.5305681292717	27.6598533603618	52.1904214896336	0.348836	51.8415854896336	27.7772565580258	30.0117174171424	57.7889739751682	1.763036	56.0259379751682	59.6506410978462	59.8979494810145	1532.95843433422
8	453988	454077	89	454032.5	12.0261275508256	15.3901191745198	27.4162467253454	0.209773	27.2064737253454	17.7911845713776	21.884196051094	39.6753806224716	1.623973	38.0514076224716	31.3046675637086	40.6811804286522	804.496871996714
8	455505	456486	981	455995.5	106.068688950453	115.257939234387	221.32662818484	2.312217	219.01441118484	111.495836767507	119.642958667407	231.138795434914	3.726417	227.412378434914	252.005217692568	243.129087118348	6476.26776256058
8	459094	459200	106	459147	13.5872700710399	16.0808379873518	29.6681080583917	0.249842	29.4182660583917	17.8558863336336	18.7080095425726	36.5638958762062	1.664042	34.8998538762062	33.8496288991967	37.3118194879362	869.899688672087
8	461515	461706	191	461610.5	29.5114037903003	40.2544963956162	69.7659001859165	0.450187	69.3157131859165	34.8805500275886	63.8563392295686	98.7368892571572	1.864387	96.8725022571573	79.7569497661515	103.567462786084	2049.66931772351
8	461993	462445	452	462219	1038.30437988107	649.610093170259	1687.91447305132	1.065364	1686.84910905132	1049.92629642256	664.688003841281	1714.61430026384	2.479564	1712.13473626384	1940.94431796194	1830.46216884178	49880.2176813529
8	464698	464931	233	464814.5	223.959499895313	85.3900257339743	309.349525629288	0.549181	308.800344629288	225.739348372334	89.5474389677756	315.28678734011	1.963381	313.32340634011	355.315879219323	334.977516529886	9131.24257975169
8	466901	467156	255	467028.5	27.1177385949988	18.1753950359643	45.2931336309631	0.601035	44.6920986309631	33.2808064560129	20.8648682880715	54.1456747440843	2.015235	52.1304397440843	51.4242053009396	55.7332292695964	1321.54772847623
8	470648	470863	215	470755.5	95.2503942968886	94.4588727385326	189.709267035421	0.506755	189.202512035421	105.895684238393	100.246130363754	206.141814602146	1.920955	204.220859602146	217.702661553294	218.334778024428	5594.72832249541
8	475552	475680	128	475616	4.51742303924432	9.50985901622601	14.0272820554703	0.301696	13.7255860554703	5.83655896802195	12.0635285695022	17.9000875375241	1.715896	16.1841915375241	15.7931128054751	17.3026980384574	405.866308122863
8	483899	483996	97	483947.5	12.7171463718288	19.4755304472324	32.1926768190612	0.228629	31.9640478190612	21.8724957324171	41.7506371454034	63.6231328778205	1.642829	61.9803038778205	36.778889505038	66.2638278744582	945.178590448208
8	484591	484788	197	484689.5	98.0009692131974	13.0386551286342	111.039624341832	0.464329	110.575295341832	111.080625458563	17.7796842581481	128.860309716711	1.878529	126.981780716711	127.231588201385	135.757625151227	3269.71735185748
8	488290	488437	147	488363.5	26.397618981389	12.8636503620994	39.2612693434883	0.346479	38.9147903434883	39.7984839753884	29.8185121548879	69.6169961302763	1.760679	67.8563171302763	44.7766435044994	72.5459385836331	1150.71241579459
8	498556	498659	103	498607.5	6.01806391159949	19.5476324110448	25.5656963226443	0.242771	25.3229253226443	46.5601681406753	49.838557432853	96.3987255735283	1.656971	94.7417545735283	29.1373945395761	101.289456888755	748.80024576265
8	498867	499010	143	498938.5	34.6966450186415	18.7136096951017	53.4102547137432	0.337051	53.0732037137432	54.4657834627575	45.6369429951613	100.102726457919	1.751251	98.3514754579187	61.0677817188756	105.148649380447	1569.37745058722
8	501231	501310	79	501270.5	9.40055603918455	9.3398543858779	18.7404104250624	0.186203	18.5542074250625	14.2486880858178	12.8837509095699	27.1324389953878	1.600403	25.5320359953878	21.3490840898126	27.2965818595844	548.648898292734
8	502010	502283	273	502146.5	15.2414151243271	12.5467417305857	27.7881568549128	0.643461	27.1446958549128	27.3740455759295	20.391755402085	47.7658009780146	2.057661	45.7081399780146	31.233583904863	48.8670776112256	802.670097089265
8	508822	508885	63	508853.5	3.13098527739358	8.70453708199463	11.8355223593882	0.148491	11.6870313593882	11.3452090049195	13.5032677831032	24.8484767880227	1.562691	23.2857857880227	13.4474844188078	24.89509093761	345.586137566821
8	512054	512412	358	512233	73.4595007870386	66.8030194871201	140.262520274159	0.843806	139.418714274159	80.1723836231432	70.3626164384384	150.535000061582	2.258006	148.276994061582	160.419779004521	158.524573090302	4122.61878050278
8	516516	516716	200	516616	38.8175572582797	39.2817699018538	78.0993271601336	0.4714	77.6279271601336	45.0545271321334	46.5561680317259	91.6106951638592	1.8856	89.7250951638593	89.3212577984294	95.9260908703764	2295.46192609801
8	517250	517481	231	517365.5	97.815264155223	98.9192942252484	196.734558380471	0.544467	196.190091380471	105.914784758626	107.401825260553	213.316610019179	1.958667	211.357943019179	225.742801215644	225.965112783744	5801.35141458267
8	531454	532168	714	531811	70.4528188952466	204.394967023957	274.847785919204	1.682898	273.164887919204	75.826465255103	210.564835070185	286.391300325288	3.097098	283.294202325288	314.312545341811	302.872962638578	8077.50023354204
8	540660	540986	326	540823	31.2405508863881	91.6149952809798	122.855546167368	0.768382	122.087164167368	43.9292964846763	120.340377662729	164.269674147406	2.182582	162.087092147406	140.477524821415	173.289101581359	3610.12392400184
8	541319	541422	103	541370.5	32.4083826941559	17.1933682888946	49.6017509830505	0.242771	49.3589799830505	49.2907425122372	29.9702162867927	79.2609587990299	1.656971	77.6039877990299	56.7940731772849	82.9672810256525	1459.5476577444
8	554026	554096	70	554061	4.8084309653108	2.28776231086694	7.09619327617774	0.16499	6.93120327617774	9.50175879560354	8.27632541896485	17.7780842145684	1.57919	16.1988942145684	7.97527149485366	17.3184168329777	204.956048738638
9	5292	5642	350	5467	11.0935021492806	9.9120699710849	21.0055721203655	0.82495	20.1806221203655	14.5505963087713	12.3136353815613	26.8642316903327	2.23915	24.6250816903327	23.2204905745772	26.3269469885028	896.2541977832
9	6657	6808	151	6732.5	30.3881276692779	51.3255979347803	81.7137256040582	0.355907	81.3578186040582	34.5584412544408	59.3720170918803	93.9304583463211	1.770107	92.1603513463211	93.6129941285222	98.5296501691977	3613.23283353025
9	21765	22440	675	22102.5	83.8610840908024	130.010341039654	213.871425130456	1.590975	212.280450130456	89.7137434973455	135.833399639972	225.547143137317	3.005175	222.541968137317	244.256899614946	237.922077642013	9427.71949258832
9	32961	33177	216	33069	22.0209997771624	31.2614514556485	53.2824512328109	0.509112	52.7733392328109	27.4352472428549	34.175030811644	61.6102780544988	1.923312	59.6869660544988	60.7227477396648	63.811995061858	2343.74968900052
9	36001	36228	227	36114.5	33.0913012945366	65.4828835311051	98.5741848256417	0.535039	98.0391458256417	38.382545410036	98.7449894777797	137.127534887816	1.949239	135.178295887816	112.807080376702	144.520610107531	4354.07766268206
9	36555	37405	850	36980	299.473956652366	309.196121451079	608.670078103445	2.00345	606.666628103445	307.580677451877	344.929594709397	652.510272161274	3.41765	649.092622161274	698.050666414811	693.952096044288	26943.0500630595
9	39216	39408	192	39312	14.0185818185055	21.7239916876718	35.7425735061773	0.452544	35.2900295061773	16.7601564896781	25.1491849782914	41.9093414679695	1.866744	40.0425974679695	40.6058739238661	42.8099834988588	1567.28751453534
9	41564	41784	220	41674	16.3529453986325	24.1743584273306	40.5273038259631	0.51854	40.0087638259631	30.4920304992377	27.8972598265068	58.3892903257445	1.93274	56.4565503257445	46.0354055380548	60.3583219040902	1776.8541679867
9	45959	46173	214	46066	30.2138229218092	21.2714793627747	51.4853022845838	0.504398	50.9809042845838	33.8675224361613	22.3534088308548	56.2209312670161	1.918598	54.3023332670161	58.6603128666167	58.0552246384623	2264.14474238291
9	47571	47681	110	47626	14.3001894885409	15.5172226363859	29.8174121249269	0.25927	29.5581421249269	30.4849303058526	35.3027615271944	65.7876918330469	1.67347	64.1142218330469	34.0105749228235	68.5452231441891	1312.72508846018
9	47930	48131	201	48030.5	16.9234609375361	13.3593638636497	30.2828248011858	0.473757	29.8090678011858	36.5478954404087	29.962216068894	66.5101115093027	1.887957	64.6221545093027	34.2992982964508	69.0882595819834	1323.86910519748
9	53661	54124	463	53892.5	138.997585821645	274.645180400919	413.642766222564	1.091291	412.551475222564	162.086814693736	326.794900781992	488.881715475728	2.505491	486.376224475728	474.695357992263	519.990196957096	18322.0809182457
9	54848	55416	568	55132	117.529401101285	65.5286847785754	183.058085879861	1.338776	181.719309879861	144.52813645504	80.0831811935723	224.611317648613	2.752976	221.858341648613	209.092241909912	237.191205007583	8070.4496286927
9	56395	56535	140	56465	18.2954983071691	14.0097815788169	32.3052798859859	0.32998	31.9752998859859	34.5561411917949	23.8741502506806	58.4302914424755	1.74418	56.6861114424755	36.7918365050071	60.6037482310685	1420.07498962438
9	60929	61030	101	60979.5	4.56662437932154	9.54575999404659	14.1123843733681	0.238057	13.8743273733681	10.9443980881929	21.2597790440978	32.2041771322907	1.652257	30.5519201322907	15.9642594802255	32.6633954694882	616.181407869023
9	68407	68530	123	68468.5	9.91487004734946	23.4878397288954	33.4027097762449	0.289911	33.1127987762449	17.4133742811098	34.5714416085263	51.9848158896361	1.704111	50.2807048896361	38.1006803108279	53.7556572936641	1470.59316241844
9	73678	73849	171	73763.5	7.41160186683535	11.0098998722388	18.4215017390741	0.403047	18.0184547390741	10.0770744652463	14.4573937702511	24.5344682354974	1.817247	22.7172212354974	20.7326293481749	24.2872322907998	800.228833439419
9	76154	76263	109	76208.5	6.92858871119924	8.75813854191615	15.6867272531154	0.256913	15.4298142531154	10.1843773878131	14.5881973328954	24.7725747207085	1.671113	23.1014617207085	17.7540540769739	24.6980280401175	685.263106007719
9	77411	77534	123	77472.5	5.69405508670073	10.7911939154321	16.4852490021329	0.289911	16.1953380021329	10.1036751897596	14.9414069531245	25.0450821428841	1.704111	23.3409711428841	18.6348909953133	24.9540902103941	719.261258763736
9	83097	83300	203	83198.5	25.637298272838	40.1045923127387	65.7418905855767	0.478471	65.2634195855767	28.4433747008192	46.6946718040977	75.1380465049169	1.892671	73.2453755049169	75.0942468627978	78.3074404511704	2898.4544389358
9	84878	85124	246	85001	83.0891630662982	60.9535601677364	144.042723234035	0.579822	143.462901234035	90.7639721020019	62.8493118015654	153.613283903567	1.994022	151.619261903567	165.073154139516	162.097828578502	6371.42039974096
9	88694	88881	187	88787.5	29.2252959976968	33.8301214174848	63.0554174151815	0.440759	62.6146584151815	32.7717925922059	38.856958331431	71.6287509236369	1.854959	69.7737919236369	72.0464947457113	74.59593207691	2780.81865428395
9	89741	89880	139	89810.5	9.84526815163047	14.8978057655764	24.7430739172069	0.327623	24.4154509172069	12.2041323990724	18.2163961526953	30.4205285517677	1.741823	28.6787055517677	28.0932245059444	30.6607210589144	1084.32982119186
9	92853	92989	136	92921	14.4975948651922	20.6499624347667	35.1475572999589	0.320552	34.8270052999589	22.2711065892216	38.297543094862	60.5686496840836	1.734752	58.8338976840836	40.0731029739832	62.8999702390406	1546.72385767563
9	93262	93548	286	93405	56.6657433821858	66.2284038365435	122.894147218729	0.674102	122.220045218729	67.9059495271844	82.4621459884848	150.368095515669	2.088302	148.279793515669	140.630422149469	158.527566017607	5427.99066982157
9	96456	96848	392	96652	78.4136357208301	99.3910070731025	177.804642793933	0.923944	176.880698793933	84.9075125919569	110.426807650788	195.334320242745	2.338144	192.996176242745	203.524776127901	206.334344991075	7855.55905340033
9	99707	99769	62	99738	5.36574614468141	5.49074954934914	10.8564956940305	0.146134	10.7103616940305	13.5795698613124	28.6622806630733	42.2418505243857	1.560334	40.6815165243857	12.3236960329172	43.493058923328	475.664554382797
9	102354	102668	314	102511	117.293394673273	111.455135658947	228.74853033222	0.740098	228.00843233222	124.447189518321	114.614321704434	239.061511222755	2.154298	236.907213222755	262.354035585032	253.280119925773	10126.2247213624
9	113343	113700	357	113521.5	42.5634592839148	39.691781069164	82.2552403530788	0.841449	81.4137913530788	43.6519889317614	42.7861653496709	86.4381542814323	2.255649	84.1825052814323	93.6773982228715	90.0004467710534	3615.71867420314
9	114593	114740	147	114666.5	12.9001513562623	14.745201609158	27.6453529654204	0.346479	27.2988739654204	15.2478152986461	16.5876517912367	31.8354670898827	1.760679	30.0747880898827	31.4109863328206	32.1532883297453	1212.38732088302
9	122271	122487	216	122379	35.3246621236921	51.8358118312722	87.1604739549643	0.509112	86.6513619549643	47.3154887130395	55.1539022047724	102.469390917812	1.923312	100.546078917812	99.7039200054697	107.494924193906	3848.32768943209
9	127272	127418	146	127345	14.6019977087707	17.6127797122358	32.2147774210065	0.344122	31.8706554210065	17.1109660445376	20.3693547919686	37.4803208365062	1.758322	35.7219988365062	36.6714291261739	38.1907837512378	1415.42755901232
9	129965	130266	301	130115.5	59.7731280167781	137.65334920921	197.426477225988	0.709457	196.717020225988	67.0383258960666	141.989467310324	209.027793206391	2.123657	206.904136206391	226.349102954897	221.203498697268	8736.52229853812
9	131884	132141	257	132012.5	52.5611315865162	66.873021393734	119.43415298025	0.605749	118.82840398025	60.3207429319465	72.3405703111768	132.661313243123	2.019949	130.641364243123	136.727887681467	139.670126344581	5277.36237505291
9	134061	134222	161	134141.5	18.1368939873266	23.5355410281166	41.6724350154432	0.379477	41.2929580154432	21.2584790086892	25.9396065066864	47.1980855153756	1.793677	45.4044085153756	47.5130418019367	48.5423549477156	1833.88731722391
9	136036	136268	232	136152	45.4396376212337	30.8777410046804	76.3173786259141	0.546824	75.7705546259141	48.2907152748953	34.6654441688364	82.9561594437317	1.961024	80.9951354437317	87.1841035934162	86.5927944511491	3365.09336762741
9	138174	138318	144	138246	14.188786454301	17.347472486169	31.53625894047	0.339408	31.19685094047	18.871113984983	27.7484557735903	46.6195697585734	1.753608	44.8659617585734	35.8961274285313	47.9666955691711	1385.50280790386
9	141767	142208	441	141987.5	84.1947931799033	122.146526856093	206.341320035996	1.039437	205.301883035996	89.1547282716714	125.574520222977	214.729248494648	2.453637	212.275611494648	236.227129745888	226.946202292827	9117.78999608336
9	142570	142814	244	142692	30.0459183486595	24.0789558288882	54.1248741775476	0.575108	53.5497661775476	35.0233539170811	25.0984835973582	60.1218375144392	1.989308	58.1325295144392	61.6161302352378	62.1501297774392	2378.23207038311
9	148945	149108	163	149026.5	9.02854590689338	23.1103294467988	32.1388753536922	0.384191	31.7546843536922	10.5736879913103	25.686199604744	36.2598875960542	1.798391	34.4614965960542	36.5379889844661	36.8431668750551	1410.27709559837
9	150063	150477	414	150270	89.9705504918949	103.804027268768	193.774577760663	0.975798	192.798779760663	98.7885906653278	109.130372340299	207.918963005626	2.389998	205.528965005626	221.840646017775	219.733287968308	8562.50687701018
9	151383	151473	90	151428	12.9655531375845	4.3234177552	17.2889708927845	0.21213	17.0768408927845	19.2671247709704	7.68680936255183	26.9539341335222	1.62633	25.3276041335222	19.6491773459398	27.0780214967083	758.410233527367
9	154932	155226	294	155079	34.7995478213639	16.0226364021385	50.8221842235025	0.692958	50.1292262235025	38.3329440590639	17.3370722029006	55.6700162619645	2.107158	53.5628582619645	57.6803439502988	57.264643737975	2226.32033673024
9	160243	160864	621	160553.5	240.518750913009	254.196923459924	494.715674372933	1.463697	493.251977372933	248.846777740145	266.293352925534	515.140130665679	2.877897	512.262233665679	567.552022091594	547.665215471056	21906.1212607131
9	165980	166306	326	166143	50.9484876635787	37.2803153890379	88.2288030526166	0.768382	87.4604210526166	52.8782402234773	40.4799025349131	93.3581427583904	2.182582	91.1755607583904	100.634850134346	97.4767996678567	3884.25931771395
9	169792	169987	195	169889.5	49.3464440293571	32.6027879890951	81.9492320184522	0.459615	81.4896170184522	51.9802157643443	38.1508390991439	90.1310548634883	1.873815	88.2572398634883	93.7646457387118	94.3567905461939	3619.08621512856
9	173234	173406	172	173320	10.3149809450099	32.2445782326793	42.5595591776892	0.405404	42.1541551776892	16.8920600822835	43.7689921185304	60.6610522008139	1.819604	58.8414482008139	48.5039637105633	62.9080425799244	1872.13448161647
9	173652	173810	158	173731	26.8745319708773	27.99536249849	54.8698944693673	0.372406	54.4974884693673	31.1477483587627	36.240787075821	67.3885354345837	1.786606	65.6019294345837	62.7066108167214	70.1357477829531	2420.32195628008
9	177359	177912	553	177635.5	311.419081996966	274.369572894307	585.788654891274	1.303421	584.485233891274	332.845365576082	303.374862899789	636.22022847587	2.717621	633.50260747587	672.528021366375	677.284639045201	25957.9383278132
9	180237	180357	120	180297	11.6655177290401	12.2204328430411	23.8859505720812	0.28284	23.6031105720812	16.1060386737328	16.9028603764468	33.0088990501796	1.69704	31.3118590501796	27.1585188653139	33.4758545653546	1048.2524673816
9	183198	183760	562	183479	70.229212804977	73.6650063843124	143.894219189289	1.324634	142.569585189289	73.375098488207	76.1870750768885	149.562173565095	2.738834	146.823339565095	164.045275183485	156.970455002499	6331.74678362176
9	187732	187952	220	187842	55.3653079627465	125.65842250819	181.023730470936	0.51854	180.505190470936	58.7797009592027	133.54123720926	192.320938168463	1.93274	190.388198168463	207.695236003792	203.546126808808	8016.52861424783
9	188829	189001	172	188915	24.5799694747964	28.0918651268935	52.6718346016899	0.405404	52.2664306016899	30.624334102738	33.4026097735211	64.0269438762591	1.819604	62.2073398762591	60.1394819205582	66.5065545695628	2321.2370535711
9	193195	193441	246	193318	49.435646458928	67.0905273178559	116.526173776784	0.579822	115.946351776784	60.0314350521835	77.3379064216215	137.369341473805	1.994022	135.375319473805	133.411703193849	144.731250200793	5149.36575680295
9	197654	197789	135	197721.5	46.8272754157693	34.7717470641658	81.5990224799351	0.318195	81.2808274799351	54.7081900650891	45.1752304196805	99.8834204847697	1.732395	98.1510254847697	93.524405597338	104.934346098805	3609.81353268928
9	199485	199611	126	199548	20.9049693802889	27.4838485665897	48.3888179468785	0.296982	48.0918359468785	25.3033891782895	32.1144746891011	57.4178638673906	1.711182	55.7066818673906	55.3360553831323	59.5566292478103	2135.83652621856
9	202130	202252	122	202191	9.21695103840859	18.6424077558029	27.8593587942115	0.287554	27.5718047942115	11.2762071255429	24.0158541102119	35.2920612357548	1.701754	33.5903072357548	31.7250295619964	35.9117687016815	1224.50862217639
9	203337	203470	133	203403.5	11.1670041512252	15.1616129507872	26.3286171020124	0.313481	26.0151361020124	13.6330713185102	19.0926200180542	32.7256913365644	1.727681	30.9980103365644	29.9338751327941	33.1403154370112	1155.37443782767
9	204796	205012	216	204904	15.6319257605091	51.3714991849743	67.0034249454834	0.509112	66.4943129454834	18.2592973211773	63.4074270027259	81.6667243239031	1.923312	79.7434123239031	76.5105534311261	85.2545634298507	2953.12041178144
9	212060	212456	396	212258	102.494691606917	94.2208662560452	196.715557862962	0.933372	195.782185862962	107.680132840705	96.7384348260533	204.418567666759	2.347572	202.070995666759	225.273451650097	216.036334731074	8695.00478648636
9	216001	216176	175	216088.5	86.7560629401833	65.166174905039	151.922237845222	0.412475	151.509762845222	96.9852415482293	73.5770039874263	170.562245535656	1.826675	168.735570535656	174.332138975714	180.397063304401	6728.79459043696
9	220749	220944	195	220846.5	35.4208647439244	45.1587299702644	80.5795947141888	0.459615	80.1199797141888	37.0796099225034	48.7026264939564	85.7822364164598	1.873815	83.9084214164598	92.1886958039403	89.7074206818702	3558.25839842078
9	222680	222821	141	222750.5	30.9258423147966	49.0465358608783	79.9723781756748	0.332337	79.6400411756749	37.1586120742534	55.9096227880316	93.068234862285	1.746537	91.321697862285	91.6364626644727	97.6330364607197	3536.94354859823
9	231192	231298	106	231245	10.2947803948156	11.8646231519949	22.1594035468105	0.249842	21.9095615468105	14.1698859395153	15.7510290044765	29.9209149439918	1.664042	28.2568729439918	25.2098654023863	30.2097351558991	973.039205174051
9	232688	232792	104	232740	16.691354615749	10.314580934115	27.005935549864	0.245128	26.760807549864	26.9945352393583	24.5645690553414	51.5591042946997	1.659328	49.8997762946997	30.7918693374969	53.3484023228416	1188.49091765262
9	237828	238026	198	237927	35.5618685843896	50.3453712367379	85.9072398211275	0.466686	85.4405538211275	39.5597774738349	58.3759899634878	97.9357674373227	1.880886	96.0548814373227	98.3107241618685	102.693335331354	3794.55373409074
9	240919	241121	202	241020	39.0204627847364	35.2311595770007	74.2516223617371	0.476114	73.7755083617371	40.4359013364701	40.8669130757644	81.3028144122344	1.890314	79.4125004122344	84.888537446007	84.900781847888	3276.49012346697
9	241875	241976	101	241925.5	19.9731440005337	26.8907324121222	46.863876412656	0.238057	46.625819412656	32.3293805424059	41.2334230582502	73.562803600656	1.652257	71.910546600656	53.6492083220233	76.8803601172605	2070.72835140711
9	244547	244636	89	244591.5	18.0894926962766	19.8253399748546	37.9148326711313	0.209773	37.7050596711313	26.9608343214599	33.2547057451183	60.2155400665782	1.623973	58.5915670665782	43.3846874236759	62.6408918976574	1674.54292570171
9	248566	248769	203	248667.5	50.4242733857641	61.493974886796	111.91824827256	0.478471	111.43977727256	58.7927013132882	94.11146327628	152.904164589568	1.892671	151.011493589568	128.226289673155	161.448056757025	4949.2214652671
9	249053	249902	849	249477.5	279.097801675183	281.451465780991	560.549267456174	2.001093	558.548174456174	293.802102170334	309.113219193104	602.915321363438	3.415293	599.500028363438	642.683983826165	640.932105923785	24806.0314015445
9	254071	254316	245	254193.5	93.9761595910677	57.8443754841169	151.820535075185	0.577465	151.243070075185	113.12578116165	109.227874995939	222.35365615759	1.991665	220.36199115759	174.025273463044	235.591440160149	6716.95033146223
9	254554	254997	443	254775.5	169.635120283916	114.104007805218	283.739128089134	1.044151	282.694977089134	203.566144449648	150.543300287652	354.1094447373	2.458351	351.6510937373	325.278180812579	375.9540707191	12554.9429743632
9	258360	258711	351	258535.5	59.1190102008328	55.9889249479528	115.107935148786	0.827307	114.280628148786	71.0842360929043	63.411527114399	134.495763207303	2.241507	132.254256207303	131.495066552368	141.394486968969	5075.38826567132
9	260938	261137	199	261037.5	30.7803383517633	38.469847787856	69.2501861396193	0.469043	68.7811431396193	34.8921503435418	42.2958519952022	77.188002338744	1.883243	75.304759338744	79.1418558088166	80.5091504679712	3054.68225407189
9	267579	268635	1056	268107	1156.94921136288	1170.64228431563	2327.59149567851	2.488992	2325.10250367851	1220.77404973447	1200.57099947208	2421.34504920655	3.903192	2417.44185720655	2675.33976155811	2584.51380680902	103261.577704045
9	268856	268980	124	268918	39.2744697030212	5.66035416880231	44.9348238718235	0.292268	44.6425558718235	191.080804391436	37.0996104672502	228.180414858686	1.706468	226.473946858686	51.3671997653927	242.125799548772	1982.64839712326
9	270674	271054	380	270864	292.678871577352	245.157177247972	537.836048825324	0.89566	536.940388825324	301.000398227444	248.169159284122	549.169557511566	2.30986	546.859697511566	617.821351763286	584.6537464356	23846.3945548238
9	273872	274045	173	273958.5	49.2391411067903	80.3141874853983	129.553328592189	0.407761	129.145567592189	56.7461455720681	98.3421785065784	155.088324078647	1.821961	153.266363078647	148.599157009959	163.858762648338	5735.56436413254
9	274943	275106	163	275024.5	28.0879650206679	55.1937032888186	83.2816683094865	0.384191	82.8974773094865	40.1686940586523	72.8998855450221	113.068579603674	1.798391	111.270188603674	95.3845763049401	118.9601883806	3681.61157674555
9	276280	276537	257	276408.5	171.343966827086	162.562727655987	333.906694483073	0.605749	333.300945483073	194.019584433812	187.025993952186	381.045578385998	2.019949	379.025629385998	383.507080055628	405.220489321117	14802.4362050194
9	277544	277802	258	277673	99.1567006913934	72.9301863703136	172.086887061707	0.608106	171.478781061707	126.2382383004	89.7414442518199	215.97968255222	2.022306	213.95737655222	197.309151107144	228.744195902537	7615.6511152451
9	282919	283057	138	282988	8.67073616137247	12.211432597905	20.8821687592775	0.325266	20.5569027592775	10.7252921204913	17.0170634869512	27.7423556074425	1.739466	26.0028896074425	23.6534515099309	27.7999766600483	912.965431964088
9	285243	285528	285	285385.5	80.9687053122385	87.77229061877	168.740995931009	0.671745	168.069250931009	84.8594112818407	90.7348713093953	175.594282591236	2.085945	173.508337591236	193.38603308871	185.499681311555	7464.22834572488
9	289104	289225	121	289164.5	16.5148498083582	26.3431174969538	42.857967305312	0.285197	42.572770305312	22.235205611401	32.6158883459043	54.8510939573053	1.699397	53.1516969573053	48.9856361073489	56.8250666430597	1890.72585918401
9	291820	292188	368	292004	238.532096803306	216.802004949486	455.334101752793	0.867376	454.466725752793	269.856049961288	249.141185758818	518.997235720107	2.281576	516.715659720107	522.924430122107	552.42642248456	20183.6052565336
9	300095	300419	324	300257	60.4404461922563	97.9238671131983	158.364313305455	0.763668	157.600645305455	78.8957488519526	107.190919516198	186.08666836815	2.177868	183.90880036815	181.340509575744	196.618931010987	6999.30057090811
9	301349	301579	230	301464	214.022929256913	155.335430808994	369.358360065907	0.54211	368.816250065907	245.680491501273	168.640093182761	414.320584684034	1.95631	412.364274684034	424.37216292573	440.863203463847	16379.7285515121
9	307992	308172	180	308082	39.58267809757	50.2039673853777	89.7866454829477	0.42426	89.3623854829477	52.8508394771741	64.7766642960943	117.627503773268	1.83846	115.789043773268	102.823313248331	123.791346384244	3968.72864648644
9	310858	311052	194	310955	68.3972629088905	93.8613564642208	162.258619373111	0.457258	161.801361373111	87.1626740148865	105.620376739952	192.783050754839	1.871458	190.911592754839	186.173992273835	204.105693745594	7185.86119262122
9	312624	312797	173	312710.5	63.4700287077835	14.3406905916533	77.8107192994367	0.407761	77.4029582994367	74.761436247334	16.0556373009708	90.8170735483048	1.821961	88.9951125483048	89.0624011943947	95.1456583884092	3437.59106547563
9	314915	314981	66	314948	9.82526760688363	7.38250107422871	17.2077686811123	0.155562	17.0522066811123	20.2718521363278	16.4756487406544	36.7475008769821	1.569762	35.1777388769821	19.6208324080815	37.6089094134165	757.316188185823
9	321129	321399	270	321264	22.6225161604235	32.4932850066062	55.1158011670297	0.63639	54.4794111670297	34.1801309505544	44.0152988270877	78.1954297776421	2.05059	76.1448397776421	62.685810475382	81.4072897496627	2419.51911392923
9	325816	325903	87	325859.5	17.8165852632061	15.7292284107024	33.5458136739085	0.205059	33.3407546739085	43.1379749317677	35.9196783299105	79.0576532616783	1.619259	77.4383942616783	38.3629738982875	82.7902431447505	1480.71705398987
9	332357	333785	1428	333071	1508.6772912399	1654.65116707197	3163.32845831187	3.365796	3159.96266231187	1519.40058330592	1665.25085577145	3184.65143907736	4.779996	3179.87144307736	3635.95744365981	3399.63570334133	140339.07299999
9	334613	334839	226	334726	223.336282921002	70.7261263392122	294.062409260214	0.532682	293.529727260214	243.54093322698	77.8983216854279	321.439254912408	1.946882	319.492372912408	337.745002336954	341.572826870988	13036.1318229946
9	337164	339371	2207	338267.5	2619.09913535549	1853.1223727528	4472.2215081083	5.201899	4467.0196091083	2640.231710935	1855.678242366	4495.909953301	6.616099	4489.293854301	5139.90035148988	4799.55367475564	198387.594414293
9	342321	342473	152	342397	39.5608775037959	38.2928429668465	77.8537204706424	0.358264	77.4954564706424	50.8255843161094	47.4922935286016	98.317877844711	1.772464	96.545413844711	89.1688326463012	103.217768949397	3441.69905945797
9	343698	344046	348	343872	110.847619112262	90.5589665183468	201.406585630609	0.820236	200.586349630609	121.369705698125	98.9561952303063	220.325900928432	2.234436	218.091464928432	230.801281209563	233.16399547498	8908.3655004381
9	345407	345554	147	345480.5	45.3758358834913	26.8417310774925	72.2175669609838	0.346479	71.8710879609838	54.66348884758	30.2088227856225	84.8723116332024	1.760679	83.1116326332024	82.6972484113098	88.8555649876783	3191.91172106
9	348527	348667	140	348597	40.3996003477546	25.1527850763458	65.5523854241004	0.32998	65.2224054241004	51.503302774856	33.3579085560119	84.8612113308679	1.74418	83.1170313308679	75.0470546135052	88.8613367950183	2896.6329334256
9	348972	349044	72	349008	20.6685629413813	13.8292766624766	34.4978396038579	0.169704	34.3281356038579	36.3433898703723	20.2629518939154	56.6063417642877	1.583904	55.0224377642877	39.499087019115	58.8250963150015	1524.56824440412
9	353755	353851	96	353803	5.14644017153234	5.32024490538235	10.4666850769147	0.226272	10.2404130769147	10.6898911562894	7.88501476099298	18.5749059172824	1.640472	16.9344339172824	11.7829576270748	18.1047904582433	454.79337319124
9	370440	370578	138	370509	17.7803842772143	16.6327530196408	34.4131372968551	0.325266	34.0878712968551	29.9616160525516	24.7556742603974	54.7172903129489	1.739466	52.9778243129489	39.2226309692028	56.6391774773593	1513.89771638747
9	378299	378398	99	378348.5	7.69150949056734	8.11842111818857	15.8099306087559	0.233343	15.5765876087559	12.3765370947901	16.4774487896816	28.8539858844717	1.647543	27.2064428844717	17.9229363493301	29.0867087700427	691.781549063188
9	394042	395428	1386	394735	113.241384310287	345.247003354529	458.488387664816	3.266802	455.221585664816	137.139135203769	368.606939599769	505.746074803537	4.681002	501.065072803537	523.792996877271	535.694207043698	20217.1298109727
9	407983	408167	184	408075	36.9673068637499	17.1005657612693	54.0678726250192	0.433688	53.6341846250192	41.2204227041647	20.840967637099	62.0613903412637	1.847888	60.2135023412637	61.7132648900637	64.3749208252525	2381.98123071451
9	410483	410628	145	410555.5	16.5549509005756	8.79173945709083	25.3466903576664	0.341765	25.0049253576664	23.0332273467998	14.2701886714207	37.3034160182205	1.755965	35.5474510182205	28.7714932732304	38.0041727496275	1110.50933828487
10	5297	5620	323	5458.5	12.5651422317528	9.73736521272128	22.3025074444741	0.761311	21.5411964444741	15.9798352363803	11.6914184344873	27.6712536708675	2.175511	25.4957426708675	24.786012344944	27.2577802652305	301.248267884671
10	6624	6801	177	6712.5	32.8911958443445	51.5400037744664	84.431199618811	0.417189	84.014010618811	35.6281703902254	58.2267858996764	93.8549562899018	1.831389	92.0235672899018	96.6692964206399	98.3834128227592	1174.91501654513
10	21673	21872	199	21772.5	81.628423280713	106.244093727882	187.872517008595	0.469043	187.403474008595	84.9019124394277	111.161227653892	196.06314009332	1.883243	194.17989709332	215.632628959846	207.599874034762	2620.79091503488
10	31184	31689	505	31436.5	114.811227067466	59.0438081525847	173.855035220051	1.190285	172.664750220051	119.478154178693	63.3887264933876	182.866880672081	2.604485	180.262395672081	198.673766404869	192.720519450804	2414.67353322768
10	36439	36720	281	36579.5	82.6046498698061	73.5396029687497	156.144252838556	0.662317	155.481935838556	92.5590209930305	80.1747836885128	172.733804681543	2.076517	170.657287681543	178.90265246148	182.451592343651	2174.37615312848
10	54170	54317	147	54243.5	33.4136100731319	10.3013805745821	43.714990647714	0.346479	43.368511647714	37.377718041955	11.7905211337078	49.1682391756628	1.760679	47.4075601756628	49.9012423870186	50.6839465263139	606.497835358698
10	58895	59140	245	59017.5	14.0855836434074	29.2223959187085	43.3079795621158	0.577465	42.7305145621158	14.9912083095441	32.529485992598	47.5206943021421	1.991665	45.5290293021421	49.1671418610596	48.6755884081412	597.575604996641
10	60181	60323	142	60252	9.17424987537409	33.5989151202113	42.7731649955854	0.334694	42.4384709955854	26.0772102545446	63.1356195996163	89.212829854161	1.748894	87.463935854161	48.8311068843607	93.508660462324	593.491448446149
10	60542	60771	229	60656.5	56.6674434284893	69.044880547793	125.712323976282	0.539753	125.172570976282	66.3350067400441	98.091771686348	164.426778426392	1.953953	162.472825426392	144.027695836848	173.701493293	1750.50723345264
10	63608	63719	111	63663.5	6.57957920536694	7.26639791197332	13.8459771173403	0.261627	13.5843501173403	8.62973504464146	8.18512293491927	16.8148579795607	1.675827	15.1390309795607	15.6306020686613	16.1853053349531	189.973753488398
10	68899	69162	263	69030.5	64.0490444782044	46.7247726239417	110.773817102146	0.619891	110.153926102146	69.0649810952636	50.6245788414037	119.689559936667	2.034091	117.655468936667	126.746746832265	125.786762153934	1540.47522497201
10	73604	73675	71	73639.5	2.97838112097522	8.82304030961964	11.8014214305949	0.167347	11.6340744305949	8.51123181701645	12.8191491500376	21.3303809670541	1.581547	19.7488339670541	13.386550426854	21.1136966558568	162.699633685254
10	75649	75766	117	75707.5	11.1044024461676	19.9612436764094	31.065646122577	0.275769	30.789877122577	17.11986628695	25.3463903494952	42.4662566364452	1.689969	40.7762876364452	35.4278499073468	43.5943797666295	430.588763974508
10	79489	79628	139	79558.5	32.2645787774261	31.9201693968856	64.1847481743117	0.327623	63.8571251743117	40.387000004564	52.788437777564	93.175437782128	1.741823	91.433614782128	73.4761180495683	97.7526880766159	893.025993260963
10	79869	80046	177	79957.5	36.8774044151128	43.3295801504424	80.2069845655552	0.417189	79.7897955655553	43.4562836014136	53.3037518129663	96.7600354143799	1.831389	94.9286464143799	91.808775013318	101.489265021315	1115.8404209791
10	83072	83373	301	83222.5	25.6485985806199	31.0117446544842	56.6603432351042	0.709457	55.9508862351042	30.2104228292022	33.7311187209879	63.9415415501901	2.123657	61.8178845501901	64.3789383058896	66.0901835762502	782.459210582113
10	85451	85597	146	85524	23.3853369370679	29.4691026381607	52.8544395752286	0.344122	52.5103175752286	26.0686100203035	30.95164301752	57.0202530378235	1.758322	55.2619310378235	60.4201063302785	59.0811412205887	734.343714676513
10	94552	94978	426	94765	102.961104310413	128.132689898821	231.093794209234	1.004082	230.089712209234	108.041042670662	138.692477511532	246.733520182194	2.418282	244.315238182194	264.748824976509	261.200121282488	3217.74732614237
10	96552	96699	147	96625.5	11.8579229695047	20.6236617184246	32.4815846879293	0.346479	32.1351056879293	12.9980540227981	23.5934426051587	36.5914966279568	1.760679	34.8308176279568	36.9757143406683	37.2380120719527	449.401450459493
10	97318	97644	326	97481	49.5726501904438	28.1798675237796	77.7525177142234	0.768382	76.9841357142234	55.1359017145002	30.5834329887307	85.719334703231	2.182582	83.536752703231	88.5804900900511	89.3100655529205	1076.60396665003
10	100942	101123	181	101032.5	26.7242278771048	44.3113068893409	71.0355347664457	0.426617	70.6089177664457	37.6897265400056	57.7560730790596	95.4457996190652	1.840817	93.6049826190652	81.2449536836756	100.074121428775	987.448131267077
10	104542	104911	369	104726.5	26.9811348743779	32.7937931914274	59.7749280658053	0.869733	58.9051950658053	31.7151638132305	40.2809971174058	71.9961609306363	2.283933	69.7122279306363	67.7782636561452	74.5301133315954	823.774483869703
10	106149	106330	181	106239.5	42.3871544819715	46.7599735826962	89.1471280646676	0.426617	88.7205110646676	46.2289591196676	49.2327409324713	95.461700052139	1.840817	93.620883052139	102.084751335282	100.091120757504	1240.73425322344
10	109631	109820	189	109725.5	22.3211079510887	32.4414835957119	54.7625915468005	0.445473	54.3171185468005	24.8275762187623	39.1743669765633	64.0019431953256	1.859673	62.1422701953256	62.4990712244373	66.4369878545347	759.611376317379
10	111372	111565	193	111468.5	38.3410442796864	40.7776106434698	79.1186549231561	0.454901	78.6637539231561	40.3845999391944	45.059927279215	85.4445272184094	1.869101	83.5754262184094	90.5131142954294	89.3514118354127	1100.09300902763
10	123164	123718	554	123441	154.402105388383	107.142618200634	261.544723589017	1.305778	260.238945589017	158.740223543971	114.397115788483	273.137339332455	2.719978	270.417361332455	299.439529026682	289.10618961988	3639.37684691304
10	129041	129191	150	129116	8.94824371973483	24.6940725825771	33.642316302312	0.35355	33.288766302312	10.034673310383	30.409528252157	40.44420156254	1.76775	38.67645156254	38.3031543602453	41.3494218128879	465.53510685622
10	134031	134256	225	134143.5	24.0794558425068	55.7786192199398	79.8580750624467	0.530325	79.3277500624467	27.3463448214552	68.8387749341769	96.1851197556321	1.944525	94.2405947556321	91.2771301915693	100.753661388686	1109.37882968105
10	136032	136474	442	136253	82.9106582044327	177.336030030514	260.246688234947	1.041794	259.204894234947	85.320523840979	187.110596256465	272.431120097444	2.455994	269.975126097444	298.249715373882	288.6333910426	3624.91589623556
10	136950	137308	358	137129	98.6877879198038	49.3621444569834	148.049932376787	0.843806	147.206126376787	111.175928054281	51.9873159577295	163.163244012011	2.258006	160.905238012011	169.380232664022	172.025568263502	2058.64101872554
10	140120	140380	260	140250	49.2454412783856	53.838066365878	103.083507644264	0.61282	102.470687644264	52.2103220316567	57.1384562572773	109.348778288934	2.02702	107.321758288934	117.906158810281	114.738877893546	1433.02704849082
10	142638	143179	541	142908.5	146.980303243726	173.701331033672	320.681634277398	1.275137	319.406497277398	154.614711179041	179.777296522313	334.392007701355	2.689337	331.702670701355	367.519668880963	354.626991183858	4466.82032281495
10	144920	145124	204	145022	41.2257228485226	40.6977084672061	81.9234313157288	0.480828	81.4426033157288	43.785692573394	43.6045876407114	87.3902802141055	1.895028	85.4952522141055	93.7105502190368	91.4039190250916	1138.95452576755
10	146027	146343	316	146185	155.772742719883	193.893080988288	349.665823708172	0.744812	348.921011708171	165.57880980381	207.559153205631	373.137963009441	2.159012	370.978951009441	401.480044337445	396.617696537842	4879.5734571474
10	146821	147071	250	146946	167.342157831415	127.68437768832	295.026535519735	0.58925	294.437285519735	190.634092224515	133.618739320154	324.252831544669	2.00345	322.249381544669	338.789268855865	344.520375269859	4117.63211445195
10	150534	150865	331	150699.5	155.563737027279	156.372159045946	311.935896073225	0.780167	311.155729073225	159.673948975478	166.822743684339	326.496692659817	2.194367	324.302325659817	358.026062381851	346.715200512248	4351.43538416347
10	154748	154988	240	154868	61.4383733723998	174.544253992027	235.982627364427	0.56568	235.416947364427	64.5087569992104	178.723567822326	243.232324821537	1.97988	241.252444821536	270.878517756638	257.925655050994	3292.24738314956
10	156198	156367	169	156282.5	28.877586527273	41.3673267053302	70.2449132326033	0.398333	69.8465802326033	35.0117536011279	51.7691100145415	86.7808636156693	1.812533	84.9683306156693	80.3677829297884	90.840581320731	976.787030700751
10	157441	157572	131	157506.5	56.6862439405513	30.0021171556639	86.6883610962152	0.308767	86.3795940962152	68.4457642299015	50.6199787161119	119.065742946013	1.722967	117.342775946013	99.3912149280485	125.452458621782	1207.99711237679
10	157975	158093	118	158034	21.7128913853374	30.8182393840586	52.5311307693959	0.278126	52.2530047693959	30.4008280151921	40.0391905314165	70.4400185466087	1.692326	68.7476925466087	60.1240337143345	73.4989178926052	730.745259165399
10	159886	160472	586	160179	269.690945464403	354.726861553635	624.417807018038	1.381202	623.036605018038	287.37872721944	379.131226245554	666.509953464994	2.795402	663.714551464994	716.886502712829	709.584562262655	8713.01176674322
10	161666	161925	259	161795.5	129.605230005807	99.0206969871149	228.625926992922	0.610463	228.015463992921	137.776352559403	102.541992895243	240.318345454646	2.024663	238.293682454646	262.36212644616	254.762409504675	3188.73948138604
10	165393	165579	186	165486	30.5760327871744	18.8406131542441	49.4166459414185	0.438402	48.9782439414185	38.6375523555582	30.5748327544896	69.2123851100478	1.852602	67.3597831100478	56.3559857083562	72.015088574974	684.948544497869
10	172497	172803	306	172650	311.069472474792	502.192978029262	813.262450504054	0.721242	812.541208504054	367.766116698611	556.722363224314	924.488479922926	2.135442	922.353037922926	934.936760670205	986.097826575509	11363.1864542768
10	173025	173530	505	173277.5	233.055847648898	144.19632741769	377.252175066589	1.190285	376.061890066589	253.803012731135	165.599910378518	419.402923109653	2.604485	416.798438109653	432.709235704711	445.603816588004	5259.13188211312
10	177552	177867	315	177709.5	288.4622567311	277.035945517232	565.498202248331	0.742455	564.755747248331	292.697472083966	291.459838375032	584.157310458998	2.156655	582.000655458998	649.826622177529	622.223332950736	7897.96848448111
10	180151	180763	612	180457	387.457253018215	435.373158084554	822.830411102769	1.442484	821.387927102769	412.864345021017	461.212961872954	874.077306893971	2.856684	871.220622893971	945.116087383335	931.431596558904	11486.9056107868
10	181769	182002	233	181885.5	73.1398920819842	166.0279220361	239.167814118084	0.549181	238.618633118084	78.7279442815267	178.448860340228	257.176804621755	1.963381	255.213423621755	274.562483167721	272.851491781325	3337.02216110056
10	184250	184439	189	184344.5	42.1917491597949	52.5764320032475	94.7681811630424	0.445473	94.3227081630424	53.9464693184059	60.7206538241595	114.667123142565	1.859673	112.807450142565	108.530824411912	120.603691681454	1319.07958453241
10	186703	186919	216	186811	47.1078830585674	55.9361235098212	103.044006568389	0.509112	102.534894568389	49.220840608347	61.3270703408836	110.547910949231	1.923312	108.624598949231	117.98003741856	116.131759242304	1433.92496633529
10	187820	187972	152	187896	30.3349262202513	38.2591420489481	68.5940682691993	0.358264	68.2358042691993	33.782620123711	43.9675975278665	77.7502176515775	1.772464	75.9777536515775	78.5143708866467	81.2286561256718	954.260729983125
10	189389	189720	331	189554.5	213.169005998947	245.503986693882	458.67299269283	0.780167	457.89282569283	231.789413155529	275.01639051142	506.805803666949	2.194367	504.611436666949	526.866613910629	539.485663844047	6403.51713853702
10	190204	190276	72	190240	9.25295201895289	5.04313735791493	14.2960893768678	0.169704	14.1263853768678	34.5652414396547	22.156203459651	56.7214448993057	1.583904	55.1375408993057	16.2542857469879	58.9481543487549	197.553981610174
10	191131	191663	532	191397	197.791687173065	293.497193865668	491.288881038734	1.253924	490.034957038734	225.734348236148	312.649015496173	538.383363732321	2.668124	535.715239732321	563.850412205489	572.739083456635	6853.0168410737
10	192243	192489	246	192366	237.118858311495	104.782453917784	341.901312229278	0.579822	341.321490229278	251.621253307426	118.739434058469	370.360687365895	1.994022	368.366665365895	392.735783837475	393.824873085668	4773.29604176938
10	195159	196138	979	195648.5	349.185210617905	438.804051530427	787.989262148332	2.307503	785.681759148332	356.168600821711	447.431486512422	803.600087334133	3.721703	799.878384334133	904.031390811787	855.158820848953	10987.5637438297
10	204681	205244	563	204962.5	138.973785173396	73.2794958843171	212.253281057713	1.326991	210.926290057713	145.773970387321	74.7129349263229	220.486905313644	2.741191	217.745714313644	242.698758294126	232.794349671517	2949.75163960895
10	207574	207812	238	207693	94.0472615276427	46.0914553745331	140.138716902176	0.560966	139.577750902176	100.570639202271	47.8600035437722	148.430642746043	1.975166	146.455476746043	160.602771803249	156.577168797075	1951.96008740289
10	211664	211911	247	211787.5	142.731687525879	163.068241424463	305.799928950343	0.582179	305.217749950343	147.603820226209	168.935601231395	316.539421457604	1.996379	314.543042457604	351.193627413665	336.281442982367	4268.39422486136
10	220268	220423	155	220345.5	21.8738957705494	58.7188993031723	80.5927950737217	0.365335	80.2274600737217	45.7233453484676	112.286858312244	158.010203660712	1.779535	156.230668660712	92.312366256744	167.027934507264	1121.96105013448
10	220795	220926	131	220860.5	25.6155976817876	14.3163899297859	39.9319876115735	0.308767	39.6232206115735	49.1316381787761	28.1657671397331	77.2974053185091	1.722967	75.5744383185092	45.5917867773233	80.797467245697	554.120872905865
10	224027	224090	63	224058.5	12.9159517866123	3.92740696921263	16.843358755825	0.148491	16.694867755825	35.7997750641533	16.6143525184737	52.4141275826269	1.562691	50.8514365826269	19.2096664342539	54.3658328542969	233.473568052255
10	224392	224724	332	224558	80.1684835169176	20.9379702791212	101.106453796039	0.782524	100.323929796039	98.4590816906237	26.0681100066848	124.527191697308	2.196724	122.330467697308	115.436028301752	130.784854996446	1403.00517458922
10	227097	227259	162	227178	19.6834361098758	14.3856918173337	34.0691279272095	0.381834	33.6872939272095	22.0132995674348	15.9370340706221	37.9503336380569	1.796034	36.1542996380569	38.7617134127089	38.6529613159108	471.108416445315
10	228537	228646	109	228591.5	16.9776624138	13.7835754177301	30.7612378315301	0.256913	30.5043248315301	23.9103512366723	20.1749494970293	44.0853007337017	1.671113	42.4141877337017	35.0992840066895	45.3454768624764	426.595386295134
10	231019	231300	281	231159.5	101.362660774246	120.305976725765	221.668637500011	0.662317	221.006320500011	109.910093577254	125.505318338153	235.415411915407	2.076517	233.338894915407	254.297174362807	249.465191386772	3090.7183551205
10	236435	237237	802	236836	1374.89094735477	1767.6003434235	3142.49129077827	1.890314	3140.60097677827	1391.64230360476	1788.25110588006	3179.89340948481	3.304514	3176.58889548481	3613.67924857944	3396.12629543182	43920.5225582565
10	239137	239320	183	239228.5	62.5332031918416	38.2927429641227	100.825946155964	0.431331	100.394615155964	67.1062277454821	40.2870972835536	107.393325029036	1.845531	105.547794029036	115.517361212309	112.842313097655	1403.99369174504
10	241592	241969	377	241780.5	596.277440570134	243.225124625428	839.502565195561	0.888589	838.613976195561	610.299022470351	247.890151684904	858.189174155255	2.302789	855.886385155255	964.936948614007	915.037593520337	11727.8076175567
10	246250	246449	199	246349.5	76.0451712119097	60.7181537560662	136.763324967976	0.469043	136.294281967976	84.7395080160834	65.215076236945	149.954584253028	1.883243	148.071341253028	156.824703962538	158.304707399829	1906.04159203842
10	246951	247156	205	247053.5	92.4996193751324	58.7506001665961	151.250219541729	0.483185	150.767034541729	102.02077869914	61.6213783568333	163.642157055974	1.897385	161.744772055974	173.47753125015	172.92312338833	2108.43943264141
10	254477	254706	229	254591.5	117.216292573273	172.473897602558	289.690190175832	0.539753	289.150437175832	124.642494837774	194.171688576612	318.814183414386	1.953953	316.860230414386	332.706046475177	338.758774236238	4043.69685694314
10	256774	257237	463	257005.5	209.09149494141	229.562052489797	438.653547431207	1.091291	437.562256431207	221.557034460323	241.878187939452	463.435222399775	2.505491	460.929731399775	503.473589201104	492.785069978089	6119.19919032276
10	262598	262709	111	262653.5	10.4426844232185	16.9084605289759	27.3511449521944	0.261627	27.0895179521944	13.1838590834962	21.4231834946794	34.6070425781756	1.675827	32.9312155781756	31.1700943869306	35.2071265263639	378.840162474945
10	265160	265620	460	265390	100.459236168031	107.450826595183	207.910062763214	1.08422	206.825842763214	125.090707045551	121.994722721464	247.085429767015	2.49842	244.587009767015	237.980648159286	261.490675287406	2892.40790532732
10	268433	268800	367	268616.5	237.763375865961	73.6670064387871	311.430382304748	0.865019	310.565363304748	251.349745912488	77.3656071760959	328.715353088584	2.279219	326.436134088584	357.3467680231	348.99647868603	4343.17926590977
10	270927	271097	170	271012	15.6757269535046	30.464429747487	46.1401567009917	0.40069	45.7394667009917	18.5443050838197	34.8695497279779	53.4138548117976	1.81489	51.5989648117976	52.6293416071027	55.1650235456931	639.655051341264
10	272536	272784	248	272660	64.8304657614633	63.1574201933904	127.987885954854	0.584536	127.403349954854	74.7041346866343	72.9771876504687	147.681322337103	1.998736	145.682586337103	146.594503833991	155.750863118988	1781.7041219384
10	278205	278758	553	278481.5	135.404087946981	214.380138986092	349.784226933073	1.303421	348.480805933073	151.468025474022	226.628272583607	378.096298057629	2.717621	375.378677057629	400.973529028324	401.32149228119	4873.41728900682
10	280728	281141	413	280934.5	1247.45837652481	424.035949297534	1671.49432582234	0.973441	1670.52088482234	1264.65834499347	428.31776591966	1692.97611091313	2.387641	1690.58846991313	1922.15652368348	1807.42681735956	23361.8185654211
10	285370	285434	64	285402	9.0224457407456	9.1789500033896	18.2013957441352	0.150848	18.0505477441352	12.6784453177437	17.7438832830513	30.422328600795	1.565048	28.857280600795	20.7695566201433	30.8516376174189	252.432415084595
10	289462	289698	236	289580	61.9312867976856	99.3795067598731	161.310793557559	0.556252	160.754541557559	63.8786398369613	108.91696652785	172.795606364811	1.970452	170.825154364811	184.969486807386	182.631060469974	2248.11223107488
10	290767	291469	702	291118	122.31223136932	745.359401055858	867.671632425178	1.654614	866.017018425178	197.91259046606	758.905570007443	956.818160473503	3.068814	953.749346473503	996.467794393305	1019.66396703506	12111.0323389747
10	294370	294573	203	294471.5	121.66361370318	65.8954947692324	187.559108472413	0.478471	187.080637472412	191.814124364578	78.1648289441795	269.978953308758	1.892671	268.086282308758	215.261162574872	286.614007272847	2616.27612647215
10	294922	295164	242	295043	168.286883562532	42.4654566146553	210.752340177187	0.570394	210.181946177187	240.499650392776	51.4397010425611	291.939351435337	1.984594	289.954757435337	241.842291632251	309.993835718366	2939.3421758033
10	302788	303211	423	302999.5	380.395060668107	422.940419459026	803.335480127132	0.997011	802.338469127132	402.843872097404	446.581763368853	849.425635466257	2.411211	847.014424466257	923.197151647073	905.552482295913	11220.5036848727
10	305876	306083	207	305979.5	58.2339860957853	82.6976524028788	140.931638498664	0.487899	140.443739498664	76.7058892076215	103.123108722862	179.828997930484	1.902099	177.926898930484	161.599206894423	190.22361407274	1964.07072226816
10	310679	310895	216	310787	36.3699905948856	52.7206359308722	89.0906265257578	0.509112	88.5815145257578	46.2900607838692	80.4551913258635	126.745252109733	1.923312	124.821940109733	101.9248173252	133.448515688015	1238.79042124101
10	312699	312934	235	312816.5	88.485610047166	111.754643816531	200.240253863697	0.553895	199.686358863697	96.5096285941495	136.165808693664	232.675437287814	1.968095	230.707342287814	229.765722097677	246.651769389017	2792.56400093399
10	313955	314145	190	314050	80.5292933441505	169.797024693642	250.326318037792	0.44783	249.878488037792	98.0430703598895	207.63625530563	305.679325665519	1.86203	303.817295665519	287.518444261226	324.814428547318	3494.48842811772
10	314892	315792	900	315342	197.317574259842	492.271307796698	689.58888205654	2.1213	687.46758205654	214.245335314498	573.618323412823	787.863658727322	3.5355	784.328158727322	791.022913677262	838.533902793534	9614.06293541889
10	316035	317249	1214	316642	1396.89974679963	965.41109451581	2362.31084131544	2.861398	2359.44944331544	1429.72324080001	1017.76042033346	2447.48366113347	4.275598	2443.20806313347	2714.86048511896	2612.06074233042	32996.3128924792
10	319783	319914	131	319848.5	46.6378702570167	20.8629682363205	67.5008384933372	0.308767	67.1920714933372	60.4090453370038	26.4917215444228	86.9007668814266	1.722967	85.1777998814266	77.3134174700607	91.0645272277806	939.664387032844
10	322508	322728	220	322618	108.07634363214	84.3518974588897	192.42824109103	0.51854	191.90970109103	117.940912309451	101.428462566463	219.369374875914	1.93274	217.436634875914	220.81764272555	232.463909428733	2683.80937859968
10	323099	323371	272	323235	444.672711372767	319.027789232282	763.700500605049	0.641104	763.059396605049	482.869651727553	331.824137761308	814.693789488861	2.055304	812.638485488861	878.001353032087	868.800786016538	10671.1956372953
10	324735	324911	176	324823	62.7055078848356	42.8496670792421	105.555174964078	0.414832	105.140342964078	68.8298746917645	46.97297938425	115.802854076015	1.829032	113.973822076015	120.977952426026	121.850672806103	1470.36151331574
10	327959	328051	92	328005	14.1016840819286	25.0094811732347	39.1111652551633	0.216844	38.8943212551633	20.8302673456594	42.1293474601847	62.9596148058442	1.631044	61.3285708058442	44.7530910951789	65.5670528443348	543.927396923841
10	330198	330359	161	330278.5	52.5057300775675	82.644550956576	135.150281034143	0.379477	134.770804034143	56.2286314767437	92.4726186397242	148.701250116468	1.793677	146.907573116468	155.071739916527	157.06051002321	1884.73613252457
10	332780	333473	693	333126.5	480.599489896063	510.479403723324	991.078893619387	1.633401	989.445492619387	505.355364161908	526.538241111454	1031.89360527336	3.047601	1028.84600427336	1138.48867484816	1099.9506338479	13837.1488132614
10	334124	334237	113	334180.5	28.6778810879758	18.199195684213	46.8770767721889	0.266341	46.6107357721889	39.903586838033	23.228032652634	63.131619490667	1.680541	61.451078490667	53.631852586942	65.6980271641186	651.83953233034
10	335576	335851	275	335713.5	63.2020214081758	36.993607580092	100.195628988268	0.648175	99.5474539882678	71.5569489679958	44.0332993173599	115.590248285356	2.062375	113.527873285356	114.542589582757	121.373904025439	1392.14635378285
10	337188	338146	958	337667	867.487827418954	956.685956872726	1824.17378429168	2.258006	1821.91577829168	879.222247024647	964.221562116992	1843.44380914164	3.672206	1839.77160314164	2096.35649016005	1966.92015384776	25479.0384488098
10	339360	339663	303	339511.5	156.117452108595	123.609566704324	279.727018812919	0.714171	279.012847812919	162.039113394515	126.185136854098	288.224250248612	2.128371	286.095879248612	321.041401210703	305.868266401092	3901.92519426063
10	341701	341840	139	341770.5	40.4925028781036	15.0126088924233	55.5051117705269	0.327623	55.1774887705268	52.2095220098668	21.7731930277491	73.9827150376159	1.741823	72.2408920376159	63.4890416302814	77.2335360748513	771.643439638708
10	342208	342459	251	342333.5	75.9290680496543	29.3002980404974	105.229366090152	0.591607	104.637759090152	93.2392395198705	35.2150591384795	128.45429865835	2.005807	126.44849165835	120.399662815437	135.187479925089	1463.33300299705
10	345788	345859	71	345823.5	15.5172226363859	8.31352643219396	23.8307490685799	0.167347	23.6634020685799	23.1206297273435	16.3761460305389	39.4967757578823	1.581547	37.9152287578823	27.2278922532018	40.5355900994878	330.926785046191
10	348735	349547	812	349141	310.431655102815	410.840689903532	721.272345006347	1.913884	719.358461006347	318.318569915559	444.501006696116	762.819576611675	3.328084	759.491492611675	827.717612663854	811.980748557522	10060.0489357654
10	352216	352329	113	352272.5	13.4599666037263	14.4016922531311	27.8616588568574	0.266341	27.5953178568574	16.482948939487	18.0104905445266	34.4934394840136	1.680541	32.8128984840136	31.7520844687427	35.0806324133693	385.913648182608
10	355684	355881	197	355782.5	73.385998785094	38.6810535403826	112.067052325477	0.464329	111.602723325477	94.8334829416408	63.2690232330777	158.102506174719	1.878529	156.223977174719	128.413780785339	167.020780565635	1560.73629334718
10	359696	360059	363	359877.5	224.857524354446	518.119911824787	742.977436179233	0.855591	742.121845179233	231.322500438414	543.158993804247	774.481494242661	2.269791	772.211703242661	853.909914589897	825.58006632531	10378.3891946712
10	360399	361167	768	360783	904.650939615776	434.576836395459	1339.22777601123	1.810176	1337.41760001123	959.006020063359	455.756013244227	1414.76203330759	3.224376	1411.53765730759	1538.87687852768	1509.09050956778	18703.4520798501
10	361685	361877	192	361781	88.0629985366653	18.4784032888789	106.541401825544	0.452544	106.088857825544	147.728023609087	32.3818819723663	180.109905581453	1.866744	178.243161581453	122.069344964332	190.561733968188	1483.62625744526
10	365530	365690	160	365610	49.6147513371359	28.4558750412859	78.0706263784219	0.37712	77.6935063784219	64.5384578081595	32.9772981894796	97.5157559976391	1.79132	95.7244359976391	89.3967154137134	102.340052459746	1086.52433873469
10	374004	374701	697	374352.5	159.043531805057	206.202016241834	365.245548046891	1.642829	363.602719046891	164.723586510435	226.871279202281	391.594865712717	3.057029	388.537836712717	418.373301881443	415.390095301855	5084.89347810257
10	376208	376301	93	376254.5	6.76998439135683	12.2503336574376	19.0203180487944	0.219201	18.8011170487944	17.5048767733266	29.8158120813471	47.3206888546737	1.633401	45.6872878546737	21.633186460713	48.8447843757068	262.928939896428
10	378466	378716	250	378591	77.2608043216224	100.865047220944	178.125851542567	0.58925	177.536601542567	96.5167287875346	115.064033953066	211.580762740601	2.00345	209.577312740601	204.279479501348	224.06142127361	2482.80516073883
10	380576	381451	875	381013.5	459.935527079974	330.742608304123	790.678135384097	2.062375	788.615760384097	474.624527158393	342.224221024216	816.848748182609	3.476575	813.372173182609	907.407349572351	869.58517963855	11028.5950204593
10	383586	383795	209	383690.5	63.1727206101217	52.7909378456574	115.963658455779	0.492613	115.471045455779	69.2330856738608	54.1098737689875	123.342959442848	1.906813	121.436146442848	132.864800036895	129.828726259374	1614.83381501351
10	387481	387661	180	387571	26.6819267249652	34.7572466692244	61.4391733941896	0.42426	61.0149133941896	34.1196293026952	47.1718848017573	81.2915141044525	1.83846	79.4530541044525	70.2057752693686	84.9441382484328	853.278369310261
10	390195	390348	153	390271.5	13.6052705613121	39.3732723940706	52.9785429553827	0.360621	52.6179219553827	16.1835407846268	45.9299509757024	62.1134917603292	1.774821	60.3386707603292	60.5439194853066	64.5087397654214	735.848535136314
10	390931	392452	1521	391691.5	1874.35935117589	1223.92443554027	3098.28378671616	3.584997	3094.69878971616	1884.01161407071	1232.4331672892	3116.44478135991	4.999197	3111.44558435991	3560.8626755486	3326.48086155234	43278.5919031872
10	393656	393926	270	393791	301.252105083083	172.061486369878	473.313591452962	0.63639	472.677201452962	332.932467948454	177.316329493939	510.248797442393	2.05059	508.198207442393	543.878005132444	543.320320120623	6610.27295179819
10	396646	396977	331	396811.5	33.1608031875319	29.3387990891351	62.4996022766669	0.780167	61.7194352766669	36.5954967369062	34.6854447135832	71.2809414504894	2.194367	69.0865744504894	71.01642142458	73.8612202813252	863.130932390041
10	402533	402771	238	402652	45.0152260617058	69.9713057804665	114.986531842172	0.560966	114.425565842172	55.4297097168313	77.511911160919	132.94162087775	1.975166	130.96645487775	131.661836651085	140.017684334923	1600.21304297238
10	407333	407510	177	407421.5	39.334371334538	28.5049763786394	67.8393477131774	0.417189	67.4221587131775	46.172757588929	30.4585295867867	76.6312871757157	1.831389	74.7998981757157	77.5781634272351	79.9693978189144	942.882099503826
10	411032	411212	180	411122	30.1603214646114	43.0945737496671	73.2548952142785	0.42426	72.8306352142785	30.7863385151874	48.2938153593311	79.0801538745185	1.83846	77.2416938745185	83.8013351841603	82.5799485869295	1018.51829650205
10	413450	413680	230	413565	111.585239202525	132.983322013547	244.568561216073	0.54211	244.026451216073	115.643749742553	138.294066660175	253.937816402728	1.95631	251.981506402728	280.784897344271	269.396213363713	3412.64915049522
10	421799	421884	85	421841.5	8.17222258355756	9.06474689288516	17.2369694764427	0.200345	17.0366244764427	15.3196172542872	14.3848917955438	29.704509049831	1.614545	28.089964049831	19.6029030085563	30.0312910124953	238.252950682622
10	424248	424673	425	424460.5	92.8562290879685	117.062588386894	209.918817474863	1.001725	208.917092474863	115.873255993523	139.158690209581	255.031946203104	2.415925	252.616021203104	240.386909171895	270.074580149374	2921.65351176205
10	448953	449053	100	449003	38.1878401069256	28.0376636506296	66.2255037575552	0.2357	65.9898037575552	50.5014754884869	41.8837407706936	92.3852162591805	1.6499	90.7353162591805	75.9300484906341	97.0061294082234	922.850972147949
10	454828	455404	576	455116	189.127251183288	269.845149664401	458.97240084769	1.357632	457.61476884769	192.219135395702	276.061918988061	468.281054383763	2.771832	465.509222383763	526.54667251768	497.681054401039	6399.62858280206
10	455735	456010	275	455872.5	142.680886142223	66.245504302302	208.926390444525	0.648175	208.278215444525	150.413296746797	68.7967737902085	219.210070537006	2.062375	217.147695537006	239.651796152445	232.155001188184	2912.71897559194
10	458427	458586	159	458506.5	37.8133299065411	39.3868727644985	77.2002026710395	0.374763	76.8254396710395	39.9370877504839	44.9037230247422	84.8408107752262	1.788963	83.0518477752262	88.3978891794848	88.791648335281	1074.38464200608
10	459475	459594	119	459534.5	18.4068013386852	18.1294937857703	36.5362951244555	0.280483	36.2558121244555	23.9453521899793	26.452920487614	50.3982726775933	1.694683	48.7035896775933	41.7171353136816	52.0695459903861	507.028503797247
10	460193	460368	175	460280.5	32.8717953159401	47.2483868854139	80.120182201354	0.412475	79.707707201354	40.9492153173976	52.2705236713447	93.2197389887423	1.826675	91.3930639887423	91.7143214292882	97.7093347752448	1114.69243564816
10	461587	461790	203	461688.5	86.8693660261741	40.0321903407552	126.901556366929	0.478471	126.423085366929	96.6020311108799	43.9493970321469	140.551428143027	1.892671	138.658757143027	145.46657901142	148.241609701106	1767.99536579098
10	462478	462662	184	462570	63.8289384832654	36.3657904804887	100.194728963754	0.433688	99.7610409637542	80.2776864912353	42.5582591422807	122.835945633516	1.847888	120.988057633516	114.788349813614	129.349669561095	1395.13331444559
10	466059	466696	637	466377.5	202.678220265613	906.816098587344	1109.49431885296	1.501409	1107.99290985296	236.875051671031	950.139278563468	1187.0143302345	2.915609	1184.0987212345	1274.89324989517	1265.93302938495	15495.0049214803
10	466952	467249	297	467100.5	158.500817023352	125.904529211299	284.405346234651	0.700029	283.705317234651	200.731167234508	150.651103223837	351.382270458345	2.114229	349.268041458345	326.440711565406	373.406323190469	3967.5482105607
10	468097	468525	428	468311	182.25466399738	143.481707953886	325.736371951266	1.008796	324.727575951266	227.336491873093	191.563217530729	418.899709403822	2.422996	416.476713403822	373.642277810271	445.259857149338	4541.23428296395
10	469547	469773	226	469660	89.1687286529942	54.5696862927173	143.738414945711	0.532682	143.205732945712	105.331068860189	63.7695368653673	169.100605725557	1.946882	167.153723725557	164.777247810193	178.705893397348	2002.69651280754
10	471733	472074	341	471903.5	165.847117111589	152.87556381058	318.722680922169	0.803737	317.918943922169	166.987248164882	158.566318807398	325.55356697228	2.217937	323.33562997228	365.808040842032	345.681695468901	4446.0172595866
10	486283	486500	217	486391.5	51.7122084647367	59.8817309747534	111.59393943949	0.511469	111.08247043949	54.1222741067306	64.5687586334509	118.691032740181	1.925669	116.765363740181	127.815160625694	124.835140851039	1553.46068629493
10	490870	491108	238	490989	59.4125181949926	51.1439929884791	110.556511183472	0.560966	109.995545183472	66.1788024855713	61.4535737864074	127.632376271979	1.975166	125.657210271979	126.564508514371	134.341512249775	1538.26030726586
10	496468	496657	189	496562.5	33.6807173482259	38.0103352722974	71.6910526205233	0.445473	71.2455796205233	46.0920553908755	70.5271209189811	116.619176309857	1.859673	114.759503309857	81.9775178481313	122.690653296456	996.35168874883
10	497186	497254	68	497220	4.34531835169779	11.1669041485015	15.5122225001992	0.160276	15.3519465001992	19.6598354670745	42.5298583687401	62.1896938358147	1.574476	60.6152178358147	17.6644568677368	64.8043993001871	214.693148719208
10	503499	504133	634	503816	255.453557686367	169.072804968359	424.526362654726	1.494338	423.032024654726	273.181540536345	191.432313965361	464.613854501706	2.908538	461.705316501706	486.754624443734	493.614256582234	5915.99751738362
10	507534	507679	145	507606.5	22.0008992296918	18.3129987838225	40.3138980135143	0.341765	39.9721330135143	33.2491055925891	28.0078628389568	61.2569684315459	1.755965	59.5010034315459	45.993256914978	63.6131803664231	559.000325957561
10	513826	514052	226	513939	47.8011019394927	35.0642550310883	82.8653569705811	0.532682	82.3326749705811	56.3364344129291	42.4639565737993	98.8003909867284	1.946882	96.8535089867284	94.7346960728626	103.547156870757	1151.40195620665
10	517606	517711	105	517658.5	20.546759623873	17.8657866032833	38.4125462271563	0.247485	38.1650612271563	44.9893253562587	44.7541189500359	89.7434443062946	1.661685	88.0817593062946	43.9139804123787	94.1691823431086	533.728877039353
10	517907	517994	87	517950.5	10.3484818574609	7.78971216527431	18.1381940227352	0.205059	17.9331350227352	45.899650150411	41.8696403866471	87.769290537058	1.619259	86.150031537058	20.6344576636125	92.1039508358006	250.790427415036
10	519325	519408	83	519366.5	7.68490931080088	7.26169778395781	14.9466070947587	0.195631	14.7509760947587	13.5397687772662	16.1416396433822	29.6814084206484	1.609831	28.0715774206484	16.9729604633197	30.0116336640294	206.288727258424
10	521741	521955	214	521848	119.923866318377	109.222574851581	229.146441169958	0.504398	228.642043169958	132.936420736116	124.042878506264	256.97929924238	1.918598	255.06070124238	263.083089149283	272.688214597666	3197.50203514026
10	524580	524710	130	524645	17.5123769776067	18.8677138923761	36.3800908699827	0.30641	36.0736808699827	20.6007610946895	23.82994904679	44.4307101414795	1.72061	42.7101001414795	41.5075690747125	45.6618400880192	504.481443559483
10	525660	526289	629	525974.5	627.390287978313	531.553977723066	1158.94426570138	1.482553	1157.46171270138	641.396469459076	538.922478415972	1180.31894787505	2.896753	1177.42219487505	1331.81368888987	1258.79508126591	16186.813810129
10	528471	528737	266	528604	257.346009230313	146.166081067083	403.512090297396	0.626962	402.885128297396	282.056782267754	155.457634137397	437.514416405151	2.041162	435.473254405151	463.572939846396	465.569269081289	5634.24818899594
10	529648	529837	189	529742.5	26.9200332101763	25.7520013969611	52.6720346071374	0.445473	52.2265616071374	34.2616331703978	29.5132038393275	63.7748370097252	1.859673	61.9151640097252	60.0936073381641	66.1941861215598	730.375458126338
10	538450	538656	206	538553	50.1574661188413	64.0270438789829	114.184509997824	0.485542	113.698967997824	59.7785281638598	69.497092864519	129.275621028379	1.899742	127.375879028379	130.825789164761	136.178960011758	1590.0517530634
10	542728	542841	113	542784.5	9.19665048549055	19.3125260075457	28.5091764930363	0.266341	28.2428354930363	11.0190001200986	43.2108769173699	54.2298770374685	1.680541	52.5493360374685	32.4971396547565	56.1810759264436	394.969021073639
10	545185	545771	586	545478	763.830304140456	812.061117783835	1575.89142192429	1.381202	1574.51021992429	806.865576274949	857.535856361099	1664.40143263605	2.795402	1661.60603063605	1811.68348048258	1776.44137121808	22019.1333263005
10	548402	548881	479	548641.5	214.385939144069	193.362466536155	407.748405680223	1.129003	406.619402680223	218.902562161523	196.622155318994	415.524717480517	2.543203	412.981514480517	467.869719330801	441.523101351925	5686.47108629566
10	549995	550270	275	550132.5	263.283770954754	135.220182938034	398.503953892788	0.648175	397.855778892788	285.779883672378	139.204691462499	424.984575134876	2.062375	422.922200134876	457.786004252963	452.150798248233	5563.91399002838
10	554890	555161	271	555025.5	234.896697787397	231.568007125181	466.464704912579	0.638747	465.825957912579	247.042028584914	242.37410144645	489.416130031364	2.052947	487.363183031364	535.994737951446	521.04536525667	6514.46001704702
10	555649	555861	212	555755	72.6936799286822	56.5765409526149	129.270220881297	0.499684	128.770536881297	82.8500565538498	59.9977341342851	142.847790688135	1.913884	140.933906688135	148.167634283083	150.673997224454	1800.82389063496
10	559016	559605	589	559310.5	664.677403552565	766.953489205399	1431.63089275796	1.388273	1430.24261975796	677.791660740342	781.906296469029	1459.69795720937	2.802473	1456.89548420937	1645.68441316451	1557.58306359759	20001.5868648488
10	567403	567652	249	567527.5	75.8248652115233	76.8089920157914	152.633857227315	0.586893	152.046964227315	90.651469037801	92.1096087525691	182.76107779037	2.001093	180.75998479037	174.950260634953	193.252497476461	2126.33893055421
10	569403	569600	197	569501.5	53.4100547082957	82.1642378744807	135.574292582776	0.464329	135.109963582776	68.4472642707576	114.695423913382	183.14268818414	1.878529	181.26415918414	155.461988098934	193.791515892913	1889.4791943515
10	570472	571116	644	570794	590.180374506784	892.862418536542	1483.04279304333	1.517908	1481.52488504333	627.149581422285	944.727231157697	1571.87681257998	2.932108	1568.94470457998	1704.69148195552	1677.37612344999	20718.7565740727
10	571324	571390	66	571357	7.35370028979326	14.8580046815302	22.2117049713235	0.155562	22.0561429713235	65.7166898991956	50.326870732847	116.043560632043	1.569762	114.473798632043	25.3785268324458	122.385203267832	308.449666825833
10	572038	572369	331	572203.5	211.877570824644	330.350497624361	542.228068449005	0.780167	541.447901449005	243.110121493133	402.625166140597	645.735287633731	2.194367	643.540920633731	623.007844715224	688.01671058447	7572.01406531647
10	572658	573967	1309	573312.5	2234.77306762012	1752.60113489606	3987.37420251618	3.085313	3984.28888951618	2268.30068079831	1800.19253112388	4068.49321192219	4.499513	4063.99369892219	4584.45443622071	4344.86057827525	55719.2879147986
10	576649	577056	407	576852.5	232.517132976142	252.561978929594	485.079111905736	0.959299	484.119812905736	236.237734312673	272.893132681096	509.130866993768	2.373499	506.757367993768	557.044251931127	541.779902742119	6770.29502341853
10	578142	579862	1720	579002	2068.81444747157	1547.76435583864	3616.57880331021	4.05404	3612.52476331021	2090.70064357713	1566.83867535825	3657.53931893539	5.46824	3652.07107893539	4156.69034961111	3904.46955272933	50520.2591900067
10	580240	580367	127	580303.5	27.1340390389675	6.72298311120176	33.8570221501693	0.299339	33.5576831501693	50.5096757118331	12.9336522687133	63.4433279805464	1.713539	61.7297889805464	38.6125789703377	65.9959996291228	469.295842005303
10	581596	581803	207	581699.5	31.1709489906691	39.1374659715054	70.3084149621745	0.487899	69.8205159621745	38.774556087074	45.8835497118898	84.6581057989638	1.902099	82.7560067989638	80.3377925190758	88.4753614779609	976.422528369574
10	582401	582550	149	582475.5	32.5804873817024	30.3346262120801	62.9151135937825	0.351193	62.5639205937825	43.5987874827348	40.4228009796609	84.0215884623957	1.765393	82.2561954623957	71.9881141320442	87.9410076541827	874.940849248228
10	583590	583705	115	583647.5	17.46747575465	13.7213737235675	31.1888494782175	0.271055	30.9177944782175	22.965825511003	19.2178234281694	42.1836489391724	1.685255	40.4983939391724	35.5750358431053	43.2972805436282	432.377656337958
10	585471	585978	507	585724.5	92.2163116587935	59.8290295393455	152.045341198139	1.194999	150.850342198139	98.6495868793373	72.1846660648752	170.834252944213	2.609199	168.225053944213	173.573387792081	179.851264374323	2109.60446947025
10	587416	587598	182	587507	32.06597336809	26.9575342315767	59.0235075996667	0.428974	58.5945335996667	36.4865937707596	31.3112528120681	67.7978465828278	1.843174	65.9546725828278	67.4208063090262	70.5128693812146	819.429960629593
10	594615	594773	158	594694	17.8653865923883	15.8592319515569	33.7246185439452	0.372406	33.3522125439452	19.6405349413938	20.5570599044176	40.1975948458115	1.786606	38.4109888458115	38.376157702117	41.0656126885722	466.422386745482
10	598346	598713	367	598529.5	533.488330408256	311.161574983351	844.649905391607	0.865019	843.784886391607	548.347135111576	332.176947370642	880.524082482219	2.279219	878.244863482219	970.886768731202	938.941289802841	11800.1215089398
10	604280	604484	204	604382	29.1896950280474	72.5328755489177	101.722570576965	0.480828	101.241742576965	32.9122964190524	85.9733416215158	118.885638040568	1.895028	116.990610040568	116.492094011798	125.075954160176	1415.8405577681
10	605915	606402	487	606158.5	119.508755012156	276.255124250315	395.763879262471	1.147859	394.616020262471	131.535782587495	296.966488357455	428.50227094495	2.562059	425.94021194495	454.058230932077	455.377388029078	5518.60677237856
10	606806	606912	106	606859	11.88752377573	6.55747860342168	18.4450023791517	0.249842	18.1951603791517	36.6719988205628	27.7118547767036	64.3838535972664	1.664042	62.7198115972664	20.9359526959599	67.0544437502661	254.454786772502
10	609247	609471	224	609359	58.2646869319717	48.812629490064	107.077316422036	0.527968	106.549348422036	80.9954060394756	71.6609518006793	152.656357840155	1.942168	150.714189840155	122.599200659153	161.130206032762	1490.0661037615
10	615217	615433	216	615325	42.4078550457844	51.1105920787518	93.5184471245363	0.509112	93.0093351245363	47.3939908511709	56.0207258141003	103.414716665271	1.923312	101.491404665271	107.019614000278	108.505582398139	1300.7123896574
10	617410	617508	98	617459	8.14582186449174	13.0796562453652	21.2254781098569	0.230986	20.9944921098569	16.5252500916265	23.0517278506906	39.5769779423171	1.645186	37.9317919423171	24.1569562745542	40.5532979830213	293.602743910504
10	617795	618106	311	617950.5	62.7905102000097	53.3372527254172	116.127762925427	0.733027	115.394735925427	74.316724134888	66.0156980431609	140.332422178049	2.147227	138.185195178049	132.776995770023	147.7353193706	1613.76664523485
10	620309	620638	329	620473.5	79.2861594854109	135.185381990174	214.471541475585	0.775453	213.696088475585	98.7502896221376	151.508626579858	250.258916201995	2.189653	248.069263201995	245.885779867201	265.213590920179	2988.48658072163
10	621896	621978	82	621937	21.1790768460443	12.5475417523756	33.7266185984199	0.193274	33.5333445984199	44.946324185053	23.6110430845359	68.5573672695889	1.607474	66.9498932695889	38.584574228555	71.5768708164874	468.955473420103
10	622884	623895	1011	623389.5	460.513142812262	1116.47560899956	1576.98875181183	2.382927	1574.60582481183	472.255862644025	1143.36244130546	1615.61830394949	3.797127	1611.82117694949	1811.79348662494	1723.21583392571	22020.4703368442
10	624155	624311	156	624233	19.1390212818669	13.0305549080117	32.1695761898786	0.367692	31.8018841898786	46.1576571776452	22.6438167405789	68.801473918224	1.781892	67.019581918224	36.5922986754533	71.6513757209335	444.741430791206
10	624615	624729	114	624672	17.303071276831	5.86435972522005	23.1674310020511	0.268698	22.8987330020511	40.6874081866615	11.9154245356518	52.6028327223134	1.682898	50.9199347223134	26.3480387607723	54.4390649724687	320.233078575866
10	628747	628863	116	628805	23.9052510977619	15.1014113110992	39.0066624088611	0.273412	38.7332504088611	39.1434661349295	21.5460868421487	60.6895529770782	1.687612	59.0019409770782	44.5677576576817	63.0796271807749	541.674861249681
10	633000	633512	512	633256	519.635153094807	501.806167493858	1021.44132058867	1.206784	1020.23453658867	534.312252849102	516.971680550871	1051.28393339997	2.620984	1048.66294939997	1173.9155661018	1121.1371488972	14267.7259257945
10	636771	637039	268	636905	99.2692037555943	101.329859880861	200.599063636455	0.631676	199.967387636455	109.769189739512	111.236829713035	221.006019452548	2.045876	218.960143452548	230.089083088735	234.092709285641	2796.49411833658
10	637626	637812	186	637719	59.34201627476	49.1469385955074	108.488954870267	0.438402	108.050552870267	76.7616907274651	65.5664858081469	142.328176535612	1.852602	140.475574535612	124.326536096721	150.183989254761	1511.06007412597
10	638569	638704	135	638636.5	6.40967457774256	35.6131699816653	42.0228445594078	0.318195	41.7046495594078	14.6367986566302	76.6444875352487	91.2812861918788	1.732395	89.5488911918789	47.9867476946116	95.7377092565476	583.229138404319
10	638999	640006	1007	639502.5	1092.4595548839	978.207443044836	2070.66699792874	2.373499	2068.29349892874	1124.44832614927	1013.0701925876	2137.51851873687	3.787699	2133.73081973687	2379.84683578548	2281.19520111076	28924.5695166223
10	640385	640779	394	640582	480.918498584775	86.0787444923316	566.997243077107	0.928658	566.068585077107	531.483675808281	99.5411111614276	631.024786969708	2.342858	628.681928969708	651.337216759163	672.130798376719	7916.32819458131
10	641706	641977	271	641841.5	197.179570501089	85.1067180176354	282.286288518724	0.638747	281.647541518724	220.017592531159	91.4398905117213	311.45748304288	2.052947	309.40453604288	324.072966838246	330.787808984246	3938.77072962012
10	647075	647351	276	647213	44.6854170788305	39.8070842096295	84.49250128846	0.650532	83.84196928846	56.5243395308257	47.2427867328848	103.76712626371	2.064732	101.70239426371	96.4713399817341	108.731153709661	1172.50906138352
10	649481	649609	128	649545	30.65893504515	16.1278392675069	46.7867743126569	0.301696	46.4850783126569	38.0559365143202	19.7259372674628	57.781873781783	1.715896	56.065977781783	53.4872669623124	59.9407564807814	650.082244051188
10	654268	654514	246	654391	31.1515484622646	23.9450521818081	55.0966006440727	0.579822	54.5167786440727	34.013626415537	27.5855513366273	61.5991777521643	1.994022	59.6051557521643	62.7288067290801	63.7245307634748	762.403573056496
10	656049	656133	84	656091	13.0946566539253	12.3458362586038	25.4404929125291	0.197988	25.2425049125291	17.6230799927804	18.8220126476295	36.44509264041	1.612188	34.83290464041	29.0448601586266	37.2402433200317	353.01014507578
10	662859	663227	368	663043	96.7396348587381	144.03482301886	240.774457877598	0.867376	239.907081877598	124.787498787189	178.307156480697	303.094655267886	2.281576	300.813079267886	276.045014880453	321.602587594378	3355.04079614073
10	663515	663764	249	663639.5	67.7863462695983	46.1273563523537	113.913702621952	0.586893	113.326809621952	110.092198537174	76.3095784134629	186.401776950637	2.001093	184.400683950637	130.397571441459	197.14480918526	1584.84721085521
10	667221	667619	398	667420	78.7606451721877	44.0203989659982	122.781044138186	0.938086	121.842958138186	88.866720427317	48.6428248651634	137.50954529248	2.352286	135.15725929248	140.19653329573	144.498119650964	1703.94342708336
10	669321	669424	103	669372.5	18.4246018235099	5.55955142327826	23.9841532467882	0.242771	23.7413822467882	25.8673045374266	8.19822329172845	34.065527829155	1.656971	32.408556829155	27.3176188226945	34.6483462814259	332.017318419075
10	676809	676951	142	676880	18.9164152188346	16.4719486398762	35.3883638587108	0.334694	35.0536698587108	22.764520028126	21.9056966366969	44.6702166648229	1.748894	42.9213226648229	40.3339107042254	45.8876604221309	490.216843579579
10	683473	683603	130	683538	26.068410014856	17.3194717235234	43.3878817383794	0.30641	43.0814717383794	35.3643632050146	32.271778973535	67.6361421785496	1.72061	65.9155321785496	49.5709647836089	70.4710239424259	602.483653708032
10	696975	697084	109	697029.5	9.46025766525386	7.05189206956349	16.5121497348173	0.256913	16.2552367348173	21.2187779273667	14.3192900087742	35.5380679361409	1.671113	33.8669549361409	18.7038124561797	36.2075358156406	227.325437704514
10	700661	700860	199	700760.5	39.2758697411535	46.3568626033237	85.6327323444772	0.469043	85.1636893444772	46.9328782920326	54.266178026184	101.199056318217	1.883243	99.3158133182166	97.9921547474991	106.179633644635	1190.99298721976
10	703595	704033	438	703814	34.7949476960722	87.9255947942546	122.720542490327	1.032366	121.688176490327	47.2173860410563	112.875074333249	160.092460374305	2.446566	157.645894374305	140.018436417755	168.540967958567	1701.77884428323
10	705190	705654	464	705422	801.436228397973	282.877404618717	1084.31363301669	1.093648	1083.21998501669	821.044762467772	290.377908906952	1111.42267137472	2.507848	1108.91482337472	1246.3887040871	1185.55309325989	15148.5617368318
10	706748	706819	71	706783.5	15.613125248447	2.46656718090366	18.0796924293507	0.167347	17.9123454293507	45.8768495293996	8.79493954425033	54.6717890736499	1.581547	53.0902420736499	20.6105364705812	56.7593645477519	250.499690128774
10	707048	707167	119	707107.5	15.275316047673	5.4435482637466	20.7188643114196	0.280483	20.4383813114196	41.3835271465752	10.0811745769194	51.4647017234946	1.694683	49.7700187234946	23.5170768161055	53.2096770694016	285.825672882298
10	715974	716147	173	716060.5	15.3276174721859	62.8247111315268	78.1523286037127	0.407761	77.7445676037127	17.1476670441481	68.3682621190076	85.5159291631556	1.821961	83.6939681631556	89.4554681465836	89.4781463386519	1087.23841725463
10	716937	717039	102	716988	10.2080780333381	17.3200717398658	27.5281497732039	0.240414	27.2877357732039	15.9464343266531	24.9686800619512	40.9151143886043	1.654614	39.2605003886043	31.3981703608531	41.9738348676689	381.612189339697
10	717927	718191	264	718059	89.0979267245904	76.0974726364227	165.195399361013	0.622248	164.573151361013	111.847146335985	97.6218588875211	209.469005223506	2.036448	207.432557223506	189.363305413187	221.76843944671	2301.51453823007
10	719194	719449	255	719321.5	91.9033031335055	21.4621845569358	113.365487690441	0.601035	112.764452690441	99.5423111941124	23.8143486218875	123.356659816	2.015235	121.341424816	129.750504975926	129.727458321259	1576.98278921144
10	721439	721589	150	721514	37.8855318730771	31.037045343589	68.9225772166661	0.35355	68.5690272166661	51.191794290424	41.3267255994942	92.5185198899182	1.76775	90.7507698899182	78.8977882196078	97.0226510556367	958.920769921136
10	724263	724363	100	724313	5.84415917502575	11.0198001418885	16.8639593169142	0.2357	16.6282593169142	8.36392780495599	14.4364932009906	22.8004210059466	1.6499	21.1505210059466	19.1330245637165	22.6122557604092	232.542065621548
11	2586	2794	208	2690	50.9005863589101	0.344309377816797	51.2448957367269	0.490256	50.7546397367269	90.6318685039491	2.6474721081388	93.2793406120879	1.904456	91.3748846120879	58.3999654021264	97.6898990027473	1052.5138703983
11	13650	13740	90	13695	4.49762249994495	11.117802811148	15.6154253110929	0.21213	15.4032953110929	9.40605618898993	19.4973310410065	28.9033872299964	1.62633	27.2770572299964	17.7235405061034	29.1622033472642	319.422658674395
11	14334	14543	209	14438.5	35.9361787793267	32.2696789163365	68.2058576956632	0.492613	67.7132446956632	39.3618720835649	36.9584066213375	76.3202787049024	1.906813	74.4134657049024	77.9130965760938	79.5562585935639	1404.18944202038
11	20108	20350	242	20229	87.385180075195	99.370906525632	186.756086600827	0.570394	186.185692600827	112.212656291234	121.973122133137	234.185778424371	1.984594	232.201184424371	214.231409436864	248.24885252697	3860.98738851421
11	20569	20690	121	20629.5	19.1359211974312	10.6438899033717	29.7798111008028	0.285197	29.4946141008028	82.5747490554095	60.9194592389431	143.494208294353	1.699397	141.794811294353	33.9374774793158	151.594399853573	611.638474909255
11	20993	21075	82	21034	13.218560028632	9.10044786525826	22.3190078938902	0.193274	22.1257338938902	49.7701555698188	26.6587260930589	76.4288816628778	1.607474	74.8214076628778	25.4586004472184	79.9923938493595	458.827841885162
11	21711	22028	317	21869.5	104.023633250089	15.6664267001974	119.690059950286	0.747169	118.942890950286	133.927847739217	28.6268796988714	162.554727438088	2.161369	160.393358438088	136.859620171812	171.478312153792	2466.55366208539
11	24905	25134	229	25019.5	86.6302595137257	71.0362347855119	157.666494299238	0.539753	157.126741299238	98.8501923431481	78.4293361484564	177.279528491604	1.953953	175.325575491604	180.795219968516	187.442510434728	3258.38338102246
11	30742	30977	235	30859.5	61.071463379019	79.4804647776264	140.551928156645	0.553895	139.998033156645	65.6310875676792	90.9663776148399	156.597465182519	1.968095	154.629370182519	161.086362451266	165.315968606875	2903.18032972315
11	31773	31909	136	31841	37.0945103283397	51.3928997678535	88.4874100961932	0.320552	88.1668580961932	41.9199417566854	61.2216674700678	103.141609226753	1.734752	101.406857226753	101.447699937194	108.415191797211	1828.34203014809
11	34134	34403	269	34268.5	113.299485892777	123.537064729616	236.836550622393	0.634033	236.202517622393	128.082788539677	141.629557507605	269.712346047282	2.048233	267.664113047282	271.782420850506	286.162661449642	4898.20097847473
11	38243	38658	415	38450.5	87.1069724977665	187.11099626736	274.217968765126	0.978155	273.239813765126	106.84391006484	204.454968658198	311.298878723038	2.392355	308.906523723038	314.398757495661	330.255378509132	5666.25426610486
11	38926	39082	156	39004	98.3614790322591	44.4886117185216	142.850090750781	0.367692	142.482398750781	128.547801205041	56.5625405712921	185.110341776334	1.781892	183.328449776334	163.944955586718	195.998471779313	2954.6993486844
11	45307	45403	96	45355	6.57517908552263	12.9722533200747	19.5474324055973	0.226272	19.3211604055973	9.71476459715736	17.3728731779975	27.0876377751548	1.640472	25.4471657751548	22.2315655291574	27.2058461691582	400.668577780611
11	46416	47101	685	46758.5	97.372452094528	142.956293643386	240.328745737914	1.614545	238.714200737914	105.2729672777	149.235064655761	254.508031933461	3.028745	251.479286933461	274.672446428629	268.859284978651	4950.28648889986
11	47979	48152	173	48065.5	38.0660367894174	21.2631791367047	59.3292159261221	0.407761	58.9214549261221	49.0807367923954	23.2709338211159	72.3516706135113	1.821961	70.5297096135113	67.7969727886475	75.4040920334639	1221.87151550041
11	49830	50007	177	49918.5	61.7850828155862	56.1803301611801	117.965412976766	0.417189	117.548223976766	75.1903479294299	65.0582719661298	140.24861989556	1.831389	138.41723089556	135.25487027262	147.983391320621	2437.63204345446
11	53455	53676	221	53565.5	43.0197717123139	51.3170977032629	94.3368694155769	0.520897	93.8159724155769	49.4716474394723	55.5139120102155	104.985559449688	1.935097	103.050462449688	107.947757518451	110.172388305973	1945.48937288284
11	63558	63725	167	63641.5	17.187968141813	25.7491013179728	42.9370694597857	0.393619	42.5434504597857	18.1001929877162	30.2074227474902	48.3076157352064	1.807819	46.4997967352064	48.9518997243658	49.7134465996323	882.236026810485
11	67559	68071	512	67815	123.073252096937	382.42831604707	505.501568144007	1.206784	504.294784144007	138.39756947924	429.117987714981	567.515557194221	2.620984	564.894573194221	580.258240414063	603.93503134715	10457.7090456029
11	68406	68496	90	68451	20.303753005199	50.5279762102765	70.8317292154754	0.21213	70.6195992154754	49.3574443289679	103.249212157491	152.606656486459	1.62633	150.980326486459	81.2572441118417	161.414735662636	1464.45936926771
11	68781	69183	402	68982	68.346261519786	118.66393200205	187.010193521836	0.947514	186.062679521836	86.8093643919336	151.770833721489	238.580198113422	2.361714	236.218484113422	214.089866523853	252.543792023236	3858.43643016734
11	69555	69741	186	69648	35.5622685952846	48.4879206460991	84.0501892413837	0.438402	83.6117872413837	45.2097313593688	58.0307805611574	103.240511920526	1.852602	101.387909920526	96.2064849132088	108.394935022721	1733.88218804887
11	70323	71055	732	70689	119.820963515654	369.397861141782	489.218824657436	1.725324	487.493500657436	124.724997084855	377.981094919887	502.706092004742	3.139524	499.566568004742	560.926128524063	534.092139002015	10109.2958955572
11	73940	74185	245	74062.5	25.0256816144797	30.6253341299754	55.651015744455	0.577465	55.073550744455	32.2583786085546	40.9521153963859	73.2104940049405	1.991665	71.2188290049405	63.3694471033959	76.1408371909034	1142.07639639059
11	74478	74661	183	74569.5	50.6725801487961	30.2464238097465	80.9190039585426	0.431331	80.4876729585426	62.7918102354182	42.1254473539591	104.917257589377	1.845531	103.071726589377	92.6117757993899	110.195122032724	1669.09651264154
11	75594	75771	177	75682.5	40.739509605727	62.6449062342527	103.38441583998	0.417189	102.96722683998	49.5484495313002	68.6982711073304	118.246720638631	1.831389	116.415331638631	118.477493214407	124.460917662759	2135.26162352218
11	78709	78828	119	78768.5	5.88406026179568	25.9017054743911	31.7857657361868	0.280483	31.5052827361868	8.28342561234997	32.5144855840378	40.7979111963878	1.694683	39.1032281963878	36.2510192431951	41.8056934288174	653.334300916372
11	79902	80072	170	79987	12.9947539329149	42.733063903368	55.7278178362829	0.40069	55.3271278362829	15.3897191636249	59.5044206981044	74.8941398617292	1.81489	73.0792498617292	63.6612212833789	78.1298336900383	1147.33489901712
11	80537	81019	482	80778	425.842098490897	301.344307594366	727.186406085263	1.136074	726.050332085263	432.22877244218	331.83943817804	764.06821062022	2.550274	761.51793662022	835.41750062506	814.147242243067	15056.3189708558
11	81610	81925	315	81767.5	56.5328397623431	34.000826066899	90.5336658292421	0.742455	89.7912108292421	62.8481117688806	40.014189850483	102.862301619364	2.156655	100.705646619364	103.316733860063	107.665519787158	1862.026709831
11	82650	82929	279	82789.5	80.0951815204204	58.03808075999	138.13326228041	0.657603	137.47565928041	95.1045903256842	66.0368986205925	161.141488946277	2.071803	159.069685946277	158.184035730646	170.063159263731	2850.87312185332
11	84306	84547	241	84426.5	39.1514663528282	16.7317557161376	55.8832220689658	0.568037	55.3151850689658	66.2442042668935	27.5219496043324	93.7661538712259	1.982237	91.7839168712259	63.6474795407177	98.1271999115659	1147.08723834378
11	88893	89163	270	89028	77.8190195255067	87.9838963821916	165.802915907698	0.63639	165.166525907698	82.2129392009393	100.172228350914	182.385167551853	2.05059	180.334577551853	190.046061771555	192.797689896214	3425.10675566
11	91930	92635	705	92282.5	199.591536194833	139.623702874945	339.215239069778	1.661685	337.553554069778	208.686183902115	153.525381509405	362.21156541152	3.075885	359.13568041152	388.400272000652	383.955925051238	6999.9471871652
11	93432	93994	562	93713	120.947194190348	113.132981357759	234.080175548108	1.324634	232.755541548108	127.530673501941	117.124490072885	244.655163574826	2.738834	241.916329574826	267.816216292175	258.635421577909	4826.72002327663
11	94411	94557	146	94484	23.7882479109929	21.0662737736721	44.854521684665	0.344122	44.510399684665	26.9230332918884	23.6466440541853	50.5696773460736	1.758322	48.8113553460736	51.2151364900396	52.1847594575714	923.02523056197
11	96302	96584	282	96443	143.264502037935	150.254192413336	293.518694451271	0.664674	292.854020451271	146.643194062018	153.856290522241	300.49948458426	2.078874	298.42061058426	336.967511757395	319.044772883444	6072.99983067023
11	98381	98532	151	98456.5	31.3656542937795	23.4426384977675	54.8082927915471	0.355907	54.4523857915471	37.0970103964331	27.8433583584141	64.9403687548472	1.770107	63.1702617548472	62.6547141854398	67.5360249920553	1129.19511633162
11	99645	100347	702	99996	678.324975266017	312.903922438972	991.228897704988	1.654614	989.574283704988	690.611509909446	324.340733938832	1014.95224384828	3.068814	1011.88342984828	1138.63686612648	1081.81575806176	20521.0925501908
11	112559	112754	195	112656.5	21.6837905927307	40.9511153691486	62.6349059618793	0.459615	62.1752909618793	23.1035292615849	44.1553026403156	67.2588319019005	1.873815	65.3850169019005	71.5409440373471	69.9038441969709	1289.34726899607
11	114850	115008	158	114929	17.6795815316902	17.7114824005614	35.3910639322516	0.372406	35.0186579322516	22.6932180861036	23.7782476386195	46.471465724723	1.786606	44.684859724723	40.2936248248559	47.7730773832644	726.192194203628
11	118317	118769	452	118543	186.074968049473	279.7956206814	465.870588730874	1.065364	464.805224730874	197.328074545834	290.593214771151	487.921289316985	2.479564	485.441725316985	534.820248627799	518.991113578514	9638.80245432697
11	122349	122431	82	122390	3.61639849839932	5.09223869526841	8.70863719366773	0.193274	8.51536319366773	9.05264656331332	12.1276303154158	21.1802768787291	1.607474	19.5728028787291	9.79805823617902	20.9254998738546	176.585587432099
11	125521	125721	200	125621	29.5933060210386	14.6062978258913	44.1996038469298	0.4714	43.7282038469298	32.2896794610834	16.0262365001929	48.3159159612763	1.8856	46.4303159612763	50.3151161155798	49.6391639363307	906.804605751026
11	127135	127352	217	127243.5	36.3013887264039	67.4967383816641	103.798127108068	0.511469	103.286658108068	54.0108710724907	75.4779557628894	129.48882683538	1.925669	127.56315783538	118.845041385401	136.379181854105	2141.8857635426
11	130405	130487	82	130446	9.75346565124249	10.9590984885818	20.7125641398243	0.193274	20.5192901398243	15.7805298079781	14.628598433284	30.409128241262	1.607474	28.801654241262	23.6101731872762	30.7921668616666	425.514545959122
11	134138	134348	210	134243	26.3653181016228	39.2544691582744	65.6197872598972	0.49497	65.1248172598972	29.6233068381588	44.0352993718346	73.6586062099934	1.90917	71.7494362099934	74.9347664474837	76.7081152180309	1350.51246208721
11	135913	136063	150	135988	19.4801305725242	21.0193724962408	40.499503068765	0.35355	40.145953068765	23.1361301495223	26.7931297537577	49.9292599032799	1.76775	48.1615099032799	46.1932600135221	51.4900025126689	832.518419289628
11	140787	141171	384	140979	26.4494203922833	30.8088391280276	57.2582595203108	0.905088	56.3531715203108	29.5930060128674	34.8249485131924	64.4179545260598	2.319288	62.0986665260598	64.8418210464572	66.3903706898203	1168.61226823254
11	143224	143484	260	143354	134.133653344662	180.228508811802	314.362162156464	0.61282	313.749342156464	144.186227142593	190.280682598838	334.466909741431	2.02702	332.439889741432	361.010359287776	355.415160207258	6506.31225363745
11	146943	147142	199	147042.5	32.0229721968843	45.1154287908875	77.1384009877718	0.469043	76.6693579877718	37.90703245868	50.6139785526879	88.5210110113679	1.883243	86.6377680113679	88.2182964378158	92.6253952908887	1589.91499368815
11	151015	151154	139	151084.5	21.1540761651107	20.8879689172541	42.0420450823648	0.327623	41.7144220823648	25.0291817098104	26.0710100856731	51.1001917954835	1.741823	49.3583687954835	47.9979922824077	52.7695775818607	865.044221869784
11	153030	153236	206	153133	33.4121100322759	34.6956449914041	68.10775502368	0.485542	67.62221302368	36.6097971264002	36.9181055236726	73.5279026500728	1.899742	71.6281606500728	77.8083525266455	76.5784581765973	1402.30169150328
11	155372	155460	88	155416	6.13446708202608	2.27216188596441	8.40662896799049	0.207416	8.19921296799049	10.6356896800255	7.05789223298754	17.693581913013	1.621616	16.071965913013	9.43428534098763	17.1827163829889	170.029487351773
11	158350	158493	143	158421.5	18.0485915822694	9.97717174423586	28.0257633265052	0.337051	27.6887123265052	25.1915861331547	14.5524963605223	39.744082493677	1.751251	37.992831493677	31.8595472312502	40.6185560419817	574.188959438658
11	164602	164838	236	164720	50.6762802495743	57.2655597191434	107.941839968718	0.556252	107.385587968718	56.5708407973621	64.4932565770316	121.064097374394	1.970452	119.093645374394	123.561405510718	127.324332478057	2226.88647588145
11	166017	166475	458	166246	262.722155658263	248.04805598568	510.770211643943	1.079506	509.690705643943	268.190004583877	251.593952563847	519.783957147724	2.493706	517.290251147724	586.466965971833	553.040724530139	10569.6058544803
11	171290	171654	364	171472	228.903234545836	199.797941816621	428.701176362457	0.857948	427.843228362457	242.171695933612	227.662300747019	469.833996680631	2.272148	467.561848680631	492.290554390858	499.875539860394	8872.31068023169
11	178202	178418	216	178310	40.3054977847207	59.6056234545234	99.911121239244	0.509112	99.402009239244	44.6460160056792	63.1586202260752	107.804636231754	1.923312	105.881324231754	114.375236049071	113.198893923516	2061.32865906362
11	179381	179636	255	179508.5	69.6607973232719	66.6639156984058	136.324713021678	0.601035	135.723678021678	75.8039646422628	70.0764086431112	145.880373285374	2.015235	143.865138285374	156.168148209311	153.807809320673	2814.54177194995
11	188778	188955	177	188866.5	21.5947881686073	34.4391380050259	56.0339261736332	0.417189	55.6167371736332	23.1351301222849	37.5766234594622	60.7117535817472	1.831389	58.8803645817472	63.9944553555568	62.9496485128792	1153.34061290139
11	191466	191689	223	191577.5	51.9282143480025	105.824782307265	157.752996655268	0.525611	157.227385655268	54.3851812674277	117.738306791166	172.123488058594	1.939811	170.183677058594	180.91102468983	181.945249992369	3260.47047259179
11	193102	193293	191	193197.5	40.5479043870523	39.7847836022368	80.3326879892891	0.450187	79.8825009892891	42.6517616889721	43.3179798344893	85.9697415234614	1.864387	84.1053545234614	91.915444936831	89.9179640430461	1656.5468837816
11	194752	195247	495	194999.5	200.191552537238	211.131750511034	411.323303048273	1.166715	410.156588048273	208.123768583834	222.939672118672	431.063440702506	2.580915	428.482525702506	471.93972168303	458.095403764619	8505.53762563046
11	196056	196314	258	196185	203.130532585062	295.072236764482	498.202769349544	0.608106	497.594663349544	206.433122536384	304.599196246466	511.03231878285	2.022306	509.01001278285	572.54886005758	544.188230182079	10318.7666729233
11	200211	200460	249	200335.5	45.1924308881628	95.1369912081741	140.329422096337	0.586893	139.742529096337	49.2355410087359	100.049625011616	149.285166020352	2.001093	147.284073020352	160.792371037683	157.463030231483	2897.88186698531
11	201845	202010	165	201927.5	24.1393574740236	22.9527251541938	47.0920826282174	0.388905	46.7031776282174	32.1094745529144	28.7111819949793	60.8206565478937	1.803105	59.0175515478937	53.738219240745	63.0963166145599	968.497510776429
11	202983	203475	492	203229	139.866109477276	145.522263531682	285.388373008958	1.159644	284.228729008958	143.285002596301	147.405114814149	290.69011741045	2.573844	288.11627341045	327.042966446322	308.02829212866	5894.13462886104
11	204762	205594	832	205178	600.947067754901	464.165042277587	1065.11211003249	1.961024	1063.15108603249	620.025287380738	473.04118403351	1093.06647141425	3.375224	1089.69124741425	1223.2967658443	1165.00095574395	22046.8763088963
11	207901	208105	204	208003	59.1180101735955	63.1592202424176	122.277230416013	0.480828	121.796402416013	62.7134081000106	65.4330821746855	128.146490274696	1.895028	126.251462274696	140.142964743608	134.97683363348	2525.72776740064
11	210195	210493	298	210344	181.97855647715	185.566354196561	367.544910673711	0.702386	366.842524673711	191.109605175871	192.492542842391	383.602148018262	2.116586	381.485562018262	422.101129278059	407.850430485143	7607.32117248424
11	213716	213926	210	213821	33.4864120560104	33.9785254595063	67.4649375155167	0.49497	66.9699675155167	36.6168973197853	36.7780017077211	73.3948990275063	1.90917	71.4857290275063	77.0578572949185	76.4261829547747	1388.7758848419
11	216790	217151	361	216970.5	85.9105399110107	82.6871521168868	168.597692027897	0.850877	167.746815027897	94.5769759552626	84.9074125892331	179.484388544496	2.265077	177.219311544496	193.015027685386	189.467124578212	3478.61496895311
11	219319	219399	80	219359	10.3599821706903	12.889351062099	23.2493332327894	0.18856	23.0607732327894	13.4545664566447	15.684627195917	29.1391936525616	1.60276	27.5364336525616	26.5344876040299	29.4395055472249	478.218027268495
11	220020	220253	233	220136.5	102.158882460617	106.840209964062	208.999092424679	0.549181	208.449911424679	109.188973936407	112.323659314578	221.512633250985	1.963381	219.549252250985	239.849355220005	234.722532012808	4322.68703306376
11	223117	223267	150	223192	19.2274236896479	24.3412629732429	43.5686866628909	0.35355	43.2151366628909	23.0576280113909	34.0243267069765	57.0819547183675	1.76775	55.3142047183675	49.7247640620086	59.1370275901806	896.164980872427
11	225904	226441	537	226172.5	359.264185134902	416.511544358326	775.775729493228	1.265709	774.510020493228	369.626667373686	426.130206337975	795.756873711661	2.679909	793.076964711661	891.176819203676	847.887347962116	16061.2417615432
11	229982	231262	1280	230622	137.912256260958	287.318025566133	425.230281827091	3.01696	422.213321827091	209.789113942179	368.43183483051	578.220948772689	4.43116	573.789788772689	485.812597920513	613.445004630917	8755.56165495527
11	231525	231834	309	231679.5	267.560387435247	96.5785304708023	364.138917906049	0.728313	363.410604906049	327.779127588984	178.037049123891	505.816176712875	2.142513	503.673663712875	418.152249003585	538.483080414696	7536.15244433848
11	234210	234357	147	234283.5	29.195095175129	15.3997194359983	44.5948146111273	0.346479	44.2483356111273	36.3752907392435	17.6289801534807	54.0042708927242	1.760679	52.2435918927242	50.9135969084934	55.8542014822508	917.590730903176
11	237086	237513	427	237299.5	372.74455229427	284.711654577449	657.456206871719	1.006439	656.449767871719	406.811680167005	306.343543756562	713.155223923567	2.420639	710.734584923567	755.332791855112	759.854199692831	13612.9916297045
11	242761	242955	194	242858	50.2119676032765	68.0131524470275	118.225120050304	0.457258	117.767862050304	52.4345281382687	71.3828442259745	123.817372364243	1.871458	121.945914364243	135.507593096821	130.37372477803	2442.18674269113
11	245489	246062	573	245775.5	176.070695567106	223.915698702318	399.986394269423	1.350561	398.635833269423	178.461160675248	228.251516795261	406.712677470508	2.764761	403.947916470508	458.683560591528	431.865181881213	8266.62835024017
11	247786	248551	765	248168.5	451.994910804584	460.379239165182	912.374149969767	1.803105	910.571044969767	466.23229858262	464.140641612996	930.372940195616	3.217305	927.155635195616	1047.73312938979	991.232336397456	18882.7791860031
11	255490	255701	211	255595.5	73.4000991691405	93.8899572432088	167.290056412349	0.497327	166.792729412349	76.2530768745531	107.686733020472	183.939809895025	1.911527	182.028282895025	191.917225253377	194.608448997222	3458.82981533718
11	256548	256679	131	256613.5	17.9219881340219	19.0872198709726	37.0092080049945	0.308767	36.7004410049945	21.5649873569345	26.0873105296418	47.6522978865763	1.722967	45.9293308865763	42.2287399940607	49.1035552561436	761.067823707546
11	258473	259025	552	258749	236.769948808386	257.670318063383	494.440266871769	1.301064	493.139202871769	243.322227270174	274.681581392358	518.003808662531	2.715264	515.288544662531	567.422260024513	550.900678004206	10226.3724804674
11	260588	260869	281	260728.5	57.0235531277067	121.671613921079	178.695167048786	0.662317	178.032850048786	81.6734245063933	146.676794977193	228.350219483586	2.076517	226.273702483586	204.850479428534	241.911716074277	3691.91949809654
11	261945	262106	161	262025.5	39.7851836131317	29.838812707806	69.6239963209377	0.379477	69.2445193209377	43.1031739839082	31.7237640474716	74.8269380313799	1.793677	73.0332610313799	79.6750317528787	78.0806665232489	1435.94393364618
11	263201	263297	96	263249	17.2440696698278	19.2615246184413	36.5055942882691	0.226272	36.2793222882691	26.5385228191304	24.456366108261	50.9948889273914	1.640472	49.3544169273914	41.7441868849357	52.7653525960079	752.334961200061
11	264337	264721	384	264529	436.699094198546	346.595540084085	783.294634282631	0.905088	782.389546282631	463.92033561261	350.799154576251	814.719490188861	2.319288	812.400202188861	900.243261914593	868.54603470703	16224.6418019833
11	269513	269708	195	269610.5	36.896904946241	47.7620008745127	84.6589058207537	0.459615	84.1992908207537	41.8479397955967	56.1006279903639	97.9485677859607	1.873815	96.0747527859607	96.8824859426084	102.714580009799	1746.06542231874
11	270614	270903	289	270758.5	92.5142197727976	107.172319009583	199.686538782381	0.681173	199.005365782381	97.2435485836347	118.54182867637	215.785377260005	2.095373	213.690004260005	228.982148958468	228.458345229964	4126.83271630194
11	271692	271885	193	271788.5	22.1778040479776	32.233777938516	54.4115819864935	0.454901	53.9566809864935	27.5960516226194	42.6149606866379	70.2110123092574	1.869101	68.3419113092574	62.0843398587781	73.0650926871088	1118.91554020521
11	273188	273376	188	273282	53.4440556343653	46.2550598305623	99.6991154649276	0.443116	99.2559994649276	59.0007069786553	51.405100100149	110.405807078804	1.857316	108.548491078804	114.207232378615	116.050391476896	2058.30081149187
11	275067	275225	158	275146	31.527258695334	27.5880514047207	59.1153101000547	0.372406	58.7429041000547	34.9682524163035	29.5308043187047	64.4990567350082	1.786606	62.7124507350082	67.5915263088981	67.0465741710745	1218.16885458149
11	277977	279081	1104	278529	643.030813973063	520.024563701028	1163.05537767409	2.602128	1160.45324967409	657.708113732806	532.272697298543	1189.98081103135	4.016328	1185.96448303135	1335.25585017033	1267.92773594213	24064.659853096
11	280322	280422	100	280372	23.8827504849217	6.54637830108719	30.4291287860089	0.2357	30.1934287860089	31.2583513712127	9.79326673528869	41.0516181065014	1.6499	39.4017181065014	34.7415567447824	42.1248122905935	626.130000271914
11	282434	282806	372	282620	60.2379406766946	107.49492779635	167.732868473044	0.876804	166.856064473044	63.5452307560316	110.911720858176	174.456951614207	2.291004	172.165947614207	191.990100666788	184.064517351185	3460.14321309175
11	284683	284959	276	284821	177.431032618062	144.967648425852	322.398681043914	0.650532	321.748149043914	186.266973279043	146.519290687312	332.786263966355	2.064732	330.721531966355	370.214050771125	353.578044918845	6672.18586123961
11	288627	288764	137	288695.5	26.9981353374127	15.1593128881413	42.157448225554	0.322909	41.834539225554	30.7726381420358	18.2965983371301	49.0692364791659	1.737109	47.3321274791659	48.1362030360027	50.6033005968162	867.535126345416
11	291135	291384	249	291259.5	96.6348320042647	94.4495724852253	191.08440448949	0.586893	190.49751148949	102.732998097575	96.8551380046511	199.588136102226	2.001093	197.587043102226	219.192730711615	211.242491488241	3950.40284315055
11	294426	294585	159	294505.5	58.0932822634913	68.2339584610325	126.327240724524	0.374763	125.952477724524	62.361898526085	76.3443793613224	138.706277887407	1.788963	136.917314887407	144.925082309305	146.379814539418	2611.91352167489
11	296170	296402	232	296286	83.2179665744678	84.3740980635587	167.592064638027	0.546824	167.045240638027	98.6984882112433	99.9310217812671	198.62950999251	1.961024	196.66848599251	192.207773012552	210.260451930464	3464.06621478431
11	299158	299412	254	299285	88.583812721873	81.6144228993902	170.198235621263	0.598678	169.599557621263	95.0135878470861	83.2018661359466	178.215453983033	2.012878	176.202575983033	195.14685452748	188.380121352616	3517.03583624544
11	307027	307299	272	307163	56.1374289926981	133.090124922496	189.227553915194	0.641104	188.586449915194	58.0244803895622	135.661294952425	193.685775341987	2.055304	191.630471341987	216.993800123216	204.874254788072	3910.7725980229
11	308708	309117	409	308912.5	526.136730175661	598.341496788007	1124.47822696367	0.964013	1123.51421396367	533.230023372851	609.54110182717	1142.77112520002	2.378213	1140.39291220002	1292.75257522509	1219.20666591497	23298.6442209089
11	309859	310126	267	309992.5	187.134896918332	108.456053974159	295.590950892491	0.629319	294.961631892491	193.402867636543	114.796126656182	308.198994292726	2.043519	306.155475292726	339.392599116636	327.314202228037	6116.70598811318
11	314532	314651	119	314591.5	14.6005976706384	3.80470362719079	18.4053012978292	0.280483	18.1248182978292	19.7285373382799	6.47897646529035	26.2075138035703	1.694683	24.5128308035703	20.8550147731048	26.2069383248822	375.859680136987
11	317135	317536	401	317335.5	109.814690978812	110.568111499425	220.382802478236	0.945157	219.437645478236	115.584548130103	115.610648840997	231.1951969711	2.359357	228.8358399711	252.492205054109	244.650925578606	4550.54290113031
11	321866	321959	93	321912.5	11.1203028792413	28.5390773074328	39.6593801866741	0.219201	39.4401791866741	24.2928616549556	50.8841859122177	75.1770475671732	1.633401	73.5436465671732	45.3811732661896	78.6263253402836	817.882579017315
11	322888	323115	227	323001.5	41.8694403811996	9.83596789832319	51.7054082795228	0.535039	51.1703692795228	75.2834504652264	22.7023183339634	97.9857687991898	1.949239	96.0365297991898	58.8783175496711	102.673715392206	1061.13497602326
11	327603	328073	470	327838	197.476778596027	156.798770665396	354.275549261422	1.10779	353.167759261422	199.030420911961	166.462333868001	365.492754779962	2.52199	362.970764779962	406.36649238373	388.056056134419	7323.74354597491
11	329549	329893	344	329721	27.2832431027789	32.7431918132179	60.0264349159968	0.810808	59.2156269159968	37.8346304866964	45.4234371799888	83.2580676666852	2.225008	81.0330596666852	68.1354567995689	86.6333396570425	1227.97184645009
11	334014	334255	241	334134.5	147.944629508695	182.825379541731	330.770009050426	0.568037	330.201972050426	149.603674695445	188.375530708978	337.979205404424	1.982237	335.996968404424	379.94129883469	359.218072318257	6847.49527173687
11	335021	335262	241	335141.5	67.1049277100736	76.8215923589819	143.926520069055	0.568037	143.358483069055	72.5433758349098	86.2340487222908	158.777424557201	1.982237	156.795187557201	164.95300714894	167.631467898493	2972.86696649049
11	338911	339050	139	338980.5	22.3945099503096	22.6565170864931	45.0510270368027	0.327623	44.7234040368027	26.7307280541475	30.9424427669364	57.673170821084	1.741823	55.931347821084	51.4602263352216	59.7968221018843	927.442364369697
11	340620	341178	558	340899	292.739373225211	362.499973266769	655.23934649198	1.315206	653.92414049198	297.167293826713	369.723270004813	666.890563831526	2.729406	664.161157831526	752.426721545865	710.062034064953	13560.616952977
11	342167	342352	185	342259.5	33.447811004649	22.739319341745	56.187130346394	0.436045	55.751085346394	45.2919335982783	27.981062108996	73.2729957072744	1.850245	71.4227507072744	64.1490408019666	76.3588521365861	1156.12663041677
11	346835	347002	167	346918.5	22.6140159289061	21.9382975246342	44.5523134535403	0.393619	44.1586944535403	23.4746393693625	23.8252489187745	47.299888288137	1.807819	45.492069288137	50.8104528308515	48.6360740486909	915.731815891498
11	349238	349398	160	349318	18.8811142573564	15.8819325698445	34.763046827201	0.37712	34.385926827201	20.7169642596686	18.5202044273998	39.2371686870684	1.79132	37.4458486870684	39.5655835101016	40.0337706782499	713.0710634508
11	352888	353379	491	353133.5	86.6386597425193	181.791151372872	268.429811115392	1.157287	267.272524115392	89.4490362876211	189.009747982901	278.458784270522	2.571487	275.887297270522	307.532596866866	294.954158584325	5542.50882809941
11	355175	356488	1313	355831.5	383.215337482858	334.073499026261	717.288836509119	3.094741	714.194095509119	396.15538992589	341.706006909825	737.861396835716	4.508941	733.352455835716	821.775323093354	784.035215454931	14810.452710907
11	358129	358337	208	358233	37.5722233396179	24.9802803779044	62.5525037175223	0.490256	62.0622477175223	43.954997184676	28.0394636996568	71.9944608843328	1.904456	70.0900048843328	71.4108727454685	74.9339988479367	1287.00305803806
11	361886	362461	575	362173.5	128.996413423713	149.149862335139	278.146275758852	1.355275	276.791000758852	133.849345601085	151.768133647948	285.617479249033	2.769475	282.848004249033	318.484870581004	302.395927343928	5739.8962737452
11	364386	364905	519	364645.5	83.0093608927583	92.4056168148223	175.414977707581	1.223283	174.191694707581	95.4971010163409	101.142854787478	196.639955803819	2.637483	194.002472803819	200.430719182098	207.410187765984	3612.26433167346
11	365200	365348	148	365274	23.6408438962087	18.211996032851	41.8528399290597	0.348836	41.5040039290597	42.911768770681	27.1213386930533	70.0331074637343	1.763036	68.2700714637343	47.7558782030499	72.9882879142949	860.680718826792
11	369253	369803	550	369528	665.213218146333	545.8309665797	1211.04418472603	1.29635	1209.74783472603	704.38368501667	550.618296970303	1255.00198198697	2.71055	1252.29143198697	1391.97582841229	1338.83861010785	25086.8961406911
11	371505	371830	325	371667.5	114.245411656578	73.0862906220626	187.331702278641	0.766025	186.565677278641	124.65739524361	75.0269434788482	199.684338722459	2.180225	197.504113722459	214.668632361758	211.153830771806	3868.8672423761
11	374253	374414	161	374333.5	17.0627647316978	21.3481814518788	38.4109461835766	0.379477	38.0314691835766	21.1191752145275	24.0829559378375	45.202131152365	1.793677	43.408454152365	43.760264993187	46.4084580791793	788.669745957718
11	382028	382509	481	382268.5	334.632714257383	209.795514116498	544.428228373881	1.133717	543.294511373881	338.912830833206	227.695601654022	566.608432487228	2.547917	564.060515487228	625.132615106332	603.043331034701	11266.4578430353
11	383456	383578	122	383517	14.0590829216178	25.4050919483272	39.464174869945	0.287554	39.176620869945	25.9520068444294	38.0163354357215	63.9683422801509	1.701754	62.2665882801509	45.0779143590579	66.5698976929696	812.417092798614
11	384939	385178	239	385058.5	144.135725767107	71.6006501582676	215.736375925375	0.563323	215.173052925375	163.109242541194	103.162609798737	266.271852339932	1.977523	264.294329339932	247.585223961678	282.559988445678	4462.10679288943
11	392396	392480	84	392438	4.91123376530954	10.7355924010359	15.6468261663455	0.197988	15.4488381663455	12.7852482266918	17.7148824931684	30.5001307198601	1.612188	28.8879427198601	17.7759436200819	30.8844188277854	320.367094239291
11	393579	393741	162	393660	30.2148229490465	56.7841466070871	86.9989695561336	0.381834	86.6171355561336	50.0139622102828	65.9733968910213	115.987359101304	1.796034	114.191325101304	99.6645379801431	122.083207694257	1796.20497869541
11	398653	398733	80	398693	8.21452373569712	7.05849224932995	15.2730159850271	0.18856	15.0844559850271	13.1078570134582	14.6983003317267	27.8061573451849	1.60276	26.2033973451849	17.3566734431576	28.0143416984555	312.810793929547
11	402076	402646	570	402361	587.811209978798	547.612715108472	1135.42392508727	1.34349	1134.08043508727	602.59321259029	559.731445181476	1162.32465777177	2.75769	1159.56696777177	1304.9104183553	1239.70586063602	23517.7590515524
11	403724	404052	328	403888	50.4316735873205	38.374645194861	88.8063187821815	0.773096	88.0332227821815	64.406954226449	47.4652927931934	111.872247019642	2.187296	109.684951019642	101.293934729614	117.265393359661	1825.57079539395
11	408082	408416	334	408249	48.0727093371548	53.8723673001188	101.945076637274	0.787238	101.157838637274	53.3303525374795	59.7603276681401	113.09068020562	2.201438	110.88924220562	116.395551366624	118.552914376267	2097.73980896174
11	417049	417128	79	417088.5	11.2921075586167	9.89896961427573	21.1910771728924	0.186203	21.0048741728924	18.1575945511396	16.5316502659455	34.6892448170851	1.600403	33.0888418170851	24.1689022193036	35.3756464804478	435.584244664486
11	418072	418223	151	418147.5	28.9656889268828	20.8843688191996	49.8500577460825	0.355907	49.4941507460825	32.3465810108881	24.1959590156572	56.5425400265453	1.770107	54.7724330265453	56.9496051232389	58.5578134868595	1026.37474000511
11	426098	426165	67	426131.5	8.53893257149082	15.7069278033097	24.2458603748005	0.157919	24.0879413748005	18.262797416508	21.5954881876734	39.8582856041814	1.572119	38.2861666041814	27.7163812056154	40.9321638505255	499.518714699356
11	428729	429200	471	428964.5	244.105348599736	101.899375392527	346.004723992263	1.110147	344.894576992263	251.068838261518	112.27175790096	363.340596162479	2.524347	360.816249162479	396.847095520889	385.752639676327	7152.18013550068
11	434993	435220	227	435106.5	43.9488970185282	63.0546173933917	107.00351441192	0.535039	106.46847541192	47.3162887348294	66.1893027715634	113.505591506393	1.949239	111.556352506393	122.506145501689	119.266129371645	2207.86804344349
11	442815	442968	153	442891.5	10.1311759387865	11.0639013430552	21.1950772818417	0.360621	20.8344562818417	12.7112462111285	12.3763370893427	25.0875833004711	1.774821	23.3127623004711	23.9728137632948	24.9239318252097	432.050238807578
11	445100	445221	121	445160.5	13.2809617282421	15.7656294021417	29.0465911303838	0.285197	28.7613941303838	17.8516862192368	18.1669948071706	36.0186810264074	1.699397	34.3192840264074	33.0938103559407	36.6911258451299	596.433477042613
11	451310	451398	88	451354	8.82124026059242	12.4982404095747	21.3194806701671	0.207416	21.1120646701671	16.8180580667202	19.0106177845922	35.8286758513124	1.621616	34.2070598513124	24.292239147016	36.5711457392481	437.807085487349
11	457200	457439	239	457319.5	97.7445622295429	97.998869155999	195.743431385542	0.563323	195.180108385542	101.568566382414	111.681041811863	213.249608194277	1.977523	211.272085194277	224.580681412083	225.873321234251	4047.50723022026
11	461405	461515	110	461460	7.2955987073037	9.90576979948965	17.2013685067934	0.25927	16.9420985067934	9.46895790221873	15.2212145741328	24.6901724763515	1.67347	23.0167024763515	19.4941383047625	24.6074109952267	351.33327247619
11	462804	463814	1010	463309	404.619720465476	423.569436591314	828.189157056789	2.38057	825.808587056789	412.017621959159	427.484943236402	839.502565195561	3.79477	835.707795195561	950.202644783968	893.464439983139	17125.0352022959
11	468835	469016	181	468925.5	25.6596988829544	20.1263481732945	45.7860470562489	0.426617	45.3594300562489	37.6777262131575	30.8837411681045	68.561467381262	1.840817	66.720650381262	52.1920588873426	71.3317847110129	940.631822730033
11	469383	469680	297	469531.5	129.236919974294	127.186864137743	256.423784112037	0.700029	255.723755112037	163.949365423285	136.870127876924	300.819493300209	2.114229	298.705264300209	294.244201683065	319.349099317124	5303.01861350803
11	473528	473630	102	473579	13.897978533682	25.2246870347107	39.1226655683927	0.240414	38.8822515683927	16.6279528889015	32.1275750459103	48.7555279348118	1.654614	47.1009139348118	44.7392033148012	50.3561076412036	806.312670138728
11	475941	476124	183	476032.5	37.2643149532404	47.6264971838529	84.8908121370933	0.431331	84.4594811370933	43.4021821278734	65.6161871618428	109.018369289716	1.845531	107.172838289716	97.181869517214	114.579665876537	1751.46106532421
11	477906	478516	610	478211	289.088573789847	228.018910459855	517.107484249702	1.43777	515.669714249702	313.558640271259	252.499677232707	566.058317503966	2.85197	563.206347503966	593.346610818621	602.130130603637	10693.5943119186
11	478876	479164	288	479020	120.596384635489	62.3073970416498	182.903781677139	0.678816	182.224965677139	149.877082142134	68.7858734933215	218.662955635456	2.093016	216.569939635456	209.674066177006	231.53731596855	3778.85263106808
11	483200	483389	189	483294.5	46.9037774994259	44.9953255196827	91.8991030191086	0.445473	91.4536300191086	56.1684298370557	52.5517313304852	108.720161167541	1.859673	106.860488167541	105.229568305852	114.245728908864	1896.50078480872
11	487479	487760	281	487619.5	127.241265619454	143.924020000962	271.165285620416	0.662317	270.502968620416	141.242746972201	152.294447982961	293.537194955162	2.076517	291.460677955162	311.249653047455	311.603831989358	5609.49950455239
11	489802	489936	134	489869	18.7896117651397	20.5651601250401	39.3547718901798	0.315838	39.0389338901798	24.37546390476	24.5587688973648	48.9342328021248	1.730038	47.2041948021248	44.9194871709955	50.4665263578954	809.561837461804
11	491041	491283	242	491162	125.036105558392	45.026826377659	170.062931936051	0.570394	169.492537936051	154.99602156464	52.4600288328209	207.456050397461	1.984594	205.471456397461	195.02371414177	219.67180487974	3514.81653760248
11	493676	493986	310	493831	95.0757895412488	40.1596938135162	135.235483354765	0.73067	134.504813354765	103.182210332589	42.3374531282756	145.519663460865	2.14487	143.374793460865	154.765682252566	153.283576249559	2789.26581738268
11	499847	500223	376	500035	227.558397917059	216.787204546374	444.345602463433	0.886232	443.459370463433	240.233743150367	229.348646677348	469.582389827715	2.300432	467.281957827715	510.259003445807	499.576305456223	9196.14720529906
11	506284	506870	586	506577	203.222935101793	234.838196194013	438.061131295806	1.381202	436.679929295806	217.325819216406	249.898206377486	467.224025593892	2.795402	464.428623593892	502.458354447235	496.525774292144	9055.55994274554
11	507711	507921	210	507816	51.144392999374	24.5873696763528	75.7317626757268	0.49497	75.2367926757268	57.1391562763434	26.7560287432523	83.8951850195957	1.90917	81.9860150195957	86.5699394581646	87.6521547567843	1560.20746608082
11	513181	513293	112	513237	20.6549625709534	18.646507867476	39.3014704384295	0.263984	39.0374864384295	24.3449630740211	30.4634297202497	54.8083927942708	1.678184	53.1302087942708	44.9178216851881	56.802093410475	809.531821229755
11	513972	514987	1015	514479.5	628.090307044452	289.55008635988	917.640393404332	2.392355	915.248038404333	637.026750442787	291.665043964134	928.691794406921	3.806555	924.885239406921	1053.11463256234	988.805031167627	18979.7673724463
11	517080	517400	320	517240	68.0783542229021	81.0436073523154	149.121961575218	0.75424	148.367721575218	70.6924254213137	89.0054242051363	159.69784962645	2.16844	157.52940962645	170.716802478161	168.41643282726	3076.74501656073
11	518094	519825	1731	518959.5	686.470497122337	313.812847194992	1000.28334431733	4.079967	996.203377317329	718.284663632064	322.706989441186	1040.99165307325	5.494167	1035.49748607325	1146.26452026049	1107.06180655152	20658.5620113346
11	521144	521395	251	521269.5	35.5566684427555	37.6577256684107	73.2143941111661	0.591607	72.6227871111661	67.7496452699879	73.4649009341203	141.214546204108	2.005807	139.208739204108	83.5621782894681	148.829601600942	1506.00006497878
11	521708	521942	234	521825	149.535472837858	90.9599774405209	240.495450278379	0.551538	239.943912278379	175.803488289288	108.485154766766	284.288643056053	1.965738	282.322905056053	276.08739315646	301.834537993381	4975.78737826962
11	522401	522539	138	522470	41.4717295489087	58.320988465434	99.7927180143428	0.325266	99.4674520143428	55.6613160249996	70.9450323014663	126.606348326466	1.739466	124.866882326466	114.450536668313	133.49656390862	2062.68576511079
11	523899	524194	295	524046.5	195.723630846243	187.855616548284	383.579247394527	0.695315	382.883932394527	224.390211626436	227.065984505392	451.456196131828	2.109515	449.346681131828	440.558903005869	480.401502922183	7939.97655560688
11	525010	525365	355	525187.5	309.151720241741	300.698890015386	609.850610257127	0.836735	609.013875257127	334.658314954659	336.024752171763	670.683067126421	2.250935	668.432132126421	700.751486542318	714.628179885907	12629.2995930638
11	526374	527822	1448	527098	1327.95556899464	934.359948788175	2262.31551778282	3.412936	2258.90258178282	1390.85548217442	964.625873129049	2355.48135530347	4.827136	2350.65421930347	2599.16794419548	2513.11040499808	46843.5262576503
11	530643	530823	180	530733	40.3592992500897	33.1531029778043	73.512402227894	0.42426	73.088142227894	56.9729517494972	39.6045786940678	96.577530443565	1.83846	94.739070443565	84.0976312619959	101.286587255747	1515.65027070495
11	533511	534102	591	533806.5	629.950857719527	764.225514904654	1394.17637262418	1.392987	1392.78338562418	649.328885511119	803.051172383556	1452.38005789467	2.807187	1449.57287089467	1602.58258072613	1549.75437677423	28882.5581155488
11	534976	535315	339	535145.5	48.6208242659419	59.2107126984971	107.831536964439	0.799023	107.032513964439	64.9112679622405	100.629240798379	165.54050876062	2.213223	163.32728576062	123.155146895915	174.615006279713	2219.56467656008
11	538178	538281	103	538229.5	1.83134987974412	6.39407415284003	8.22542403258415	0.242771	7.98265303258415	3.6689999310835	8.91594283996869	12.5849427710522	1.656971	10.9279717710522	9.18510432422109	11.6832153950292	165.538620369561
11	552461	552621	160	552541	42.8246663983085	32.1710762307346	74.9957426290432	0.37712	74.6186226290432	55.9212231039848	37.7040269294996	93.6252500334844	1.79132	91.8339300334844	85.8586525782613	98.1806695360758	1547.3882922718
11	554733	554836	103	554784.5	15.8682321966929	8.74703823958165	24.6152704362746	0.242771	24.3724994362746	26.3275170720513	15.1990139694638	41.5265310415151	1.656971	39.8695600415151	28.0438031128772	42.624987273848	505.419678792268
11	556287	556436	149	556361.5	28.8855867451717	26.4211196214665	55.3067063666382	0.351193	54.9555133666382	32.9443972933711	28.5941788082103	61.5385761015814	1.765393	59.7731831015814	63.2336293965534	63.9041706597542	1139.62862062029
11	557353	557652	299	557502.5	36.8297031158916	32.9564976229429	69.7862007388346	0.704743	69.0814577388346	47.3471895764633	38.5035487057544	85.8507382822177	2.118943	83.7317952822177	79.4874077089955	89.5185877297017	1432.56247772839
11	559305	559832	527	559568.5	399.900591932459	297.627706366785	697.528298299245	1.242139	696.286159299245	416.772451464549	306.376144644499	723.148596109048	2.656339	720.492257109048	801.169860016382	770.286234866919	14439.0905783243
11	562290	562530	240	562410	136.120107448918	76.3539796228008	212.474087071718	0.56568	211.908407071718	153.625084224968	81.8948305367408	235.519914761709	1.97988	233.540034761709	243.82881457935	249.680232219427	4394.40687302525
11	565956	566082	126	566019	14.3408905971007	26.8770320389706	41.2179226360714	0.296982	40.9209406360714	17.3211717698269	34.9184510598839	52.2396228297108	1.711182	50.5284408297108	47.084986313867	54.020514525145	848.589564079687
11	567198	567826	628	567512	346.511237787977	340.144964392335	686.656202180312	1.480196	685.176006180312	376.235047363488	376.175945753761	752.41099311725	2.894396	749.51659711725	788.386150760959	801.316477543117	14208.6960701457
11	568333	568430	97	568381.5	11.925524810749	2.38416493654669	14.3096897472957	0.228629	14.0810607472957	33.8496219486129	6.8450864368812	40.6947083854941	1.642829	39.0518793854941	16.2021337306874	41.7507958475902	292.003092196621
11	568663	568754	91	568708.5	5.44614833456369	0.737820095710814	6.1839684302745	0.214487	5.9694814302745	18.2276964604773	2.90707917895274	21.13477563943	1.628687	19.50608863943	6.86868256389971	20.8541749433025	123.790889602208
11	570998	571465	467	571231.5	104.11203565787	99.9386219882709	204.050657646141	1.100719	202.949938646141	109.997195949626	106.224593196754	216.221789146381	2.514919	213.706870146381	233.520904823245	228.476376735488	4208.63248226304
11	573416	573640	224	573528	64.0540446143911	40.8541127271264	104.908157341517	0.527968	104.380189341517	93.8519562081898	48.267114632094	142.119070840284	1.942168	140.176902840284	120.103294552616	149.864676044403	2164.56264189085
11	575943	576303	360	576123	399.11647057566	578.421054222881	977.537524798541	0.84852	976.689004798541	406.18516310281	595.372815931234	1001.55797903404	2.26272	999.295259034045	1123.81063849022	1068.35760552135	20253.8867372181
11	578146	579129	983	578637.5	360.013205535671	366.648086247263	726.661291782935	2.316931	724.344360782935	370.932502940207	388.480080876568	759.412583816775	3.731131	755.681452816775	833.454553679721	807.907392904705	15020.9417429311
11	580854	581451	597	581152.5	129.899838029928	149.146462242532	279.04630027246	1.407129	277.63917127246	142.59618383522	163.772560607723	306.368744442943	2.821329	303.547415442943	319.46080359731	324.525896618678	5757.48503478588
11	581715	581980	265	581847.5	139.755006451208	95.0844897782136	234.839496229421	0.624605	234.214891229421	181.197335199339	110.187201124721	291.38453632406	2.038805	289.34573132406	269.495392252056	309.342719171918	4856.98298621581
11	583408	583536	128	583472	20.2485515016977	14.4060923729754	34.6546438746731	0.301696	34.3529478746731	27.0892378187346	18.9612164390675	46.0504542578021	1.715896	44.3345582578021	39.5276368377064	47.3985662134906	712.38716922661
11	584783	584955	172	584869	36.5569956882685	23.7677473526274	60.3247430408959	0.405404	59.9193390408959	44.7148178796083	25.706500157662	70.4213180372704	1.819604	68.6017140372704	68.9451712209566	73.3428506549352	1242.564931458
11	589629	590235	606	589932	226.201160950539	149.716677773265	375.917838723804	1.428342	374.489496723804	237.778176269074	162.287820168442	400.065996437516	2.842542	397.223454437516	430.899987973006	424.675985203815	7765.8986777334
11	592576	592749	173	592662.5	41.0072168971635	30.2385235945715	71.245740491735	0.407761	70.837979491735	52.3365254690092	33.675017192973	86.0115426619822	1.821961	84.1895816619822	81.5085196729376	90.0080122077067	1468.98798519281
11	598929	599101	172	599015	35.6106699135719	33.555413935387	69.1660838489589	0.405404	68.7606798489589	43.0237718212633	46.7608736072098	89.784645428473	1.819604	87.965041428473	79.1183100704805	94.044397969978	1425.91041241648
11	599697	599822	125	599759.5	19.7731385530654	14.7880027749163	34.5611413279816	0.294625	34.2665163279816	28.6396800475094	21.2975800736693	49.9372601211787	1.708825	48.2284351211787	39.4281858444057	51.5615530027737	710.594812858707
11	608433	608759	326	608596	64.9739696700219	51.7631098511174	116.737079521139	0.768382	115.968697521139	68.3033603513041	55.4774110160525	123.780771367357	2.182582	121.598189367357	133.437414945603	130.001968140845	2404.87693945152
11	611250	611419	169	611334.5	30.5159311502102	26.6670263191289	57.182957469339	0.398333	56.784624469339	33.6104154334408	29.9851166926291	63.5955321260699	1.812533	61.7829991260699	65.3382650647103	66.0528871837738	1177.55943475036
11	614001	614108	107	614054.5	31.8785682638121	16.9511616920104	48.8297299558226	0.252199	48.5775309558226	35.5213674812773	21.0722739370962	56.5936414183735	1.666399	54.9272424183735	55.8949121076692	58.7233219185973	1007.36652621157
11	614911	615288	377	615099.5	63.9266411443537	27.9504612755334	91.8771024198871	0.888589	90.9885134198871	85.5486300538167	47.9808068340431	133.52943688786	2.302789	131.22664788786	104.694389779448	140.295859557652	1886.85552529013
11	618864	619081	217	618972.5	58.6635977969473	42.1562481928692	100.819845989817	0.511469	100.308376989817	63.0150163147929	49.705753815734	112.720770130527	1.925669	110.795101130527	115.418132729052	118.45226711245	2080.12427329924
11	625672	625831	159	625751.5	39.4301739438754	38.8562583123649	78.2864322562402	0.374763	77.9116692562402	62.9018132315258	50.0745638608657	112.976377092392	1.788963	111.187414092392	89.6477408289801	118.871693235774	1615.67716731795
11	626351	626585	234	626468	32.9958986960942	25.8544041860649	58.8503028821591	0.551538	58.2987648821591	45.9733521578031	33.2637059902543	79.2370581480574	1.965738	77.2713201480574	67.0804850505349	82.6116223633959	1208.95860918033
11	630326	630860	534	630593	151.285920514102	56.598341546389	207.884262060491	1.258638	206.625624060491	170.852553442656	62.4392006315315	233.291754074187	2.672838	230.618916074187	237.750269904755	246.557231946754	4284.85625021592
11	635309	635559	250	635434	59.1797118541395	65.5959866116485	124.775698465788	0.58925	124.186448465788	64.9514690571817	68.3373612773737	133.288830334555	2.00345	131.285380334555	142.893030695023	140.358651065518	2575.29085426969
11	640399	640493	94	640446	7.03599163648976	4.10141170851011	11.1374033449999	0.221558	10.9158453449999	11.3700096804056	6.48717668863655	17.8571863690421	1.635758	16.2214283690421	12.5601323108528	17.3425083465702	226.36509080413
12	22703	22894	191	22798.5	9.97447167069503	11.5561147492749	21.5305864199699	0.450187	21.0803994199699	13.2167599796048	16.4021467387097	29.6189067183145	1.864387	27.7545197183145	24.255804063927	29.6726637703817	860.635394368164
12	23278	23418	140	23348	7.12789413960147	10.8562956885831	17.9841898281845	0.32998	17.6542098281845	10.6049888438391	13.387464629019	23.9924534728581	1.74418	22.2482734728581	20.3135171191414	23.7858750550092	720.756639143396
12	29570	29832	262	29701	13.8484771854336	10.8556956722407	24.7041728576743	0.617534	24.0866388576743	18.942615932453	18.4814033705909	37.4240193030439	2.031734	35.3922853030439	27.7148824863751	37.8382833686598	983.369125000555
12	35265	35392	127	35328.5	1.43103897663618	3.62929884976103	5.06033782639721	0.299339	4.76099882639721	2.51976862993025	5.51175012133332	8.03151875126356	1.713539	6.31797975126356	5.4781625519049	6.75462197760949	194.374120760781
12	36655	37051	396	36853	12.7032459932297	13.9752806391286	26.6785266323583	0.933372	25.7451546323583	16.3570455103056	19.8993419904179	36.2563875007235	2.347572	33.9088155007235	29.6232255336875	36.2522894078737	1051.08024134965
12	39546	39716	170	39631	10.0460736208887	13.9779807126694	24.0240543335581	0.40069	23.6233643335581	11.1394033994746	15.6928274192632	26.8322308187377	1.81489	25.0173408187377	27.1818235124486	26.7463155578802	964.455325275027
12	40462	40583	121	40522.5	8.53613249522626	6.65558127540492	15.1917137706312	0.285197	14.9065167706312	10.4341841917011	8.90024241234243	19.3344266040435	1.699397	17.6350296040435	17.151930704005	18.8538050498568	608.578408974288
12	46518	46645	127	46581.5	2.85987789335021	7.07809278318185	9.93797067653206	0.299339	9.63863167653206	3.42989341863506	10.0092726185545	13.4391660371896	1.713539	11.7256270371896	11.0905280650823	12.5359974556444	393.509980946721
12	53967	54245	278	54106	10.9087971185435	21.3352811005171	32.2440782190606	0.655246	31.5888322190606	11.7068188539423	23.3584362043834	35.0652550583257	2.069446	32.9958090583257	36.3471540386444	35.2761841298715	1289.65616508796
12	65382	65458	76	65420	1.48714050465106	6.5437782302701	8.03091873492116	0.179132	7.85178673492116	4.86153241161365	20.3058530623974	25.167385474011	1.593332	23.574053474011	9.03452523833916	25.203281106599	320.559655368865
12	73223	73405	182	73314	5.27104356530513	6.98659029096507	12.2576338562702	0.428974	11.8286598562702	5.50124983534123	7.68190922908885	13.1831590644301	1.843174	11.3399850644301	13.6104468466916	12.1237033604997	482.920799432485
12	81087	81314	227	81200.5	8.01301824737274	16.0867381480521	24.0997563954249	0.535039	23.5647173954249	8.638935295225	16.8891600032952	25.5280952985202	1.949239	23.5788562985202	27.1143424077518	25.2084158593621	962.060985883101
12	86548	87241	693	86894.5	164.17417154624	84.0698897779593	248.244061324199	1.633401	246.610660324199	169.379713327499	86.4106535324054	255.790366859904	3.047601	252.742765859904	283.758373725727	270.210084262725	10068.2087979058
12	88285	88466	181	88375.5	9.4960586403507	6.12556683961374	15.6216254799644	0.426617	15.1950084799644	11.6111162473287	6.93258882014861	18.5437050674773	1.840817	16.7028880674773	17.4838787964603	17.8572422312005	620.356467401339
12	92515	92617	102	92566	1.77784842254633	7.49430411936352	9.27215254190986	0.240414	9.03173854190986	6.98379021470051	13.2118598461418	20.1956500608423	1.654614	18.5410360608423	10.3922167727833	19.8224265658922	368.73276008628
12	94062	94230	168	94146	8.00181794231451	3.53569630034583	11.5375142426603	0.395976	11.1415382426603	12.3532364601601	4.97093539137885	17.3241718515389	1.810176	15.5139958515389	12.8198220157398	16.5861844236506	454.868144018954
12	97616	97848	232	97732	43.8342938971289	70.3369157384387	114.171209635568	0.546824	113.624385635568	44.8047203282454	72.9819877812079	117.786708109453	1.961024	115.825684109453	130.739972234565	123.830518972604	4638.86693952626
12	98925	99038	113	98981.5	2.85127765910907	8.65073561662564	11.5020132757347	0.266341	11.2356722757347	3.59349787466419	10.7143918236043	14.3078896982685	1.680541	12.6273486982685	12.9281357443609	13.5000380492205	458.711291345739
12	100238	100311	73	100274.5	2.0682563322704	4.07251092135093	6.14076725362134	0.172061	5.96870625362134	5.32614506608267	9.50855898081747	14.8347040469001	1.586261	13.2484430469001	6.86779062003092	14.1640568816008	243.680385656585
12	100584	100780	196	100682	19.754838054622	19.5410322312783	39.2958702859003	0.461972	38.8338982859003	23.1714311110004	24.4825668218793	47.6539979328798	1.876172	45.7778259328798	44.6835664303847	48.9415796357326	1585.44564077272
12	108367	108495	128	108431	5.07473821861493	20.4151560394388	25.4898942580538	0.301696	25.1881982580538	10.6629904236049	41.3701267815948	52.0331172051997	1.715896	50.3172212051997	28.9823731277085	53.7946972902069	1028.34175526616
12	111623	112190	567	111906.5	50.8123839565765	91.6120952019915	142.424479158568	1.336419	141.088060158568	53.9607697078998	93.0387340587834	146.999503766683	2.750619	144.248884766683	162.340583533908	154.218076924959	5760.10804520997
12	114316	114541	225	114428.5	76.633087224743	37.2691150839796	113.902202308723	0.530325	113.371877308723	83.8050825655112	38.1210382874712	121.926120852982	1.944525	119.981595852982	130.449427810883	128.273650148235	4628.55795063444
12	116113	116347	234	116230	22.9845260203412	19.4065285678559	42.3910545881971	0.551538	41.8395165881971	25.4954944105829	20.6672629059727	46.1627573165556	1.965738	44.1970193165556	48.1419301539107	47.2515218113405	1708.15401272448
12	124954	125460	506	125207	133.384632943893	204.56777173057	337.952404674463	1.192642	336.759762674463	141.247447100217	209.610709083038	350.858156183254	2.606842	348.251314183254	387.486909394526	372.319328823925	13748.6660182589
12	125698	125926	228	125812	53.5315580176327	26.1657126650494	79.6972706826821	0.537396	79.1598746826821	59.8916312444031	31.2331506848317	91.1247819292348	1.951596	89.1731859292348	91.0839672330502	95.3360386080066	3231.80735850411
12	130875	131053	178	130964	67.4070359384746	29.8961142685057	97.3031502069802	0.419546	96.8836042069802	73.4943017348981	41.766937589372	115.26123932427	1.833746	113.42749332427	111.477476011454	121.266586699655	3955.40223187111
12	131470	131607	137	131538.5	16.836958581506	17.9528889756557	34.7898475571617	0.322909	34.4669385571617	22.4407112086747	24.2500604891973	46.6907716978721	1.737109	44.9536626978721	39.6587982832024	48.0604576126354	1407.15869120133
12	136427	136506	79	136466.5	3.07488374937871	3.6971006964528	6.77198444583151	0.186203	6.58578144583151	4.4451210699845	6.19466872171406	10.6397897916986	1.600403	9.03938679169856	7.57781772420338	9.66410832119379	268.873302584882
12	140691	141053	362	140872	13.5255683904959	8.44653005476043	21.9720984452564	0.853234	21.1188644452564	14.672599631727	9.98917207108396	24.661771702811	2.267434	22.394337702811	24.3000631928967	23.9420339375358	862.205780277237
12	143034	143132	98	143083	4.6721272528611	3.36129155015341	8.03341880301451	0.230986	7.80243280301451	6.73148334271916	4.50802278321331	11.2395061259325	1.645186	9.59432012593247	8.97773697364538	10.2573936818781	318.544715338372
12	147605	147804	199	147704.5	16.0265365083641	16.0086360208157	32.0351725291799	0.469043	31.5661295291799	18.4971037982172	17.7278828472538	36.224986645471	1.883243	34.341743645471	36.3210315735763	36.7151376720917	1288.72929752396
12	159601	159980	379	159790.5	51.1108920869231	58.096382347927	109.20727443485	0.893303	108.31397143485	52.197421680295	59.8849310619129	112.082352742208	2.307503	109.774849742208	124.629634200416	117.361505077506	4422.06220405416
12	164156	164358	202	164257	23.5597416872603	28.7357826650179	52.2955243522782	0.476114	51.8194103522782	27.7686563237846	33.415810133054	61.1844664568387	1.890314	59.2941524568387	59.6251256521439	63.3920337032721	2115.59647310147
12	168804	168943	139	168873.5	13.6874728002216	15.7615292904686	29.4490020906901	0.327623	29.1213790906901	17.2209690406453	20.028345504035	37.2493145446803	1.741823	35.5074915446803	33.5080209450855	37.9614516348385	1188.91910342639
12	175045	175154	109	175099.5	4.4843221376883	9.17654993801998	13.6608720757083	0.256913	13.4039590757083	5.95326214661974	11.8530228360417	17.8062849826614	1.671113	16.1351719826614	15.4230381760831	17.2502906905957	547.23448903386
12	177445	177603	158	177524	10.9365978757416	20.135948434773	31.0725463105146	0.372406	30.7001403105146	12.4145381298091	23.5616417390112	35.9761798688204	1.786606	34.1895738688204	35.3245957665052	36.5524512821129	1253.3741338064
12	179700	180011	311	179855.5	32.0138719490245	47.0107804138215	79.024652362846	0.733027	78.291625362846	36.5693960260115	51.2796966845864	87.8490927105979	2.147227	85.7018657105979	90.0849308788987	91.6248117976586	3196.35992314483
12	182048	182280	232	182164	14.6536991169413	64.0575447097218	78.7112438266631	0.546824	78.164419826663	16.7109551496009	66.9127224750565	83.6236776246574	1.961024	81.6626536246574	89.9385639861264	87.3064455157054	3191.16658763835
12	183459	183559	100	183509	4.85083212017409	6.9041880466081	11.7550201667822	0.2357	11.5193201667822	10.4368842652419	13.5860700383551	24.022954303597	1.6499	22.373054303597	13.254510379458	23.9192796202146	470.29159443725
12	184986	185112	126	185049	5.61825302211022	16.2818434620575	21.9000964841677	0.296982	21.6031144841677	8.77973913024273	26.4639207872247	35.2436599174675	1.711182	33.5324779174675	24.8572572871726	35.849942738378	881.975933342577
12	187372	187607	235	187489.5	6.99149042442804	54.1816757246287	61.1731661490567	0.553895	60.6192711490567	9.10444797420763	66.7145170766153	75.818965050823	1.968095	73.850870050823	69.7505362301944	78.9547813620496	2474.8625152831
12	196588	196753	165	196670.5	9.78256644384914	16.0739377994142	25.8565042432633	0.388905	25.4675992432633	10.7439926298296	17.7843843861636	28.5283770159932	1.803105	26.7252720159932	29.3038611326317	28.5722836767112	1039.74867276815
12	198252	198360	108	198306	7.16379511742204	23.0101267176172	30.1739218350392	0.254556	29.9193658350392	16.4975493371522	34.1007287879095	50.5982781250616	1.668756	48.9295221250616	34.426210858423	52.3110928669521	1221.49797552181
12	204810	204927	117	204868.5	8.22172393180598	7.03159151664545	15.2533154484514	0.275769	14.9775464484514	9.30635347342695	9.07544718432472	18.3818006577517	1.689969	16.6918316577517	17.2336597981084	17.8454217013688	611.478290213008
12	208597	208691	94	208644	5.36304607114058	9.343954497551	14.7070005686916	0.221558	14.4854425686916	9.4884584333469	12.3131353679427	21.8015938012896	1.635758	20.1658358012896	16.6674288150633	21.5595179254908	591.387493630377
12	212136	212381	245	212258.5	20.3881553040306	75.810664824753	96.1988201287836	0.577465	95.6213551287836	24.2273598709097	84.5878038841787	108.815163755088	1.991665	106.823498755088	110.025090517676	114.206183119209	3903.8692314017
12	222178	222332	154	222255	13.6452716508057	15.2803161838597	28.9255878346654	0.362978	28.5626098346654	18.6033066908229	23.7223461160521	42.3256528068749	1.777178	40.5484748068749	32.8650825775021	43.3508225527766	1166.10660403115
12	224626	224814	188	224720	9.53195961817127	29.1039926938072	38.6359523119785	0.443116	38.1928363119785	11.8171218582211	33.3903094385018	45.2074312967229	1.857316	43.3501152967229	43.9459393426572	46.3460873638585	1559.27343152045
12	225236	225488	252	225362	45.6441431912701	67.8106469314657	113.454790122736	0.593964	112.860826122736	48.1637118157529	71.5719493765559	119.735661192309	2.008164	117.727497192309	129.861395431279	125.863768358088	4607.69360502924
12	228528	228681	153	228604.5	14.5883973383428	15.581524387747	30.1699217260899	0.360621	29.8093007260899	17.3991738943396	19.3603273094907	36.7595012038302	1.774821	34.9846802038302	34.2995663075412	37.4025082522892	1217.00442079546
12	230608	230808	200	230708	26.3165167724405	54.5295852004999	80.8461019729404	0.4714	80.3747019729404	28.8856867478955	58.3689897728264	87.2546765207219	1.8856	85.3690765207219	92.4817876508219	91.2690231968171	3281.40430129497
12	231203	231373	170	231288	18.6683084612501	22.2449058756032	40.9132143368533	0.40069	40.5125243368533	25.4058919701171	29.3452992661778	54.7511912362948	1.81489	52.9363012362948	46.6150490260108	56.5947846972005	1653.97778594592
12	232075	232233	158	232154	13.6467716916618	21.545986839425	35.1927585310868	0.372406	34.8203525310868	15.7194281437765	23.5025401292843	39.2219682730608	1.786606	37.4353622730608	40.065448078313	40.0225595371398	1421.58728758438
12	234313	234912	599	234612.5	64.9418687957032	94.8208825984503	159.762751394153	1.411843	158.350908394153	67.5218390653214	103.477718381224	170.999557446545	2.826043	168.173514446545	182.203787074112	179.796162927758	6464.8868258756
12	237819	237896	77	237857.5	4.17761378399556	5.49254959837635	9.67016338237191	0.181489	9.48867438237191	6.11396652366057	8.07301988161325	14.1869864052738	1.595689	12.5912974052738	10.9179822478688	13.4614952134455	387.387774605809
12	239099	239197	98	239148	6.74958383571505	26.2970162413124	33.0466000770274	0.230986	32.8156140770274	8.4198293275234	30.3198258089674	38.7396551364908	1.645186	37.0944691364908	37.7587297769976	39.6581069173239	1339.74116903409
12	245387	245533	146	245460	10.0938749228337	18.7988120157232	28.8926869385569	0.344122	28.5485649385569	12.0390279021873	23.0768285343479	35.1158564365352	1.758322	33.3575344365352	32.8489220559996	35.6629087294595	1165.53320243375
12	246097	246320	223	246208.5	17.4226745344171	10.5228866076533	27.9455611420704	0.525611	27.4199501420704	21.9799986604314	14.4000922095514	36.3800908699827	1.939811	34.4402798699827	31.5503005820017	36.8204838387274	1119.45599957279
12	246997	247159	162	247078	14.459293822002	27.7843567514109	42.2436505734129	0.381834	41.8618165734129	18.9269155048267	30.4608296494326	49.3877451542593	1.796034	47.5917111542593	48.1675892536861	50.8808243727454	1709.06443933397
12	248397	248828	431	248612.5	12.6422443317519	33.9035234167057	46.5457677484575	1.015867	45.5299007484575	14.6993003589641	37.0631094730872	51.7624098320513	2.430067	49.3323428320513	52.3882080981084	52.7417529367195	1858.81886322664
12	251146	251263	117	251204.5	10.5520874029837	19.8225398985901	30.3746273015737	0.275769	30.0988583015737	13.8641776130599	25.1912861249835	39.0554637380434	1.689969	37.3654947380434	34.6327408208054	39.9478633832853	1228.8259946283
12	253127	253734	607	253430.5	479.911771164943	567.859366558419	1047.77113772336	1.430699	1046.34043872336	497.407047676791	574.040234904258	1071.44728258105	2.844899	1068.60238358105	1203.95387963069	1142.45461834835	42718.2425808762
12	255079	255176	97	255127.5	11.0220002018106	9.85406839131908	20.8760685931297	0.228629	20.6474395931297	15.501022195141	13.0115543905022	28.5125765856432	1.642829	26.8697475856432	23.7576261822764	28.7267441049502	842.959232550982
12	259519	259977	458	259748	52.4016272421602	215.649573561174	268.051200803334	1.079506	266.971694803334	55.4940114681924	230.816586659043	286.310598127235	2.493706	283.816892127235	307.186452721085	303.431776082543	10899.4751600647
12	260545	260955	410	260750	64.1514472673082	77.290305125124	141.441752392432	0.96637	140.475382392432	70.1463105470013	82.5969496600785	152.74326020708	2.38057	150.36269020708	161.635616253466	160.754413890311	5735.0946590604
12	262948	263115	167	263031.5	9.06844699366332	27.0594370070618	36.1278840007251	0.393619	35.7342650007251	13.5340686220133	28.4947761008185	42.0288447228319	1.807819	40.2210257228319	41.1170259613263	43.0007431180992	1458.89898187704
12	265235	265429	194	265332	32.9227967050445	29.1531940338844	62.0759907389289	0.457258	61.6187327389289	35.853676532246	31.7867657634242	67.6404422956702	1.871458	65.7689842956702	70.9005497574711	70.3143479812104	2515.66686639708
12	266940	267126	186	267033	27.8915596712539	25.2772884673949	53.1688481386488	0.438402	52.7304461386488	31.7979660684824	29.0713918058699	60.8693578743522	1.852602	59.0167558743522	60.6733935283445	63.095465951183	2152.79072296677
12	270797	270983	186	270890	32.5327860824812	27.5428501735928	60.075636256074	0.438402	59.637234256074	35.3411625731083	34.1547302587259	69.4958928318342	1.852602	67.6432908318342	68.6205721348665	72.3181898136282	2434.76955063672
12	273933	274124	191	274028.5	17.6390804285779	35.6742716458669	53.3133520744447	0.450187	52.8631650744447	21.4896853059627	47.3027883671253	68.792473673088	1.864387	66.928086673088	60.8261043208729	71.5535571431644	2158.20915035864
12	278646	278871	225	278758.5	44.3661083819472	52.3570260273747	96.723134409322	0.530325	96.192809409322	54.4488830024464	70.561021842327	125.009904844773	1.944525	123.065379844773	110.682624693575	131.570557695459	3927.19961382456
12	281030	281234	204	281132	17.2620701601	23.3166350658625	40.5787052259625	0.480828	40.0978772259625	21.1954772927367	30.861740568883	52.0572178616196	1.895028	50.1621898616196	46.1379423603793	53.6289515673982	1637.04926515769
12	281760	281964	204	281862	29.6027062770696	55.1781028639161	84.7808091409857	0.480828	84.2999811409857	33.0929013381164	66.0724995902419	99.1654009283582	1.895028	97.2703729283582	96.9983435518512	103.992830717882	3441.65905346989
12	282480	282828	348	282654	121.138899411747	72.3050693442512	193.443968755998	0.820236	192.623732755998	123.672168409381	75.6206596496581	199.292828059039	2.234436	197.058392059039	221.639231150696	210.677304815384	7864.12054641053
12	286628	286783	155	286705.5	13.9270793262887	18.2132960682596	32.1403753945482	0.365335	31.7750403945482	17.7771841900548	26.1808130763332	43.957997266388	1.779535	42.178462266388	36.5614113176337	45.0934601601626	1297.25836196065
12	289780	290009	229	289894.5	22.2088048923352	34.1067289513335	56.3155338436687	0.539753	55.7757808436687	36.0919830229045	47.3279890535063	83.4199720764109	1.953953	81.4660190764109	64.1774562570641	87.0962213469943	2277.12056997882
12	293691	293770	79	293730.5	2.07065639764003	3.27628923497935	5.34694563261938	0.186203	5.16074263261938	5.90996096724284	6.37087352093369	12.2808344881765	1.600403	10.6804314881765	5.93812098278302	11.4185673428221	210.694194278379
12	296278	296444	166	296361	9.22085114463422	7.97501721235375	17.195868356988	0.391262	16.804606356988	10.6000887103761	10.4519846765258	21.0520733869019	1.805462	19.2466113869019	19.335935294489	20.576764944914	686.070445399024
12	300374	300604	230	300489	30.0110173980763	61.6178782615026	91.6288956595789	0.54211	91.0867856595789	32.3117800630286	71.1419376644989	103.453717727528	1.95631	101.497407727528	104.807465065328	108.512000338342	3718.73939084841
12	301998	302185	187	302091.5	13.5825699430244	21.0454732071354	34.6280431501598	0.440759	34.1872841501598	15.7737296227641	23.0532278915466	38.8269575143108	1.854959	36.9719985143108	39.3370186827919	39.527172221621	1395.741427417
12	315948	316020	72	315984	3.20478728750941	4.82853151278137	8.03331880029078	0.169704	7.86361480029078	5.73125609992985	7.46240325049232	13.1936593504222	1.583904	11.6097553504222	9.04813500114987	12.4121177547218	321.042551897588
12	320183	320644	461	320413.5	29.5453047136462	35.2240593836156	64.7693640972617	1.086577	63.6827870972617	33.5048125571775	40.7807107279055	74.285523285083	2.500777	71.784746285083	73.2755188980267	76.7458656095518	2599.93463577332
12	322137	322225	88	322181	6.19266866723938	5.10583906569626	11.2985077329356	0.207416	11.0910917329356	8.37262804192087	6.87238718046063	15.2450152223815	1.621616	13.6233992223815	12.76177659491	14.5649266727774	452.80859804326
12	322936	323364	428	323150	39.8340849450377	29.0958924731847	68.9299774182225	1.008796	67.9211814182225	43.2173770944127	32.2463782817065	75.4637553761191	2.422996	73.0407593761191	78.1523554392496	78.0886830864804	2772.97273126843
12	327595	327676	81	327635.5	1.9927542758511	13.7048732741513	15.6976275500024	0.190917	15.5067105500024	5.8814601909786	19.7401376542331	25.6215978452117	1.605117	24.0164808452117	17.8425334968072	25.6762850988025	633.082119730222
12	329396	329513	117	329454.5	8.61253457615918	8.50983177888417	17.1223663550433	0.275769	16.8465973550433	12.1612312305904	12.9038514570405	25.065082687631	1.689969	23.375113687631	19.384251524224	24.9905923823221	687.784783844484
12	340995	341800	805	341397.5	112.601566883836	111.656641147271	224.258208031107	1.897385	222.360823031107	116.789480948376	128.679504792199	245.468985740575	3.311585	242.157400740575	255.855709727523	258.8931534255	9078.17687932971
12	368305	368590	285	368447.5	19.7571381172679	31.6279614381343	51.3850995554022	0.671745	50.7133545554022	21.071973928925	35.0197538190266	56.0917277479516	2.085945	54.0057827479516	58.3524613084418	57.7381792010906	2070.44027145779
12	370341	370467	126	370404	3.82870428088699	12.9023514161845	16.7310556970715	0.296982	16.4340736970715	8.24912467810915	21.8534952149076	30.1026198930168	1.711182	28.3914378930168	18.9095881736794	30.353600030097	670.942955851012
12	371201	371345	144	371273	21.291279902074	7.08969309913501	28.380973001209	0.339408	28.041565001209	25.4700937187544	11.6244166095853	37.0945103283397	1.753608	35.3409023283397	32.2655511769316	37.7833492625253	1144.83425445221
12	388368	388593	225	388480.5	14.5310957776432	21.4615845405933	35.9926803182365	0.530325	35.4623553182365	18.6883090059969	29.127393331161	47.8157023371579	1.944525	45.8711773371579	40.8041576968246	49.0413826537546	1447.79790679023
12	390455	390848	393	390651.5	11.9922266274797	27.9922624140543	39.9844890415339	0.926301	39.0581880415339	14.2194872904874	30.0985197813437	44.3180070718311	2.340501	41.9775060718311	44.9416416336961	44.8786156716186	1594.6025688957
12	395667	395756	89	395711.5	2.45326681864702	7.84111356527368	10.2943803839207	0.209773	10.0846073839207	4.68912771589591	10.7122917664058	15.4014194823018	1.623973	13.7774464823018	11.6036824489334	14.7296203008695	411.717533429974
12	447754	447863	109	447808.5	10.9210974535628	15.4053195885274	26.3264170420902	0.256913	26.0695040420902	15.6394259647891	19.7185370659065	35.3579630306956	1.671113	33.6868500306956	29.9964326809513	36.0149836707319	1064.32223817317
12	500503	500590	87	500546.5	3.48669496571608	6.33807262754888	9.82476759326496	0.205059	9.61970859326496	5.60175257269408	9.66746330883109	15.2692158815252	1.619259	13.6499568815252	11.0687545402611	14.5933197596799	392.737420858756
12	514830	515164	334	514997	20.6952636686183	14.5460961862033	35.2413598548216	0.787238	34.4541218548216	22.4145104950564	15.3508181040923	37.7653285991487	2.201438	35.5638905991487	39.6440509620291	38.021748487286	1406.635432251
12	534487	534698	211	534592.5	32.6378889451258	9.43315692712189	42.0710458722477	0.497327	41.5737188722477	34.8472491205852	11.8390224547189	46.6862715753041	1.911527	44.7747445753041	47.8360945200469	47.8691742704168	1697.30246681536
12	540636	540728	92	540682	6.97108986878627	5.0433373633624	12.0144272321487	0.216844	11.7975832321487	9.14434906097757	6.34697286996122	15.4913219309388	1.631044	13.8602779309388	13.5746890562132	14.8181763180503	481.652054845457
12	543730	543790	60	543760	2.2788620684546	1.26363441710516	3.54249648555975	0.14142	3.40107648555975	7.36000046138851	5.10763911472348	12.467639576112	1.55562	10.912019576112	3.91339097503137	11.6661607271169	138.85347920178
12	545810	545905	95	545857.5	5.54395099837572	2.28306218285143	7.82701318122716	0.223915	7.60309818122716	8.01921841624426	3.89050596415472	11.909724380399	1.638115	10.271609380399	8.74837597184905	10.9814911091456	310.406613805501
12	552081	552206	125	552143.5	10.3213811193289	6.76108414894448	17.0824652682734	0.294625	16.7878402682734	12.6044433021804	7.68220923726006	20.2866525394404	1.708825	18.5778275394404	19.3166436788665	19.8617607422763	685.385947487699
12	553833	554361	528	554097	58.6657978568695	25.5564960720607	84.2222939289302	1.244496	82.9777979289302	63.5764316058366	28.9756891992562	92.5521208050929	2.658696	89.8934248050929	95.4769958634459	96.1060539501777	3387.67916212797
12	556555	556687	132	556621	14.302789559358	7.59780693842841	21.9005964977864	0.311124	21.5894724977864	15.841131458561	8.45413026176423	24.2952617203252	1.725324	22.5699377203252	24.8415603669143	24.12976985697	881.418981071638
12	561815	561897	82	561856	6.2152692828033	2.73957461669799	8.95484389950129	0.193274	8.76156989950129	8.38202829795188	4.28681675831329	12.6688450562652	1.607474	11.0613710562652	10.0813518065213	11.8258340451629	357.70276528054
12	566441	566542	101	566491.5	3.25618868750878	9.02004567537598	12.2762343628848	0.238057	12.0381773628848	7.88751482908634	12.8369496348623	20.7244644639487	1.652257	19.0722074639487	13.8515246122101	20.3903077833941	491.474630806355
12	567970	568403	433	568186.5	150.082687742132	67.9718513221252	218.054539064257	1.020581	217.033958064257	155.216927581369	72.5740766710962	227.791004252465	2.434781	225.356223252465	249.726442898333	240.930828888418	8860.70051941084
12	573338	573447	109	573392.5	4.66072694235541	5.90426081198999	10.5649877543454	0.256913	10.3080747543454	10.0987750562966	12.8567501741617	22.9555252304583	1.671113	21.2844122304583	11.8608113886521	22.755400348284	420.840886581039
12	573761	573986	225	573873.5	44.2182043535444	29.2950978988632	73.5133022524076	0.530325	72.9829772524076	49.2513414390859	34.7561466392633	84.0074880783492	1.944525	82.0629630783492	83.9766249665759	87.7344207768181	2979.62729066156
12	576508	576616	108	576562	6.51477744038719	2.27436194588656	8.78913938627375	0.254556	8.53458338627375	11.5392142889638	4.6133256513054	16.1525399402692	1.668756	14.4837839402692	9.82017362482203	15.484773483537	348.435738435556
12	585884	586308	424	586096	28.3994735050999	19.8145396806913	48.2140131857912	0.999368	47.2146451857912	30.3382263101345	21.417683344874	51.7559096550085	2.413568	49.3423416550085	54.3267307112541	52.7524427888489	1927.60079967613
12	588989	589302	313	589145.5	20.6831633390465	14.720000922777	35.4031642618235	0.737741	34.6654232618235	22.7870206409662	15.46002107841	38.2470417193762	2.151941	36.0951007193762	39.887181342273	38.5896710976901	1415.2620937351
12	602580	602991	411	602785.5	106.223493166793	112.662868553485	218.886361720278	0.968727	217.917634720278	118.410025086488	121.606212139757	240.016237226245	2.382927	237.633310226245	250.743230455214	254.056398256939	8896.77779632562
12	605129	605238	109	605183.5	7.91941569795754	12.9629530667674	20.882368764725	0.256913	20.625455764725	14.9795079908672	34.3280349789573	49.3075429698245	1.671113	47.6364299698245	23.7323308629735	50.9286337526929	842.061713464559
12	607157	607676	519	607416.5	70.9048312065251	93.8372558078009	164.742087014326	1.223283	163.518804014326	73.4652009422915	98.2985773190303	171.763778261322	2.637483	169.126295261322	188.150138520707	180.814791426852	6675.87305040166
12	609588	609709	121	609648.5	5.95626222833177	6.8769873057524	12.8332495340842	0.285197	12.5480525340842	8.858641279269	11.8343223267034	20.6929636059724	1.699397	18.9935666059724	14.4382038303448	20.3062319730026	512.290964040916
12	611262	612200	938	611731	616.984204551981	247.460639986465	864.444844538447	2.210866	862.233978538447	652.638575655825	281.309561916012	933.948137571837	3.625066	930.323071571837	992.114903708908	994.61867763339	35201.8510358057
12	617358	617483	125	617420.5	8.2908258139063	7.00229071859134	15.2931165324976	0.294625	14.9984915324976	10.9715988290486	10.1011751216662	21.0727739507148	1.708825	19.3639489507148	17.2577599038325	20.7022118311867	612.333401176944
12	620297	620422	125	620359.5	8.59033397149019	5.57325179642984	14.16358576792	0.294625	13.86896076792	13.3309630901092	6.94388912793057	20.2748522180398	1.708825	18.5660272180398	15.9580844866856	19.8491448882512	566.218802698211
12	623989	624097	108	624043	8.21262368394617	5.9487620240517	14.1613857079979	0.254556	13.9068297079979	13.118857313069	11.255106550835	24.373963863904	1.668756	22.705207863904	16.0016577403198	24.274388662459	567.764852634406
12	626348	626531	183	626439.5	13.9966812220077	28.0000626265055	41.9967438485132	0.431331	41.5654128485132	16.3870463274259	34.1695306618386	50.5565769892645	1.845531	48.7110459892645	47.826537334709	52.0775176156	1696.96336232925
12	626935	627120	185	627027.5	46.2888607511844	23.8464494962062	70.1353102473906	0.436045	69.6992652473906	49.928859892385	28.4770756187176	78.4059355111026	1.850245	76.5556905111026	80.1982774405511	81.846534809477	2845.56537275729
12	633422	633581	159	633501.5	22.2380056876656	18.2304965367418	40.4685022244074	0.374763	40.0937392244074	26.2788157455928	22.0007992269681	48.2796149725608	1.788963	46.4906519725608	46.1331810390714	49.7036698328211	1636.88032573063
12	636234	636551	317	636392.5	119.725560917212	89.487437333535	209.212998250747	0.747169	208.465829250747	124.125880766963	93.4477451988562	217.573625965819	2.161369	215.412256965819	239.867670796599	230.299624631875	8510.89524421158
12	640054	640172	118	640113	12.3683368714439	4.67422731005952	17.0425641815035	0.278126	16.7644381815035	14.6020977114944	6.78298474544227	21.3850824569367	1.692326	19.6927564569367	19.2897164646297	21.0537435700286	684.430526113794
12	641230	641305	75	641267.5	5.81515838514283	3.59839800812716	9.41355639326999	0.176775	9.23678139326999	7.75801130185057	5.7717572030422	13.5297685048928	1.590975	11.9387935048928	10.6281458521246	12.7638960821554	377.103907697247
12	645924	646135	211	646029.5	64.3378523443487	78.1332280834795	142.471080427828	0.497327	141.973753427828	117.661604702062	114.956531025052	232.618135727114	1.911527	230.706608727114	163.35969147261	246.650985131166	5796.26765304723
12	658138	658490	352	658314	157.000576161892	110.550511020048	267.551087181939	0.829664	266.721423181939	164.505680575418	115.689250981852	280.194931557271	2.243864	277.951067557271	306.898481924594	297.160558206424	10889.2574876531
12	660213	660524	311	660368.5	97.91346682993	53.8505667063448	151.764033536275	0.733027	151.031006536275	110.332405079583	62.2911966004049	172.623601679988	2.147227	170.476374679988	173.781266148646	182.25817625426	6166.04207930862
12	669088	669161	73	669124.5	4.67862742990382	6.21766934817292	10.8962967780767	0.172061	10.7242357780767	7.3664006357075	8.88314194658388	16.2495425822914	1.586261	14.6632815822914	12.3396600124172	15.6766763964087	437.831214878158
12	674060	674223	163	674141.5	28.1457665949862	40.439701439972	68.5854680349582	0.384191	68.2012770349582	31.2446509980612	43.6394885912947	74.8841395893558	1.798391	73.0857485893558	78.4746427101574	78.136781551567	2784.40800802803
12	677644	678140	496	677892	488.316300075735	302.977652081117	791.293952156852	1.169072	790.124880156852	499.67020931762	311.379080907473	811.049290225092	2.583272	808.466018225092	909.143792643836	864.339955151249	32257.901014423
12	679981	680125	144	680053	33.7257185739063	17.6110796659323	51.3367982398386	0.339408	50.9973902398386	38.9938620602231	19.6635355678527	58.6573976280758	1.753608	56.9037896280758	58.6792821514248	60.8364703850463	2082.0364067311
12	680881	681090	209	680985.5	59.5956231821499	24.7631744646774	84.3587976468274	0.492613	83.8661846468274	62.4061997326992	25.9681072829506	88.3743070156498	1.906813	86.4674940156498	96.4992029731412	92.4433534802193	3423.94873359465
12	691290	691525	235	691407.5	51.06689088848	12.7105461920623	63.7774370805423	0.553895	63.2235420805423	52.7279361297048	14.7655021620761	67.4934382917809	1.968095	65.5253432917809	72.7470964084448	70.053868691262	2581.18534605628
12	699694	699860	166	699777	14.9468071002062	20.8983692005224	35.8451763007286	0.391262	35.4539143007286	16.7222554573829	22.9572252767618	39.6794807341447	1.805462	37.8740187341447	40.7944451831908	40.4915320076617	1447.45329100345
12	704196	704584	388	704390	80.5074927503765	93.2126387953572	173.720131545734	0.914516	172.805615545734	111.824045706803	124.146481328052	235.970527034855	2.328716	233.641811034855	198.835850702756	249.789042357866	7055.01950514977
12	707123	707315	192	707219	32.8708952914265	27.1161385514191	59.9870338428455	0.452544	59.5344898428455	35.6145700197975	29.1193931132623	64.7339631330598	1.866744	62.8672191330598	68.5023510183552	67.2120387759127	2430.57487306746
12	710645	710772	127	710708.5	32.5127855377343	15.8775324500002	48.3903179877346	0.299339	48.0909789877346	35.3235620937311	20.6405621787357	55.9641242724668	1.713539	54.2505852724668	55.3350693376275	57.9999002855771	1963.3782947894
12	713210	713423	213	713316.5	33.572314395698	22.3410084931118	55.9133228888098	0.502041	55.4112818888098	35.6293704229102	28.0587642253375	63.6881346482477	1.916241	61.7718936482477	63.758051716646	66.0410141946978	2262.23941447924
12	718035	718129	94	718082	5.77255722483207	4.51572299294084	10.2882802177729	0.221558	10.0667222177729	7.67300898667651	6.29297139914477	13.9659803858213	1.635758	12.3302223858213	11.5831031858422	13.1823770247798	410.987347691351
12	720417	720580	163	720498.5	13.6890728438013	11.477812616591	25.1668854603924	0.384191	24.7826944603923	15.0168090068201	12.9533528052889	27.970161812109	1.798391	26.171770812109	28.5157870603717	27.9805294224115	1011.7865224233
12	721509	721729	220	721619	17.2550699694386	22.2379056849418	39.4929756543804	0.51854	38.9744356543804	18.2813979231225	24.1268571335568	42.4082550566794	1.93274	40.4755150566794	44.8452733698786	43.2728204775003	1591.1832660964
12	723540	723731	191	723635.5	39.9497880963982	6.55067841820776	46.5004665146059	0.450187	46.0502795146059	63.8111379984408	13.3998649667621	77.2110029652028	1.864387	75.3466159652028	52.9869730996276	80.5538998499127	1880.06401972025
12	725645	725854	209	725749.5	24.0900561312227	18.4111014558058	42.5011575870284	0.492613	42.0085445870284	34.3681360711747	28.9105874261053	63.27872349728	1.906813	61.37191049728	48.3364193540103	65.6133877874337	1715.05480599387
12	728242	728748	506	728495	229.851860383179	150.358395251467	380.210255634646	1.192642	379.017613634646	236.015228252364	152.574155601245	388.58938385361	2.606842	385.98254185361	436.110188898511	412.65820132718	15473.8990891188
12	730582	730726	144	730654	24.5706692214891	11.7035187640591	36.2741879855482	0.339408	35.9347799855482	26.2454148358655	12.5060406220259	38.7514554578915	1.753608	36.9978474578915	41.3477451278305	39.5548076128824	1467.08527330359
12	732233	732341	108	732287	11.8221219944078	14.3312903356223	26.1534123300301	0.254556	25.8988563300301	16.8263582927902	17.023563663994	33.8499219567841	1.668756	32.1811659567841	29.8000797852957	34.4052401866782	1057.35531795306
12	737743	737852	109	737797.5	12.6762452578215	7.61730746955657	20.2935527273781	0.256913	20.0366397273781	27.9932624412916	22.2034047452535	50.1966671865451	1.671113	48.5255541865451	23.0548196760624	51.8792062792803	818.022514186756
12	743914	744133	219	744023.5	30.9698435132396	19.4421295375052	50.4119730507448	0.516183	49.8957900507448	32.6914904050473	20.6939636332097	53.3854540382571	1.930383	51.4550710382571	57.4117445772491	55.0111851221047	2037.06211121189
12	745331	745523	192	745427	13.9093788441877	8.40922903880758	22.3186078829953	0.452544	21.8660638829953	15.5730241562296	10.855195658622	26.4282198148516	1.866744	24.5614758148516	25.1598155532482	26.2589452440617	892.711192910024
12	747288	747812	524	747550	137.78965292166	103.363615273443	241.153268195103	1.235068	239.918200195103	140.195118438362	105.43847178548	245.633590223842	2.649268	242.984322223842	276.057807983921	259.777224322294	9794.98019593534
12	757183	757378	195	757280.5	31.2316506439757	43.3285801232051	74.5602307671808	0.459615	74.1006157671808	33.1681033863645	47.6799986410507	80.8481020274151	1.873815	78.9742870274151	85.2626167681807	84.4322830750974	3025.2563721965
12	758960	759436	476	759198	132.185300278149	158.625620422572	290.810920700721	1.121932	289.688988700721	138.925483857833	162.55692749801	301.482411355843	2.536132	298.946279355843	333.325721653326	319.606771176771	11826.9389525123
12	764223	764727	504	764475	68.7240718100538	55.5597132576857	124.28378506774	1.187928	123.09585706774	76.2444766403119	64.5222573669145	140.766734007226	2.602128	138.164606007226	141.638160199552	147.713307260525	5025.55238076852
12	766360	766526	166	766443	12.9185518574294	8.38912849133701	21.3076803487664	0.391262	20.9164183487664	15.4943220126508	9.65016283762507	25.1444848502759	1.805462	23.3390228502759	24.0671220255052	24.9520072692343	853.940648643828
12	771772	771847	75	771809.5	6.63298065984099	5.9174611715229	12.5504418313639	0.176775	12.3736668313639	9.91086993840009	8.94914374424844	18.8600136826485	1.590975	17.2690386826485	14.2375498791333	18.4625201109069	505.171435371518
12	777869	778054	185	777961.5	24.4434657568993	38.907359704193	63.3508254610923	0.436045	62.9147804610923	25.8678045510453	42.4509562197139	68.3187607707591	1.850245	66.4685157707591	72.3918250876962	71.0622248123637	2568.57974154058
12	778956	779159	203	779057.5	65.0150707894766	71.7100531380328	136.725123927509	0.478471	136.246652927509	75.5949589496584	75.8111648383717	151.40612378803	1.892671	149.51345278803	156.769900414925	159.846484779938	5562.45114419073
12	781527	781735	208	781631	45.2722330617027	20.7199643413806	65.9921974030833	0.490256	65.5019414030833	57.624269489178	29.7190094447724	87.3432789339504	1.904456	85.4388229339504	75.3686979467243	91.3435898580284	2674.20403419488
12	783582	783949	367	783765.5	37.2769152964309	89.8515472506512	127.128462547082	0.865019	126.263443547082	46.8846769791927	99.1481004571522	146.032777436345	2.279219	143.753558436345	145.282889858977	153.688518070909	5154.87331935859
12	784442	784631	189	784536.5	43.7833925107482	17.4988766099025	61.2822691206507	0.445473	60.8367961206507	63.3864264307417	23.4338382580789	86.8202646888206	1.859673	84.9605916888206	70.000827649483	90.8323075485074	2483.7432620841
12	789793	790239	446	790016	296.983888831384	274.63318007407	571.617068905455	1.051222	570.565846905455	308.848011969761	277.421556019951	586.269567989711	2.465422	583.804145989711	656.511914807305	624.151464609077	23294.1109360243
12	793619	793753	134	793686	0.0581015824895612	27.6643534829299	27.7224550654194	0.315838	27.4066170654194	1.370537328777	31.6046608035042	32.9751981322812	1.730038	31.2451601322812	31.5349591034855	33.4045460150811	1118.91165895319
12	795237	795455	218	795346	17.7294828908336	18.3256991297368	36.0551820205704	0.513826	35.5413560205704	19.037418514553	19.9309428511179	38.9683613656709	1.928026	37.0403353656709	40.8950585150941	39.6002319046606	1451.02321572551
12	796417	796605	188	796511	122.822045254917	56.8241476965808	179.646192951498	0.443116	179.203076951498	128.504400022941	65.2322767054273	193.736676728368	1.857316	191.879360728368	206.196981166809	205.140345181747	7316.2043911766
12	797181	797320	139	797250.5	13.6605720675371	18.4945037274001	32.1550757949372	0.327623	31.8274527949372	21.3178806265873	22.9734257180067	44.2913063445941	1.741823	42.5494833445941	36.6217187572142	45.4901228953519	1299.39816804211
12	805200	805362	162	805281	21.8740957759969	18.5274046235086	40.4015003995055	0.381834	40.0196663995055	32.5509865782008	26.278715742869	58.8297023210698	1.796034	57.0336683210698	46.047950399391	60.9753251311295	1633.85620395754
12	805604	805765	161	805684.5	14.1687859095542	21.7801932184105	35.9489791279647	0.379477	35.5695021279647	31.1868494237428	34.4923394540525	65.6791888777953	1.793677	63.8855118777953	40.9274443562026	68.3007068033554	1452.17231806245
12	808883	809673	790	809278	395.796480150408	129.002713595308	524.799193745717	1.86203	522.937163745717	404.94922944018	131.520082159869	536.469311600049	3.27623	533.193081600048	601.708778323513	570.042616322842	21349.6064843873
12	818500	818783	283	818641.5	15.0606101998157	16.3340448838468	31.3946550836624	0.667031	30.7276240836624	26.3928188506497	22.30480750712	48.6976263577697	2.081231	46.6163953577697	35.3562195039463	49.8381034756483	1254.49619546522
12	819090	819187	97	819138.5	10.3598821679666	16.0989384803477	26.4588206483143	0.228629	26.2301916483143	22.2554061615953	23.0402275374612	45.2956336990565	1.642829	43.6528046990565	30.1813251497524	46.6696959491793	1070.88252380142
12	820264	820373	109	820318.5	11.9929266465458	12.9880537504247	24.9809803969705	0.256913	24.7240673969705	19.3190261845884	18.1424941398558	37.4615203244442	1.671113	35.7904073244442	28.4483288241745	38.2639200217344	1009.39299444294
12	822757	823066	309	822911.5	116.501573106745	100.911348482033	217.412921588779	0.728313	216.684608588779	124.451489635442	105.492973269915	229.944462905357	2.142513	227.801949905357	249.324469849425	243.545582282894	8846.43786159251
12	826576	826884	308	826730	296.635179333723	477.458304340849	774.093483674572	0.725956	773.367527674572	315.37328969614	492.681418966732	808.054708662872	2.140156	805.914552662872	889.862229218843	861.612155120196	31573.7597714212
12	827923	828655	732	828289	1272.09024741322	904.45583430177	2176.54608171499	1.725324	2174.82075771499	1301.82435726928	941.933955078354	2243.75831234763	3.139524	2240.61878834763	2502.42061937986	2395.47030966518	88789.9552189217
12	830424	830911	487	830667.5	302.861448916137	214.645546214883	517.50699513102	1.147859	516.35913613102	313.739045184876	220.755012615975	534.494057800851	2.562059	531.931998800851	594.139882413598	568.694378764888	21081.0497422899
12	833660	833847	187	833753.5	56.0782273802475	30.8560404136301	86.9342677938776	0.440759	86.4935087938776	61.2813690961371	32.5642869404574	93.8456560365945	1.854959	91.9906970365945	99.5222889428929	98.3482708716704	3531.21274260994
12	837389	837823	434	837606	349.448717794945	325.606368410412	675.055086205356	1.022938	674.032148205356	354.299349909671	339.879157152649	694.17850706232	2.437138	691.74136906232	775.563659584598	739.548342704891	27518.260547663
12	839405	840204	799	839804.5	438.989956593849	400.040895753858	839.030852347707	1.883243	837.147609347707	444.920518122181	416.506244213968	861.426762336149	3.297443	858.129319336149	963.249698470459	917.435539241763	34177.6665878923
12	841054	841313	259	841183.5	114.190310155801	52.5917324199789	166.78204257578	0.610463	166.17157957578	124.852900568511	54.4742836942749	179.327184262786	2.024663	177.302521262786	191.20250972878	189.556085007659	6784.17614732206
12	843013	843146	133	843079.5	19.5317319779711	6.24677014077957	25.7785021187506	0.313481	25.4650211187506	24.3350628043714	7.83431338005975	32.1693761844312	1.727681	30.4416951844312	29.3008946573868	32.5455527595391	1039.64341739977
12	843937	844142	205	844039.5	152.845062979841	24.977780309811	177.822843289652	0.483185	177.339658289652	161.796606789459	26.8087301786602	188.60533696812	1.897385	186.70795196812	204.052870087587	199.611534922393	7240.12784144144
12	845851	845991	140	845921	14.8240037554606	10.7758934987008	25.5998972541614	0.32998	25.2699172541614	18.533304784209	12.4907402052946	31.0240449895035	1.74418	29.2798649895035	29.0764017046058	31.3034272577378	1031.67804216667
12	849174	849316	142	849245	21.5834878608253	17.402773992394	38.9862618532193	0.334694	38.6515678532193	32.165676083653	27.9544613844827	60.1201374681357	1.748894	58.3712434681357	44.4737710103884	62.4053415035734	1578.00175791691
12	849682	849837	155	849759.5	32.3727817245065	28.0380636615245	60.410845386031	0.365335	60.045510386031	42.8317665916937	37.0506091326204	79.8823757243141	1.779535	78.1028407243141	69.0903481393399	83.5006102013349	2451.43796763948
12	853287	853437	150	853362	21.5338865098532	33.2622059493983	54.7960924592515	0.35355	54.4425424592515	25.8292034996839	39.9661885430906	65.7953920427744	1.76775	64.0276420427744	62.6433881220792	68.4526597335396	2222.68933649504
12	853855	853955	100	853905	11.7129190200901	10.8722961243805	22.5852151444706	0.2357	22.3495151444706	21.2574789814519	17.5986793281893	38.8561583096411	1.6499	37.2062583096411	25.7160905478148	39.7776219578191	912.448734822226
12	854377	854536	159	854456.5	26.1772129782788	16.6222527336487	42.7994657119275	0.374763	42.4247027119275	31.0834466074016	20.904169358499	51.9876159659006	1.788963	50.1986529659006	48.8152646422832	53.6679346751707	1732.0450159423
12	855578	855846	268	855712	141.805762306825	118.680232446018	260.485994752843	0.631676	259.854318752843	151.507026536278	126.272439231917	277.779465768195	2.045876	275.733589768195	298.996964681003	294.789828194832	10608.8987994347
12	857343	857479	136	857411	38.4294466874674	18.3486997561956	56.778146443663	0.320552	56.457594443663	44.6035148480922	20.6830633363227	65.2865781844149	1.734752	63.5518261844149	64.9619735121744	67.9439597407092	2304.95651866397
12	859282	859505	223	859393.5	72.2665682956135	30.6437346311424	102.910302926756	0.525611	102.384691926756	77.7540177550794	32.6535893727521	110.407607127832	1.939811	108.467796127832	117.807209296439	115.96411961298	4179.9914678169
12	862281	862533	252	862407	126.418543211293	156.373459081354	282.792002292648	0.593964	282.198038292648	135.063978683561	166.249028058276	301.313006741837	2.008164	299.304842741837	324.706386614604	319.990115255535	11521.1109209743
12	866862	867125	263	866993.5	229.143341085522	142.257274604484	371.400615690007	0.619891	370.780724690007	243.729238355772	145.796771008332	389.526009364104	2.034091	387.491918364104	426.632552333986	414.271892435993	15137.6171229185
12	871321	871633	312	871477	84.5985041756182	129.744133789073	214.342637964692	0.735384	213.607253964692	94.1471642486531	161.140188910868	255.287353159521	2.149584	253.137769159521	245.783563943896	270.632386655874	8720.8007587204
12	873630	873724	94	873677	3.81110380150977	6.5355780069239	10.3466818084337	0.221558	10.1251238084337	8.69733688588576	12.998454033693	21.6957909195788	1.635758	20.0600329195788	11.6503019856309	21.4464028953334	413.371670445807
12	875021	875326	305	875173.5	168.226781925567	87.5658849969827	255.79266692255	0.718885	255.07378192255	184.617828361943	104.466145302612	289.083973664555	2.133085	286.950888664555	293.496321056285	306.782366417135	10413.727013632
12	877400	878229	829	877814.5	222.224452638525	150.022286096996	372.246738735522	1.953953	370.292785735522	232.345828310386	155.105124536234	387.45095284662	3.368153	384.08279984662	426.07111365157	410.627166151793	15117.6963649596
12	884834	885236	402	885035	128.95911240776	87.1667741265596	216.12588653432	0.947514	215.17837253432	145.622266255416	100.772844709662	246.395110965078	2.361714	244.033396965078	247.591344879488	260.898801722394	8784.94376772288
12	892846	893091	245	892968.5	140.067914973772	184.987038417969	325.054953391741	0.577465	324.477488391741	150.663203553409	201.818096838775	352.481300392184	1.991665	350.489635392184	373.354518801449	374.712342766042	13247.2258054594
12	893401	893650	249	893525.5	130.510654666496	119.456353584919	249.967008251415	0.586893	249.380115251415	149.284666006733	132.458607722114	281.743273728847	2.001093	279.742180728847	286.945000067104	299.075457093318	10181.2754854
12	897883	898018	135	897950.5	15.5440233663467	45.3782359488609	60.9222593152076	0.318195	60.6040643152076	19.0884199036574	50.203867382654	69.2922872863114	1.732395	67.5598922863114	69.7330387447375	72.2290275068994	2474.24167602924
12	899044	899184	140	899114	21.2070776086898	19.8018393347771	41.0089169434669	0.32998	40.6789369434669	28.7506830708543	25.072582891911	53.8232659627653	1.74418	52.0790859627653	46.8065288694128	55.6783263744325	1660.77180234322
12	902739	903132	393	902935.5	66.0967002493855	74.481528623602	140.578228872988	0.926301	139.651927872988	75.1448466901308	81.7267259581436	156.871572648274	2.340501	154.531071648274	160.688122276655	165.210876557531	5701.47603111281
12	903431	903495	64	903463	22.0057993631548	5.55305124623553	27.5588506093903	0.150848	27.4080026093903	48.0787095005788	25.36339081253	73.4421003131089	1.565048	71.8770523131089	31.5365533561564	76.8445510042691	1118.96822563194
12	907847	907993	146	907920	24.1008564253859	16.9082605235285	41.0091169489144	0.344122	40.6649949489144	31.0490456704371	21.94139760907	52.990443279507	1.758322	51.232121279507	46.7904867498405	54.7728270710118	1660.20260183895
12	910042	910233	191	910137.5	30.341426397294	31.2969524225741	61.6383788198681	0.450187	61.1881918198681	32.2754790743131	33.7565194128164	66.0319984871295	1.864387	64.1676114871295	70.4051551510317	68.6023026134247	2498.08945971301
12	914982	915079	97	915030.5	6.31357196023401	9.63956254890925	15.9531345091433	0.228629	15.7245055091433	8.48723116332024	13.6333713266814	22.1206024900016	1.642829	20.4777734900016	18.0931355726875	21.8930139559898	641.973889132561
12	924763	924907	144	924835	22.6448167678162	32.1003743050546	54.7451910728708	0.339408	54.4057830728708	47.054981617712	50.7052810394572	97.7602626571692	1.753608	96.0066546571692	62.6010915575883	102.641775547696	2221.18858556693
12	928569	928677	108	928623	8.2861256858908	7.53470521975214	15.8208309056429	0.254556	15.5662749056429	10.6315895683524	9.69226398431717	20.3238535526695	1.668756	18.6550975526695	17.9110702123991	19.9443709673982	635.513913914273
12	929625	929735	110	929680	9.21675103296112	5.83285886724378	15.0496099002049	0.25927	14.7903399002049	14.0106816033305	9.02374577615414	23.0344273794846	1.67347	21.3609573794846	17.0182537584368	22.8372356130755	603.835333442187
12	932364	932730	366	932547	23.5774421693612	20.6506624538328	44.2281046231941	0.862662	43.3654426231941	33.8957232042544	31.6224612883289	65.5181844925833	2.276862	63.2413224925833	49.8977110660061	67.6119968121235	1770.45197628498
12	940969	941174	205	941071.5	0.167704567702227	25.2185868685629	25.3862914362652	0.483185	24.9031064362652	3.12598514120687	28.1679671996552	31.2939523408621	1.897385	29.3965673408621	28.6543370581936	31.4281950313553	1016.70250177821
12	950058	950418	360	950238	21.130275516862	27.0797375599798	48.2100130768418	0.84852	47.3614930768418	31.1399481463115	35.7229729723254	66.8629211186369	2.26272	64.6002011186369	54.4956987465159	69.0647889693965	1933.59606049205
12	950760	950985	225	950872.5	13.5456689379665	6.36037323494161	19.9060421729081	0.530325	19.3757171729081	20.4377566550028	10.3072807352824	30.7450373902852	1.944525	28.8005123902852	22.2943403481676	30.7909460961676	791.039470270889
12	954337	955050	713	954693.5	133.332531524827	131.713887438466	265.046418963293	1.680541	263.365877963293	140.721232767927	137.248638186258	277.969870954185	3.094741	274.875129954185	303.037480729615	293.872039320082	10752.2628830901
12	958186	958361	175	958273.5	18.4713030954938	15.1746133048726	33.6459164003664	0.412475	33.2334414003664	19.8999420067603	16.3193444834578	36.2192864902182	1.826675	34.3926114902182	38.2394957001453	36.7695210470961	1356.7995262329
12	965599	965770	171	965684.5	17.6353803277997	14.1498853947684	31.7852657225682	0.403047	31.3822187225682	20.3944554756259	16.7300556698341	37.12451114546	1.817247	35.30726414546	36.1094177231201	37.7473863094435	1281.22089379671
12	973219	973425	206	973322	21.9667983008984	19.5292319098777	41.4960302107761	0.485542	41.0104882107761	25.2357873370452	21.7068912219133	46.9426785589585	1.899742	45.0429365589585	47.1880227119526	48.1559012841665	1674.30782459826
12	982504	982699	195	982601.5	13.8151762784301	10.6770908076514	24.4922670860815	0.459615	24.0326520860815	16.4491480188648	12.8568501768854	29.3059981957502	1.873815	27.4321831957502	27.6527635232706	29.3280502316847	981.165043116966
12	986907	987066	159	986986.5	11.9877265049116	12.0970294819531	24.0847559868647	0.374763	23.7099929868647	15.4737214515616	13.5234683332975	28.9971897848591	1.788963	27.2082267848591	27.281501303133	29.0886159576623	967.99205547244
12	988183	988330	147	988256.5	22.4257108001146	12.0309276815648	34.4566384816794	0.346479	34.1101594816794	25.7393010510468	15.1145116679084	40.8538127189552	1.760679	39.0931337189552	39.2482764910579	41.7949013114312	1392.59271006346
12	990567	990756	189	990661.5	15.7744296418303	11.387910167954	27.1623398097843	0.445473	26.7168668097843	17.9633892616478	12.6465444488724	30.6099337105203	1.859673	28.7502607105203	30.7413096701697	30.7372214699556	1090.75168572651
12	992947	993124	177	993035.5	16.0869381534996	13.7898755893254	29.876813742825	0.417189	29.459624742825	19.234923893928	15.0620102379479	34.2969341318759	1.831389	32.4655451318759	33.8972175679865	34.7092731056925	1202.72843286171
12	1001867	1002319	452	1002093	122.545437721068	101.049652248958	223.595089970026	1.065364	222.529725970026	133.798244209257	109.457781257804	243.256025467062	2.479564	240.776461467062	256.050055029556	257.416775986216	9085.07256686154
12	1011336	1011539	203	1011437.5	38.583450882018	78.2476311994314	116.831082081449	0.478471	116.352611081449	46.1286563877622	94.6003765926164	140.729032980379	1.892671	138.836361980379	133.879158572507	148.431488995586	4750.25037850975
12	1012135	1012407	272	1012271	24.7026728168183	45.6081422107258	70.3108150275441	0.641104	69.6697110275441	37.9824345123756	64.4902564953196	102.472691007695	2.055304	100.417387007695	80.1642713787314	107.357338250513	2844.35878235328
12	1014245	1014411	166	1014328	35.9945803699875	23.0558279623637	59.0504083323512	0.391262	58.6591463323512	49.8851587021132	35.2045588524874	85.0897175546006	1.805462	83.2842555546005	67.4951518540421	89.0401180607523	2394.83780792209
12	1018990	1019118	128	1019054	11.4012105302106	10.3278812963716	21.7290918265823	0.301696	21.4273958265823	13.9279793508023	14.6328985504046	28.5608779012068	1.715896	26.8449819012068	24.6550695940527	28.700266838012	874.801985014746
12	1022319	1022451	132	1022385	6.2263695851378	8.00651807033002	14.2328876554678	0.311124	13.9217636554678	7.42690228356668	10.0097726321732	17.4366749157399	1.725324	15.7113509157399	16.0188412336928	16.7971789039316	568.374550938229
12	1024028	1024217	189	1024122.5	32.6707898412344	13.7438743364077	46.414664177642	0.445473	45.969191177642	35.8121754018963	15.5571237231559	51.3692991250522	1.859673	49.5096261250522	52.8936701799778	52.9312884645799	1876.75348031958
12	1024908	1025125	217	1025016.5	36.0386815711542	8.93654340105793	44.9752249722122	0.511469	44.4637559722122	38.7416551909655	9.68086367381147	48.422518864777	1.925669	46.496849864777	51.1614666933944	49.7102960678877	1815.29208217864
12	1028005	1028171	166	1028088	19.7957391686293	36.8430034781483	56.6387426467776	0.391262	56.2474806467776	26.5630234864453	42.6076604878053	69.1706839742506	1.805462	67.3652219742506	64.7202096353688	72.0209033248029	2296.37834294528
12	1028450	1028710	260	1028580	25.1721856047503	24.4272653156543	49.5994509204046	0.61282	48.9866309204046	35.0098535493769	28.8814866334986	63.8913401828756	2.02702	61.8643201828756	56.3656360434814	66.1398284243551	1999.94447832954
12	1032105	1032431	326	1032268	19.7442377659062	11.8528228305942	31.5970605965004	0.768382	30.8286785965004	26.0863105024044	13.2793616846624	39.3656721870668	2.182582	37.1830901870668	35.4724961652344	39.7528526619236	1258.62188059937
12	1043158	1043829	671	1043493.5	81.8135283223449	51.9432147565627	133.756743078908	1.581547	132.175196078908	88.0077970331641	57.09755514327	145.105352176434	2.995747	142.109605176434	152.085147644972	151.930949471969	5396.22849343631
12	1053168	1053365	197	1053266.5	13.5975703515845	12.4169381951788	26.0145085467633	0.464329	25.5501795467633	14.8047032297799	13.5122680282393	28.3169712580192	1.878529	26.4384422580192	29.3988807582721	28.265630812454	1043.12012369059
12	1054939	1055035	96	1054987	7.44570279562871	6.84618646684227	14.291889262471	0.226272	14.065617262471	10.6543901893638	8.341727200287	18.9961173896508	1.640472	17.3556453896508	16.1843639467991	18.5551122985297	574.247566118253
12	1056812	1057251	439	1057031.5	27.1125384533646	19.1079204347856	46.2204588881502	1.034723	45.1857358881502	31.801866174708	23.9626526611853	55.7645188358933	2.448923	53.3155958358933	51.9922006387149	57.0002927455484	1844.76787423079
12	1065286	1065498	212	1065392	12.2873346652193	23.5177405432919	35.8050752085112	0.499684	35.3053912085112	23.8677500763616	28.7081819132673	52.5759319896289	1.913884	50.6620479896289	40.6235496061183	54.1633554164233	1441.38963786781
12	1066476	1066772	296	1066624	9.96577143373016	10.4757853247745	20.4415567585047	0.697672	19.7438847585047	13.3376632725994	14.6103979375644	27.9480612101638	2.111872	25.8361892101638	22.7179661363232	27.6217554229653	806.070402508506
13	13291	13443	152	13367	13.7124734811551	15.5659239628445	29.2783974439996	0.358264	28.9201334439996	15.7671294429977	17.3902736519272	33.1574030949249	1.772464	31.3849390949249	33.2764610548957	33.5539852488634	413.228619037594
13	14773	14909	136	14841	28.4011735514033	16.8119579005724	45.2131314519758	0.320552	44.8925794519758	32.8624950626328	26.1065110525988	58.9690061152315	1.734752	57.2342541152315	51.6548851574347	61.1897736205173	641.4527321562
13	16814	16997	183	16905.5	44.7885198870004	44.418509809184	89.2070296961844	0.431331	88.7756986961844	48.8404302472621	47.8353028710098	96.675733118272	1.845531	94.830202118272	102.148252047491	101.384017136352	1268.48167721485
13	20489	20723	234	20606	79.0601533297716	139.013886265614	218.074039595385	0.551538	217.522501595385	80.5469938262515	145.27235672507	225.819350551322	1.965738	223.853612551322	250.288577226609	239.324371181157	3108.09502722104
13	21721	21875	154	21798	19.9549435048141	19.527231855403	39.4821753602171	0.362978	39.1191973602171	21.9963991071238	22.5392138915529	44.5356129986767	1.777178	42.7584349986767	45.0118409715061	45.7135154180395	558.959104885306
13	23714	23941	227	23827.5	75.5666581788416	67.2642320489822	142.830890227824	0.535039	142.295851227824	78.6434419799713	73.9953153808064	152.638757360778	1.949239	150.689518360778	163.730307843319	161.103829481494	2033.21046949915
13	26122	26258	136	26190	18.5320047488004	9.09114761195098	27.6231523607514	0.320552	27.3026003607514	27.4688481580295	13.8360768476906	41.3049250057201	1.734752	39.5701730057201	31.4152740464076	42.304909285091	390.116313434559
13	26568	26799	231	26683.5	55.7203176320028	47.2142859566206	102.934603588623	0.544467	102.390136588623	66.6628156684448	51.0983917464563	117.761207414901	1.958667	115.802540414901	117.813474104273	123.805775792976	1463.01312293447
13	29890	30201	311	30045.5	43.4675839091956	70.9745331049679	114.442117014163	0.733027	113.709090014163	51.1869941596848	80.7811002025132	131.968094362198	2.147227	129.820867362198	130.83743589119	138.792924061154	1624.74527752649
13	33904	34051	147	33977.5	19.5614327869201	11.5226138368239	31.0840466237441	0.346479	30.7375676237441	23.9711528927027	13.1658585932241	37.1370114859268	1.760679	35.3763324859268	35.3676608696964	37.8212280355714	439.197234215037
13	37772	38028	256	37900	107.009814583515	68.0393531606458	175.049167744161	0.603392	174.445775744161	110.945521778798	69.7653001695741	180.710821948372	2.017592	178.693229948372	200.723073217564	191.042907033361	2492.5883259594
13	41921	42054	133	41987.5	11.7793208286496	23.4949399222805	35.2742607509301	0.313481	34.9607797509301	18.0521916803238	33.4356106723534	51.4878023526772	1.727681	49.7601213526772	40.2270282771462	53.1990956808762	499.541081472838
13	43585	43968	383	43776.5	59.323615773593	128.220792298431	187.544408072024	0.902731	186.641677072024	64.3371523252826	134.862373192513	199.199525517795	2.316931	196.882594517795	214.756080235039	210.489357721147	2666.85085048718
13	46006	46141	135	46073.5	11.8519228060806	9.99487222633681	21.8467950324174	0.318195	21.5286000324174	16.6528535671113	13.9634803177279	30.6163338848393	1.732395	28.8839388848393	24.7715184970491	30.8801382835147	307.613852419978
13	46453	46683	230	46568	21.4792850226943	5.65605405168174	27.135339074376	0.54211	26.593229074376	26.1661126759443	7.95881677110881	34.1249294470531	1.95631	32.1686194470531	30.599048006848	34.3918265744623	379.980381053008
13	51029	51565	536	51297	71.1147369236432	91.7419987401222	162.856735663765	1.263352	161.593383663765	74.4263271201007	95.726907275482	170.153234395583	2.677552	167.475682395583	185.934686249928	179.050102969721	2308.94545857791
13	54575	54684	109	54629.5	4.96703528515321	5.01863669060005	9.98567197575326	0.256913	9.72875897575326	8.87984185670065	6.96848979796918	15.8483316546698	1.671113	14.1772186546698	11.1942315133505	15.157021148581	139.010480165479
13	56269	56484	215	56376.5	13.5780698204564	18.8136124188359	32.3916822392923	0.506755	31.8849272392923	15.4716213943632	20.8146669207569	36.2862883151201	1.920955	34.3653333151201	36.687850751831	36.7403576486237	455.591412699399
13	68042	68203	161	68122.5	23.3477359129438	34.0966286762364	57.4443645891802	0.379477	57.0648875891802	25.1227842592256	42.8496670792421	67.9724513384676	1.793677	66.1787743384676	65.6607450702254	70.7524590449142	815.378142693359
13	71399	71893	494	71646	80.5888949674961	17.9965901659276	98.5854851334237	1.164358	97.4211271334237	95.3921981591437	31.8399672124508	127.232165371594	2.578558	124.653607371594	112.095967650247	133.268549297279	1392.01286565236
13	76886	77272	386	77079	124.374287532719	150.325494355359	274.699781888077	0.909802	273.789979888077	132.340204497213	158.696222345528	291.036426842741	2.324002	288.712424842741	315.031796814085	308.665644213515	3912.07929640293
13	79685	79875	190	79780	35.8119753964488	39.5691777298659	75.3811531263147	0.44783	74.9333231263147	38.4929484170386	43.7952928348725	82.2882412519111	1.86203	80.4262112519111	86.2207573680504	85.9845513099936	1070.6933180424
13	82852	83072	220	82962	86.2612494631465	41.7983384446246	128.059587907771	0.51854	127.541047907771	91.7034976914846	44.2893062901194	135.992803981604	1.93274	134.060063981604	146.752943648125	143.325096018039	1822.3847825457
13	91064	91229	165	91146.5	4.47712194157944	19.944843229717	24.4219651712964	0.388905	24.0330601712964	6.20986913572166	26.4184195479257	32.6282886836473	1.803105	30.8251836836473	27.6532330796019	32.9555445523187	343.399116226857
13	95324	95707	383	95515.5	133.79404409486	168.034876698722	301.828920793582	0.902731	300.926189793582	135.783998294447	177.300229055417	313.084227349864	2.316931	310.767296349864	346.255616505185	332.244751089502	4299.81812087549
13	97537	97714	177	97625.5	36.9688069046059	41.9668430341167	78.9356499387226	0.417189	78.5184609387226	38.8646585411585	47.1030829278281	85.9677414689867	1.831389	84.1363524689867	90.345935387095	89.9511042891926	1121.9199678139
13	99456	99681	225	99568.5	38.2367414388316	50.0019618834347	88.2387033222663	0.530325	87.7083783222663	39.667680412744	56.1221285759668	95.7898089887108	1.944525	93.8452839887108	100.920157961253	100.331030278844	1253.23114854634
13	101193	101725	532	101459	114.414116251518	119.150145244845	233.564261496363	1.253924	232.310337496363	120.545483249108	125.74492486422	246.290408113328	2.668124	243.622284113328	267.303949800804	260.45927642902	3319.39270396753
13	104209	104632	423	104420.5	85.3443244892278	118.079416081823	203.423740571051	0.997011	202.426729571051	90.6147680381905	120.085070709036	210.699838747227	2.411211	208.288627747227	232.918883174745	222.683673904805	2892.39737011993
13	110868	110942	74	110905	3.75060215365059	7.07629273415463	10.8268948878052	0.174418	10.6524768878052	8.54943285748291	12.2217328784496	20.7711657359325	1.588618	19.1825477359325	12.2570918623743	20.5082737876391	152.209128709638
13	111711	111827	116	111769	7.44760284737966	8.91934293257565	16.3669457799553	0.273412	16.0935337799553	10.3541820127137	10.7326923220476	21.0868743347614	1.687612	19.3992623347614	18.5177516936889	20.73996576035	229.954289533392
13	115215	115602	387	115408.5	98.2852769567737	141.408451485429	239.693728442202	0.912159	238.781569442202	99.6649145334105	147.989730737099	247.65464527051	2.326359	245.32828627051	274.749963085628	262.283182189789	3411.85763832301
13	119031	119556	525	119293.5	30.0900195498263	171.166661997905	201.256681547731	1.237425	200.019256547731	36.6150972707581	182.449069292319	219.064166563077	2.651625	216.412541563077	230.148765171786	231.369039949826	2857.99791775492
13	119818	120052	234	119935	59.0641087055028	69.0656811143297	128.129789819832	0.551538	127.578251819833	66.1011003692299	78.207530107214	144.308630476444	1.965738	142.342892476444	146.795751698551	152.180359502672	1822.91637487856
13	121388	121547	159	121467.5	20.5504597246512	40.900914001834	61.4513737264852	0.374763	61.0766107264852	24.1525578335565	47.658798063619	71.8113558971755	1.788963	70.0223928971755	70.2767662583729	74.8617141252275	872.700105442935
13	123038	123121	83	123079.5	6.28247111315268	6.83048603921601	13.1129571523687	0.195631	12.9173261523687	8.95894401117439	10.0388734247799	18.9978174359542	1.609831	17.3879864359542	14.8631022562542	18.589688468562	184.570685261102
13	129563	129770	207	129666.5	33.6398162342186	43.6181880111393	77.2580042453579	0.487899	76.7701052453579	35.7703742633754	46.5384675496249	82.3088418130003	1.902099	80.4067428130003	88.3342195610594	85.9637373867913	1096.93838845312
13	131688	131943	255	131815.5	27.265142609783	34.7420462552168	62.0071888649998	0.601035	61.4061538649998	35.3248621291396	46.120856175311	81.4457183044506	2.015235	79.4304833044506	70.6559494815735	84.920007556701	877.408820093419
13	135328	135416	88	135372	13.338563297113	23.7226461242233	37.0612094213363	0.207416	36.8537934213363	21.1075748985743	26.4509204331393	47.5584953317136	1.621616	45.9368793317136	42.4051923510303	49.1116253822644	526.589622806713
13	137305	137405	100	137355	7.07629273415463	7.90361526760754	14.9799080017622	0.2357	14.7442080017622	11.0834018741834	10.9426980418894	22.0260999160728	1.6499	20.3761999160728	16.9651728719018	21.7844205255239	210.674294541866
13	140140	140438	298	140289	33.0061989766388	74.6829341092026	107.689133085841	0.702386	106.986747085841	36.2013860026697	80.1856839853999	116.38706998807	2.116586	114.27048398807	123.102486013274	122.167837334952	1528.69231531085
13	140862	141003	141	140932.5	10.4020833173824	14.0253820037194	24.4274653211018	0.332337	24.0951283211018	14.6190981745292	18.1374940036691	32.7565921781983	1.746537	31.0100551781983	27.7246507434847	33.1531927103201	344.285984051307
13	141946	142181	235	142063.5	55.3001061868718	36.7861019283435	92.0862081152153	0.553895	91.5323131152153	69.5139933248301	52.7582369549963	122.272230279826	1.968095	120.304135279826	105.320103675903	128.61848061414	1307.8698761594
13	146070	146373	303	146221.5	97.4666546602856	123.535064675142	221.001719335427	0.714171	220.287548335427	115.161436605983	136.918629197935	252.080065803919	2.128371	249.951694803919	253.470131362178	267.226119350198	3147.60371234431
13	151688	151801	113	151744.5	5.74775654934599	6.97338993143216	12.7211464807781	0.266341	12.4548054807781	13.8006758834887	13.663972160144	27.4646480436327	1.680541	25.7841070436327	14.3309106899507	27.5660738031213	177.961905990847
13	158362	158532	170	158447	18.3079986476358	18.3393995028884	36.6473981505242	0.40069	36.2467081505242	22.0131995647111	24.1775585144901	46.1907580792012	1.81489	44.3758680792012	41.7066599804832	47.4427310000993	517.915215802973
13	159036	159352	316	159194	63.8018377451335	194.845906940028	258.647744685161	0.744812	257.902932685161	70.5958227901865	203.023929681562	273.619752471748	2.159012	271.460740471748	296.751635398203	290.221677788996	3685.07541383239
13	159920	160088	168	160004	82.249540197826	31.7820656354087	114.031605833235	0.395976	113.635629833235	93.1431369023619	34.2996342054168	127.442771107779	1.810176	125.632595107779	130.752910179906	134.315195905685	1623.69563336844
13	164295	164793	498	164544	164.566382228725	252.551878654496	417.118260883221	1.173786	415.944474883221	174.50925303872	263.415274536465	437.924527575185	2.587986	435.336541575185	478.599455505706	465.423107883839	5943.26998127918
13	165321	165534	213	165427.5	15.3654185017575	25.692599779063	41.0580182808204	0.502041	40.5559772808204	22.6582171327966	36.2528874053928	58.9111045381894	1.916241	56.9948635381894	46.6650474190141	60.9338385088864	579.488698346606
13	167100	167863	763	167481.5	272.118611585774	299.936269244189	572.054880829963	1.798391	570.256489829963	277.992671575197	309.736136159244	587.728807734441	3.212591	584.516216734441	656.155958335161	624.912747311985	8148.17477401903
13	168780	168878	98	168829	8.53643250339746	16.2349421846262	24.7713746880237	0.230986	24.5403886880237	20.7298646110303	24.7691746281015	45.4990392391318	1.645186	43.8538532391318	28.23698203296	46.8846391653375	350.648137493357
13	169841	170362	521	170101.5	368.626040120002	488.126394903364	856.752435023366	1.227997	855.524438023366	388.330276796414	499.838113890769	888.168390687184	2.642197	885.526193687184	984.394684710656	946.725840397333	12224.2583272264
13	171348	171699	351	171523.5	62.2825963661637	49.3888451842204	111.671441550384	0.827307	110.844134550384	66.7237173271989	52.3071246682314	119.03084199543	2.241507	116.78933499543	127.540923477128	124.860768784952	1583.8090352303
13	178116	178536	420	178326	244.710865091946	307.930986993118	552.641852085065	0.98994	551.651912085065	261.578124498744	327.555821506886	589.13394600563	2.40414	586.72980600563	634.748916491122	627.279320066129	7882.34114693052
13	181226	181357	131	181291.5	13.7325740286257	16.5392504729493	30.271824501575	0.308767	29.963057501575	18.0796924293507	19.3922281783619	37.4719206077126	1.722967	35.7489536077126	34.4764839335012	38.2196013950353	428.130558162719
13	192378	192684	306	192531	178.152352264356	74.1254189243845	252.277771188741	0.721242	251.556529188741	195.6539289478	103.835228118573	299.489157066373	2.135442	297.353715066373	289.449253851583	317.904143094074	3594.39410498714
13	195817	196060	243	195938.5	48.7770285204147	122.198228264263	170.975256784678	0.572751	170.402505784678	64.5576583311164	143.041795972179	207.599454303296	1.986951	205.612503303296	196.070753213519	219.822599685601	2434.81560284978
13	204223	204472	249	204347.5	82.8821574281684	112.76557135076	195.647728778928	0.586893	195.060835778928	95.2778950459155	129.493626966119	224.771522012035	2.001093	222.770429012035	224.443442410176	238.166327688095	2787.14895812383
13	205461	205598	137	205529.5	13.9384796367944	16.8327584671091	30.7712381039035	0.322909	30.4483291039035	21.0744739970183	22.0493005479792	43.1237745449975	1.737109	41.3866655449975	35.034853472397	44.2469415344841	435.064416696833
13	209055	209411	356	209233	296.090064486648	356.70471542365	652.794779910298	0.839092	651.955687910298	327.518220482762	368.413934342962	695.932154825723	2.253292	693.678862825723	750.161754968183	741.619738700287	9315.54306658202
13	209647	209754	107	209700.5	23.012826791158	2.90047899918629	25.9133057903443	0.252199	25.6611067903443	51.6449066316636	20.4461568837964	72.09106351546	1.666399	70.42466451546	29.5265173097458	75.2917871581918	366.661645683047
13	213982	214172	190	214077	64.2910510696411	66.006997806196	130.298048875837	0.44783	129.850218875837	75.2939507512185	78.3096328881466	153.603583639365	1.86203	151.741553639365	149.409952058433	162.228572024796	1855.37963480333
13	216157	216385	228	216271	112.979677182275	91.879402482533	204.859079664808	0.537396	204.321683664808	132.282902936513	96.6017311027087	228.884634039222	1.951596	226.933038039222	235.099279963848	242.616619003702	2919.47363741375
13	217086	217279	193	217182.5	76.8189922881648	78.1837294589652	155.00272174713	0.454901	154.54782074713	86.122245677156	80.9766055274135	167.09885120457	1.869101	165.22975020457	177.827828774349	176.648952042543	2208.27413076328
13	219887	220088	201	219987.5	96.8863388544562	35.8662768754365	132.752615729893	0.473757	132.278858729893	110.834818763624	44.9237235694891	155.758542333113	1.887957	153.870585333113	152.204425316185	164.504743338378	1890.08153183898
13	220860	221193	333	221026.5	475.596853641261	614.941248908816	1090.53810255008	0.784881	1089.75322155008	494.780976151532	631.566901735071	1126.3478778866	2.199081	1124.1487968866	1253.90606189897	1201.83990270544	15571.062965698
13	225555	225795	240	225675	77.7012163169478	110.615312785027	188.316529101975	0.56568	187.750849101975	97.8040638501648	123.675868510159	221.479932360324	1.97988	219.500052360324	216.032330219478	234.669931865951	2682.69938130739
13	228681	228927	246	228804	59.6162237432392	96.4340265350064	156.050250278246	0.579822	155.470428278246	68.5014657470215	114.343314323114	182.844780070136	1.994022	180.850758070136	178.889411482381	193.349544193073	2221.45691350302
13	230565	231004	439	230784.5	211.372257061615	278.428683450678	489.800940512293	1.034723	488.766217512293	221.485232504682	289.364481304629	510.849713809312	2.448923	508.400790809312	562.390558587519	543.536904237122	6983.79174100038
13	233302	233444	142	233373	15.6092251422214	19.1432213962637	34.7524465384851	0.334694	34.4177525384851	22.4093103534222	24.5460685514505	46.9553789048727	1.748894	45.2064849048727	39.602203225019	48.3307526282996	491.781975328567
13	235697	236653	956	236175	548.288933526363	694.212207980219	1242.50114150658	2.253292	1240.24784950658	558.871521760086	700.940691241226	1259.81221300131	3.667492	1256.14472100131	1427.07015313192	1342.95820397916	17721.4225898493
13	241750	242014	264	241882	35.2439599256387	65.3985812349972	100.642541160636	0.622248	100.020293160636	37.8130298983699	69.7833006598463	107.596330558216	2.036448	105.559882558216	115.086653956976	112.855237077802	1429.15134532619
13	243095	243201	106	243148	11.8139217710616	18.7092095752574	30.523131346319	0.249842	30.273289346319	20.1732494507258	35.3261621645482	55.499411615274	1.664042	53.835369615274	34.8334469440489	57.55598863756	432.563341193727
13	243874	244120	246	243997	128.310094730725	121.062497330814	249.372592061539	0.579822	248.792770061539	138.83918150725	132.499108825227	271.338290332477	1.994022	269.344268332477	286.26918128589	287.958934033912	3554.90381806653
13	245868	246058	190	245963	93.3013412113094	28.1716673004334	121.473008511743	0.44783	121.025178511743	101.873074676185	31.4333561377476	133.306430813933	1.86203	131.444400813933	139.255569038303	140.528661617495	1729.28204090158
13	247445	247678	233	247561.5	75.1415466002476	86.1229456962221	161.26449229647	0.549181	160.71531129647	86.2652495720959	89.658241985673	175.923491557769	1.963381	173.960110557769	184.924347172818	185.982676783015	2296.39902159637
13	251560	251689	129	251624.5	18.6085068324571	38.9322603824029	57.5407672148599	0.304053	57.2367142148599	27.1380391479169	56.0858275872513	83.2238667351681	1.718253	81.5056137351681	65.8584544628427	87.1385524342669	817.833306995454
13	253039	253472	433	253255.5	320.731935647436	328.567749068352	649.299684715788	1.020581	648.279103715788	339.828655777164	345.652914410166	685.48157018733	2.434781	683.04678918733	745.931355720526	730.252871269113	9263.00977476943
13	258683	259342	659	259012.5	291.136129558304	290.46891138555	581.605040943854	1.553263	580.051777943854	293.295888382791	302.218831413422	595.514719796213	2.967463	592.547256796213	667.42674047296	633.498821000091	8288.13586334859
13	262686	262937	251	262811.5	20.8268672530525	32.0950741606967	52.9219414137491	0.591607	52.3303344137491	36.0236811625941	44.9996256368033	81.0233067993974	2.005807	79.0174997993974	60.2130117580801	84.4784823272058	747.727940655672
13	263288	263432	144	263360	43.1447751169816	15.0124088869758	58.1571840039574	0.339408	57.8177760039574	58.0640814681609	24.3293626491186	82.3934441172795	1.753608	80.6398361172795	66.5270433555196	86.2129400145146	826.135874518153
13	272914	273038	124	272976	13.7325740286257	8.65573575281234	22.388309781438	0.292268	22.096041781438	18.1223935923852	10.9522983033679	29.0746918957531	1.706468	27.3682238957531	25.4244357216107	29.2596706371874	315.721808449507
13	279901	280122	221	280011.5	71.9453595469793	82.0791355565829	154.024495103562	0.520897	153.503598103562	78.6254414896991	93.0956356085882	171.721077098287	1.935097	169.785980098287	176.626311699796	181.520067776807	2193.35363664437
13	282885	283132	247	283008.5	29.419701292636	117.137390424247	146.557091716883	0.582179	145.974912716883	46.1220562079958	135.745697251257	181.867753459253	1.996379	179.871374459253	167.963557547934	192.302474350651	2085.77915841694
13	287126	287899	773	287512.5	173.24601863251	136.835926945407	310.081945577917	1.821961	308.259984577917	179.96950175733	148.858754406349	328.828256163679	3.236161	325.59209516368	354.69412309085	348.094107343201	4404.60788254461
13	296826	297075	249	296950.5	119.024241815664	86.8805663312323	205.904808146896	0.586893	205.317915146896	121.575611306294	89.7829453821696	211.358556688464	2.001093	209.357463688464	236.245576822386	223.826378222225	2933.70840435846
13	302582	303086	504	302834	385.828808664927	444.438604996506	830.267413661433	1.187928	829.079485661433	390.157726569933	458.811596467925	848.969323037858	2.602128	846.367195037858	953.966248788172	904.860522160912	11846.3966148592
13	305886	306829	943	306357.5	99.0865987820557	136.745724488599	235.832323270654	2.222651	233.609672270654	105.748380226332	151.555627860013	257.304008086345	3.636851	253.667157086345	268.79900732181	271.198361139171	3337.95839680873
13	312037	312217	180	312127	21.7486923604342	22.2049047861095	43.9535971465437	0.42426	43.5293371465437	24.1006564199385	23.8191487526267	47.9198051725652	1.83846	46.0813451725652	50.0862935196078	49.2660754093375	621.973889280937
13	318502	318635	133	318568.5	27.7375554767033	23.7295463121609	51.4671017888642	0.313481	51.1536207888642	31.33085334592	28.1702672623011	59.5011206082211	1.727681	57.7734396082211	58.8590461829533	61.7662227900841	730.914334067186
13	325575	325820	245	325697.5	147.318712460843	165.092696563738	312.411409024581	0.577465	311.833944024581	153.300475383727	169.994330067569	323.294805451296	1.991665	321.303140451296	358.806438912939	343.508738459193	4455.67480896461
13	330278	330672	394	330475	149.027659006736	169.767723895587	318.795382902324	0.928658	317.866724902324	157.203481688348	182.812379187646	340.015860875994	2.342858	337.673002875994	365.747955912495	361.00993929514	4541.87488531949
13	334869	335204	335	335036.5	369.784971685357	295.706854049299	665.491825734656	0.789595	664.702230734656	383.033432528386	307.543876449543	690.577308977929	2.203795	688.373513977929	764.828348284589	735.947731613049	9497.67349481854
13	337510	337778	268	337644	58.4930931529806	62.4204001194695	120.91349327245	0.631676	120.28181727245	63.0123162412521	67.04082596416	130.053142205412	2.045876	128.007266205412	138.400233035896	136.853983020737	1718.66043920829
13	340892	341131	239	341011.5	62.2835963934011	75.5974590177517	137.881055411153	0.563323	137.317732411153	68.659270045074	81.7602268705946	150.419496915669	1.977523	148.441973915669	158.002319857013	158.700954875644	1962.08005206863
13	343596	343703	107	343649.5	11.2080052679562	21.7129913880611	32.9209966560173	0.252199	32.6687976560173	15.8503317091445	28.0614642988783	43.9117960080228	1.666399	42.2453970080228	37.5897979522042	45.1650208321989	466.791834386074
13	347004	347384	380	347194	241.856587351125	395.350968016173	637.207555367298	0.89566	636.311895367298	249.775303030017	425.588291578059	675.363594608076	2.30986	673.053734608076	732.161490401077	719.569186176426	9092.01495591226
13	348313	348459	146	348386	22.9408248300694	16.7208554192506	39.66168024932	0.344122	39.31755824932	25.3267898156433	19.1242208787543	44.4510106943976	1.758322	42.6926886943976	45.2400815643038	45.6432253175147	561.793407031034
13	349850	350103	253	349976.5	64.4067542210016	60.8504573595665	125.257211580568	0.596321	124.660890580568	77.8763210862063	73.9620144738029	151.838335560009	2.010521	149.827814560009	143.438939467742	160.182572424648	1781.23132669337
13	353150	353399	249	353274.5	119.78846263044	70.9326319637232	190.721094594164	0.586893	190.134201594164	144.046223329365	87.9253947888071	231.971618118172	2.001093	229.970525118172	218.774694342381	245.864030009741	2716.75418471741
13	353656	353800	144	353728	35.8937776244634	12.4844400336993	48.3782176581627	0.339408	48.0388096581627	59.565522362306	16.5898518511588	76.1553742134648	1.753608	74.4017662134648	55.2750415833601	79.5437505379665	686.408000630134
13	355113	355354	241	355233.5	67.2262310139632	71.6269508746097	138.853181888573	0.568037	138.285144888573	70.8713302940742	73.5141022741975	144.385432568272	1.982237	142.403195568272	159.115456616607	152.244830204608	1975.90303538433
13	361922	362016	94	361969	3.60279812797147	6.16586793727862	9.76866606525008	0.221558	9.54710806525008	3.8890059232987	7.47620362636764	11.3652095496663	1.635758	9.72945154966634	10.9852179740233	10.4018641804478	136.414940451269
13	366773	366982	209	366877.5	47.7251998721785	50.5107757417942	98.2359756139727	0.492613	97.7433626139727	51.5600043192133	55.8260205109899	107.386024830203	1.906813	105.479211830203	112.46674244075	112.768991110921	1396.61716400009
13	370575	370751	176	370663	20.0590463402214	23.0362274285118	43.0952737687332	0.414832	42.6804417687332	21.7268917666601	25.6008972813987	47.3277890480588	1.829032	45.4987570480588	49.1095264506006	48.6432240067356	609.844351035227
13	379181	379607	426	379394	72.8015828675914	94.961686433468	167.763269301059	1.004082	166.759187301059	79.6556695496087	96.8980391731331	176.553708722742	2.418282	174.135426722742	191.878630591904	186.17010923256	2382.7576319343
13	382855	383182	327	383018.5	125.147508592632	191.184207207777	316.331715800408	0.770739	315.560976800408	132.458007705772	199.223726176939	331.681733882711	2.184939	329.496794882711	363.09488596507	352.268664967078	4508.92894107453
13	387058	387274	216	387166	60.4197456284434	105.305568165637	165.725313794081	0.509112	165.216201794081	67.9357503388572	133.986549338049	201.922299676906	1.923312	199.998987676906	190.103220487705	213.821128089545	2360.71050786142
13	387766	389069	1303	388417.5	3891.19868302202	3295.77306565266	7186.97174867468	3.071171	7183.90057767468	3908.11314371442	3327.19002134371	7235.30316505813	4.485371	7230.81779405813	8266.03335901391	7730.54721773472	102647.981233012
13	389533	389659	126	389596	3.60739825326324	2.9250796692249	6.53247792248814	0.296982	6.23549592248814	8.84494090611742	4.81203106336523	13.6569719694826	1.711182	11.9457899694826	7.17476762769534	12.7713760797725	89.0965933491893
13	390910	391060	150	390985	10.2210783874235	10.5202865368362	20.7413649242597	0.35355	20.3878149242598	16.6509535153604	13.1541582745472	29.8051117899076	1.76775	28.0373617899076	23.4588934603382	29.9750533550575	291.31361453292
13	392531	392735	204	392633	40.7123088648713	29.318498536217	70.0308074010884	0.480828	69.5499794010884	44.9989256177372	32.582887447072	77.5818130648092	1.895028	75.6867850648092	80.0265042134274	80.9175783938088	993.772798374411
13	396402	397064	662	396733	492.50861426012	507.30341722025	999.81203148037	1.560334	998.25169748037	505.189159635062	522.283425224736	1027.4725848598	2.974534	1024.4980508598	1148.62138511609	1095.30218880041	14263.6330223205
13	397742	397944	202	397843	162.648529992951	80.3904895636075	243.039019556558	0.476114	242.562905556558	185.75135923547	85.7036342756047	271.454993511074	1.890314	269.564679511074	279.100893353239	288.194578060908	3465.88768986748
13	405647	405737	90	405692	8.40712898160916	7.92201576877463	16.3291447503838	0.21213	16.1170147503838	15.8516317445531	22.0830014658776	37.9346332104306	1.62633	36.3083032104306	18.5447696740695	38.817608237164	230.289800052477
13	406067	406273	206	406170	53.6972625308603	54.1831757654847	107.880438296345	0.485542	107.394896296345	59.5586221743683	63.6117325673148	123.170354741683	1.899742	121.270612741683	123.572115980031	129.651752350001	1534.52420176962
13	407558	407782	224	407670	48.0694092472716	50.7251815814803	98.7945908287519	0.527968	98.2666228287519	60.995861319876	63.6449334715945	124.640794791471	1.942168	122.698626791471	113.068822932266	131.178457952864	1404.0938271479
13	408116	408327	211	408221.5	64.8195654645763	46.4864661332832	111.306031597859	0.497327	110.808704597859	117.148490726582	81.9712326176737	199.119723344255	1.911527	197.208196344255	127.500156603156	210.837462232327	1583.30279032024
13	408563	409010	447	408786.5	401.892846194692	132.710814591372	534.603660786064	1.053579	533.550081786064	460.618745688526	161.924510273115	622.543255961641	2.467779	620.075476961641	613.920352468987	662.929545417447	7623.69108395645
13	410415	410574	159	410494.5	32.2874794011612	14.7767024671343	47.0641818682955	0.374763	46.6894188682955	36.5540956092802	16.8337584943465	53.3878541036267	1.788963	51.5988911036267	53.7223879569929	55.164944743473	667.127076711902
13	411329	411523	194	411426	75.0071429395489	61.9855882766732	136.992731216222	0.457258	136.535473216222	79.4617642682881	64.6509608723604	144.112725140649	1.871458	142.241267140649	157.102226581671	152.071710733023	1950.90265250799
13	413515	413800	285	413657.5	64.2604502361784	28.0334635362328	92.2939137724112	0.671745	91.6221687724112	77.0526986535316	33.4989123964771	110.551611050009	2.085945	108.465666050009	105.423494563882	115.961842323239	1309.15378894658
13	420259	420329	70	420294	7.89921514776324	18.1832952511393	26.0825103989025	0.16499	25.9175203989025	25.1332845452177	38.7176545372693	63.850939082487	1.57919	62.271749082487	29.8215552795967	66.5754151637836	370.325440719544
13	422222	422347	125	422284.5	13.4396660508083	18.1699948888827	31.6096609396909	0.294625	31.3150359396909	16.1899409589458	22.6824177919403	38.8723587508861	1.708825	37.1635337508861	36.0321149934387	39.7319446598675	447.448455987536
13	424747	424954	207	424850.5	49.1157377457023	41.3408259835407	90.456563729243	0.487899	89.968664729243	53.1054464118014	44.1268018640513	97.2322482758527	1.902099	95.3301492758527	103.520918180438	101.918516167876	1285.52750818773
13	429717	429916	199	429816.5	45.8802496220065	48.7646281826716	94.6448778046781	0.469043	94.1758348046781	49.7641554063948	61.7128808490501	111.477036255445	1.883243	109.593793255445	108.361827073117	117.167935586493	1345.64213676283
13	431316	432211	895	431763.5	196.159342713552	452.276618477344	648.435961190896	2.109515	646.326446190896	208.511779151923	466.352501856549	674.864281008471	3.523715	671.340566008471	743.684563457051	717.73761869286	9235.10900543076
13	433700	434012	312	433856	20.9358702219227	34.4439381357652	55.3798083576879	0.735384	54.6444243576879	31.9789709984413	49.1599389495928	81.1389099480341	2.149584	78.9893259480341	62.8756801045493	84.4483613513394	780.793078260043
13	434291	434711	420	434501	609.203392629119	234.813195513079	844.016588142199	0.98994	843.026648142199	626.16205452541	246.644017744452	872.806072269862	2.40414	870.401932269862	970.014314749424	930.556325364601	12045.6822337371
13	436102	436353	251	436227.5	124.745597645944	90.8813752996658	215.62697294561	0.591607	215.03536594561	135.887301108064	95.946613259526	231.83391436759	2.005807	229.82810736759	247.426796773616	245.711769618611	3072.55730634897
13	438890	439311	421	439100.5	160.215863735393	175.206672034042	335.422535769435	0.992297	334.430238769435	170.639047627483	178.108951082256	348.747998709739	2.406497	346.341501709739	384.806482222494	370.277527201478	4778.54453883164
13	445236	445475	239	445355.5	83.2670679118213	85.5887311460341	168.855799057855	0.563323	168.292476057855	87.7279894121558	101.212656688644	188.9406461008	1.977523	186.9631231008	193.642883294964	199.884341200462	2404.66620288828
13	448328	448475	147	448401.5	25.6113975673908	25.7013000160278	51.3126975834186	0.346479	50.9662185834186	34.1880311657294	35.5201674485925	69.7081986143219	1.760679	67.9475196143219	58.643415013644	72.6434441672848	728.236616320454
13	449034	449173	139	449103.5	20.2628518911917	7.88571478005912	28.1485666712508	0.327623	27.8209436712508	26.759128827688	11.2172055185397	37.9763343462278	1.741823	36.2345113462278	32.0116969854061	38.7387165396062	397.522720835818
13	451428	451570	142	451499	23.8985509152717	32.4156828929885	56.3142338082601	0.334694	55.9795398082601	25.5103948164193	36.142984412009	61.6533792284283	1.748894	59.9044852284283	64.41190805387	64.0445472147011	799.870027367627
13	453548	453970	422	453759	168.48928907537	145.161253699001	313.650542774371	0.994654	312.655888774371	173.505325695153	148.912955882613	322.418281577766	2.408854	320.009427577766	359.752195698904	342.125615728147	4467.41926009374
13	457392	457486	94	457439	7.07249263065273	8.79653958783008	15.8690322184828	0.221558	15.6474742184828	23.2399329767584	22.7432194479707	45.983152424729	1.635758	44.347394424729	18.0045008245583	47.4122895014158	223.580716709023
13	457970	458351	381	458160.5	63.8293384941604	26.9041327771026	90.733471271263	0.898017	89.835454271263	70.2187125189849	29.3481993451661	99.566911864151	2.312217	97.254694864151	103.367641826245	103.976069126166	1283.62411539395
13	464936	465026	90	464981	18.1631947036687	18.2599973402434	36.4231920439122	0.21213	36.2110620439122	27.2027409101729	27.9098601696973	55.1126010798702	1.62633	53.4862710798702	41.6656443924766	57.1827635351658	517.405882350626
13	465361	465981	620	465671	216.527697478284	142.361577445339	358.889274923623	1.46134	357.427934923623	225.278535821367	147.826826300136	373.105362121503	2.87554	370.229822121503	411.268391255833	395.816794564468	5107.14973843223
13	469585	469767	182	469676	48.161411753107	66.8567209497653	115.018132702872	0.428974	114.589158702872	50.8981862935404	74.1027183060969	125.000904599637	1.843174	123.157730599637	131.850072001675	131.669290908134	1637.3202391738
13	472508	473098	590	472803	61.8490845587761	179.932600752272	241.781685311048	1.39063	240.391055311048	74.5625308298267	199.798941843858	274.361472673685	2.80483	271.556642673685	276.601890703347	290.324207892986	3434.85496038695
13	475607	475690	83	475648.5	12.4983404122984	13.601170449639	26.0995108619374	0.195631	25.9038798619374	18.9972174196118	21.8666955744405	40.8639129940524	1.609831	39.2540819940524	29.8058600270845	41.9669728911181	370.130536354252
13	477699	478093	394	477896	352.827709827199	633.988367687571	986.81607751477	0.928658	985.88741951477	364.486627376473	647.783943432149	1012.27057080862	2.342858	1009.92771280862	1134.39463837611	1079.72487936032	14086.9646290361
13	478793	478904	111	478848.5	24.5991699977534	12.9703532683237	37.5695232660771	0.261627	37.3078962660771	30.8695407813342	16.681954359718	47.5514951410522	1.675827	45.8756681410522	42.9276980876376	49.0461838218298	533.078122999725
13	482524	482691	167	482607.5	16.9799624764459	64.7773643151604	81.7573267916063	0.393619	81.3637077916063	28.7235823327224	88.7032159740116	117.426798306734	1.807819	115.618979306734	93.6197704222924	123.60952858354	1162.57460137964
13	483485	483822	337	483653.5	256.385183060675	155.091424163082	411.476607223757	0.794309	410.682298223757	278.756992392697	162.766733212405	441.523725605102	2.208509	439.315216605102	472.54462118028	469.676753330149	5868.08077102423
13	486351	486504	153	486427.5	28.567978094592	26.2355145662158	54.8034926608078	0.360621	54.4428716608078	36.0992832217371	28.1808675510169	64.2801507727541	1.774821	62.5053297727541	62.6437669122666	66.8251388612532	777.913169605529
13	492005	492226	221	492115.5	119.571956733556	149.114761379109	268.686718112665	0.520897	268.165821112665	124.535991936997	155.467934417941	280.003926354939	1.935097	278.068829354939	308.560453906246	297.286458645799	3831.71786347552
13	493916	494022	106	493969	11.2838073325467	11.2164054967499	22.5002128292966	0.249842	22.2503708292966	34.3085344478291	37.6285248730803	71.9370593209094	1.664042	70.2730173209094	25.6020118230712	75.1296594665116	317.926956618946
13	494400	494952	552	494676	216.433694917973	254.039019159147	470.472714077121	1.301064	469.171650077121	231.124595048144	273.92776086085	505.052355908993	2.715264	502.337091908993	539.84440189683	537.054136727539	6703.81253352009
13	497485	497665	180	497575	37.1745125073271	40.0394905395877	77.2140030469148	0.42426	76.7897430469148	46.1502569760888	47.1791850005899	93.3294419766787	1.83846	91.4909819766787	88.3568154643591	97.8140199783251	1097.21898541627
13	500870	501102	232	500986	42.4375558547335	114.532319470972	156.969875325705	0.546824	156.423051325705	45.749146051191	122.473235754532	168.222381805723	1.961024	166.261357805723	179.985531035223	177.751855130136	2235.06857636507
13	501853	502126	273	501989.5	251.93656189536	182.824079506323	434.760641401683	0.643461	434.117180401683	261.203814303807	185.831761425352	447.035575729159	2.057661	444.977914729159	499.509570897052	475.73080647802	6202.93275289508
13	504737	505180	443	504958.5	489.543533501401	38.1533391672373	527.696872668638	1.044151	526.652721668638	496.225415493148	41.1183199232321	537.34373541638	2.458351	534.88538441638	605.984022030764	571.851875966904	7525.13736871003
13	509330	509701	371	509515.5	90.4575637564804	196.089840820557	286.547404577037	0.874447	285.672957577037	98.4434812657211	220.352801661116	318.796282926837	2.288647	316.507635926837	328.704743553717	338.381811572769	4081.87057589243
13	510331	510626	295	510478.5	216.497096644821	404.807925591543	621.305022236364	0.695315	620.609707236364	239.66742772586	460.024629506821	699.692057232681	2.109515	697.582542232681	714.094033941118	745.79320549725	8867.65245323645
13	510857	511141	284	510999	208.803187088884	125.636321906244	334.439508995128	0.669388	333.770120995128	233.813668289356	184.664429631203	418.478097920559	2.083588	416.394509920559	384.046928901245	445.171972496879	4769.1123708644
13	511810	511968	158	511889	32.3610814058296	43.888795381564	76.2498767873936	0.372406	75.8774707873936	39.8838863014574	47.3122886258801	87.1961749273374	1.786606	85.4095689273374	87.3071248612986	91.3123140762468	1084.18387938129
13	513346	513569	223	513457.5	97.0576435202128	130.04264191942	227.100285439633	0.525611	226.574674439633	104.211438365261	133.396433265293	237.607871630555	1.939811	235.668060630555	260.704306382807	251.95532819449	3237.43802942264
13	513970	514415	445	514192.5	296.543376833335	191.823224612438	488.366601445773	1.048865	487.317736445773	306.836757190019	195.416422478931	502.25317966895	2.463065	499.79011466895	560.723888414916	534.33113521133	6963.09495438357
13	517333	517756	423	517544.5	74.5944316986979	63.360725730742	137.95515742944	0.997011	136.95814642944	82.3272423141674	64.9548691497886	147.282111463956	2.411211	144.870900463956	157.58856834582	154.883080781354	1956.94206683298
13	523422	523678	256	523550	166.76464210185	100.461836238848	267.226478340698	0.603392	266.623086340698	185.356548482167	106.426498695974	291.783047178141	2.017592	289.765455178141	306.785332306037	309.791450583052	3809.67432205841
13	527541	527937	396	527739	66.1148007423814	59.6990259984911	125.813826740873	0.933372	124.880454740873	69.5939955038175	62.1112917004071	131.705287204225	2.347572	129.357715204225	143.691577244936	138.297762970364	1784.36859419348
13	531865	532030	165	531947.5	24.6023700849129	17.5343775768282	42.1367476617411	0.388905	41.7478426617411	40.4218009524235	21.6954909114076	62.1172918638311	1.803105	60.3141868638311	48.036447105246	64.4825637610823	596.518802526113
13	534828	534947	119	534887.5	11.7350196220354	21.4734848647177	33.2085044867531	0.280483	32.9280214867531	14.7018004270574	25.9862077759465	40.6880082030039	1.694683	38.9933252030039	37.8880694565416	41.6881949239563	470.495783602076
13	535952	536148	196	536050	26.6225251070671	33.3147073793588	59.9372324864259	0.461972	59.4752604864259	33.7204184295484	42.21464978353	75.9350682130784	1.876172	74.0588962130784	68.4341997639352	79.1771844311964	849.81903023709
13	540032	541348	1316	540690	673.443942323275	948.343029639754	1621.78697196303	3.101812	1618.68515996303	684.527444200182	974.053929917261	1658.58137411744	4.516012	1654.06536211744	1862.51262602051	1768.3795591663	23128.7671823296
13	545618	545903	285	545760.5	52.8018381425444	49.8224569943318	102.624295136876	0.671745	101.952550136876	62.2725960937903	52.8500394553843	115.122635549175	2.085945	113.036690549175	117.309972675142	120.848775133696	1456.76061910301
13	556517	557389	872	556953	465.003265107927	634.691286832698	1099.69455194063	2.055304	1097.63924794063	469.799295735495	651.964757303304	1121.7640530388	3.469504	1118.2945490388	1262.97998441635	1195.58106163092	15683.7433515397
13	558618	559096	478	558857	129.965739824868	108.876365422014	238.842105246882	1.126646	237.715459246882	139.90181044965	118.653531718781	258.555342168431	2.540846	256.014496168431	273.523261470869	273.707927294331	3396.62440142916
13	559836	560048	212	559942	77.3307062255126	26.3120166498725	103.642722875385	0.499684	103.143038875385	95.682906077039	32.7389916988211	128.42189777586	1.913884	126.50801377586	118.679788351131	135.25111567875	1473.77105297069
13	560658	561057	399	560857.5	244.813567889221	48.934532810296	293.748100699517	0.940443	292.807657699517	272.147812381105	57.1531566576662	329.300969038771	2.354643	326.946326038771	336.914165243413	349.541930538554	4183.81555082032
13	562639	563080	441	562859.5	129.466926238882	104.184337627129	233.651263866012	1.039437	232.611826866012	143.22580098385	113.445289863981	256.671090847831	2.453637	254.217453847831	267.650853430657	271.786689488688	3323.70056914788
13	564240	564369	129	564304.5	12.4689396115205	23.1996318790935	35.668571490614	0.304053	35.364518490614	14.8565046406742	25.088783333156	39.9452879738301	1.718253	38.2270349738302	40.691583410457	40.8689455710015	505.309948417197
13	568388	568535	147	568461.5	12.7909483819446	11.8049215259255	24.5958699078702	0.346479	24.2493909078702	20.5417594876863	18.8109123452951	39.3526718329814	1.760679	37.5919928329814	27.902150372619	40.1900149998125	346.490182583893
13	571985	572218	233	572101.5	30.249623896906	28.4865758774723	58.7361997743784	0.549181	58.1870187743784	35.4489655092937	37.8894319793028	73.3383974885965	1.963381	71.3750164885965	66.951906286858	76.3078189558449	831.411841878612
13	572798	573012	214	572905	25.4810940183652	28.7751837381692	54.2562777565344	0.504398	53.7518797565344	32.7464919031011	39.5226764633295	72.2691683664306	1.918598	70.3505703664306	61.8486887970038	75.212572284585	768.039853117485
13	574848	575012	164	574930	33.7746199058123	44.0566999547137	77.831319860526	0.386548	77.444771860526	52.0848186133703	56.8755490965801	108.96036770995	1.800748	107.15961970995	89.110513259294	114.565533746819	1106.57843918928
13	577464	577729	265	577596.5	134.193254968007	71.2245399143033	205.417794882311	0.624605	204.793189882311	140.588929164427	75.0327436368248	215.621672801252	2.038805	213.582867801252	235.641810596158	228.343804457853	2926.21080767971
13	584125	584272	147	584198.5	10.0175728446245	26.5239224214652	36.5414952660897	0.346479	36.1950162660897	12.0185273438218	29.8893140832918	41.9078414271135	1.760679	40.1471624271135	41.6471815903654	42.9217750523187	517.176610427528
13	586646	586775	129	586710.5	14.1305848690877	14.7502017453448	28.8807866144325	0.304053	28.5767336144325	23.5569416109957	25.1115839541673	48.6685255651631	1.718253	46.9502725651631	32.8813338651483	50.1950552880423	408.321911479535
13	589654	590268	614	589961	203.08923146016	250.141012990713	453.230244450873	1.447198	451.783046450873	209.325401312224	263.364173144636	472.68957445686	2.861398	469.82817645686	519.836500049202	502.298495933136	6455.35349105473
13	592254	592383	129	592318.5	9.89916961972319	18.9662165752542	28.8653861949774	0.304053	28.5613331949774	13.3565637873852	29.4460020089781	42.8025657963633	1.718253	41.0843127963633	32.8636136336972	43.923692869354	408.101860832938
13	592742	593214	472	592978	346.18032877514	334.549111980341	680.729440755481	1.112504	679.616936755481	351.744080312815	346.395534636616	698.139614949432	2.526704	695.612910949432	781.989701810438	743.687450924206	9710.78396971561
13	594690	594845	155	594767.5	34.0731280361588	22.4531115464178	56.5262395825766	0.365335	56.1609045825766	46.3172615247249	33.1631032501777	79.4803647749027	1.779535	77.7008297749027	64.6205923554469	83.0708158523437	802.461478592358
13	599224	599308	84	599266	6.77668457384702	10.7261921450049	17.5028767188519	0.197988	17.3048887188519	9.55846033996083	22.111802250313	31.6702625902738	1.612188	30.0580745902738	19.9115767092582	32.1354197425979	247.262872480767
13	603273	603504	231	603388.5	39.5213764279209	42.968570317762	82.4899467456829	0.544467	81.9454797456829	47.0887825383342	51.6772075114297	98.7659900497639	1.958667	96.8073230497639	94.289176454258	103.497778975107	1170.88731617549
13	605767	606054	287	605910.5	58.9246049058936	84.2325942094749	143.157199115368	0.676459	142.480740115368	65.4363822645687	90.7397714428582	156.176153707427	2.090659	154.085494707427	163.943047106012	164.734505325609	2035.85227541694
13	608266	608579	313	608422.5	180.484415781838	129.048414840055	309.532830621892	0.737741	308.795089621892	187.067195074364	131.279675612012	318.346870686376	2.151941	316.194929686376	355.30983263419	338.047493875101	4412.25379188283
13	610007	610807	800	610407	121.880319605512	114.099707688098	235.98002729361	1.8856	234.09442729361	132.950421117439	122.648740534686	255.599161652124	3.2998	252.299361652124	269.356782467412	269.736035923739	3344.88487413966
13	611070	611650	580	611360	130.156145010858	137.843454387029	267.999599397887	1.36706	266.632539397887	153.659385159209	149.842081188827	303.501466348036	2.78126	300.720206348036	306.796209305965	321.503296129347	3809.80939314221
13	615986	616414	428	616200	205.984110306817	202.614618533318	408.598728840135	1.008796	407.589932840135	220.060493699641	206.016111178412	426.076604878053	2.422996	423.653608878053	468.986443398878	452.932755419003	5823.89515619958
13	618283	618425	142	618354	15.3945192943641	14.3562910165558	29.7508103109199	0.334694	29.4161163109199	18.0261909721529	16.2947438134192	34.3209347855721	1.748894	32.5720407855721	33.8471553287285	34.8231287860359	420.315526695218
13	619528	619704	176	619616	32.9630978027094	36.9960076454616	69.959105448171	0.414832	69.544273448171	37.3099161952632	40.7706104528084	78.0805266480716	1.829032	76.2514946480716	80.0199387554773	81.5213156503753	993.691268216574
13	624326	624498	172	624412	43.8625946679456	44.5406131348634	88.403207802809	0.405404	87.997803802809	50.0104621149521	52.5555314339871	102.565993548939	1.819604	100.746389548939	101.253180481713	107.709078503453	1257.36663747382
13	625649	625785	136	625717	17.6181798593174	18.9485160931533	36.5666959524707	0.320552	36.2461439524707	48.5836232527127	42.6001602835253	91.183783536238	1.734752	89.449031536238	41.7060107955619	95.6309481950654	517.907154194857
13	626073	626176	103	626124.5	19.286825307546	7.63080783726069	26.9176331448067	0.242771	26.6748621448067	52.7390364320393	19.6902362950897	72.429272727129	1.656971	70.772301727129	30.6929777148225	75.6634499432308	381.146804473121
13	628865	628962	97	628913.5	10.8007941769106	8.14772191624269	18.9485160931533	0.228629	18.7198870931533	20.9408703581094	10.5358869617387	31.4767573198482	1.642829	29.8339283198482	21.5397205899341	31.8957824876489	267.481237838078
13	632013	632190	177	632101.5	26.8838322241846	21.9209970534282	48.8048292776128	0.417189	48.3876402776128	31.9512702439669	24.5975699541736	56.5488401981405	1.831389	54.7174511981405	55.6764176193788	58.4990318064596	691.392306647687
13	637122	637312	190	637217	27.216241277877	25.8873050821734	53.1035463600504	0.44783	52.6557163600504	31.1651488326925	29.2032953984752	60.3684442311677	1.86203	58.5064142311677	60.5874069760353	62.5498540602215	752.377197637498
13	645408	645622	214	645515	115.094334778358	92.1422096405064	207.236544418864	0.504398	206.732146418864	125.307812958778	105.497773400654	230.805586359432	1.918598	228.886988359432	237.872838049773	244.705608885857	2953.91580888676
13	646906	647026	120	646966	16.2997439496059	14.2159871951567	30.5157311447627	0.28284	30.2328911447627	19.2222235480138	16.5437505955174	35.7659741435311	1.69704	34.0689341435311	34.7869634385914	36.4234740185108	431.986106891782
13	652994	653244	250	653119	27.5522504296239	91.3549881992709	118.907238628895	0.58925	118.317988628895	77.1728019247364	140.526427462093	217.69922938683	2.00345	215.69577938683	136.140586914197	230.602741585632	1690.60005006886
13	653530	653870	340	653700	149.728378091942	67.9464506302968	217.674828722238	0.80138	216.873448722238	202.57371741931	116.598675751491	319.172393170802	2.21558	316.956813170802	249.541755546216	338.862031928543	3098.82096135367
13	654557	654935	378	654746	54.3227795678176	30.7367371642152	85.0595167320328	0.890946	84.1685707320328	64.7980648789734	36.8931048427391	101.691169721713	2.305146	99.3860237217125	96.8471383935418	106.254696362969	1202.65220481486
13	659330	659449	119	659389.5	9.01354549833326	11.9991268154173	21.0126723137506	0.280483	20.7321893137506	16.8496589274202	18.9118150935428	35.7614740209631	1.694683	34.0667910209631	23.8551420109331	36.4211827824878	296.234247201396
13	661787	662277	490	662032	200.890771581588	67.4750377906138	268.365809372202	1.15493	267.210879372202	214.800550436671	76.1790748589898	290.97962529566	2.56913	288.41049529566	307.461666388625	308.342847997842	3818.07306970453
13	664420	664626	206	664523	43.0296719819636	54.2013762612043	97.2310482431679	0.485542	96.7455062431679	47.0255808169341	55.5743136553509	102.599894472285	1.899742	100.700152472285	111.318575931568	107.659645933795	1382.35917964797
13	667062	667529	467	667295.5	315.659697496915	445.739840437735	761.39953793465	1.100719	760.298818934649	337.955104748004	455.546207529833	793.501312277836	2.514919	790.986393277836	874.824941155705	845.652294937477	10863.6162282116
13	668227	668460	233	668343.5	141.718759937176	99.7459167396352	241.464676676811	0.549181	240.915495676811	159.934756078976	104.484545803779	264.419301882756	1.963381	262.455920882756	277.205329115577	280.594525646248	3442.34848625644
13	674859	675789	930	675324	632.493526973192	597.965686552214	1230.45921352541	2.19201	1228.26720352541	646.162499269523	613.354605694049	1259.51710496357	3.60621	1255.91089496357	1413.28482602832	1342.70821797799	17550.2357658478
13	683865	684442	577	684153.5	374.136690211374	421.253973525972	795.390663737346	1.359989	794.030674737346	391.501063157854	431.619855857363	823.120919015217	2.774189	820.346730015217	913.637928934663	877.041755430234	11345.5976899471
13	687281	687499	218	687390	56.8253477292656	73.8678119080453	130.693159637311	0.513826	130.179333637311	62.0754907253103	79.2367581398862	141.312248865196	1.928026	139.384222865196	149.788642376858	149.017213122436	1860.0822285397
13	688862	689060	198	688961	99.3253052836092	44.1670029589925	143.492308242602	0.466686	143.025622242602	107.0051144555	48.0936099064152	155.098724361915	1.880886	153.217838361915	164.57000648438	163.806884337391	2043.63788572233
13	693138	693369	231	693253.5	71.4551461952344	53.6097601475929	125.064906342827	0.544467	124.520439342827	78.2418310414548	63.0474171972828	141.289248238738	1.958667	139.330581238738	143.277331633123	148.959864266748	1779.22447319368
13	695133	695350	217	695241.5	99.8961208306839	117.898311149141	217.794431979825	0.511469	217.282962979825	115.428243872906	123.99617723428	239.424421107186	1.925669	237.498752107186	250.012956181247	253.912540684733	3104.67235244307
13	696502	696722	220	696612	162.491425713964	61.8282839922393	224.319709706204	0.51854	223.801169706204	172.861108148857	64.4579556155535	237.31906376441	1.93274	235.38632376441	257.513020200596	251.654120197174	3197.80849129799
13	701187	701720	533	701453.5	520.541977793629	533.425128686856	1053.96710648048	1.256281	1052.71082548048	539.26548775838	544.864240249362	1084.12972800774	2.670481	1081.45924700774	1211.28385710947	1156.2000331303	15041.7784724809
13	706937	707135	198	707036	60.0031342813667	45.1583299593695	105.161464240736	0.466686	104.694778240736	66.5198117735049	53.3833539810587	119.903165754564	1.880886	118.022279754564	120.465270933999	126.178923653295	1495.94325754548
13	712038	712294	256	712166	62.1413925202511	33.9994260287667	96.1408185490178	0.603392	95.5374265490178	80.2428855433758	39.7690831746105	120.011968717986	2.017592	117.994376717986	109.928519520817	126.14909220851	1365.09739540802
13	715430	715741	311	715585.5	315.592995680184	536.269006144409	851.862001824593	0.733027	851.128974824593	344.159573736644	559.627342346069	903.786916082712	2.147227	901.639689082712	979.337119529105	963.952956409058	12161.4532509228
13	716240	716476	236	716358	64.1687477385142	58.00647989929	122.175227637804	0.556252	121.618975637804	86.3002505254028	72.3909716839389	158.691222209342	1.970452	156.720770209342	139.938811630463	167.551907489446	1737.76657873631
13	720708	720814	106	720761	10.2946803920919	11.5249138994698	21.8195942915617	0.249842	21.5697522915617	16.0824380309316	20.1417485927496	36.2241866236811	1.664042	34.5601446236811	24.8188696460813	36.9486325716369	308.201861159613
13	721446	721550	104	721498	16.0901382406591	20.5726603293202	36.6627985699793	0.245128	36.4176705699793	18.8915145406248	25.9886078413161	44.880122381941	1.659328	43.2207943819409	41.9033749888652	46.2078289446263	520.358031796044
13	724439	724542	103	724490.5	12.518440959769	10.0198729072704	22.5383138670393	0.242771	22.2955428670393	16.2261419449376	14.5324958157754	30.758637760713	1.656971	29.101666760713	25.6539882621713	31.112913561913	318.572402422704
13	731302	731446	144	731374	29.4406018618965	36.3864910443017	65.8270929061982	0.339408	65.4876849061982	33.1704034490103	41.2476234450204	74.4180268940308	1.753608	72.6644188940308	75.352293950377	77.6863333178111	935.72824102484
13	732135	732241	106	732188	21.4320837370918	7.26169778395781	28.6937815210496	0.249842	28.4439395210496	33.42561039998	25.2942889304297	58.7198993304097	1.664042	57.0558573304097	32.7285365938171	60.999047646245	406.424467958701
13	733278	733412	134	733345	31.2134501482561	21.3369811468206	52.5504312950766	0.315838	52.2345932950766	35.8986777579264	28.1396664288385	64.0383441867648	1.730038	62.3083061867648	60.1028488636721	66.6144987679917	746.359932782169
13	738997	739133	136	739065	16.4320475531063	11.7755207251477	28.207568278254	0.320552	27.887016278254	19.4641301367267	13.9979812574162	33.462111394143	1.734752	31.727359394143	32.087722310047	33.9200705751444	398.466806802814
13	742839	742949	110	742894	26.9687345366349	27.636852733903	54.6055872705379	0.25927	54.3463172705379	37.9697341664613	36.2246866372998	74.1944208037611	1.67347	72.5209508037612	62.5326682406883	77.5329499969122	776.533541208221
13	746054	746193	139	746123.5	25.769701879062	14.4149926153878	40.1846944944498	0.327623	39.8570714944498	29.1528940257132	15.4949220289932	44.6478160547064	1.741823	42.9059930547064	45.8608633295375	45.8712713665344	569.502303453285
13	751324	751911	587	751617.5	574.988960744324	761.564742434258	1336.55370317858	1.383559	1335.17014417858	583.721398586241	770.473685083566	1354.19508366981	2.797759	1351.39732466981	1536.29088159123	1444.79381528118	19077.7306034048
13	756456	756539	83	756497.5	10.7243920959777	24.3406629569005	35.0650550528782	0.195631	34.8694240528782	18.8978147122201	31.6516620836593	50.5494767958793	1.609831	48.9396457958793	40.1219113925975	52.3219161953089	498.235735181117
13	758914	759664	750	759289	393.143107881569	367.021896428582	760.165004310151	1.76775	758.397254310151	415.157607481689	382.595820609325	797.753428091014	3.18195	794.571478091014	872.636938071521	849.48514873316	10836.4455055967
13	760254	760421	167	760337.5	59.875130794987	13.2534609792152	73.1285917742022	0.393619	72.7349727742022	66.7250173626074	15.7106279040879	82.4356452666953	1.807819	80.6278262666953	83.6912628199446	86.2001001505237	1039.28193877185
13	772659	772776	117	772717.5	16.5129497566072	26.0409092658291	42.5538590224363	0.275769	42.2780900224364	36.0919830229046	57.0402535825703	93.1322366054749	1.689969	91.4422676054749	48.6465672377068	97.7619389056859	604.095302303775
13	773836	774641	805	774238.5	331.830237927456	216.258390143267	548.088628070723	1.897385	546.191243070723	338.046807245668	225.027328979347	563.074136225015	3.311585	559.762551225015	628.465690304035	598.448329941397	7804.31575606616
13	775812	775883	71	775847.5	7.71591015515848	10.6077889201036	18.3236990752621	0.167347	18.1563520752621	11.1375033477236	17.500576656206	28.6380800039296	1.581547	27.0565330039296	20.8912985792875	28.9264384599696	259.429103581042
13	777359	777920	561	777639.5	99.9184214380766	54.0791729328011	153.997594370878	1.322277	152.675317370878	106.416598426324	60.5042479299987	166.920846356323	2.736477	164.184369356323	175.673264522573	175.531323824262	2181.51865310235
13	779172	779474	302	779323	98.5635845369259	89.2837317852885	187.847316322214	0.711814	187.135502322214	101.255257848955	91.9779051654112	193.233163014366	2.126014	191.107149014366	215.324291883776	204.314765103919	2673.90692879253
13	782400	782607	207	782503.5	34.5797418345962	37.8021296014828	72.3818714360791	0.487899	71.8939724360791	36.1848855532536	41.4670294208932	77.6519149741468	1.902099	75.7498159741468	82.7235800444519	80.9849654355915	1027.2652096995
13	784372	784474	102	784423	8.51443190417594	11.3306086072543	19.8450405114303	0.240414	19.6046265114303	11.5512146158119	15.6887273075901	27.239941923402	1.654614	25.585327923402	22.5577309961805	27.3535568488003	280.122937736547
13	788855	789142	287	788998.5	28.772983678247	32.8552948665239	61.628278544771	0.676459	60.951819544771	30.0338180190876	36.5023942011096	66.5362122201973	2.090659	64.4455532201973	70.133177401622	68.8994531920252	870.917012436546
13	789867	790101	234	789984	54.9501966565259	68.4700648917689	123.420261548295	0.551538	122.868723548295	56.732245193469	70.8692302368758	127.601475430345	1.965738	125.635737430345	141.376812867643	134.318555397469	1755.62374402903
13	793519	793694	175	793606.5	58.1576840175761	113.091680232857	171.249364250433	0.412475	170.836889250433	76.3085783862255	124.541292081355	200.849870467581	1.826675	199.023195467581	196.570569181142	212.77789785422	2441.02234045127
13	794653	794881	228	794767	94.7905817731588	80.113782027035	174.904363800194	0.537396	174.366967800194	103.202910896402	96.4983282863675	199.70123918277	1.951596	197.74964318277	200.63239419344	211.416329031386	2491.46226968038
13	795542	795771	229	795656.5	91.070180442076	119.829263741724	210.8994441838	0.539753	210.3596911838	116.158963775232	141.272847792045	257.431811567277	1.953953	255.477858567277	242.046810909512	273.134202104085	3005.74839522714
13	797529	798903	1374	798216	3173.27812930707	3343.42686358009	6516.70499288716	3.238518	6513.46647488716	3195.3988317998	3354.407562657	6549.8063944568	4.652718	6545.1536764568	7494.60972936563	6997.4961317318	93068.4072318393
13	801536	801674	138	801605	15.2623156935875	6.26017050575995	21.5224861993475	0.325266	21.1972201993475	19.2178234281694	8.21202366760377	27.4298470957732	1.739466	25.6903810957732	24.3902219124091	27.4658703564171	302.878893950247
13	808128	808360	232	808244	42.4049549667961	46.0689547616929	88.4739097284891	0.546824	87.9270857284891	57.4182638782855	65.683088984021	123.101352862306	1.961024	121.140328862307	101.171809928893	129.512464414678	1256.35617421822
13	808933	809085	152	809009	24.8130758238208	19.2009229678584	44.0139987916792	0.358264	43.6557347916792	41.0061168672024	28.6995816790262	69.7056985462285	1.772464	67.9332345462285	50.2317308262483	72.6281718431094	623.779936422803
13	809308	809406	98	809357	12.3153354278648	10.0513737652466	22.3667091931115	0.230986	22.1357231931114	23.4529387783122	21.6958909223025	45.1488297006147	1.645186	43.5036437006147	25.4700944649464	46.5102262772362	316.28880081761
13	810843	811154	311	810998.5	188.233826849447	150.156389749524	338.390216598971	0.733027	337.657189598971	194.665702031859	157.716695666552	352.382397698411	2.147227	350.235170698411	388.519518464635	374.440291749616	4824.65319312169
13	814195	814375	180	814285	40.2705968341375	48.7409275371466	89.0115243712841	0.42426	88.5872643712841	43.8639947060779	55.6511157471788	99.5151104532567	1.83846	97.6766504532567	101.931433287436	104.42718650988	1265.78921191179
13	815368	815500	132	815434	27.3913460471356	19.446729662797	46.8380757099326	0.311124	46.5269517099326	33.3396080575686	27.0611370533653	60.4007451109339	1.725324	58.6754211109339	53.5354478767047	62.7305411832227	664.805646224062
13	818597	819133	536	818865	138.980885366781	146.652594318049	285.633479684831	1.263352	284.370127684831	151.374622930054	161.439597065728	312.814219995782	2.677552	310.136667995782	327.205664434559	331.570539346526	4063.254942661
13	819971	820475	504	820223	155.389632285258	70.1218098796865	225.511442164944	1.187928	224.323514164944	174.862162650778	74.6921343597862	249.554297010564	2.602128	246.952169010564	258.114046992957	264.019293174133	3205.27206956139
13	822610	822788	178	822699	19.5249317927571	11.2723070193173	30.7972388120744	0.419546	30.3776928120744	28.7228823136562	15.5569237177084	44.2798060313646	1.833746	42.4460600313646	34.9535770212124	45.3795518881566	434.055121999662
13	826635	826834	199	826734.5	63.4576283700404	51.9359145577301	115.39354292777	0.469043	114.92449992777	70.3435159182052	58.7591003981135	129.102616316319	1.883243	127.219373316319	132.235926694636	136.011638025312	1642.11180044164
13	831419	831730	311	831574.5	136.136207887439	166.205626876176	302.341834763615	0.733027	301.608807763615	141.565755769863	174.553554245334	316.119310015197	2.147227	313.972083015197	347.041059295037	335.671023932316	4309.57178545083
13	832025	832255	230	832140	102.481191239213	58.7130991451958	161.194290384408	0.54211	160.652180384408	110.19360129904	62.2684959821172	172.462097281158	1.95631	170.505787281158	184.85170665957	182.289621591234	2295.49696837244
13	833019	833155	136	833087	20.6967637094743	4.37471915247564	25.0714828619499	0.320552	24.7509308619499	24.6299708366635	5.75395671821751	30.383927554881	1.734752	28.649175554881	28.4792388145422	30.629150212881	353.656493314025
13	837046	837154	108	837100	11.6367169446047	8.23722435398478	19.8739412985894	0.254556	19.6193852985894	16.3368449601113	14.505195072196	30.8420400323073	1.668756	29.1732840323073	22.5747129443126	31.1894803784797	280.333820347039
13	837827	838071	244	837949	40.0518908773308	34.1358297439402	74.187720621271	0.575108	73.612612621271	48.2590144114716	38.2951430294924	86.5541574409639	1.989308	84.5648494409639	84.7011042249907	90.4092151376292	1051.82219563888
13	841684	841981	297	841832.5	152.986366828478	129.770334502692	282.756701331169	0.700029	282.05667233117	161.180190000362	137.517145499484	298.697335499846	2.114229	296.583106499846	324.54372626863	317.080276958929	4030.19887247205
13	845394	845553	159	845473.5	18.0612919281836	24.2914616168233	42.3527535450069	0.374763	41.9779905450069	23.3160350495201	30.5105310031285	53.8265660526486	1.788963	52.0376030526486	48.3012628637621	55.6339765367627	599.80729675663
13	848525	848641	116	848583	16.013436151555	13.8040759760956	29.8175121276506	0.273412	29.5441001276506	20.8189670378775	17.3303720204104	38.1493390582879	1.687612	36.4617270582879	33.9944177368132	38.9816353685297	422.144238030496
13	851740	852644	904	852192	374.266393744057	253.727810682887	627.994204426944	2.130728	625.863476426944	395.761379194378	262.51424999562	658.275629189997	3.544928	654.730701189997	720.139194355065	699.97982864525	8942.72153241513
13	854572	854781	209	854676.5	34.9709524898443	40.3230982640979	75.2940507539422	0.492613	74.8014377539422	41.1385204734264	43.0598728045313	84.1983932779578	1.906813	82.2915802779578	86.0690057011377	87.9788379515687	1068.80885888517
13	856843	856938	95	856890.5	5.54195094390104	6.33827263299635	11.8802235768974	0.223915	11.6563085768974	8.33492701507308	9.49785868937791	17.832785704451	1.638115	16.194670704451	13.4121337702005	17.3139014316334	166.552492077341
13	858958	859228	270	859093	70.2520134259884	104.50034623413	174.752359660118	0.63639	174.115969660118	71.4483460100204	119.295849213326	190.744195223346	2.05059	188.693605223346	200.34358744055	201.734418762751	2487.8758541818
13	860992	861831	839	861411.5	288.938369698798	238.043883506036	526.982253204834	1.977523	525.004730204834	298.937342036808	245.805794914112	544.74313695092	3.391723	541.35141395092	604.08778860327	578.764779604042	7501.58985506897
13	863615	863737	122	863676	22.5046129491409	10.9457981263252	33.4504110754661	0.287554	33.1628570754661	26.9499340245729	12.5957430652155	39.5456770897883	1.701754	37.8439230897883	38.1582790438259	40.459356421667	473.851258645532
13	867234	867558	324	867396	73.5986045757529	64.8816671560152	138.480271731768	0.763668	137.716603731768	79.2513585375514	71.5010474454283	150.75240598298	2.177868	148.57453798298	158.461274377125	158.842680585088	1967.77937034152
13	872676	872888	212	872782	66.5844135330372	45.5394403395204	112.123853872558	0.499684	111.624169872558	74.3023237426703	56.5513402662339	130.853664008904	1.913884	128.939780008904	128.438457890999	137.850943834078	1594.95465873188
13	874531	874850	319	874690.5	389.425006613132	225.225634380512	614.650640993644	0.751883	613.898757993644	402.355358791962	230.000064419753	632.355423211715	2.166083	630.189340211715	706.372194014301	673.742388395272	8771.76229099461
13	880541	880941	400	880741	60.5127481615161	48.5693228632188	109.082071024735	0.9428	108.139271024735	64.6655612700256	52.6276333977994	117.293194667825	2.357	114.936194667825	124.428618136478	122.879555980031	1545.16028481725
13	886626	886798	172	886712	51.0850913841996	12.8982513045114	63.983342688711	0.405404	63.577938688711	75.8541660095774	17.5898790885007	93.444045098078	1.819604	91.6244410980781	73.1548768549821	97.956702599987	908.440614787132
13	892450	892554	104	892502	5.55095118903712	4.68522760967028	10.2361787987074	0.245128	9.9910507987074	8.64993559483576	9.26485234307726	17.914787937913	1.659328	16.255459937913	11.4960331509	17.3788918729628	142.75826673756
13	904539	904668	129	904603.5	22.4156105250175	8.99324494541522	31.4088554704327	0.304053	31.1048024704327	29.6368072058629	17.3976738534836	47.0344810593465	1.718253	45.3162280593465	35.7902134176471	48.4480802476153	444.444511128661
13	915114	915763	649	915438.5	135.950802837636	60.3219429646313	196.272745802267	1.529693	194.743052802267	145.314457871762	72.4302727543664	217.744730626129	2.943893	214.800837626129	224.077790817756	229.645949458481	2782.60827988478
14	4941	5045	104	4993	8.60643441001139	3.08848411980656	11.6949185298179	0.245128	11.4497905298179	12.29833496483	4.9219340567491	17.2202690215791	1.659328	15.5609410215791	13.1745072819245	16.6363740237727	251.664557231697
14	23324	23423	99	23373.5	24.7339736693471	19.0688193698055	43.8027930391526	0.233343	43.5694500391526	44.043399592457	39.9417878784994	83.9851874709565	1.647543	82.3376444709565	50.1324487391638	88.0280856893994	957.649515454169
14	23694	23856	162	23775	58.632896960761	33.3254076707983	91.9583046315593	0.381834	91.5764706315593	73.0753903251756	40.9066141570869	113.982004482262	1.796034	112.185970482262	105.370912773162	119.939260908107	2012.83611908133
14	31682	31883	201	31782.5	31.7630651178992	49.1836395951178	80.946704713017	0.473757	80.472947713017	38.9454607419358	64.2771506910421	103.222611432978	1.887957	101.334654432978	92.5948324453695	108.337998992409	1768.78246834162
14	34162	34675	513	34418.5	180.81762485732	182.597273328893	363.414898186213	1.209141	362.205757186213	184.863035040539	200.745867634897	385.608902675436	2.623341	382.985561675436	416.765911409265	409.454096696439	7961.22437975198
14	37476	37553	77	37514.5	10.702091488585	5.53315070421243	16.2352421927974	0.181489	16.0537531927974	28.8287851980907	16.6006521453221	45.4294373434128	1.595689	43.8337483434128	18.471978835764	46.8631447991275	352.858917257112
14	39704	39852	148	39778	7.22409675983376	25.0366819140904	32.2607786739242	0.348836	31.9119426739242	11.7746207006341	38.1507390964202	49.9253597970543	1.763036	48.1623237970543	36.7189356035019	51.4908726554981	701.419375535434
14	40407	40630	223	40518.5	76.7868914138461	71.4439458901761	148.230837304022	0.525611	147.705226304022	89.2615311806195	80.4919923281977	169.753523508817	1.939811	167.813712508817	169.95451353044	179.411494699647	3246.53715557541
14	43145	43280	135	43212.5	12.0937293920699	24.8222760744044	36.9160054664742	0.318195	36.5978104664742	16.7112551577721	37.6260248049869	54.3372799627591	1.732395	52.6048849627591	42.110649905551	56.2404638963916	804.41399715644
14	44273	44449	176	44361	27.3850458755403	37.7048269512895	65.0898728268298	0.414832	64.6750408268298	33.270606178192	46.2006583488509	79.4712645270428	1.829032	77.6422325270429	74.4172388230915	83.0081688870472	1421.54701181986
14	48057	48236	179	48146.5	42.029944752793	53.9078682670445	95.9378130198374	0.421903	95.5159100198374	45.690844463254	58.0221803269163	103.71302479017	1.836103	101.87692179017	109.903761891441	108.917743017056	2099.42436423832
14	51799	51889	90	51844	7.65350845554835	18.6396076795384	26.2931161350867	0.21213	26.0809861350867	16.3773460632237	38.1840400034237	54.5613860666474	1.62633	52.9350560666474	30.0096443565187	56.5934534725689	573.255887150016
14	52430	52654	224	52542	51.2767966055981	73.7413084625215	125.01810506812	0.527968	124.49013706812	61.7722824669482	87.6810881347245	149.453370601673	1.942168	147.511202601673	143.242464834664	157.705856977081	2736.27322206215
14	55965	56125	160	56045	14.5937974854245	28.7445829047065	43.338380390131	0.37712	42.961260390131	16.3559454803446	34.0489273770152	50.4048728573597	1.79132	48.6135528573597	49.4326456345604	51.9732866307986	944.281604632105
14	57733	58102	369	57917.5	71.5195479493192	69.6534971244393	141.173045073758	0.869733	140.303312073758	76.8018918224063	79.614168419259	156.416060241665	2.283933	154.132127241665	161.437626459638	164.78436068334	3083.84426939769
14	59931	60240	309	60085.5	60.1983395980959	75.3653526959647	135.563692294061	0.728313	134.835379294061	83.4084717631814	97.7677628614493	181.176234624631	2.142513	179.033721624631	155.146042344139	191.406930447521	2963.65998494361
14	63096	63185	89	63140.5	12.8130489838899	16.9974629530993	29.8105119369892	0.209773	29.6007389369892	19.6004338491764	26.3700182296383	45.9704520788148	1.623973	44.3464790788148	34.0595882221708	47.4113108949826	650.619488531979
14	64642	64832	190	64737	9.54125987147855	25.8789048533797	35.4201647248583	0.44783	34.9723347248583	12.3989377049066	31.7464646657593	44.1454023706659	1.86203	42.2833723706659	40.2403238119215	45.2056207120996	768.686301375516
14	66251	66376	125	66313.5	9.23905164035384	7.63540796255246	16.8744596029063	0.294625	16.5798346029063	14.310689774533	12.2576338562702	26.5683236308032	1.708825	24.8594986308032	19.0773054878381	26.577564730307	364.422102172862
14	68499	68677	178	68588	23.6289435720843	37.1826127279496	60.8115563000339	0.419546	60.3920103000339	30.8387399424241	39.2958702859003	70.1346102283244	1.833746	68.3008642283244	69.4890423886651	73.0212087992361	1327.4066886123
14	76577	76838	261	76707.5	103.981032089778	147.453516132436	251.434548222214	0.615177	250.819371222214	124.666195483299	170.231336522819	294.897532006118	2.029377	292.868155006118	288.601055539776	313.108581259799	5512.9695027508
14	80302	80696	394	80499	262.818958294838	323.458109899154	586.277068193991	0.928658	585.348410193991	282.708700023777	349.401416506618	632.110116530395	2.342858	629.767258530395	673.521220539419	673.291136204978	12865.8640604922
14	82567	82758	191	82662.5	37.323916576586	33.0655005918132	70.3894171683991	0.450187	69.9392301683991	44.7395185523707	36.5915966306805	81.3311151830512	1.864387	79.4667281830512	80.4743890070466	84.9587573569869	1537.25304822112
14	86063	86210	147	86136.5	25.2395874405471	24.2361601105983	49.4757475511454	0.346479	49.1292685511454	30.59573332375	34.5879420579424	65.1836753816924	1.760679	63.4229963816924	56.5297596141246	67.8062263748075	1079.85343354904
14	87435	87691	256	87563	115.66855041804	161.870308796851	277.538859214891	0.603392	276.935467214891	122.797444584878	175.834689139093	298.632133723971	2.017592	296.614541723971	318.651098458458	317.11388470446	6086.99709893268
14	88910	89059	149	88984.5	15.6247255644002	26.1296116817813	41.7543372461815	0.351193	41.4031442461815	20.9763713250351	33.5388134832471	54.5151848082822	1.765393	52.7497918082822	47.6398257195507	56.3953854064329	910.034461991248
14	89939	90084	145	90011.5	51.2653962950924	28.9711890766882	80.2365853717806	0.341765	79.8948203717806	64.5094570182766	44.6042148671583	109.113671885435	1.755965	107.357706885435	91.9296200253551	114.777310935365	1756.07532221726
14	91541	91772	231	91656.5	49.1844396169077	53.6952624763856	102.879702093293	0.544467	102.335235093293	60.6660523370007	55.5287124133281	116.194764750329	1.958667	114.236097750329	117.750302629815	122.131074628151	2249.31203430189
14	101510	101638	128	101574	0.852023206215252	21.9924990008981	22.8445222071134	0.301696	22.5428262071134	2.50886833304322	24.1593580187704	26.6682263518137	1.715896	24.9523303518137	25.9385206434424	26.676812149204	495.487700092841
14	104068	104222	154	104145	29.3755000887455	19.5304319425625	48.905932031308	0.362978	48.542954031308	31.9581704319046	25.6647990218649	57.6229694537694	1.777178	55.8457914537694	55.8551267559095	59.7053528440299	1066.96633455372
14	107204	107603	399	107403.5	54.5771864969974	54.7365908386297	109.313777335627	0.940443	108.373334335627	59.5795227436287	64.6262601995981	124.205782943227	2.354643	121.851139943227	124.697939115386	130.272400397086	2382.02848604706
14	108203	108375	172	108289	57.0384535335431	33.0457000525138	90.0841535860569	0.405404	89.6787495860569	60.6225511521763	35.2078589423706	95.8304100945469	1.819604	94.0108060945469	103.187332237962	100.507991791524	1971.12451523828
14	110513	110825	312	110669	245.499586574038	243.923243639816	489.422830213854	0.735384	488.687446213854	248.793476288395	251.475249330774	500.268725619169	2.149584	498.119141619169	562.29992172895	532.544679456421	10741.2715940799
14	112848	113107	259	112977.5	83.6015770227121	42.8639674687361	126.465544491448	0.610463	125.855081491448	90.044252499287	44.6796169208539	134.723869420141	2.024663	132.699206420141	144.813014985581	141.870188159049	2766.27448130338
14	116615	117201	586	116908	468.181051660028	443.477378815973	911.658430476001	1.381202	910.277228476001	486.759857683536	446.833470224492	933.593327908028	2.795402	930.797925908028	1047.39505442444	995.126349652244	20007.7473090813
14	118983	119381	398	119182	87.7275894012609	10.7191919543435	98.4467813556044	0.938086	97.5086953556044	96.2103204420131	17.806084977214	114.016405419227	2.352286	111.664119419227	112.196726539921	119.381344169183	2143.22546591591
14	122237	122846	609	122541.5	367.747116181102	444.900017563815	812.647133744917	1.435413	811.211720744917	386.83073595402	451.015684133779	837.8464200878	2.849613	834.9968070878	933.407008128588	892.704314739378	17830.3033571461
14	129203	129377	174	129290	42.0147443387854	61.8502845914609	103.865028930246	0.410118	103.454910930246	42.978370584688	67.5191389917806	110.497509576469	1.824318	108.673191576469	119.038638641632	116.183710157124	2273.92232939995
14	135645	135888	243	135766.5	38.035335953231	50.3656717896559	88.4010077428869	0.572751	87.8282567428869	40.4703022734346	55.6570159078791	96.1273181813137	1.986951	94.1403671813137	101.058094032773	100.646506981279	1930.45097969857
14	137935	138431	496	138183	107.773135373778	38.2782425691813	146.051377942959	1.169072	144.882305942959	111.935048730147	40.2771970139039	152.212245744051	2.583272	149.628973744051	166.706368094394	159.969989510744	3184.48981934536
14	140580	140735	155	140657.5	45.2220316943881	21.0957745771737	66.3178062715618	0.365335	65.9524712715618	49.6785530748783	22.875523051471	72.5540761263493	1.779535	70.7745411263493	75.8870924987938	75.6658441096867	1449.62472786458
14	145315	145514	199	145414.5	12.173831573781	43.9132960488789	56.0871276226598	0.469043	55.6180846226598	13.888578277651	51.7663099382769	65.6548882159279	1.883243	63.7716452159279	63.9960057749262	68.1789706967126	1222.47656882325
14	145793	145925	132	145859	6.24857018980679	29.140193679799	35.3887638696058	0.311124	35.0776398696058	8.1849229294718	36.1131836003362	44.298106529808	1.725324	42.572782529808	40.3614913907245	45.5150323117638	771.000891547107
14	146616	146765	149	146690.5	33.6223157575651	24.8635771993066	58.4858929568717	0.351193	58.1346999568717	37.8639312847506	30.8746409202447	68.7385722049952	1.765393	66.9731792049952	66.8917065268337	71.6017660673836	1277.79136974974
14	147965	148215	250	148090	87.1753743608007	84.087690262784	171.263064623585	0.58925	170.673814623585	94.1364639572136	88.2533037199315	182.389767677145	2.00345	180.386317677145	196.382930127544	192.853005835989	3751.38303853076
14	160467	160572	105	160519.5	10.8921966664036	9.09404769093928	19.9862443573429	0.247485	19.7387593573429	13.9710805247317	12.7842481994544	26.7553287241861	1.661685	25.0936437241861	22.7120686804044	26.8278918373854	433.854761013493
14	164331	164579	248	164455	121.863619150648	112.743570751538	234.607189902187	0.584536	234.022653902187	128.12758975991	122.576438565426	250.704028325336	1.998736	248.705292325336	269.274197631865	265.893576685258	5143.78035328276
14	167833	168016	183	167924.5	19.2214235262239	61.5720770140324	80.7935005402562	0.431331	80.3621695402562	20.7708657277613	67.1711295131856	87.941995240947	1.845531	86.096464240947	92.4673674197069	92.0466814475091	1766.34758189316
14	169275	169940	665	169607.5	146.340985830894	121.138599403576	267.479585234469	1.567405	265.912180234469	152.166044485686	133.000822490201	285.166866975887	2.981605	282.185261975887	305.967340252044	301.687382255161	5844.70702122854
14	174620	174917	297	174768.5	63.8744397225645	74.7647363372172	138.639176059782	0.700029	137.939147059782	68.2122578699822	85.2487218853379	153.46097975532	2.114229	151.34675075532	158.717340083115	161.806483898151	3031.88030202941
14	181127	181369	242	181248	57.8481755876188	70.1341102147058	127.982285802325	0.570394	127.411891802325	62.7474090260802	77.1580015216237	139.905410547704	1.984594	137.920816547704	146.604332365912	147.452669255018	2800.49292194298
14	181880	181972	92	181926	14.7148007811429	16.0675376250952	30.782338406238	0.216844	30.565494406238	20.352654337105	21.1413758191965	41.4940301563015	1.631044	39.8629861563015	35.1696677403764	42.6179590605124	671.8246588251
14	182486	182897	411	182691.5	156.225655055675	178.517062197815	334.74271725349	0.968727	333.77399025349	165.3386032614	187.042094390707	352.380697652107	2.382927	349.997770652107	384.051380997755	374.186484736397	7336.2987081596
14	185223	185457	234	185340	55.0309988573031	66.3312066365422	121.362205493845	0.551538	120.810667493845	57.8036743755571	70.2599136411634	128.06358801672	1.965738	126.09785001672	139.008745573718	134.812605070775	2655.39907167086
14	186815	187109	294	186962	86.5489572993298	139.565801297903	226.114758597232	0.692958	225.421800597232	90.6630693537541	161.181390033047	251.844459386801	2.107158	249.737301386801	259.377771649067	266.996908978507	4954.73497876965
14	187522	188027	505	187774.5	457.90147167922	522.723937222785	980.625408902005	1.190285	979.435123902005	467.620836401669	544.878940649751	1012.49977705142	2.604485	1009.89529205142	1126.97041386178	1079.69021797049	21527.8267451317
14	190976	191215	239	191095.5	105.19556516953	73.1562925286766	178.351857698206	0.563323	177.788534698206	112.409761659714	74.4731283948083	186.882890054522	1.977523	184.905367054522	204.569362114037	197.684371469319	3907.76344328525
14	196925	197278	353	197101.5	21.0880743674462	90.6542691140655	111.742343481512	0.832021	110.910322481512	25.0038810207056	109.558984014223	134.562865034929	2.246221	132.316644034929	127.617081497517	141.461186484986	2437.79107810265
14	197706	199723	2017	198714.5	492.774521502529	734.464704321361	1227.23922582389	4.754069	1222.48515682389	520.778284229813	768.509231578531	1289.28751580834	6.168269	1283.11924680834	1406.63181205613	1371.79696763859	26870.0274396459
14	199986	200511	525	200248.5	214.196733990764	110.263703208378	324.460437199142	1.237425	323.223012199142	255.555260456405	126.074033828029	381.629294284434	2.651625	378.977669284434	371.911077046653	405.169214646486	7104.38990480691
14	201994	202133	139	202063.5	21.4311837125782	14.8220037009859	36.253187413564	0.327623	35.925564413564	26.4361200300266	17.7444832993937	44.1806033294203	1.741823	42.4387803294203	41.3371413862252	45.3717690783535	789.638136863118
14	204927	205158	231	205042.5	102.604994611196	60.4260458000386	163.031040411234	0.544467	162.486573411234	115.965358502083	65.4553827820782	181.420741284161	1.958667	179.462074284161	186.962419884139	191.864887009925	3571.42879139502
14	206715	206863	148	206789	14.8085033332818	17.8186853204045	32.6271886536863	0.348836	32.2783526536863	18.3480997398532	20.1106477456682	38.4587474855215	1.763036	36.6957114855215	37.1405390323135	39.2317907056522	709.473008052287
14	209889	210413	524	210151	230.608780999123	271.152585274502	501.761366273625	1.235068	500.526298273625	235.222006647705	273.958461697036	509.180468344741	2.649268	506.531200344741	575.922096061738	541.538104408966	11001.4876612642
14	211575	211716	141	211645.5	30.2248232214199	23.9161513946489	54.1409746160688	0.332337	53.8086376160688	35.2469600073507	26.885532270488	62.1324922778387	1.746537	60.3859552778387	61.9139962654502	64.5592921656735	1182.70521418038
14	217312	217532	220	217422	16.7453560865655	63.8764397770392	80.6217958636046	0.51854	80.1032558636046	24.6959726343281	78.9051491079836	103.601121742312	1.93274	101.668381742312	92.1694527889062	108.694790547131	1760.65670085686
14	220437	220605	168	220521	27.1483394284615	30.7355371315304	57.8838765599919	0.395976	57.4879005599919	29.520904049055	35.0283540532678	64.5492581023228	1.810176	62.7390821023228	66.1474777706878	67.075046060197	1263.57482286973
14	224546	224675	129	224610.5	8.47193074658891	12.8354495940063	21.3073803405952	0.304053	21.0033273405952	9.72846497030894	15.2168144542885	24.9452794245974	1.718253	23.2270264245974	24.1671223829556	24.8322706527708	461.649762220352
14	227183	227326	143	227254.5	12.6588447838918	17.2414695990108	29.9003143829025	0.337051	29.5632633829025	16.8471588593269	20.8882689254253	37.7354277847521	1.751251	35.9841767847521	34.0164676114554	38.4710810932658	649.795781870998
14	228914	229017	103	228965.5	12.6546446694949	5.49104955752034	18.1456942270153	0.242771	17.9029232270153	15.4761215169312	7.15889498395907	22.6350165008903	1.656971	20.9780455008903	20.5996949732667	22.4278602917754	393.503377668473
14	230742	230874	132	230808	8.1027206905623	10.3280813018191	18.4308019923814	0.311124	18.1196779923814	11.5843155173679	15.0604101943682	26.6447257117361	1.725324	24.9194017117361	20.8491001678222	26.6416077761739	398.267612604621
14	233763	234305	542	234034	287.296824988701	262.203241524806	549.500066513508	1.277494	548.222572513508	293.113283409253	270.397264702138	563.510548111391	2.691694	560.818854111391	630.803005075537	599.577635031351	12049.8441099627
14	237815	238025	210	237920	29.5816057023617	46.5418676422319	76.1234733445936	0.49497	75.6285033445936	37.7222274252192	56.2993334024237	94.021560827643	1.90917	92.112390827643	87.0206546957887	98.4783750486251	1662.30235904724
14	239968	240233	265	240100.5	115.261139321546	55.5318124977639	170.79295181931	0.624605	170.16834681931	119.934566609816	57.6960714448191	177.630638054635	2.038805	175.591833054635	195.801322171411	187.72716933801	3740.27293736111
14	241423	241656	233	241539.5	118.108816882601	91.541193270864	209.650010153465	0.549181	209.100829153465	126.377042080943	93.3656429626705	219.742685043614	1.963381	217.779304043614	240.598322664911	232.830260823058	4596.00264726627
14	247220	247373	153	247296.5	11.9878265076354	12.0457280846775	24.0335545923128	0.360621	23.6729335923128	14.4407933181112	14.209887029009	28.6506803471201	1.774821	26.8758593471201	27.2388595393281	28.7332782566916	520.327278946256
14	254135	254313	178	254224	35.1123563412045	37.7878292119888	72.9001855531933	0.419546	72.4806395531933	39.5736778524339	40.529203877714	80.102881730148	1.833746	78.269135730148	83.3986186127436	83.6783980299438	1593.11281839797
14	258182	258408	226	258295	19.6592354507321	74.449927762902	94.1091632136341	0.532682	93.5764812136341	21.1951772845655	76.6231869550933	97.8183642396587	1.946882	95.8714822396587	107.672191028764	102.497261222226	2056.79603051253
14	259308	259494	186	259401	43.053972643831	52.9583424051884	96.0123150490194	0.438402	95.5739130490194	45.2318319613141	55.2904059226696	100.522237883984	1.852602	98.6696358839836	109.970502093224	105.488798208223	2100.69926150558
14	263324	263701	377	263512.5	76.1269734399243	99.6974154186241	175.824388858548	0.888589	174.935799858548	78.1282279472928	103.816327603788	181.94455555108	2.302789	179.64176655108	201.286911153856	192.056997998426	3845.06078960332
14	264590	264704	114	264647	17.973489536745	9.21255091856428	27.1860404553093	0.268698	26.9173424553093	20.4712575674537	10.9294976823565	31.4007552498102	1.682898	29.7178572498102	30.9719835715777	31.7716896238682	591.638864765946
14	266676	266853	177	266764.5	26.1118111969567	27.3168440179536	53.4286552149103	0.417189	53.0114662149103	27.9386609541327	30.8479401930076	58.7866011471404	1.831389	56.9552121471404	60.9967445129264	60.8914467684936	1165.18351479314
14	269968	270175	207	270071.5	31.2587513821077	38.9523609298734	70.2111123119811	0.487899	69.7232133119811	32.8012933957075	43.161175563674	75.9624689593815	1.902099	74.0603699593815	80.2258328749072	79.1787600296568	1532.50503240516
14	271243	271358	115	271300.5	5.74605650304251	7.77241169406829	13.5184681971108	0.271055	13.2474131971108	7.22399675711002	10.4020833173824	17.6260800744924	1.685255	15.9408250744924	15.2429113159308	17.0425122631741	291.176014795551
14	273777	274351	574	274064	204.51447027882	164.735986848178	369.250457126998	1.352918	367.897539126998	208.631282406785	166.560436539985	375.19171894677	2.767118	372.42460094677	423.315063765433	398.163256862985	8086.32883282093
14	276092	276258	166	276175	36.3266894155087	26.448020354151	62.7747097696597	0.391262	62.3834477696597	40.888113653196	29.361399704699	70.249513357895	1.805462	68.444051357895	71.7804561378299	73.1742917419465	1371.17816440854
14	281752	282058	306	281905	68.6113687404054	82.7146528659137	151.326021606319	0.721242	150.604779606319	74.0899179574589	86.6995614012734	160.789479358732	2.135442	158.654037358732	173.290835360604	169.61878476509	3310.26887154801
14	288994	289246	252	289120	142.273275040282	37.3093161789208	179.582591219203	0.593964	178.988627219203	157.310884613639	47.5773958464994	204.888280460138	2.008164	202.880116460138	205.950228219463	216.901374713579	3934.14128418524
14	289540	289701	161	289620.5	33.7150182824667	6.72948328824448	40.4445015707112	0.379477	40.0650245707112	50.6781803013252	10.957898455897	61.6360787572222	1.793677	59.8424017572222	46.1001410098034	63.9781730894959	880.622806400408
14	295728	295872	144	295800	28.6053791132686	22.8891234218988	51.4945025351674	0.339408	51.1550945351674	31.8589677299602	28.2986707595758	60.1576384895361	1.753608	58.4040304895361	58.8607419241419	62.4403944705106	1124.38076336958
14	297702	297812	110	297757	7.32909961975465	17.1592673601013	24.4883669798559	0.25927	24.2290969798559	9.60736167186684	20.7975664549984	30.4049281268652	1.67347	28.7314581268652	27.8787995085393	30.7171194199661	532.551660895428
14	298118	298190	72	298154	8.53933258238575	7.38070102520149	15.9200336075872	0.169704	15.7503296075872	13.4989676659826	11.9851264340945	25.4840941000772	1.583904	23.9001901000772	18.1228496335791	25.5519573779482	346.189715578121
14	300789	301394	605	301091.5	26.9168331230168	125.815126776281	152.731959899298	1.425985	151.305974899298	39.5774779559358	147.890028021536	187.467505977472	2.840185	184.627320977472	174.097653832029	197.387109335414	3325.68103148936
14	301759	301936	177	301847.5	34.102028823318	21.3231807709452	55.4252095942632	0.417189	55.0080205942632	49.3676446067888	31.5660597521428	80.9337043589316	1.831389	79.1023153589316	63.2940459474848	84.569159579275	1209.06745944351
14	307172	307371	199	307271.5	33.485812039668	38.3975458185962	71.8833578582641	0.469043	71.4143148582641	35.1982586808921	44.0529998539355	79.2512585348277	1.883243	77.3680155348277	82.1716701876475	82.7150004700575	1569.67517283443
14	308633	308877	244	308755	74.5538305928618	100.829546254019	175.383376846881	0.575108	174.808268846881	80.0728809130277	110.298504156238	190.371385069265	1.989308	188.382077069265	201.140169758238	201.401360570252	3842.25767844586
14	310161	310552	391	310356.5	459.389812216556	411.88051822492	871.270330441476	0.921587	870.348743441476	467.356029189221	420.195144687075	887.551173876296	2.335787	885.215386876296	1001.45202031621	946.393553400815	19130.1256197606
14	317767	318180	413	317973.5	61.4205728875751	92.6394231829128	154.059996070488	0.973441	153.086555070488	65.4163817198219	101.258357933391	166.674739653213	2.387641	164.287098653213	176.146448206939	175.641152850918	3364.81789772557
14	321740	321897	157	321818.5	41.4601292329556	29.0080900817461	70.4682193147017	0.370049	70.0981703147017	47.7128995371592	36.264487721346	83.9773872585052	1.784249	82.1931382585052	80.6572707907264	87.8735925006029	1540.74652711415
14	323599	323734	135	323666.5	26.7227278362488	18.1588945865482	44.881622422797	0.318195	44.563427422797	32.5817874171109	21.9355974510934	54.5173848682043	1.732395	52.7849898682043	51.2761519575579	56.4330160413003	979.496978733233
14	326527	326629	102	326578	8.78963939989242	10.1021751489036	18.891814548796	0.240414	18.651400548796	11.9356250858461	12.7765479897269	24.712173075573	1.654614	23.057559075573	21.4609177092177	24.6510912369965	409.954789010311
14	330228	330300	72	330264	8.49693142752246	7.76531150068316	16.2622429282056	0.169704	16.0925389282056	11.0150000111492	11.0167000574527	22.0317000686019	1.583904	20.4477960686019	18.516606984396	21.8609647634646	353.71142149315
14	332181	332402	221	332291.5	95.4317992377424	76.2339763543198	171.665775592062	0.520897	171.144878592062	98.9313945548202	77.9510231208358	176.882417675656	1.935097	174.947320675656	196.924951893514	187.038114030572	3761.73694891419
14	335711	336234	523	335972.5	68.0432532668714	145.474362227013	213.517615493885	1.232711	212.284904493885	72.0326619247993	155.36373157981	227.39639350461	2.646911	224.74948250461	244.262024952678	240.282155649262	4665.98811194811
14	339377	339552	175	339464.5	12.6229438060712	13.1416579340804	25.7646017401516	0.412475	25.3521267401516	13.9351795469111	14.5122952655811	28.4474748124923	1.826675	26.6207998124923	29.1709946553677	28.4605912893344	557.235674689986
14	342208	342383	175	342295.5	34.1620304575585	30.9680434642124	65.1300739217709	0.412475	64.7175989217709	38.0439361874721	32.982798339285	71.0267345267571	1.826675	69.2000595267571	74.4662075732399	73.9825484305861	1422.48243191267
14	346088	346216	128	346152	18.9775168830362	12.6995458924516	31.6770627754878	0.301696	31.3753667754878	21.4394839386481	14.3047896138327	35.7442735524808	1.715896	34.0283775524808	36.1015336464228	36.3801145187924	689.625523451457
14	349822	350284	462	350053	37.3168163832008	146.3641864628	183.681002846001	1.088934	182.592068846001	43.9678975360377	162.686131017075	206.654028553113	2.503134	204.150894553113	210.096467212099	218.259977617261	4013.34435249961
14	350697	350855	158	350776	48.0645091138086	30.6690353202472	78.7335444340558	0.372406	78.3611384340558	54.0870731479761	34.7142454980187	88.8013186459948	1.786606	87.0147126459948	90.1649149153278	93.028390965714	1722.36523950556
14	355209	356349	1140	355779	474.520124314815	532.108692831619	1006.62881714643	2.68698	1003.94183714643	478.372929252121	546.20507676919	1024.57800602131	4.10118	1020.47682602131	1155.16864781671	1091.00305288351	22066.4803669427
14	356745	357250	505	356997.5	263.123766596779	151.996139858062	415.119906454841	1.190285	413.929621454841	280.033127150269	159.393541338127	439.426668488396	2.604485	436.822183488396	476.281098580741	467.011424072384	9098.10661052966
14	365794	366726	932	366260	498.07946599118	464.451150070191	962.530616061371	2.196724	960.333892061371	503.102202793453	478.527533463015	981.629736256468	3.610924	978.018812256468	1104.99190540585	1045.61072112678	21107.9847365609
14	370142	370330	188	370236	52.1961216448864	47.9062048021374	100.102326447024	0.443116	99.6592104470238	55.9618242098209	51.2019945682449	107.163818778066	1.857316	105.306502778066	114.671180256608	112.584345954521	2190.4934422944
14	372258	372456	198	372357	60.6743525630706	72.4378729613702	133.112225524441	0.466686	132.645539524441	62.2236947618843	78.5065382511792	140.730233013063	1.880886	138.849347013063	152.626340353437	148.445371437538	2915.52765845304
14	373693	374082	389	373887.5	137.979958104926	119.899465653785	257.879423758711	0.916873	256.962550758711	143.051796244553	126.824854277825	269.876650522378	2.331073	267.545577522378	295.669600883638	286.035933809926	5647.99560248783
14	374753	375153	400	374953	98.5945853812835	64.7267629369509	163.321348318234	0.9428	162.378548318234	107.439126276506	71.918758822466	179.357885098972	2.357	177.000885098972	186.838122643011	189.23360245128	3569.05441719762
14	378532	378673	141	378602.5	18.8814142655277	17.7922846013386	36.6736988668663	0.332337	36.3413618668663	24.805475616817	22.0615008802747	46.8669764970917	1.746537	45.1204394970917	41.8155716738423	48.2387605318777	798.777298117716
14	380852	381359	507	381105.5	86.6100589635314	111.775144374896	198.385203338428	1.194999	197.190204338428	90.7022704214579	118.662931974812	209.36520239627	2.609199	206.75600339627	226.893564228559	221.045128272822	4334.20902644648
14	383756	383897	141	383826.5	19.0482188087163	11.0104998885812	30.0587186972975	0.332337	29.7263816972975	21.3935826884541	12.4370387426493	33.8306214311034	1.746537	32.0840844311034	34.204156933388	34.3014492546399	653.38109622777
14	387061	387132	71	387096.5	6.96038957734671	2.71747401475273	9.67786359209944	0.167347	9.51051659209944	16.3776460713949	6.13226702210393	22.5099130934988	1.581547	20.9283660934988	10.9431146160427	22.3747474882825	209.039627490327
14	392121	392832	711	392476.5	269.630143808373	421.948392439583	691.578536247956	1.675827	689.902709247955	276.292225260821	439.538971547149	715.83119680797	3.090027	712.74116980797	793.824851479719	761.999461769275	15163.9507643111
14	394402	394660	258	394531	111.072225229769	51.3942998059857	162.466525035755	0.608106	161.858419035755	116.181964401691	53.2187494977922	169.400713899483	2.022306	167.378407899483	186.239644705644	178.946105730875	3557.62205909136
14	400556	401011	455	400783.5	132.346304663361	115.466044902478	247.812349565838	1.072435	246.739914565838	136.236910630239	120.419179809032	256.656090439271	2.486635	254.169455439271	283.907097926686	271.735373859624	5423.30370052506
14	405669	406242	573	405955.5	318.398872102718	334.425108602911	652.823980705628	1.350561	651.473419705628	321.703462108514	336.72337119977	658.426833308283	2.764761	655.662072308283	749.606841237865	700.975567801209	14319.2811511673
14	408006	408315	309	408160.5	96.3582244704159	80.7041981079616	177.062422578378	0.728313	176.334109578378	115.74755256979	89.1911292631107	204.9386818329	2.142513	202.7961688329	202.895852517308	216.81162537752	3875.79541270381
14	412139	412733	594	412436	85.2011205888404	138.160463021266	223.361583610107	1.400058	221.961525610107	87.5396842833643	143.735414863999	231.275099147364	2.814258	228.460841147364	255.39626492223	244.250010191709	4878.67869020549
14	413301	413556	255	413428.5	80.2992870795619	48.8614308192463	129.160717898808	0.601035	128.559682898808	82.0657351916025	49.93676010756	132.002495299163	2.015235	129.987260299163	147.925018724267	138.970816589017	2825.72118593076
14	415086	415366	280	415226	17.7896845305216	16.1459397605028	33.9356242910243	0.65996	33.2756642910243	22.1775040398064	22.9712256580846	45.148729697891	2.07416	43.074569697891	38.2880787531705	46.0514985188513	731.393757692123
14	416409	416677	268	416543	103.148809422862	114.714824441787	217.863633864649	0.631676	217.231957864649	108.403652546922	120.875692242878	229.279344789801	2.045876	227.233468789801	249.954268010529	242.93781283947	4774.72355063693
14	417479	417751	272	417615	107.013314678846	71.3359429485432	178.349257627389	0.641104	177.708153627389	109.074370815007	75.2849505060824	184.35932132109	2.055304	182.30401732109	204.476872998184	194.90323971951	3905.99668025633
14	418608	418744	136	418676	32.67468994746	28.2733700704711	60.948060017931	0.320552	60.627508017931	36.6038969656998	32.4844847669176	69.0883817326174	1.734752	67.3536297326174	69.7600138436653	72.0085099311568	1332.58289063533
14	419902	420052	150	419977	29.2555968229882	37.1004104890401	66.3560073120283	0.35355	66.0024573120283	35.5347678462577	40.2824971582618	75.8172650045195	1.76775	74.0495150045195	75.9446080884812	79.1671548774462	1450.72341300725
14	424577	424834	257	424705.5	112.69086931613	187.597909529221	300.288778845352	0.605749	299.683029845352	117.928211963537	200.170751970702	318.098963934239	2.019949	316.079014934239	344.825195595046	337.923568132516	6586.98487273401
14	426743	427790	1047	427266.5	1779.25846095098	2508.27731694595	4287.53577789694	2.467779	4285.06799889694	1795.30279794417	2523.15192207962	4318.4547200238	3.881979	4314.5727410238	4930.5408171434	4612.75740155477	94185.1065171634
14	429817	430003	186	429910	64.3099515844269	26.6760265642649	90.9859781486918	0.438402	90.5475761486918	72.9282863185626	28.6278797261087	101.556166044671	1.852602	99.7035640446714	104.187032786749	106.594182231661	1990.22118356835
14	434552	434830	278	434691	433.937818990798	323.187402526005	757.125221516803	0.655246	756.469975516803	447.049576110481	328.9589597236	776.008535834082	2.069446	773.939089834082	870.419347415068	827.426834421061	16627.0885874919
14	437375	437567	192	437471	44.272505832532	47.5040938500022	91.7765996825343	0.452544	91.3240556825343	49.8049565176783	51.171093726611	100.976050244289	1.866744	99.1093062442894	105.080475793085	105.958854649609	2007.28807903469
14	439354	439514	160	439434	38.4146462843547	47.2750876126509	85.6897338970057	0.37712	85.3126138970056	41.2095224072777	55.9876249125443	97.197147319822	1.79132	95.405827319822	98.1635122580696	101.999424401068	1875.15755390942
14	440627	441345	718	440986	372.845355039794	462.261890442202	835.107245481996	1.692326	833.414919481996	384.284166594129	473.802304763851	858.08647135798	3.106526	854.97994535798	958.9547421838	914.068508715209	18318.3260999852
14	447058	447287	229	447172.5	75.9268679897322	76.2983781084046	152.225246098137	0.539753	151.685493098137	79.5607669647849	79.1380554515605	158.698822416345	1.953953	156.744869416345	174.534340010802	167.577672217995	3334.0227805566
14	450630	450822	192	450726	45.4874389231787	22.7885206818222	68.2759596050009	0.452544	67.8234156050009	48.9062320394792	26.5945243444216	75.5007563839008	1.866744	73.6340123839008	78.039862864398	78.7229364336589	1490.7477838763
14	452033	452229	196	452131	70.35221615517	20.1570490094809	90.5092651646509	0.461972	90.0472931646509	83.7887821215425	28.1435665350641	111.932348656607	1.876172	110.056176656607	103.611390656083	117.66227479088	1979.22504391485
14	456218	456384	166	456301	51.7766102188215	32.3611814085533	84.1377916273748	0.391262	83.7465296273748	58.980106417566	34.7539465793412	93.7340529969072	1.805462	91.9285909969072	96.3615239543861	98.2818726182524	1840.73527314561
14	457440	457620	180	457530	48.1694119710058	38.1204382711287	86.2898502421345	0.42426	85.8655902421345	53.044644755771	39.7099815648836	92.7546263206546	1.83846	90.9161663206546	98.7997851109799	97.199478207678	1887.3118851781
14	459499	459617	118	459558	25.1838859234272	9.83636790921813	35.0202538326453	0.278126	34.7421278326453	31.016344779776	13.6113707274599	44.6277155072359	1.692326	42.9353895072359	39.9754401557611	45.9026994388196	763.626390851425
14	462044	462299	255	462171.5	152.507653789962	141.901164905267	294.408818695229	0.601035	293.807783695229	159.882754662635	144.081124279949	303.963878942583	2.015235	301.948643942583	338.064943258	322.816632338218	6457.84790580459
14	465054	465227	173	465140.5	40.9464152411331	14.4008922313412	55.3473074724743	0.407761	54.9395464724743	46.2729603181107	15.8853326624515	62.1582929805622	1.821961	60.3363319805622	63.215257360586	64.5062393501245	1207.5624092422
14	466105	466254	149	466179.5	40.5400041718773	31.3413536319121	71.8813578037895	0.351193	71.5301648037895	50.8030837032692	44.4754113589887	95.2784950622579	1.765393	93.5131020622579	82.3049709626231	99.9758909100399	1572.22153603383
14	466596	466856	260	466726	103.048306685509	69.8568026617909	172.9051093473	0.61282	172.2922893473	117.739106812956	83.3844711094852	201.123577922441	2.02702	199.096557922441	198.245200618665	212.856330465504	3786.95685306246
14	471197	471400	203	471298.5	20.6611627398249	32.5060853552442	53.1672480950691	0.478471	52.6887770950691	22.9482250316257	34.7398461952946	57.6880712269204	1.892671	55.7954002269204	60.6254477500665	59.651479026488	1158.09085975663
14	478105	478400	295	478252.5	82.1176366052206	98.6906879987921	180.808324604013	0.695315	180.113009604013	85.4292268016781	107.725534077281	193.154760878959	2.109515	191.045245878959	207.243979740748	204.248583777709	3958.85502844941
14	479202	479552	350	479377	143.708714136762	186.891490288763	330.600204425525	0.82495	329.775254425525	160.220963874304	194.459196407347	354.680160281651	2.23915	352.441010281651	379.450303436832	376.798579226726	7248.40713678015
14	480984	481244	260	481114	124.61239401793	91.6193954008241	216.231789418754	0.61282	215.618969418754	132.511109152075	95.7827087953257	228.2938179474	2.02702	226.2667979474	248.098310211934	241.904334358333	4739.27032361075
14	483101	483268	167	483184.5	52.5222305269836	48.3328164215874	100.855046948571	0.393619	100.461427948571	59.6136236724221	50.343071174092	109.956694846514	1.807819	108.148875846514	115.594238218961	115.623158415556	2208.12605415788
14	488153	488500	347	488326.5	198.150196937653	160.447770051733	358.597966989385	0.817879	357.780087989385	211.036647920763	172.517898801001	383.554546721764	2.232079	381.322467721764	411.673590208352	407.67606457026	7863.94888148211
14	490158	490257	99	490207.5	23.4843396335647	15.2819162274394	38.7662558610041	0.233343	38.5329128610041	33.3909094548442	19.3403267647438	52.731236219588	1.647543	51.083693219588	44.3372426560132	54.6141409917438	846.947237048393
14	491243	491507	264	491375	281.037254499284	186.543380807444	467.580635306728	0.622248	466.958387306728	307.389672249545	202.285609572232	509.675281821777	2.036448	507.638833821777	537.297748627549	542.722287600695	10263.6703685656
14	493082	493293	211	493187.5	70.412817805753	45.3901362729853	115.802954078738	0.497327	115.305627078738	73.8898125072668	46.3111613585771	120.200973865844	1.911527	118.289446865844	132.674464186889	126.464554964663	2534.39916734924
14	498543	498824	281	498683.5	183.82880687168	159.810652698822	343.639459570502	0.662317	342.977142570502	190.901999521399	184.13491520903	375.036914730429	2.076517	372.960397730429	394.640832123641	398.736083125956	7538.58251824023
14	499459	499554	95	499506.5	20.5275591009161	17.4047740468687	37.9323331477847	0.223915	37.7084181477847	28.8626861214366	23.7940480689695	52.6567341904061	1.638115	51.0186191904061	43.3885517978767	54.5445696279552	828.824975649649
14	500581	500854	273	500717.5	70.5622218750118	93.3419423171455	163.904164192157	0.643461	163.260703192157	74.2832232224371	95.7567080871548	170.039931309592	2.057661	167.982270309592	187.853159187131	179.591701707335	3588.44403966952
14	503039	503557	518	503298	103.888129559429	67.7556454334119	171.643774992841	1.220926	170.422848992841	108.890665811508	69.1261827621889	178.016848573697	2.635126	175.381722573697	196.094160780966	187.502537900724	3745.86685426721
14	507298	507614	316	507456	141.683558978421	122.548537805504	264.232096783925	0.744812	263.487284783925	161.899709597629	140.196618479218	302.096328076847	2.159012	299.937316076847	303.177175428687	320.666299488012	5791.40820861663
14	508765	509000	235	508882.5	72.1228643816075	56.5894413039766	128.712305685584	0.553895	128.158410685584	84.2681951791242	63.4323276809357	147.70052286006	1.968095	145.73242786006	147.463301657794	155.804149242023	2816.90128712061
14	510285	510465	180	510375	39.7898837411472	25.6223978670016	65.4122816081488	0.42426	64.9880216081488	49.5197487495884	28.7013817280534	78.2211304776418	1.83846	76.3826704776418	74.7773648508866	81.661557179508	1428.42627913463
14	515021	515149	128	515085	16.1724404822923	15.6393259620654	31.8117664443577	0.301696	31.5100704443577	20.8167669779553	22.7435194561419	43.5602864340972	1.715896	41.8443904340972	36.2565281384013	44.7363002721397	692.586288462428
14	518925	519104	179	519014.5	0.0581015824895612	87.4352814397858	87.4933830222754	0.421903	87.0714800222754	4.74732930110921	107.124617710362	111.871947011471	1.836103	110.035844011471	100.187321734317	117.640536935252	1913.81714890315
14	525852	525920	68	525886	7.39380138201067	6.81448560341854	14.2082869854292	0.160276	14.0480109854292	15.8825325861869	11.9061242823445	27.7886568685315	1.574476	26.2141808685315	16.1641055827276	28.0258704824435	308.773025622354
14	531184	531820	636	531502	302.508239295908	163.734159561809	466.242398857717	1.499052	464.743346857717	319.688707233441	169.787424432163	489.476131665604	2.913252	486.562879665604	534.749049902515	520.189752083482	10214.9841351887
14	534989	535204	215	535096.5	87.63008674562	86.6289594783171	174.259046223937	0.506755	173.752291223937	89.3383332724474	90.4054623374149	179.743795609862	1.920955	177.822840609862	199.925127016033	190.112364172124	3819.04745986303
14	537908	538383	475	538145.5	163.339348808507	110.30740439865	273.646753207156	1.119575	272.527178207156	172.091887197894	121.598711935477	293.69059913337	2.533775	291.15682413337	313.578775477354	311.278978510326	5990.10361442816
14	541603	542963	1360	542283	461.279963697856	483.374365474239	944.654329172095	3.20552	941.448809172095	477.183896866922	491.102275956246	968.286172823168	4.61972	963.666452823168	1083.26210507487	1030.26645503613	20692.8936472317
14	545018	545168	150	545093	30.8851412062368	27.6619534175603	58.547094623797	0.35355	58.193544623797	34.6637441225329	32.6884903233353	67.3522344458682	1.76775	65.5844844458682	66.9594151448116	70.1170971527175	1279.08476607945
14	547431	547873	442	547652	184.266618796188	144.989149011455	329.255767807643	1.041794	328.213973807643	208.850088366315	163.310148013176	372.160236379492	2.455994	369.704242379492	377.653842373562	395.254891453641	7214.0904395104
14	552019	552287	268	552153	123.363860012109	94.7921818167386	218.156041828847	0.631676	217.524365828847	130.544155578947	101.402661863739	231.946817442686	2.045876	229.900941442686	250.290722275224	245.789637333249	4781.15063073499
14	552621	552705	84	552663	9.100547867982	10.9660986792432	20.0666465472252	0.197988	19.8686585472252	25.4082920354867	19.2184234445119	44.6267154799985	1.612188	43.0145274799985	22.8615349801209	45.9873067201233	436.709924347822
14	553146	553334	188	553240	28.6886813821391	32.0838738556384	60.7725552377776	0.443116	60.3294392377776	44.5492133691045	41.1426205850995	85.6918339542041	1.857316	83.8345179542041	69.4170460571002	89.6284096736007	1326.0313867116
14	554814	555031	217	554922.5	81.5627214912196	47.0025801904753	128.565301681695	0.511469	128.053832681695	94.4760732070148	52.7697372682257	147.245810475241	1.925669	145.320141475241	147.342970751287	155.363369311475	2814.60267938832
14	556901	556994	93	556947.5	18.6510079900441	7.52390492558884	26.1749129156329	0.219201	25.9557119156329	25.7741019989063	9.97657172789345	35.7506737267998	1.633401	34.1172727267998	29.8654997005851	36.4751533321154	570.502379923024
14	559170	559671	501	559420.5	221.494432755266	231.348401143861	452.842833899127	1.180857	451.661976899127	236.812149957802	245.296881053029	482.109031010831	2.595057	479.513974010831	519.697193422854	512.653689144327	9927.45772411253
14	559935	560042	107	559988.5	10.5568875337229	2.2121602517239	12.7690477854468	0.252199	12.5168487854468	27.1171385786564	6.44977566995997	33.5669142486164	1.666399	31.9005152486164	14.4022997661983	34.1051934128591	275.118326341614
14	568213	568308	95	568260.5	16.5280501678911	2.22306054861092	18.751110716502	0.223915	18.527195716502	33.046000060685	4.11031195092245	37.1563120116075	1.638115	35.5181970116075	21.3180035254826	37.9728969678458	407.22478674137
14	576153	576676	523	576414.5	165.697513036882	145.210955052697	310.90846808958	1.232711	309.67575708958	173.296920018891	150.944211207102	324.241131225992	2.646911	321.594220225993	356.323157719552	343.819935063299	6806.62341292447
14	578834	579071	237	578952.5	89.9778506907275	115.422943728548	205.400794419276	0.558609	204.842185419276	116.451071731259	132.343504587096	248.794576318356	1.972809	246.821767318356	235.698186479791	263.879879283809	4502.39834184416
14	579314	579422	108	579368	20.438056663174	12.4659395298085	32.9039961929825	0.254556	32.6494401929825	50.1680664075572	27.5998517261213	77.7679181336785	1.668756	76.0991621336785	37.5675246156704	81.3584552756775	717.629452576575
14	585371	585555	184	585463	38.4275466357164	46.463965520443	84.8915121561594	0.433688	84.4578241561594	42.6092605313851	51.5035027803035	94.1127633116886	1.847888	92.2648753116886	97.1799629402052	98.6413978957579	1856.36941266823
14	586865	587121	256	586993	88.7839181720651	75.2148485967448	163.99876676881	0.603392	163.39537476881	93.7414531984635	91.9517044517928	185.693157650256	2.017592	183.675565650256	188.008116752743	196.369577196405	3591.40409929871
14	587697	587837	140	587767	33.0501001723581	28.5350771984834	61.5851773708415	0.32998	61.2551973708415	51.0231896982082	47.1641845920297	98.1873742902379	1.74418	96.4431942902379	70.4822539518289	103.108484893991	1346.3794018176
14	591209	591447	238	591328	74.1679200819716	156.339158147114	230.507078229085	0.560966	229.946112229085	88.7174163607818	184.034612477125	272.752028837907	1.975166	270.776862837907	264.583594094841	289.490536652525	5054.1786219213
14	592913	593188	275	593050.5	100.432135429899	86.6407597997178	187.072895229617	0.648175	186.424720229617	107.420425767168	92.7875272167631	200.207952983931	2.062375	198.145577983931	214.506442523964	211.83962730313	4097.58541446221
14	604663	605292	629	604977.5	209.110595461643	316.374416963443	525.485012425086	1.482553	524.002459425086	211.731266839821	319.343797839282	531.075064679103	2.896753	528.178311679103	602.934542729307	564.68127037774	11517.4899135584
14	605853	606506	653	606179.5	280.99805343158	38.2584420298819	319.256495461462	1.539121	317.717374461462	286.59300581906	43.2140770045294	329.80708282359	2.953321	326.85376182359	365.576108360737	349.442969113096	6983.37687143107
14	613440	613543	103	613491.5	11.8378224220341	9.00464525592091	20.842467677955	0.242771	20.599696677955	35.681371839252	24.4613662444477	60.1427380836997	1.656971	58.4857670836997	23.702691606662	62.5277799666736	452.778025070755
14	618266	618450	184	618358	19.7624382616258	44.8552217037311	64.6176599653569	0.433688	64.1839719653569	20.5114586623949	47.3103885741291	67.821847236524	1.847888	65.973959236524	73.8521987662841	70.533488955835	1410.7533971008
14	619797	619978	181	619887.5	47.2705874900829	38.5388496672326	85.8094371573155	0.426617	85.3828201573155	49.3276435172951	42.5525589870278	91.8802025043229	1.840817	90.0393855043229	98.2442939007801	96.2621021468642	1876.70067623727
14	631368	631531	163	631449.5	14.0028813908792	26.6458257416972	40.6487071325764	0.384191	40.2645161325764	23.8785503705249	39.5943784162469	63.4729287867717	1.798391	61.6745377867717	46.3296825920385	65.9369299672288	885.00759889574
14	634091	634257	166	634174	26.0681100066848	33.6210157221566	59.6891257288414	0.391262	59.2978637288414	36.6261975730926	46.1230562352331	82.7492538083257	1.805462	80.9437918083257	68.2300811935124	86.537902403093	1303.35752267615
14	642339	642550	211	642444.5	127.526573390268	46.9560789239389	174.482652314207	0.497327	173.985325314207	147.565219174848	53.4263551522644	200.991574327112	1.911527	199.080047327112	200.193263739687	212.838678805565	3824.16951174642
14	646974	647363	389	647168.5	69.5357939186042	86.0266430732661	155.56243699187	0.916873	154.64556399187	76.7478903515898	90.2014567809971	166.949347132587	2.331073	164.618274132587	177.94029538116	175.995216216028	3399.08466347104
14	651806	652418	612	652112	352.002587353668	457.048048434873	809.050635788541	1.442484	807.608151788541	359.512391895211	463.557625733626	823.070017628836	2.856684	820.213333628836	929.260622626333	876.899139879274	17751.0974901481
14	652921	653340	419	653130.5	122.453235209785	58.6137964405277	181.067031650313	0.987583	180.079448650313	146.68099509159	68.0580536699841	214.739048761574	2.401783	212.337265761574	207.205363398576	227.012117550993	3958.11736407633
14	661408	661483	75	661445.5	4.94493468320796	17.6199799083446	22.5649145915526	0.176775	22.3881395915526	11.8438225854581	39.173366949326	51.0171895347841	1.590975	49.4262145347841	25.7605331127697	52.8421122115697	492.087713122478
14	661947	662646	699	662296.5	530.635852716462	515.62674391937	1046.26259663583	1.647543	1044.61505363583	539.037481548266	534.954970354542	1073.99245190281	3.061743	1070.93070890281	1201.96859454267	1144.94385668221	22960.471134052
14	663662	664092	430	663877	128.350795839285	78.0068246406795	206.357620479965	1.01351	205.344110479965	151.113915829279	92.63372302766	243.747638856939	2.42771	241.319928856939	236.275718038102	257.997802979068	4513.43057407869
14	665054	665262	208	665158	91.5526935840934	72.8600844609759	164.412778045069	0.490256	163.922522045069	120.587384390353	78.137928211495	198.725312601848	1.904456	196.820856601848	188.614669825626	210.423353032887	3602.99071178129
14	668115	668332	217	668223.5	84.968414250711	85.4001260090715	170.368540259782	0.511469	169.857071259782	95.3884980583655	90.4913646771025	185.879862735468	1.925669	183.954193735468	195.443158228149	196.667461561669	3733.43115054749
14	670242	670355	113	670298.5	21.2748794553816	20.7013638347661	41.9762432901477	0.266341	41.7099022901477	28.2719700323388	25.5558960557183	53.8278660880571	1.680541	52.1473250880571	47.9927916601499	55.7512815774524	916.776954538248
14	672201	672373	172	672287	50.8786857624123	34.0684279081433	84.9471136705556	0.405404	84.5417096705556	72.015461456317	39.2249683547728	111.24042981109	1.819604	109.42082581109	97.2764843846266	116.983014180119	1858.21320280427
14	674755	674877	122	674816	47.9392057009697	29.3858003692901	77.3250060702598	0.287554	77.0374520702598	71.881157798342	43.9356966589953	115.816854457337	1.701754	114.115100457337	88.6418376508661	122.001715084967	1693.27082578761
14	675820	676081	261	675950.5	116.764880278337	66.8856217369245	183.650502015262	0.615177	183.035325015262	140.522527355868	76.7407901582047	217.263317514072	2.029377	215.233940514072	210.606492405528	230.108984542581	4023.08705192165
14	678455	678745	290	678600	170.928255504523	105.543774653572	276.472030158095	0.68353	275.788500158095	187.294201257241	116.948985292732	304.243186549973	2.09773	302.145456549973	317.331360267394	323.027046871927	6061.7869472049
14	685702	685932	230	685817	108.711260925129	91.6146952728086	200.325956197937	0.54211	199.783846197937	119.30934958103	105.298867983147	224.608217564177	1.95631	222.651907564177	229.877894245412	238.039615098306	4391.21685803004
14	687159	687840	681	687499.5	166.064023019368	102.473791037656	268.537814057024	1.605117	266.932697057024	177.58953693518	109.387479343019	286.9770162782	3.019317	283.9576992782	307.141580625705	303.582314563822	5867.13781711314
14	689997	690223	226	690110	110.888120215374	84.459400386904	195.347520602278	0.532682	194.814838602278	128.710305631109	87.8605930238273	216.570898654937	1.946882	214.624016654937	224.160389931035	229.456908203976	4281.99886900345
14	691618	692210	592	691914	131.586683973876	120.330377390356	251.917061364232	1.395344	250.521717364232	150.845408516053	128.528600682084	279.374009198137	2.809544	276.564465198137	288.258565176369	295.678126299715	5506.42711874976
14	694114	694223	109	694168.5	13.1533582527573	14.6045977795878	27.7579560323451	0.256913	27.5010430323451	14.3561910138321	19.6273345818609	33.983525595693	1.671113	32.312412595693	31.6436087408413	34.5455574188574	604.468509718231
14	694868	694975	107	694921.5	15.8839326243192	22.486512456145	38.3704450804642	0.252199	38.1182460804642	21.4832851316437	31.3462537653751	52.8295388970188	1.666399	51.1631398970188	43.8601133578337	54.6990783126198	837.832927799547
14	699454	699704	250	699579	144.260629169051	161.142288968067	305.402918137118	0.58925	304.813668137118	166.74804164971	178.273455562799	345.021497212509	2.00345	343.018047212509	350.728677528604	366.724385268079	6699.75547850629
14	701684	701892	208	701788	75.5811585737831	80.5126928920106	156.093851465794	0.490256	155.603595465794	95.5570026478576	91.2720859412953	186.829088589153	1.904456	184.924632589153	179.042638048185	197.704968465314	3420.14204142665
14	705953	706178	225	706065.5	54.3029790285182	59.5503219482984	113.853300976817	0.530325	113.322975976817	61.1505655334928	63.3764261583683	124.526991691861	1.944525	122.582466691861	130.393160322704	131.054269906584	2490.82081450422
14	711414	711571	157	711492.5	48.1315109387105	30.0508184821225	78.182329420833	0.370049	77.812280420833	62.7087079719951	33.7135182416107	96.4222262136058	1.784249	94.6379772136058	89.5333807511773	101.178507366327	1710.30142851085
14	713720	713831	111	713775.5	15.3023167830812	11.85592291503	27.1582396981112	0.261627	26.8966126981112	20.9149696526623	17.292170979944	38.2071406326063	1.675827	36.5313136326063	30.9481312280394	39.0560311441957	591.183228031528
14	715485	716050	565	715767.5	59.0123072946084	37.5595229937037	96.5718302883121	1.331705	95.2401252883121	63.9990431163373	43.3911818282627	107.3902249446	2.745905	104.6443199446	109.586434867488	111.8763989689	2093.36266012506
14	719088	719215	127	719151.5	27.2257415366317	20.7216643876841	47.9474059243159	0.299339	47.6480669243159	31.8456673677036	27.7502558226175	59.5959231903211	1.713539	57.8823841903211	54.8254400837503	61.8826966468493	1047.2968596435
14	720758	720964	206	720861	35.6639713653222	24.6157704498933	60.2797418152155	0.485542	59.7941998152155	39.3063705718924	29.8687135222025	69.1750840940949	1.899742	67.2753420940949	68.8011818933189	71.9248117515871	1314.26691015273
14	723188	723376	188	723282	34.7520465275902	51.0391901340056	85.7912366615959	0.443116	85.3481206615959	39.1636666851238	58.1345833883935	97.2982500735173	1.857316	95.4409340735173	98.2043675145421	102.036957419439	1875.93798689342
14	724301	724428	127	724364.5	14.8668049212188	14.5598965620786	29.4267014832974	0.299339	29.1273624832974	19.3122259993745	18.6205071593052	37.9327331586797	1.713539	36.2191941586797	33.5149056343092	38.7223407651148	640.214750094886
14	730634	731067	433	730850.5	73.5101021652481	64.8002649388956	138.310367104144	1.020581	137.289786104144	81.7886276441351	68.8454751166671	150.634102760802	2.434781	148.199321760802	157.970163912829	158.441532775114	3017.60745249923
14	735902	736101	199	736001.5	55.7538185444538	41.6880354403458	97.4418539847996	0.469043	96.9728109847996	65.521684587914	47.57339573755	113.095080325464	1.883243	111.211837325464	111.580120277383	118.897804384175	2131.44681349823
14	736504	736636	132	736570	22.9404248191745	13.5397687772662	36.4801935964406	0.311124	36.1690695964407	33.3592085914205	19.2618246266125	52.621033218033	1.725324	50.895709218033	41.6173264949955	54.4131652181052	794.990341680548
14	739260	739587	327	739423.5	122.465035531186	120.783489731596	243.248525262781	0.770739	242.477786262781	162.352521930698	135.772197973046	298.124719903744	2.184939	295.939780903744	279.002952281498	316.392490454181	5329.62280483879
14	743616	743793	177	743704.5	29.4019008078113	25.4360927926848	54.8379936004961	0.417189	54.4208046004961	32.8586949591309	28.2443692805881	61.103064239719	1.831389	59.271675239719	62.6183758235816	63.3680030620341	1196.16054619598
14	755042	755220	178	755131	41.9754432683578	33.6320160217673	75.6074592901252	0.419546	75.1879132901252	51.866712672906	46.4087640169417	98.2754766898477	1.833746	96.4417306898477	86.5136972221283	103.106920142639	1652.61826040021
14	759366	759454	88	759410	29.0451910922515	25.1675854794585	54.21277657171	0.207416	54.00536057171	38.2225410520613	36.9194055590812	75.1419466111425	1.621616	73.5203306111425	62.1403521978899	78.6013979940061	1187.02915315549
14	764098	764223	125	764160.5	10.352581969134	10.0575739341181	20.4101559032521	0.294625	20.1155309032521	17.1396668262494	14.7423015301698	31.8819683564191	1.708825	30.1731433564191	23.1455944695685	32.2584410322097	442.136139090394
14	781473	781669	196	781571	15.9149334686768	25.8323035841196	41.7472370527964	0.461972	41.2852650527964	19.7032366491752	26.7982298926681	46.5014665418433	1.876172	44.6252945418433	47.5041900249417	47.7093955879405	907.443496249749
15	27542	28194	652	27868	116.614476181841	110.257303034059	226.8717792159	1.536764	225.3350152159	129.147217531104	122.962649084487	252.109866615591	2.950964	249.158902615591	259.277913521938	266.378536459815	2599.17189687116
15	32275	32417	142	32346	26.9467339374134	22.9832259849327	49.9299599223461	0.334694	49.5952659223461	29.7889113486626	25.2595879852939	55.0484993339566	1.748894	53.2996053339566	57.0659515858688	56.9831971232028	572.066535153025
15	38667	38849	182	38758	45.5875416496366	60.7078534755215	106.295395125158	0.428974	105.866421125158	49.2372410550394	68.441064101886	117.678305156925	1.843174	115.835131156925	121.813401947613	123.840618915464	1221.13745325907
15	40433	40532	99	40482.5	8.15492211235155	3.63219892874932	11.7871210411009	0.233343	11.5537780411009	19.1633219437343	10.6767907994802	29.8401127432145	1.647543	28.1925697432145	13.2941587481289	30.1409878932772	133.269368537081
15	83097	83638	541	83367.5	94.9768868474756	139.513299867942	234.490186715418	1.275137	233.215049715418	106.875310920093	146.575292212603	253.450603132696	2.689337	250.761266132696	268.344941571521	268.091641005076	2690.06573419999
15	87173	87438	265	87305.5	50.4835750009385	60.632451421826	111.116026422764	0.624605	110.491421422764	62.5217028786122	72.9299863648661	135.451689243478	2.038805	133.412884243478	127.135080098932	142.633189007458	1274.48544617993
15	91494	91681	187	91587.5	18.4182016491909	30.4292287887326	48.8474304379235	0.440759	48.4066714379235	28.1419664914843	43.0022712356604	71.1442377271448	1.854959	69.2892787271448	55.6983155012173	74.0779336637601	558.356453842638
15	92975	93126	151	93050.5	31.3877548957248	23.4104376207251	54.7981925164499	0.355907	54.4422855164499	40.7496098808242	35.831475927577	76.5810858084012	1.770107	74.8109788084012	62.6430924752023	79.9812442457802	627.975454148627
15	96461	97053	592	96757	196.934163817045	241.977190635949	438.911354452994	1.395344	437.516010452994	204.17276097182	251.253043278637	455.425804250457	2.809544	452.616260250457	503.420377050616	483.897046092894	5046.61611383853
15	97383	97457	74	97420	11.2924075667879	8.17942277966642	19.4718303464543	0.174418	19.2974123464543	25.0240815708999	14.9445070375603	39.9685886084602	1.588618	38.3799706084602	22.2042402276772	41.0324507482102	222.589870487644
15	99466	99638	172	99552	48.4489195838428	37.2324140843692	85.681333668212	0.405404	85.275929668212	54.7009898689803	41.6196335773116	96.3206234462919	1.819604	94.5010194462919	98.1213021723816	101.032084303652	983.632302599808
15	101251	101373	122	101312	14.1036841364032	27.1857404471381	41.2894245835413	0.287554	41.0018705835413	19.8792414429473	31.9305696801539	51.8098111231013	1.701754	50.1080571231013	47.1781069853319	53.5710776583798	472.94429424464
15	103808	104179	371	103993.5	129.33002251009	163.361849421347	292.691871931437	0.874447	291.817424931437	142.180772520828	173.288819798268	315.469592319096	2.288647	313.180945319096	335.774770703408	334.825209877858	3366.02657679445
15	106383	106538	155	106460.5	32.889495798041	37.6495254450645	70.5390212431055	0.365335	70.1736862431055	37.46462040888	40.6191063263511	78.083726735231	1.779535	76.304191735231	80.7441619129759	81.5776546886593	809.432448872528
15	108074	108498	424	108286	52.3082246981924	76.1020727617144	128.410297459907	0.999368	127.410929459907	59.5853229016053	85.7047343055658	145.290057207171	2.413568	142.876489207171	146.603225062931	152.750833664738	1469.64690280881
15	108987	109438	451	109212.5	108.972168031351	110.886720177242	219.858888208593	1.063007	218.795881208593	147.013304142559	128.863409801146	275.876713943705	2.477207	273.399506943705	251.753769881721	292.294434451174	2523.74494502623
15	109950	110154	204	110052	61.8978858879583	15.9627347706217	77.8606206585801	0.480828	77.3797926585801	105.798881601818	28.9676889813575	134.766570583175	1.895028	132.871542583175	89.0357460426379	142.054434655587	892.55272764065
15	111858	112037	179	111947.5	55.3834084557424	33.9007233404411	89.2841317961835	0.421903	88.8622287961835	59.7659278206693	36.6464981260106	96.4124259466799	1.836103	94.5763229466799	102.247816439483	101.112592108162	1024.99918869279
15	117470	117602	132	117536	0.0581015824895612	18.1389940445251	18.1970956270146	0.311124	17.8859716270146	1.37283739142289	26.5030218522048	27.8758592436277	1.725324	26.1505352436277	20.5801899022292	27.9578262414552	206.309324614416
15	123650	123900	250	123775	52.1322199044203	0.11400310505697	52.2462230094773	0.58925	51.6569730094773	61.4112726342678	1.30783562099567	62.7191082552635	2.00345	60.7156582552635	59.4382198786266	64.9117812626749	595.847708777182
15	126713	126866	153	126789.5	24.7562742767398	35.4134645423681	60.1697388191079	0.360621	59.8091178191079	29.1210931595657	43.4253827597798	72.5464759193455	1.774821	70.7716549193455	68.8183470414847	75.6627584338809	689.88025701703
15	127972	128514	542	128243	509.38827400466	647.624339085069	1157.01261308973	1.277494	1155.73511908973	528.133684565909	669.669039507757	1197.80272407367	2.691694	1195.11103007367	1329.82701323407	1277.70641047158	13331.0583749574
15	135902	136450	548	136176	187.432405021441	191.046203449024	378.478608470465	1.291636	377.186972470465	193.63977408907	206.110513749617	399.750287838687	2.705836	397.044451838687	434.003792691062	424.484611547092	4350.738733489
15	137808	138048	240	137928	95.644505031125	109.788890276088	205.433395307213	0.56568	204.867715307213	104.891656892101	128.68460493111	233.576261823211	1.97988	231.596381823211	235.727562012353	247.602251381866	2363.08772381656
15	139096	139197	101	139146.5	11.7936212181436	15.3165171698514	27.110138387995	0.238057	26.872081387995	16.0176362659518	24.1292571989265	40.1468934648783	1.652257	38.4946364648783	30.9199046921112	41.1550412825797	309.961408737078
15	141345	141515	170	141430	19.5791332690211	22.504212938246	42.083346207267	0.40069	41.682656207267	26.0288089362573	37.0696096501299	63.0984185863872	1.81489	61.2835285863872	47.9614414169834	65.5188977097123	480.796952471265
15	142614	142765	151	142689.5	19.0721194596887	39.3591720100241	58.4312914697128	0.355907	58.0753844697128	28.4440747198853	65.1423742567902	93.5864489766755	1.770107	91.8163419766755	66.8234561675393	98.1618659501604	669.882162206517
15	143941	144200	259	144070.5	79.8685753484388	168.292283709613	248.160859058052	0.610463	247.550396058052	89.1676286230331	185.125042176722	274.292670799756	2.024663	272.268007799756	284.83966470974	291.084736211188	2855.41965982042
15	145183	145273	90	145228	13.3899646971124	14.0768834064425	27.4668481035549	0.21213	27.2547181035549	22.252506082607	19.2026230141619	41.4551290967689	1.62633	39.8287990967689	31.3601791392591	42.5814092973349	314.375008624523
15	147140	147318	178	147229	43.745091467558	22.9270244541941	66.672115921752	0.419546	66.252569921752	55.1415018670294	26.9987353537551	82.1402372207845	1.833746	80.3064912207845	76.2323959208896	85.8565573015852	764.203546755119
15	153548	153887	339	153717.5	98.8112912836155	148.464743674837	247.276034958452	0.799023	246.477011958452	104.182337572655	167.547063412346	271.729400985001	2.213223	269.516177985001	283.604593500388	288.14272454335	2843.03849578537
15	154713	154978	265	154845.5	146.110479552686	127.393969778596	273.504449331283	0.624605	272.879844331283	151.300520911767	150.049486837852	301.350007749619	2.038805	299.311202749619	313.984564771777	319.996914810145	3147.58725770553
15	158886	159131	245	159008.5	167.486261756316	244.293153714909	411.779415471225	0.577465	411.201950471225	181.105532698951	276.445229428134	457.550762127085	1.991665	455.559097127084	473.1425502254	487.043265521567	4743.09131485571
15	160678	161423	745	161050.5	89.7423442763335	480.489286894508	570.231631170842	1.755965	568.475666170842	104.749253013504	518.44752074774	623.196773761244	3.170165	620.026608761244	654.106883794992	662.877299884317	6557.19651094023
15	161712	162197	485	161954.5	485.159314090171	257.613316510855	742.772630601025	1.143145	741.629485601025	510.464703322935	284.139939005861	794.604642328796	2.557345	792.047297328795	853.343389391769	846.786519183338	8554.47394635179
15	163073	163294	221	163183.5	71.4000446944568	24.3302626736322	95.730307368089	0.520897	95.209410368089	89.5694395669971	31.0302451583751	120.599684725372	1.935097	118.664587725372	109.551093265465	126.865622203595	1098.21202669859
15	165450	165553	103	165501.5	19.2683248036552	10.7918939344983	30.0602187381535	0.242771	29.8174477381535	27.2293416346862	15.8773324445527	43.1066740792389	1.656971	41.4497030792389	34.3089405287969	44.3143356590247	343.935327242317
15	168219	168602	383	168410.5	25.159485258836	61.2611685459428	86.4206538047788	0.902731	85.5179228047788	41.1561209528037	73.8768121531814	115.032933105985	2.316931	112.716002105985	98.3997474707102	120.505923574873	986.423620936186
15	170066	171169	1103	170617.5	907.807625593169	1004.65336334179	1912.46098893496	2.599771	1909.86121793496	918.173307919112	1009.51029562811	1927.68360354722	4.013971	1923.66963254722	2197.5494187097	2056.61646431595	22029.6770114687
15	181487	181815	328	181651	116.673777797016	112.940376111847	229.614153908863	0.773096	228.841057908863	129.899338016309	129.948239348215	259.847577364524	2.187296	257.660281364524	263.312082083265	275.467454436489	2639.61304902875
15	185176	185642	466	185409	119.063442883368	88.1246002144856	207.188043097853	1.098362	206.089681097853	130.945066498397	96.6608327124356	227.605899210833	2.512562	225.093337210833	237.133596224518	240.649774515925	2377.18273314712
15	186788	187047	259	186917.5	140.265920366766	140.489726462483	280.755646829248	0.610463	280.145183829248	164.942392469966	149.532872767041	314.475265237007	2.024663	312.450602237007	322.344304443201	334.044392017135	3231.39077233572
15	193233	194006	773	193619.5	755.64258113472	869.377478886635	1625.02006002136	1.821961	1623.19809902136	779.534431867502	930.589246087053	1710.12367795455	3.236161	1706.88751695455	1867.70536280744	1824.8523086866	18723.1038105138
15	194577	195228	651	194902.5	252.809385668112	258.829749642357	511.639135310469	1.534407	510.104728310469	282.335489858801	291.784147208102	574.119637066903	2.948607	571.171030066903	586.943354131147	610.645260756362	5883.90522891143
15	196133	196563	430	196348	122.752843370093	142.32007631499	265.072919685082	1.01351	264.059409685082	169.788724467572	173.968238303318	343.75696277089	2.42771	341.32925277089	303.835481242827	364.918876466196	3045.84618640053
15	198543	199178	635	198860.5	490.624862953139	488.089993911925	978.714856865064	1.496695	977.218161865064	520.499276630594	534.262251487235	1054.76152811783	2.910895	1051.85063311783	1124.41950409418	1124.54513678984	11271.9187517225
15	201795	202034	239	201914.5	42.9084686807978	165.907018743106	208.815487423903	0.563323	208.252164423903	52.3319253437174	205.412394735229	257.744320078946	1.977523	255.766797078946	239.621820987399	273.443109460224	2402.12633049765
15	202511	202725	214	202618	62.1112917004071	63.802037750581	125.913329450988	0.504398	125.408931450988	74.3572252380004	76.1828749624917	150.540100200492	1.918598	148.621502200492	144.299660008337	158.892890549073	1446.55445551478
15	204491	204705	214	204598	62.6362059972878	71.4952472874518	134.13145328474	0.504398	133.62705528474	68.6330693314557	81.7753272818785	150.408396613334	1.918598	148.489798613334	153.75570481628	158.752084788471	1541.34805203251
15	205918	206085	167	206001.5	29.5883058848519	54.0785729164587	83.6668788013106	0.393619	83.2732598013106	35.7379733808855	70.6232235364897	106.361196917375	1.807819	104.553377917375	95.8169640557957	111.779171842514	960.532105625212
15	207204	207375	171	207289.5	39.24256883415	57.9859793409245	97.2285481750745	0.403047	96.8255011750745	46.4697656784195	73.3674982812032	119.837263959623	1.817247	118.020016959623	111.410620743233	126.176504474216	1116.8531500246
15	210354	210439	85	210396.5	18.0045903838263	15.9021331200388	33.9067235038652	0.200345	33.7063785038652	23.0245271098349	28.230868912884	51.255396022719	1.614545	49.640851022719	38.7836727571588	53.0715824529569	388.79297861723
15	211971	212234	263	212102.5	100.403334645464	155.582337533893	255.985672179357	0.619891	255.365781179357	126.178436671607	193.14436059569	319.322797267298	2.034091	317.288706267298	293.832305048752	339.216862506049	2945.56778593858
15	216042	217258	1216	216650	1473.03592049014	1679.54084498217	3152.57676547231	2.866112	3149.71065347231	1516.52760505576	1708.57293571761	3225.10054077337	4.280312	3220.82022877337	3624.16114356512	3443.41450268986	36330.9688285111
15	218680	219392	712	219036	2563.27421487446	1720.45705940073	4283.73127427519	1.678184	4282.05309027519	2603.46330948876	1737.83363267951	4341.29694216826	3.092384	4338.20455816827	4927.07176367137	4638.02243843985	49392.199621039
15	220498	220882	384	220690	372.14573598455	199.738440195999	571.884176180549	0.905088	570.979088180549	417.652575436133	219.162169232337	636.81474466847	2.319288	634.49545666847	656.987403871821	678.346105089857	6586.0727338717
15	223068	223154	86	223111	17.4897763620427	14.6159980900935	32.1057744521362	0.202702	31.9030724521362	30.7417373004019	22.8836232720935	53.6253605724954	1.616902	52.0084585724954	36.7087292332427	55.6028178509297	367.992383527201
15	226141	226772	631	226456.5	159.384741098438	227.480895806165	386.865636904603	1.487267	385.378369904603	161.560300353275	240.134340442975	401.694640796251	2.901467	398.793173796251	443.429085220576	426.354189518583	4445.22404899363
15	228345	228498	153	228421.5	44.7494188220204	13.0008540990627	57.750272921083	0.360621	57.389651921083	60.9229593342738	18.8870144180568	79.8099737523305	1.774821	78.0351527523305	66.034429640648	83.4282442424082	661.972442683075
15	229970	230134	164	230052	37.2638149396217	35.1344569431497	72.3982718827715	0.386548	72.0117238827714	53.2723509577137	42.1630483780832	95.4353993357969	1.800748	93.6346513357969	82.8590687494956	100.105840581728	830.633662424864
15	231947	232414	467	232180.5	274.205268419212	491.502086845735	765.707355264947	1.100719	764.606636264947	308.578604632021	557.677589241423	866.256193873444	2.514919	863.741274873444	879.78165810519	923.435342929326	8819.50849599166
15	232629	232798	169	232713.5	35.3154618731086	55.2017035067173	90.5171653798259	0.398333	90.1188323798259	88.3911074732372	143.185999899804	231.577107373041	1.812533	229.764574373041	103.693706040701	245.643845791979	1039.49373458918
15	233743	234261	518	234002	246.970626640168	356.058297817432	603.0289244576	1.220926	601.8079984576	330.955614105677	400.581010464747	731.536624570424	2.635126	728.901498570424	692.460166616351	779.276647851176	6941.67497849621
15	234498	235235	737	234866.5	371.262811936701	280.216232137426	651.479044074127	1.737109	649.741935074127	446.857370875464	327.780827635288	774.638198510752	3.151309	771.486889510752	747.614537813026	824.805159953974	7494.57857779129
15	238373	238557	184	238465	63.7178354571968	47.9643063846269	111.682141841824	0.433688	111.248453841824	74.3204242356662	50.8935861682487	125.214010403915	1.847888	123.366122403915	128.00614661247	131.892084889207	1283.21758834946
15	241177	241546	369	241361.5	41.3479261769258	81.3813165503658	122.729242727292	0.869733	121.859509727292	45.5316401270692	90.9481771191203	136.479817246189	2.283933	134.195884246189	140.215578101015	143.470302963976	1405.61293923274
15	242644	243345	701	242994.5	686.795005960854	669.898245750555	1356.69325171141	1.652257	1355.04099471141	711.87708911152	692.954773731985	1404.83186284351	3.066457	1401.76540584351	1559.15493874241	1498.64288752581	15629.9919441625
15	246895	247187	292	247041	247.92835272537	159.281438284821	407.209791010191	0.688244	406.521547010191	265.63603502243	163.684158199942	429.320193222372	2.102444	427.217749222372	467.757123363735	456.743217251554	4689.10426304185
15	252772	252890	118	252831	16.7605565005731	34.6694442777858	51.4300007783588	0.278126	51.1518747783588	32.2148774237302	56.2461319533972	88.4610093771274	1.692326	86.7686833771274	58.857037165578	92.7653583552826	590.021551993584
15	253729	254127	398	253928	143.465407509917	241.475076960079	384.940484469997	0.938086	384.002398469997	152.006040127711	264.525604778085	416.531644905797	2.352286	414.179358905797	441.845847026154	442.803730065421	4429.35263069541
15	255147	255286	139	255216.5	33.9473246097012	39.1157653804551	73.0630899901563	0.327623	72.7354669901563	48.5179214632194	49.1956399219659	97.7135613851853	1.741823	95.9717383851853	83.6918314811502	102.604446175427	838.981822356717
15	256166	256375	209	256270.5	59.1185101872141	64.0928456712	123.211355858414	0.492613	122.718742858414	70.7816278508846	65.5707859252675	136.352413776152	1.906813	134.445600776152	141.20424013054	143.737277665996	1415.52393599964
15	259177	259358	181	259267.5	63.1910211085651	56.2310315421133	119.422052650678	0.426617	118.995435650678	80.314687499017	63.0830181669322	143.397705665949	1.840817	141.556888665949	136.920079840148	151.340034142055	1372.5767027501
15	259730	259805	75	259767.5	13.8313767196751	13.600770438744	27.4321471584191	0.176775	27.2553721584191	34.2857338268177	27.3368445627004	61.6225783895181	1.590975	60.0316033895181	31.3609317163957	64.1804506456165	314.382552951446
15	260115	260209	94	260162	15.9110333624512	10.3867829006511	26.2978162631022	0.221558	26.0762582631022	26.2654153806124	17.4710758527044	43.7364912333168	1.635758	42.1007332333168	30.0042043108056	45.0103591918544	300.781827396293
15	265168	265352	184	265260	40.739509605727	45.8592490500223	86.5987586557494	0.433688	86.1650706557494	49.6486522604818	54.2471775086745	103.895829769156	1.847888	102.047941769156	99.1443771696458	109.100582366682	993.888277530953
15	267388	268242	854	267815	1249.05502001195	1608.65371425774	2857.70873426969	2.012878	2855.69585626969	1270.49100385527	1631.91114771115	2902.40215156642	3.427078	2898.97507356642	3285.85800372584	3099.32629026512	32939.5962208357
15	271533	271817	284	271675	183.096986939393	122.953548836627	306.050535776021	0.669388	305.381147776021	194.343493255987	139.959612023968	334.303105279955	2.083588	332.219517279955	351.381638350515	355.179557573164	3522.48005652024
15	273757	273971	214	273864	56.1092282246051	94.7371803186848	150.84640854329	0.504398	150.34201054329	62.6191055315293	117.018687191175	179.637792722704	1.918598	177.719194722704	172.988484594856	190.001555208682	1734.15005363824
15	274383	274860	477	274621.5	213.161405791943	166.012321611198	379.173727403141	1.124289	378.049438403141	224.233407355621	178.12245144996	402.355858805581	2.538489	399.817369805581	434.996174488866	427.449168791446	4360.68701965337
15	277620	278002	382	277811	71.5191479384242	53.8088655705476	125.328013508972	0.900374	124.427639508972	81.9420318223434	57.6254695218628	139.567501344206	2.314574	137.252927344206	143.170553078205	146.738621526129	1435.23554692939
15	282093	282232	139	282162.5	33.2111045575702	35.9575793622058	69.168683919776	0.327623	68.841060919776	47.0659819173228	56.9931522996915	104.059134217014	1.741823	102.317311217014	79.2107991863338	109.388568220425	794.06101498269
15	285461	286088	627	285774.5	275.066291870563	587.898412353894	862.964704224457	1.477839	861.486865224457	283.362417828827	619.784680827433	903.147098656261	2.892039	900.255059656261	991.255250445387	962.472633786485	9936.99291461492
15	288025	288717	692	288371	362.148963706462	371.507318596231	733.656282302693	1.631044	732.025238302693	373.730379144842	377.191873424177	750.922252569019	3.045244	747.877008569019	842.292425128295	799.563575305673	8443.69183091134
15	292167	292374	207	292270.5	40.2309957555387	33.5142128132085	73.7452085687472	0.487899	73.2573095687472	44.7389185360283	41.9537426773075	86.6926612133358	1.902099	84.7905622133358	84.2922807936297	90.6505271571217	845.001120172304
15	296235	296456	221	296345.5	36.5199946804869	71.2034393395954	107.723434020082	0.520897	107.202537020082	41.5559318422929	89.2469307829543	130.802862625247	1.935097	128.867765625247	123.350781041259	137.773952460617	1236.54914984658
15	296781	296966	185	296873.5	71.6796523100176	27.5057491630875	99.1854014731051	0.436045	98.7493564731051	78.5940406344466	34.9796527268092	113.573693361256	1.850245	111.723448361256	113.624272212862	119.444773396802	1139.04424455776
15	303236	303392	156	303314	27.7357554276761	58.6701979767138	86.4059534043899	0.367692	86.0382614043899	30.0745191276475	67.0386259042378	97.1131450318853	1.781892	95.3312530318853	98.9984662552845	101.919696205649	992.425570804787
15	304442	304564	122	304503	39.7646830547662	20.4229562518901	60.1876393066563	0.287554	59.9000853066563	143.398605690463	58.4214912027869	201.82009689325	1.701754	200.11834289325	68.9230172382018	213.948732070437	690.929539734757
15	304789	304933	144	304861	70.400017457115	10.7756934932533	81.1757109503683	0.339408	80.8363029503683	133.565237862957	31.7788655482492	165.344103411206	1.753608	163.590495411206	93.0129209866353	174.896406626115	932.422538389121
15	312589	312887	298	312738	156.279356518321	230.351974004574	386.631330522894	0.702386	385.928944522894	160.275165350567	244.819168041751	405.094333392318	2.116586	402.977747392318	444.062594567234	430.827963397531	4451.5747622799
15	315538	315791	253	315664.5	65.4120816027013	108.725061301004	174.137142903705	0.596321	173.540821903705	82.3357425456848	150.308693897771	232.644436443456	2.010521	230.633915443456	199.681803429279	246.57326793821	2001.74139300924
15	316258	316691	433	316474.5	205.876707381527	136.404115184323	342.280822565849	1.020581	341.260241565849	227.733802694489	146.215082401712	373.948885096201	2.434781	371.514104096201	392.665309101693	397.189834617344	3936.33465508042
15	323068	323159	91	323113.5	5.79915794934536	6.46167599408433	12.2608339434297	0.214487	12.0463469434297	8.59633413491424	8.33972714581232	16.9360612807266	1.628687	15.3073742807266	13.8609248015061	16.3652830187389	138.951003266504
15	324631	324812	181	324721.5	27.8369581840951	23.5847423681938	51.4217005522889	0.426617	50.9950835522889	35.5745689303039	32.5752872400682	68.1498561703721	1.840817	66.3090391703721	58.6766280005177	70.8917266163741	588.213012170838
15	329156	329303	147	329229.5	2.69277334199039	4.51302291940002	7.2057962613904	0.346479	6.8593172613904	3.49529519995722	5.54835111822003	9.04364631817725	1.760679	7.28296731817725	7.89255707114278	7.78630085032058	79.1201697634393
15	331194	331350	156	331272	11.2992077520018	12.28253453448	23.5817422864818	0.367692	23.2140502864818	13.2356604943905	13.7847754504149	27.0204359448055	1.781892	25.2385439448055	26.7108532462452	26.9828062646689	267.767115818048
15	349251	349316	65	349283.5	4.08631129722625	16.7834571243082	20.8697684215344	0.153205	20.7165634215344	12.3024350765031	29.367399868123	41.6698349446262	1.567405	40.1024299446262	23.8371623430735	42.8739510609136	238.959353003394
15	349629	349786	157	349707.5	13.6234710570317	9.44065713140196	23.0641281884337	0.370049	22.6940791884337	18.0754923149539	14.1364850297881	32.2119773447419	1.784249	30.4277283447419	26.1125573211115	32.5306206568675	261.769404969882
15	356371	356482	111	356426.5	5.25784320577222	5.31134466297001	10.5691878687422	0.261627	10.3075608687422	6.97729003765779	6.91438832442899	13.8916783620868	1.675827	12.2158513620868	11.8602200948984	13.0601016992908	118.894626783389
15	357242	357316	74	357279	6.88878762715304	2.79327607934324	9.68206370649628	0.174418	9.50764570649628	13.3287630301871	7.64390819406986	20.9726712242569	1.588618	19.3840532242569	10.9398112802143	20.7237055322205	109.667845017587
15	367770	367973	203	367871.5	15.9800352418278	24.405564724604	40.3855999664318	0.478471	39.9071289664318	17.7934846340235	26.7979298844969	44.5914145185204	1.892671	42.6987435185204	45.9184611106868	45.6496985969015	460.316777643191
15	370932	371105	173	371018.5	9.52955955280165	12.4437389251395	21.9732984779412	0.407761	21.5655374779412	11.6555174566667	14.7892028076011	26.4447202642678	1.821961	24.6227592642678	24.814019942273	26.3244640571297	248.75201441676
15	377910	378004	94	377957	13.482267211119	8.23262422869301	21.714891439812	0.221558	21.493333439812	17.5365776367503	14.2084869908767	31.745064627627	1.635758	30.109306627627	24.7309395903977	32.1901924799424	247.919162467115
15	394603	394918	315	394760.5	30.0593187136399	65.5944865707925	95.6538052844323	0.742455	94.9113502844323	31.0363453245228	67.7097441832179	98.7460895077408	2.156655	96.5894345077408	109.208135485377	103.264831926753	1094.77399292351
15	397232	397570	338	397401	102.449490375789	66.6795161233084	169.129006499097	0.796666	168.332340499097	104.441544632574	69.7473996820257	174.188944314599	2.210866	171.978078314599	193.688752638168	183.863664206666	1941.66312031264
15	400167	400321	154	400244	14.8646048612967	14.6561991850346	29.5208040463313	0.362978	29.1578260463313	17.0269637566009	17.1113660554326	34.1383298120335	1.777178	32.3611518120335	33.5499580164448	34.5976650537068	336.326788630117
15	405429	405607	178	405518	25.6296980658342	29.5659052747354	55.1956033405696	0.419546	54.7760573405696	28.7671835202705	31.2201503307463	59.9873338510167	1.833746	58.1535878510167	63.027141363775	62.1726434778084	631.825412151772
15	408152	408337	185	408244.5	33.8106208863566	24.0276544316125	57.8382753179691	0.436045	57.4022303179691	36.5091943863236	25.733600895794	62.2427952821175	1.850245	60.3925502821175	66.0489027596923	64.5663429576351	662.117530723044
15	409998	410440	442	410219	90.3406605724351	98.319377885567	188.660038458002	1.041794	187.618244458002	93.3080413937996	101.004851028725	194.312892422524	2.455994	191.856898422524	215.879750934897	205.116330482319	2164.12024499747
15	412459	412707	248	412583	47.4016910608984	38.9114598158661	86.3131508767646	0.584536	85.7286148767646	49.0541360678821	40.1747942248001	89.2289302926822	1.998736	87.2301942926822	98.6421767299522	93.2587647756641	988.853890869486
15	417893	418364	471	418128.5	137.329140378864	152.290447874011	289.619588252875	1.110147	288.509441252875	139.553900973778	156.675467307032	296.22936828081	2.524347	293.70502128081	331.968495387872	314.003284243015	3327.86997603541
15	421763	421904	141	421833.5	21.2898798639418	23.7639472491255	45.0538271130672	0.332337	44.7214901130672	23.6241434413451	26.8564314778814	50.4805749192265	1.746537	48.7340379192265	51.458024111336	52.1020985420264	515.848991230742
15	422258	422495	237	422376.5	30.6045335634386	30.3766273560484	60.9811609194871	0.558609	60.4225519194871	33.3433081583468	34.2627332003588	67.6060413587056	1.972809	65.6332323587056	69.5241845850957	70.1692140850879	696.956035598359
15	424020	424632	612	424326	240.680855328183	150.060187129292	390.741042457474	1.442484	389.298558457474	245.524587254971	155.812043790311	401.336631045282	2.856684	398.479947045282	447.939783691593	426.01931533738	4490.44224957953
15	426200	426448	248	426324	75.7662636154151	97.3240507762407	173.090314391656	0.584536	172.505778391656	77.7090165293991	99.7207160532542	177.429732582653	1.998736	175.430996582653	198.490848166727	187.55521728827	1989.80247616589
15	430041	430194	153	430117.5	24.9781803207059	28.5234768825303	53.5016572032362	0.360621	53.1410362032362	28.6364799603499	33.5393134968658	62.1757934572156	1.774821	60.4009724572156	61.1458320224554	64.5753471981133	612.965933136158
15	431723	432119	396	431921	47.1735848480607	30.6513348381462	77.824919686207	0.933372	76.891547686207	49.6801531184581	33.9089235637873	83.5890766822454	2.347572	81.2415046822454	88.4739552459293	86.8561905268865	886.920968147945
15	436515	436731	216	436623	17.7205826484212	24.0611553440635	41.7817379924847	0.509112	41.2726259924847	21.4814850826164	27.2613425062811	48.7428275888976	1.923312	46.8195155888976	47.4896471045555	50.0552615596069	476.067376776563
15	441195	441337	142	441266	26.6691263763273	21.6229889367003	48.2921153130276	0.334694	47.9574213130276	29.7524103544997	24.9188787055316	54.6712890600312	1.748894	52.9223950600312	55.1813934643963	56.5799174504677	553.174488233891
15	443723	443985	262	443854	40.0839917516495	43.3831816103639	83.4671733620134	0.617534	82.8496393620134	46.7996746640186	56.6225422055326	103.422216869551	2.031734	101.390482869551	95.3295323820233	108.397685790959	955.645770761957
15	446788	447083	295	446935.5	77.0433984002243	93.4087441365999	170.452142536824	0.695315	169.756827536824	79.7286715379346	97.8114640517211	177.540135589656	2.109515	175.430620589656	195.327814488485	187.554815310001	1958.09415155903
15	448910	449256	346	449083	172.137788448088	114.575520647625	286.713309095712	0.815522	285.897787095712	185.353048386836	122.255229816792	307.608278203628	2.229722	305.378556203628	328.963439826218	326.483589443469	3297.74532770616
15	453528	453674	146	453601	20.4916581230955	20.1824497013094	40.6741078244049	0.344122	40.3299858244049	25.9272061689434	24.6262707358854	50.5534769048287	1.758322	48.7951549048287	46.4050141825592	52.1674393867911	465.194304824619
15	457899	458512	613	458205.5	208.99269225036	225.266635497243	434.259327747603	1.444841	432.814486747603	226.846478526795	248.222260730425	475.06873925722	2.859041	472.20969825722	498.010648537985	504.844607210187	4992.38544633301
15	461454	462052	598	461753	293.935205795624	278.462684376747	572.397890172371	1.409486	570.988404172371	300.917295964021	283.773629028822	584.690924992844	2.823686	581.867238992844	656.99812315981	622.080695932268	6586.18019104658
15	462392	462921	529	462656.5	100.927148912383	70.7832278944644	171.710376806848	1.246853	170.463523806848	111.324332096303	78.0380254904845	189.362357586787	2.661053	186.701304586787	196.140962565848	199.604428133545	1966.24568132864
15	467972	468202	230	468087	33.9888257400509	29.5032035669541	63.492029307005	0.54211	62.949919307005	45.9832524274527	40.703408622459	86.6866610499117	1.95631	84.7303510499117	72.4322570047823	90.5861547368587	726.108461289551
15	471755	471835	80	471795	7.13449431936793	21.3505815172484	28.4850758366163	0.18856	28.2965158366163	10.9135972492828	30.774438191063	41.6880354403458	1.60276	40.0852754403458	32.5589060316653	42.8556109907979	326.391833383884
15	472430	472561	131	472495.5	40.9117142959973	10.9184973827457	51.830211678743	0.308767	51.521444678743	80.0483802457128	22.5728148067276	102.62119505244	1.722967	100.89822805244	59.2822765034604	107.871410725646	594.284430082405
15	474472	474663	191	474567.5	23.6411439043799	21.2971800627743	44.9383239671542	0.450187	44.4881369671542	28.1916678451802	24.5930698316056	52.7847376767858	1.864387	50.9203506767858	51.1895202717169	54.4395096739923	513.157332598272
15	478541	478657	116	478599	1.42013867974915	6.3047717205454	7.72491040029455	0.273412	7.45149840029455	4.04711022952245	11.2022051099796	15.2493153395021	1.687612	13.5617033395021	8.57394025508781	14.4989669225357	85.9508018009063
15	479244	479471	227	479357.5	101.41366216335	243.363728400523	344.777390563873	0.535039	344.242351563873	106.158191388195	258.820049378155	364.97824076635	1.949239	363.02900176635	396.096623393614	388.118317940195	3970.73240055648
15	479780	480146	366	479963	98.8436921661054	97.6725602684543	196.51625243456	0.862662	195.65359043456	133.369432529885	131.907692717063	265.277125246948	2.276862	263.000263246948	225.125485501416	281.17648808381	2256.80555368727
15	480453	482022	1569	481237.5	471.821050801229	190.020175503511	661.84122630474	3.698133	658.14309330474	525.65331700913	215.498469445611	741.151786454742	5.112333	736.039453454742	757.281188045409	786.907914305798	7591.48342124518
15	486945	487645	700	487295	843.571976032476	1035.90971465853	1879.481690691	1.6499	1877.831790691	873.802299403702	1055.42194610537	1929.22424550907	3.0641	1926.16014550907	2160.69530147826	2059.27909924831	21660.22716327
15	490883	491110	227	490996.5	79.1468556912492	159.758351274309	238.905206965558	0.535039	238.370167965558	80.8661025176873	167.370658607679	248.236761125366	1.949239	246.287522125366	274.276590953996	263.308711843572	2749.52847889581
15	492920	493371	451	493145.5	110.829918630161	166.726941075002	277.556859705163	1.063007	276.493852705163	114.597521246846	171.375867695957	285.973388942803	2.477207	283.496181942803	318.142962212729	303.088901279917	3189.27376164921
15	494209	495157	948	494683	2341.83348358184	1074.83327480396	3416.66675838581	2.234436	3414.43232238581	2368.21280206479	1089.33406975632	3457.5468718211	3.648636	3453.8982358211	3928.75864215705	3692.60077597401	39384.4539767183
15	502564	502715	151	502639.5	20.5917608495534	25.1883860459952	45.7801468955486	0.355907	45.4242398955486	23.2774339981587	28.7926842148227	52.0701182129814	1.770107	50.3000112129814	52.2666312297423	53.7762978973236	523.954999448807
15	504557	504777	220	504667	53.0335444534365	52.1048191581171	105.138363611554	0.51854	104.619823611554	58.9417053716521	64.8475662272218	123.789271598874	1.93274	121.856531598874	120.379025661178	130.278164675726	1206.75832438305
15	505183	505281	98	505232	38.9251601890177	18.9351157281729	57.8602759171906	0.230986	57.6292899171906	72.393171743861	42.4188553453952	114.812027089256	1.645186	113.166841089256	66.3101650365509	120.987920514505	664.736595179786
15	511284	511704	420	511494	202.598218086625	316.756327365384	519.354545452009	0.98994	518.364605452009	224.977127612032	329.9899878053	554.967115417332	2.40414	552.562975417332	596.447441674551	590.751183876579	5979.18043732646
15	514445	515013	568	514729	129.519727677014	98.8910934571553	228.410821134169	1.338776	227.072045134169	136.141208023625	106.127690557456	242.268898581081	2.752976	239.515922581081	261.276597536948	256.069119931894	2619.20801661609
15	520137	521089	952	520613	531.802784499716	383.656149489078	915.458933988795	2.243864	913.215069988795	560.04005358692	388.374578003028	948.414631589948	3.658064	944.756567589948	1050.77543193464	1010.04968774357	10533.6622603455
15	522618	522890	272	522754	237.895879474909	250.299717313279	488.195596788188	0.641104	487.554492788188	256.26827987663	255.297653440066	511.565933316696	2.055304	509.510629316696	560.996308084871	544.723444851165	5623.79501753935
15	524959	525150	191	525054.5	64.6367604855902	55.4876112938734	120.124371779464	0.450187	119.674184779464	68.9163770477946	58.5552948471432	127.471671894938	1.864387	125.607284894938	137.701071013435	134.288136477412	1380.40587061766
15	530366	530473	107	530419.5	12.6787453259149	9.67266345046527	22.3514087763801	0.252199	22.0992097763801	33.675017192973	22.7311191183988	56.4061363113719	1.666399	54.7397373113719	25.4280809212608	58.5228581364186	254.907764506963
15	531259	531431	172	531345	53.2741510067409	36.092583039247	89.3667340459879	0.405404	88.9613300459879	58.7950013759341	40.8981139255695	99.6931153015035	1.819604	97.8735113015035	102.36184561179	104.637652618423	1026.14229192151
15	533797	533989	192	533893	74.3714256247707	50.8608852775876	125.232310902358	0.452544	124.779766902358	89.3166326813971	56.3283341923067	145.644966873704	1.866744	143.778222873704	143.575722491239	153.714887093477	1439.29723092525
15	537169	537382	213	537275.5	100.060925319398	36.1251839271843	136.186109246582	0.502041	135.684068246582	107.324323149659	37.8849318567347	145.209255006394	1.916241	143.293014006394	156.122571893388	153.196144930968	1565.07508032769
15	539537	539695	158	539616	32.0348725210087	35.542168047814	67.5770405688227	0.372406	67.2046345688227	34.0382270855756	42.0541454119366	76.0923724975122	1.786606	74.3057664975122	77.3278729597953	79.4411161806646	775.185327248931
15	544422	544958	536	544690	401.09662450832	357.64794111391	758.744565622231	1.263352	757.481213622231	408.751332996553	364.319422822389	773.070755818942	2.677552	770.393203818942	871.582911390236	823.635888493581	8737.31888037186
15	546441	546667	226	546554	208.65338300873	143.513708825481	352.167091834211	0.532682	351.634409834211	219.389775431556	145.391759977209	364.781535408765	1.946882	362.834653408765	404.602169871285	387.910537963186	4055.99757826482
15	550302	550999	697	550650.5	282.787802178251	266.506158721641	549.293960899892	1.642829	547.651131899892	289.796493071161	274.650880556171	564.447373627333	3.057029	561.390344627333	630.14548662525	600.188621857987	6316.99174653367
15	552887	553183	296	553035	102.093980692914	178.693767010653	280.787747703567	0.697672	280.090075703567	108.634858844196	196.370348460632	305.005207304827	2.111872	302.893335304827	322.280895213032	323.826612314206	3230.75511661473
15	554675	554767	92	554721	9.93497059482003	22.4912125841605	32.4261831789805	0.216844	32.2093391789805	15.28621634456	37.8309303859183	53.1171467304783	1.631044	51.4861027304783	37.0611298481285	55.0443614472168	371.525078472981
15	558690	558943	253	558816.5	185.058040351821	169.109505967969	354.16754631979	0.596321	353.57122531979	194.216189788673	182.740377226557	376.956567015231	2.010521	374.946046015231	406.830733760908	400.858961652377	4078.33816467887
15	559774	559956	182	559865	30.0941196614994	28.2529695148293	58.3470891763286	0.428974	57.9181151763286	45.2413322200688	39.0792643862921	84.3205966063609	1.843174	82.4774226063609	66.642496922432	88.177524038771	668.068108020516
15	560697	560906	209	560801.5	66.8374204240847	50.0038619351856	116.84128235927	0.492613	116.34866935927	80.5913950355895	58.1395835245802	138.73097856017	1.906813	136.82416556017	133.874623096734	146.280227564194	1342.04704647088
15	566259	566602	343	566430.5	88.174101562734	100.220129655583	188.394231218317	0.808451	187.585780218317	92.9689321576169	108.749561968319	201.718494125936	2.222651	199.495843125936	215.842396508104	213.283210689411	2163.74577971802
15	569630	569797	167	569713.5	82.1240367795396	77.2327035562531	159.356740335793	0.393619	158.963121335793	86.7244620794833	86.3190510374649	173.043513116948	1.807819	171.235694116948	182.90821951213	183.069973056218	1833.59198400231
15	570824	571098	274	570961	269.71844621343	215.048857199702	484.767303413133	0.645818	484.121485413133	273.935661076025	227.652900490988	501.588561567012	2.060018	499.528543567012	557.046176373397	534.051486655397	5584.19630589462
15	571897	572159	262	572028	69.7301992135434	63.6834345202322	133.413633733776	0.617534	132.796099733776	75.9448684800043	66.6954165563821	142.640285036386	2.031734	140.608551036386	152.79957990477	150.326155901379	1531.76322868162
15	572894	573053	159	572973.5	35.8040751812738	45.1757304332992	80.979805614573	0.374763	80.605042614573	40.6453070399694	49.4468467639862	90.0921538039557	1.788963	88.3031908039557	92.7468252034836	94.4059172044917	929.755019694416
15	574822	574930	108	574876	34.0296268513345	10.8941967208783	44.9238235722128	0.254556	44.6692675722128	44.8312210500349	17.1869681145756	62.0181891646106	1.668756	60.3494331646106	51.3979351304087	64.5202459707833	515.2466198663
15	578023	578261	238	578142	51.9272143207652	65.7983921244865	117.725606445252	0.560966	117.164640445252	61.0065616113156	74.4080266216574	135.414588232973	1.975166	133.439422232973	134.813506387752	142.661561065321	1351.4590285071
15	579926	580061	135	579993.5	34.8537492976279	6.00016342405107	40.8539127216789	0.318195	40.5357177216789	85.4960286211325	27.7042545696998	113.200283190832	1.732395	111.467888190832	46.641736100895	119.171551194182	467.56736062854
15	584065	584273	208	584169	67.9763514446933	119.602157556124	187.578509000817	0.490256	187.088253000817	72.0350619901689	135.442789001066	207.477850991235	1.904456	205.573394991235	215.26992525347	219.780788556957	2158.00695230846
15	586012	586818	806	586415	1127.42730728659	1536.11573856991	2663.5430458565	1.899742	2661.6433038565	1148.64328513769	1553.97832508604	2702.62161022373	3.313942	2699.30766822373	3062.57472546973	2885.85966051369	30701.2581611018
15	587433	588236	803	587834.5	600.594658156462	206.865334308363	807.459992464825	1.892671	805.567321464825	647.061023742275	217.07071226816	864.131736010435	3.306871	860.824865010435	926.912375827324	920.317376912981	9291.97772917366
15	592607	592841	234	592724	131.263375168043	150.967211833561	282.230587001604	0.551538	281.679049001604	139.775006995955	159.033531532684	298.808538528638	1.965738	296.842800528638	324.109220389048	317.357918715217	3249.08344759862
15	594293	594448	155	594370.5	28.8336853315537	22.577914945638	51.4116002771918	0.365335	51.0462652771918	33.351108370798	25.4801939938516	58.8313023646496	1.779535	57.0517673646496	58.7355193842228	60.994675018649	588.803378035075
15	602472	602635	163	602553.5	13.4037650729877	19.822939909485	33.2267049824727	0.384191	32.8425139824727	15.852031755448	22.9218243125599	38.7738560680079	1.798391	36.9754650680079	37.7896816969693	39.5308783524905	378.828560150992
15	605158	605343	185	605250.5	24.9575797596167	46.6596708507908	71.6172506104075	0.436045	71.1812056104075	27.0948379712637	54.1039736082872	81.1988115795509	1.850245	79.3485665795509	81.9034469851903	84.8324294807772	821.053882951629
15	606214	606581	367	606397.5	167.345557924022	189.501761383673	356.847319307695	0.865019	355.982300307695	177.462833484209	196.850761545451	374.31359502966	2.279219	372.03437602966	409.604996303327	397.746063091386	4106.14919237826
15	609196	609416	220	609306	57.2251586187548	58.121983045203	115.347141663958	0.51854	114.828601663958	60.4071452852529	61.2206674428304	121.627812728083	1.93274	119.695072728083	132.125582983838	127.967325108787	1324.51352097236
15	611445	611972	527	611708.5	131.875791848191	132.968721615882	264.844513464074	1.242139	263.602374464074	138.89488302437	141.164644844965	280.059527869335	2.656339	277.403188869335	303.309601417201	296.574815046063	3040.57442204031
15	616994	617132	138	617063	16.3898464036904	26.3941188860583	42.7839652897487	0.325266	42.4586992897487	18.9588163736979	35.5802690855567	54.5390854592546	1.739466	52.7996194592546	48.854382227963	56.4486566987767	489.748376948348
15	618484	618742	258	618613	58.7808009891638	90.1220546183522	148.902855607516	0.608106	148.294749607516	61.1710660918583	96.5044284525153	157.675494544374	2.022306	155.653188544374	170.632838521147	166.410544132648	1710.53551204236
15	619082	619648	566	619365	280.24793300085	115.479845278353	395.727778279203	1.334062	394.393716279203	292.27016044545	120.097171038608	412.367331484058	2.748262	409.619069484058	453.802440624059	437.928274244883	4549.21336869598
15	624459	624675	216	624567	77.7727182644177	50.5409765643619	128.31369482878	0.509112	127.80458282878	87.3513791545729	53.5192576826134	140.870636837186	1.923312	138.947324837186	147.056175635368	148.550120612147	1474.18757649196
15	628013	628209	196	628111	29.4004007669553	75.7074620138594	105.107862780815	0.461972	104.645890780815	30.9363426007887	82.3961441908203	113.332486791609	1.876172	111.456314791609	120.409019407383	119.159177945165	1207.05900137153
15	630734	630825	91	630779.5	8.60173428199588	10.2274785617425	18.8292128437384	0.214487	18.6147258437384	12.1978322274772	14.9857081597388	27.1835403872159	1.628687	25.5548533872159	21.4187185818551	27.3209761853629	214.715286191315
15	631823	632113	290	631968	171.548372394398	157.62719322881	329.175565623208	0.68353	328.492035623208	178.966374435553	166.232427606137	345.198802041689	2.09773	343.101072041689	377.973789485647	366.813148030536	3789.05722450542
15	633596	633820	224	633708	70.9804332656682	61.5800772319311	132.560510497599	0.527968	132.032542497599	76.2439766266933	66.4239091614438	142.667885788137	1.942168	140.725717788137	151.921005721079	150.451420170588	1522.95582470129
15	638460	639405	945	638932.5	437.847025464291	621.831436574101	1059.67846203839	2.227365	1057.45109703839	442.858361956058	630.002859135869	1072.86122109193	3.641565	1069.21965609193	1216.73817018143	1143.11455121175	12197.3816235544
15	642215	642351	136	642283	10.5051861255524	15.2378150262726	25.743001151825	0.320552	25.422449151825	32.0815737929925	37.7887292365025	69.870303029495	1.734752	68.135551029495	29.2519099456747	72.8444706313464	293.240335159403
15	644352	644479	127	644415.5	11.741919809973	13.358863850031	25.1007836600041	0.299339	24.8014446600041	14.9349067760818	16.1536399702303	31.0885467463121	1.713539	29.3750077463121	28.537361659547	31.4051454305478	286.077234380657
15	649041	649275	234	649158	121.21210140552	89.6908428736104	210.902944279131	0.551538	210.351406279131	125.824927043207	95.0220880786035	220.847015121811	1.965738	218.881277121811	242.037278024468	234.008392419829	2426.3404564275
15	653975	654208	233	654091.5	92.1052086327248	98.4249807618303	190.530189394555	0.549181	189.981008394555	114.349014478367	106.082089315433	220.4311037938	1.963381	218.4677227938	218.598425185445	233.566256917201	2191.37401919207
15	656947	657211	264	657079	217.119013583724	141.325649230177	358.444662813901	0.622248	357.822414813901	232.690737704545	150.720705119556	383.411442824101	2.036448	381.374994824101	411.722292851107	407.73222187589	4127.37436196397
15	658492	658653	161	658572.5	28.5366772420632	32.8137937361742	61.3504709782374	0.379477	60.9709939782374	34.819848374282	35.7341732773836	70.5540216516656	1.793677	68.7603446516656	70.1552401382871	73.5124443979511	703.282150449174
15	661654	662392	738	662023	812.426727741807	835.98706944541	1648.41379718722	1.739466	1646.67433118722	818.688198282976	844.483100848419	1663.17129913139	3.153666	1660.01763313139	1894.71789118653	1774.74319789108	18993.8951157686
15	664515	664686	171	664600.5	24.61247036001	27.2693427241798	51.8818130841899	0.403047	51.4787660841899	27.1681399677609	30.2029226249222	57.371062592683	1.817247	55.553815592683	59.2331691024771	59.3931982240612	593.792145279467
15	667281	667493	212	667387	47.4918935177067	77.6440147589718	125.135908276678	0.499684	124.636224276678	49.6093511900543	81.4543185386917	131.063669728746	1.913884	129.149785728746	143.410557603518	138.075463270118	1437.64150973912
15	670511	671714	1203	671112.5	242.642308751505	283.85873134672	526.501040098225	2.835471	523.665569098225	248.327463595793	288.941469783234	537.268933379027	4.249671	533.019262379027	602.546905588446	569.856784272619	6040.32546497509
15	673818	674002	184	673910	57.7053716981264	56.7547458063092	114.460117504436	0.433688	114.026429504436	63.8329385922148	61.4215729148124	125.254511507027	1.847888	123.406623507027	131.202577193517	131.935385066158	1315.26070541911
15	675230	675425	195	675327.5	36.4699933186198	28.5415773755261	65.0115706941459	0.459615	64.5519556941459	48.019207879957	33.9270240567832	81.9462319367402	1.873815	80.0724169367402	74.2756130027223	85.6063058975532	744.587471092942
15	675674	675802	128	675738	24.9095784522243	11.0381006403318	35.9476790925561	0.301696	35.6459830925561	36.5144945306815	15.5802243523385	52.09471888302	1.715896	50.37882288302	41.0154458809741	53.8605563247787	411.165736500143
15	678981	679155	174	679068	29.0375908852477	41.1551209255663	70.192711810814	0.410118	69.782593810814	45.9612518282312	56.0325261355009	101.993777963732	1.824318	100.169459963732	80.2941580387817	107.092276707753	804.921314825664
15	682213	682429	216	682321	36.6186973688125	108.269548894395	144.888246263207	0.509112	144.379134263207	42.9474697430541	116.814381626586	159.76185136964	1.923312	157.83853936964	166.127402135	168.746926852168	1665.37006204723
15	682730	682945	215	682837.5	80.9615051161297	34.9697524571595	115.931257573289	0.506755	115.424502573289	88.5382114798502	41.5914328092186	130.129644289069	1.920955	128.208689289069	132.811246258537	137.069326665578	1331.38705944737
15	683461	683942	481	683701.5	163.232145888664	115.866255802862	279.098401691526	1.133717	277.964684691526	173.316320547295	120.564583769341	293.880904316636	2.547917	291.332987316636	319.835350092171	311.46731651649	3206.23936799454
15	685523	685668	145	685595.5	26.8734319409162	25.2154867841272	52.0889187250434	0.341765	51.7471537250434	29.2723972805756	26.4204196024004	55.6928168829759	1.755965	53.9368518829759	59.541984789506	57.6644844515297	596.887916315787
15	689418	689540	122	689479	22.4149105059513	16.2825434811237	38.697453987075	0.287554	38.409899987075	25.9011054580487	20.6767631647275	46.5778686227762	1.701754	44.8761146227762	44.1956999789547	47.9775501084986	443.04668989142
15	690386	690564	178	690475	54.5091846448581	62.3630985587698	116.872283203628	0.419546	116.452737203628	63.9192409427974	68.1322556909949	132.051496633792	1.833746	130.217750633792	133.994366996828	139.21723635312	1343.24743787993
15	692164	692412	248	692288	82.3067417558019	88.733516799303	171.040258555105	0.584536	170.455722555105	89.2660313031876	91.0586801288465	180.324711432034	1.998736	178.325975432034	196.131986187841	190.650271171092	1966.15569622681
15	700780	701192	412	700986	1342.25105835517	1712.43894101445	3054.68999936962	0.971084	3053.71891536962	1368.55767485796	1733.45061330096	3102.00828815892	2.385284	3099.62300415892	3513.7098781603	3313.84121039776	35223.7328857559
15	702171	702323	152	702247	49.0404356947305	30.3872276447643	79.4276633394948	0.358264	79.0693993394948	56.950451136657	36.3111889933299	93.2616401299869	1.772464	91.4891761299869	90.9798633138953	97.812089327669	912.041834549274
15	712622	712778	156	712700	44.0511998049083	31.1647488217975	75.2159486267058	0.367692	74.8482566267058	51.008589300543	35.567368734195	86.575958034738	1.781892	84.794066034738	86.1228770430238	90.6542731313066	863.352217885608
15	716870	717048	178	716959	29.0445910759091	31.0174448097371	60.0620358856462	0.419546	59.6424898856462	30.864740650595	34.7140454925712	65.5787861431662	1.833746	63.7450401431662	68.626619435897	68.150526919387	687.958253721304
15	720322	720446	124	720384	23.7860478510707	27.4049464175634	51.1909942686341	0.292268	50.8987262686341	27.2186413432466	34.7023451738943	61.9209865171409	1.706468	60.2145185171409	58.5657561263231	64.3760072301135	587.101559769646
15	721738	721884	146	721811	31.3439537027292	34.3972368637813	65.7411905665105	0.344122	65.3970685665105	34.541440791406	45.0918281480862	79.6332689394922	1.758322	77.8749469394922	75.2480277959904	83.2569664373278	754.335594905078
15	722631	722888	257	722759.5	123.075452156859	79.5779674332672	202.653419590127	0.605749	202.047670590127	143.338404050775	88.1923020584536	231.530706109228	2.019949	229.510757109228	232.482725387276	245.37248695008	2330.55935280618
15	727260	727474	214	727367	57.2439591308169	63.2980240229607	120.541983153778	0.504398	120.037585153778	64.1983485447395	69.1794842139393	133.377832758679	1.918598	131.459234758679	138.119211490782	140.544520751766	1384.59758507147
15	733489	733841	352	733665	136.953230140347	197.551680636103	334.504910776451	0.829664	333.675246776451	144.773643141808	204.179961167929	348.953604309737	2.243864	346.709740309737	383.937763490613	370.671215158463	3848.84401242272
15	737850	738313	463	738081.5	270.811175975674	258.812549173875	529.623725149549	1.091291	528.532434149549	277.799166304771	268.028700190494	545.827866495265	2.505491	543.322375495265	608.146881316546	580.871956373925	6096.46329537462
15	741782	741956	174	741869	21.4508842491538	25.7235006206968	47.1743848698506	0.410118	46.7642668698506	23.7314463639119	29.4484020743477	53.1798484382596	1.824318	51.3555304382596	53.808510540542	54.904765166537	539.411809165299
15	742338	742540	202	742439	31.7130637560321	26.39871901135	58.1117827673821	0.476114	57.6356687673821	37.6684259598502	31.3453537408615	69.0137797007117	1.890314	67.1234657007117	66.3175047523369	71.7624390209019	664.810173305831
15	745371	745612	241	745491.5	32.4734844673068	28.2425692315609	60.7160536988677	0.568037	60.1480166988677	38.7592556703427	34.7317459746722	73.4910016450149	1.982237	71.5087646450149	69.2082952896736	76.4508105880399	693.789354071072
15	746456	746703	247	746579.5	36.566195938852	42.7465642710721	79.3127602099242	0.582179	78.7305812099242	38.9608611613908	46.4631654986531	85.4240266600439	1.996379	83.4276476600439	90.5900079795421	89.1934201454337	908.133668924475
15	747322	747497	175	747409.5	44.021598998683	32.5096854532986	76.5312844519816	0.412475	76.1188094519816	48.4670200768387	34.8414489626086	83.3084690394472	1.826675	81.4817940394473	87.5848171025448	87.1130865343194	878.007664105464
15	749025	749214	189	749119.5	59.4320187261208	56.2802328821905	115.712251608311	0.445473	115.266778608311	67.3500343859461	62.6669068334742	130.01694121942	1.859673	128.15726821942	132.629763853271	137.014351831717	1329.56776076075
15	755083	755311	228	755197	81.2412127344142	73.9787149286665	155.219927663081	0.537396	154.682531663081	83.5086744923631	80.0165793795654	163.525253871928	1.951596	161.573657871928	177.982831605058	172.740183323034	1784.21666446447
15	757693	758252	559	757972.5	94.554275336975	79.0926542149852	173.64692955196	1.317563	172.32936655196	99.5056101945019	84.0391889417729	183.544799136275	2.731763	180.813036136275	198.287862875369	193.309215256684	1987.76761844272
15	759528	759740	212	759634	96.8119368279979	110.709715356232	207.52165218423	0.499684	207.02196818423	101.711370271907	115.316340825048	217.027711096955	1.913884	215.113827096955	238.206316548644	229.980569960862	2387.9363854031
15	761348	761512	164	761430	20.8937690752306	48.3968181647773	69.2905872400079	0.386548	68.9040392400079	25.6278980168069	61.9025860159738	87.5304840327808	1.800748	85.7297360327808	79.2832641223812	91.6546082671237	794.78745104014
15	762125	762625	500	762375	810.36767166012	650.050605168308	1460.41827682843	1.1785	1459.23977682843	834.575430997178	662.780051875156	1497.35548287233	2.5927	1494.76278287233	1679.04950014886	1598.06741110288	16831.8936810375
15	767987	768374	387	768180.5	773.020054438009	754.62975354874	1527.64980798675	0.912159	1526.73764898675	784.757174117243	777.162867274145	1561.92004139139	2.326359	1559.59368239139	1756.71478196763	1667.37884228182	17610.4614160361
15	769451	770760	1309	770105.5	1163.98160290132	859.301404448626	2023.28300734994	3.085313	2020.19769434994	1170.48017990046	869.443580687024	2039.92376058748	4.499513	2035.42424758748	2324.50621396334	2176.09455835373	23302.3752134009
15	772237	772466	229	772351.5	97.8148641443281	84.0756899359359	181.890554080264	0.539753	181.350801080264	106.357596819321	85.8419380425291	192.19953486185	1.953953	190.24558186185	208.668223509655	203.39365413923	2091.82716317421
15	774315	774469	154	774392	37.952933708874	26.0923106658285	64.0452443747025	0.362978	63.6822663747025	46.3414621838686	27.809157426897	74.1506196107656	1.777178	72.3734416107656	73.2749197374455	77.3752462884272	734.555865326121
15	775433	775665	232	775549	81.4016171032838	75.0897451893533	156.491362292637	0.546824	155.944538292637	89.6107406918993	76.9074946986696	166.518235390569	1.961024	164.557211390569	179.43493812942	175.929933363678	1798.77353287689
15	779533	779695	162	779614	48.7758284877298	79.4924651044745	128.268293592204	0.381834	127.886459592204	77.4147085134494	118.278621507502	195.693330020951	1.796034	193.897296020951	147.150385744553	207.29774210502	1475.13200043023
15	781555	781794	239	781674.5	134.599866042711	155.379031996542	289.978898039252	0.563323	289.415575039252	147.830226392743	160.736677920601	308.566904313344	1.977523	306.589381313344	333.011122860919	327.778095950156	3338.32195781063
15	783339	783489	150	783414	18.7403104223387	12.6790453340861	31.4193557564248	0.35355	31.0658057564248	27.1734401121188	15.4784215795771	42.6518616916958	1.76775	40.8841116916958	35.7453425100675	43.7096556557561	358.334763012278
15	784665	784779	114	784722	21.7283918075162	15.887032708755	37.6154245162711	0.268698	37.3467265162711	30.6332343451503	22.2896070931124	52.9228414382627	1.682898	51.2399434382627	42.9723774564529	54.781189827387	430.783302400733
15	786955	787137	182	787046	27.7315553132792	30.2093227992411	57.9408781125204	0.428974	57.5119041125204	30.0812193101377	32.4407835766457	62.5220028867834	1.843174	60.6788288867834	66.1750970512987	64.8724065777992	663.382585088197
15	790032	790203	171	790117.5	41.3369258773151	45.942151307998	87.279077185313	0.403047	86.876030185313	43.7916927368181	47.8784040449393	91.6700967817574	1.817247	89.8528497817574	99.962430694293	96.0626747442996	1002.08898272222
15	792284	792442	158	792363	30.5919332202481	30.8427400513735	61.4346732716216	0.372406	61.0622672716216	35.4040642863371	34.1609304275974	69.5649947139345	1.786606	67.7783887139345	70.2602622053025	72.4626244524668	704.334960545607
15	795583	796017	434	795800	32.8786955038777	74.0535169660197	106.932212469897	1.022938	105.909274469897	58.9796064039474	119.568256632778	178.547863036725	2.437138	176.110725036725	121.862710421934	188.281922490793	1221.63175375306
15	796918	797255	337	797086.5	221.157823587176	261.892033048545	483.049856635722	0.794309	482.255547635722	234.605089844988	276.247324037864	510.852413882852	2.208509	508.643904882852	554.899166716574	543.796820180012	5562.67327261145
15	800755	800922	167	800838.5	26.474721081388	34.3875365995791	60.8622576809671	0.393619	60.4686386809671	29.0150902724075	39.917487216632	68.9325774890395	1.807819	67.1247584890396	69.5772135355501	71.7638211551909	697.487632585813
15	802367	802505	138	802436	31.9300696665353	31.3840547949466	63.3141244614819	0.325266	62.9888584614819	37.4844209481793	43.7865925979076	81.271013546087	1.739466	79.531547546087	72.4770616824637	85.028056454384	726.557612771434
15	803447	803663	216	803555	121.165700141708	108.718361118514	229.884061260221	0.509112	229.374949260221	135.971603404172	123.847573186811	259.819176590983	1.923312	257.895864590983	263.92639511178	275.719319067534	2645.77132582876
15	804226	804366	140	804296	30.5653324957348	25.4842941055247	56.0496266012595	0.32998	55.7196466012595	37.1067106606353	31.6382617186789	68.7449723793142	1.74418	67.0007923793142	64.1128663430862	71.6312876172254	642.709431602654
15	807046	807285	239	807165.5	74.2980236255498	93.5144470155869	167.812470641137	0.563323	167.249147641137	82.9811601246653	104.815254811168	187.796414935834	1.977523	185.818891935834	192.442395147368	198.661031016094	1929.16881518831
15	810844	811002	158	810923	29.6934087474965	20.4825578752357	50.1759666227322	0.372406	49.8035606227322	33.6198156894718	24.2521605463958	57.8719762358675	1.786606	56.0853702358675	57.3056223501397	59.9614891677662	574.469152123104
15	813744	813923	179	813833.5	51.2625962188278	78.9270497044814	130.189645923309	0.421903	129.767742923309	59.5953231739787	87.7135890199381	147.308912193917	1.836103	145.472809193917	149.315052502469	155.526588056776	1496.8320400782
15	817078	817228	150	817153	17.6825816134022	21.142675854605	38.8252574680073	0.35355	38.4717074680073	22.801421033184	26.2413147241924	49.0427357573764	1.76775	47.2749857573764	44.2668177086197	50.5422097505278	443.759620668298
15	818489	818647	158	818568	46.081355099436	51.8154112756304	97.8967663750664	0.372406	97.5243603750664	54.1300743191818	55.9989252203263	110.128999539508	1.786606	108.342393539508	112.214751228883	115.83005031987	1124.91428153915
15	820238	820413	175	820325.5	54.7631915631429	39.4714750687776	94.2346666319205	0.412475	93.8221916319205	59.6871256743667	41.4723295652511	101.159455239618	1.826675	99.3327802396179	107.954913554257	106.197773167821	1082.21087414621
15	825020	826049	1029	825534.5	662.64544820901	460.451041120823	1123.09648932983	2.425353	1120.67113632983	703.132750945479	471.062730147153	1174.19548109263	3.839553	1170.35592809263	1289.481236165	1251.24045735332	12926.6058379445
15	830801	831000	199	830900.5	31.2273505268551	50.6414793017148	81.8688298285699	0.469043	81.3997868285699	33.5773145318847	54.1432746787147	87.7205892105995	1.883243	85.8373462105995	93.6612841542654	91.7696554975241	938.922156121227
15	832115	832668	553	832391.5	140.883837196719	114.393415687705	255.277252884424	1.303421	253.973831884424	154.984321245963	130.571956336145	285.556277582108	2.717621	282.838656582108	292.230682200333	302.385933649909	2929.51206780799
15	836530	837616	1086	837073	384.258265888682	371.267312059269	755.525577947951	2.559702	752.965875947951	390.428833953976	376.580256765819	767.009090719795	3.973902	763.035188719795	866.387414676543	815.769353231206	8685.23581295943
15	841118	841299	181	841208.5	63.5886319381322	53.6539613514834	117.242593289616	0.426617	116.815976289616	67.7478452209607	60.6264512584019	128.374296479363	1.840817	126.533479479363	134.412321890497	135.278341343808	1347.43729192121
15	842190	842466	276	842328	125.211910346716	120.479981465062	245.691891811779	0.650532	245.041359811779	138.661576669898	133.468635231829	272.130211901728	2.064732	270.065479901728	281.952684706826	288.729989293339	2826.47867835202
15	847161	847335	174	847248	34.6342433190313	39.4874755045751	74.1217188236064	0.410118	73.7116008236064	36.9730070190027	42.3879545037613	79.3609615227641	1.824318	77.5366435227641	84.8150033211441	82.8952825156161	850.241233705005
15	848298	848397	99	848347.5	9.75586571661211	8.02461856332591	17.780484279938	0.233343	17.547141279938	13.4610666336874	10.0235730080485	23.4846396417359	1.647543	21.8370966417359	20.19032051001	23.3462813605809	202.401018064345
15	849441	849617	176	849529	31.4108555249074	38.6267520613949	70.0376075863023	0.414832	69.6227755863023	40.2444961232428	44.7914199659887	85.0359160892316	1.829032	83.2068840892316	80.110265909303	88.9573993720265	803.077859482691
15	850054	850252	198	850153	72.0044611567062	40.1410933069017	112.145554463608	0.466686	111.678868463608	87.4518818919257	48.0887097729523	135.540591664878	1.880886	133.659705664878	128.50139589709	142.897068516917	1288.18229207237
15	851896	852034	138	851965	13.8354768313482	10.5028860629065	24.3383628942546	0.325266	24.0130968942546	14.459293822002	12.7854482321392	27.2447420541412	1.739466	25.5052760541412	27.6302626734558	27.2679725106502	276.983879068195
15	860411	861002	591	860706.5	98.2867769976297	129.228319740053	227.515096737682	1.392987	226.122109737682	103.881529379662	134.494263166447	238.37579254611	2.807187	235.56860554611	260.183570484114	251.848999664544	2608.2507963899
15	866653	866948	295	866800.5	70.2375130310469	86.6937612432969	156.931274274344	0.695315	156.235959274344	77.0136975912753	90.8038731887718	167.817570780047	2.109515	165.708055780047	179.770256739451	177.16031381946	1802.13498659985
15	868100	868248	148	868174	17.2546699585437	19.1314210748631	36.3860910334068	0.348836	36.0372550334068	19.939943096254	21.8681956152965	41.8081387115505	1.763036	40.0451027115505	41.4656563036474	42.8126618824589	415.678941124462
15	875370	875527	157	875448.5	20.8472678086943	20.6659628705642	41.5132306792584	0.370049	41.1431816792584	22.5556143382453	22.984626023065	45.5402403613103	1.784249	43.7559913613103	47.3407042009485	46.7800139502011	474.574275401151
15	877762	877988	226	877875	213.156905669375	124.823099756838	337.980005426213	0.532682	337.447323426213	233.905470789744	143.441506858945	377.346977648689	1.946882	375.400095648689	388.278039512332	401.344391133608	3892.35378657617
15	882337	882709	372	882523	163.511953509672	43.5843870905171	207.096340600189	0.876804	206.219536600189	215.075957937834	61.5780771774564	276.654035115291	2.291004	274.363031115291	237.2830122559	293.324548791766	2378.68057746573
15	884223	884326	103	884274.5	13.0634558041203	10.1921776002644	23.2556334043846	0.242771	23.0128624043846	19.7434377441163	12.367936860549	32.1113746046653	1.656971	30.4544036046653	26.4793598219052	32.5591394720633	265.446473867941
15	888730	888927	197	888828.5	15.8775324500002	12.4601393718319	28.3376718218321	0.464329	27.8733428218321	17.7645838468643	15.0381095869755	32.8026934338397	1.878529	30.9241644338397	32.0719891793203	33.0613659662725	321.510659428352
15	891720	892049	329	891884.5	53.7736646117932	150.55960073162	204.333265343413	0.775453	203.557812343413	67.4322366248556	160.959283983633	228.391520608489	2.189653	226.201867608489	234.220344383327	241.8349166154	2347.97838553695
15	892287	892556	269	892421.5	77.7708182126668	35.4706661003441	113.241484313011	0.634033	112.607451313011	86.0120426756009	54.3560804748211	140.368123150422	2.048233	138.319890150422	129.569854003766	147.879323254196	1298.89321706453
15	894339	894429	90	894384	4.17311366142752	8.53493246254145	12.708046123969	0.21213	12.495916123969	5.71805574039694	10.4714852076539	16.1895409480509	1.62633	14.5632109480509	14.3782139542918	15.5696897753739	144.136649086518
15	898423	898626	203	898524.5	12.6338441029582	15.6961275091464	28.3299716121046	0.478471	27.8515006121046	16.1132388698417	17.6301801861655	33.7434190560072	1.892671	31.8507480560072	32.0468568111465	34.0519867572197	321.258716082419
15	899986	900170	184	900078	24.8553769759604	31.6053608225704	56.4607377985307	0.433688	56.0270497985307	25.7116002965725	33.3607086322765	59.072308928849	1.847888	57.224420928849	64.466574618394	61.1792608522805	646.255235394356
15	904101	904478	377	904289.5	31.7444646112846	22.199104628133	53.9435692394176	0.888589	53.0549802394176	43.0745732049202	28.8613860860281	71.9359592909483	2.302789	69.6331702909483	61.0468131872174	74.4455919352697	611.973303373308
15	907763	907961	198	907862	65.2228764493962	62.1299922097454	127.352868659142	0.466686	126.886182659142	73.2177942037731	69.9307046746304	143.148498878404	1.880886	141.267612878404	145.999434056462	151.03076620055	1463.59410566046
15	908885	909257	372	909071	70.2804141995289	73.4358001415136	143.716214341043	0.876804	142.839410341043	84.1818928285416	93.0338339253204	177.215726753862	2.291004	174.924722753862	164.35574491805	187.013954342633	1647.60980786038
15	911895	912072	177	911983.5	20.8696684188107	16.5796515733379	37.4493199921486	0.417189	37.0321309921486	31.9090690945511	30.6492347809478	62.5583038754989	1.831389	60.7269148754989	42.6103934522374	64.9238158397754	427.154537273409
15	915695	916013	318	915854	71.5956500220809	53.3713536542106	124.967003676291	0.749526	124.217477676291	81.1761109612632	64.9578692315007	146.133980192764	2.163726	143.970254192764	142.928733929826	153.920189898991	1432.81139314764
15	921294	921491	197	921392.5	19.0489188277824	25.5328954292595	44.5818142570419	0.464329	44.1174852570419	20.3721548682331	28.3233714323382	48.6955263005713	1.878529	46.8169973005713	50.7630361678186	50.0525692297255	508.881976158315
15	925139	925524	385	925331.5	133.760543182409	109.238575287379	242.999118469788	0.907445	242.091673469788	140.672731446916	116.647477080673	257.32020852759	2.321645	254.99856352759	278.558678144807	272.621782480046	2792.45493003514
15	931202	932005	803	931603.5	367.769216783047	327.571221926341	695.340438709388	1.892671	693.447767709388	385.522400319406	344.060471037423	729.582871356829	3.306871	726.276000356829	797.90391287332	776.469698694339	7998.7122642762
15	932263	932483	220	932373	24.4949671596224	12.9400524430323	37.4350196026546	0.51854	36.9164796026546	48.3786176690577	21.2834796896228	69.6620973586804	1.93274	67.7293573586804	42.4773211423916	72.4102044886762	425.8205331413
15	933416	933578	162	933497	16.9578618745006	5.72765600187542	22.685517876376	0.381834	22.303683876376	22.5663146296849	7.88081464659615	30.447129276281	1.796034	28.651095276281	25.6633555764911	30.6312026082462	257.266311996079
15	943258	943703	445	943480.5	334.938522586562	353.396125308904	688.334647895466	1.048865	687.285782895466	345.563211966977	364.857437476079	710.420649443056	2.463065	707.957584443056	790.81372955593	756.885277788049	7927.63561539432
15	944390	944597	207	944493.5	35.5741689194089	22.8910234736498	58.4651923930587	0.487899	57.9772933930587	42.7322638815781	24.6593716374414	67.3916355190195	1.902099	65.4895365190195	66.7105893338356	70.0155872747708	668.750711022471
15	949246	949695	449	949470.5	133.414233750118	109.473181677259	242.887415427377	1.058293	241.829122427377	135.549391904567	112.623667485781	248.173059390348	2.472493	245.700566390348	278.256578240786	262.681190980302	2789.42648241339
15	954002	954276	274	954139	47.2343865040911	92.8180280475021	140.052414551593	0.645818	139.406596551593	57.029853299302	99.7169159497522	156.746769249054	2.060018	154.686751249054	160.405835952571	165.377315339276	1608.01332916763
15	956557	956829	272	956693	128.48079938014	45.7613463834866	174.242145763626	0.641104	173.601041763626	135.545091787446	48.4804204418191	184.025512229265	2.055304	181.970208229265	199.751094389753	194.546360730224	2002.43601105336
15	960291	960815	524	960553	35.5814691182415	38.265942234162	73.8474113524035	1.235068	72.6123433524035	37.0145081493524	39.34567164232	76.3601797916724	2.649268	73.7109117916724	83.5501613555766	78.8051504403903	837.561628079406
15	967971	968905	934	968438	153.786388618351	275.730509961606	429.516898579957	2.201438	427.315460579957	161.282392784018	284.521049386012	445.80344217003	3.615638	442.18780417003	491.683287342993	472.747868443298	4928.9558268333
15	976777	976907	130	976842	8.7290377493095	6.7517838956372	15.4808216449467	0.30641	15.1744116449467	12.7182464017899	9.37725540455449	22.0955018063443	1.72061	20.3748918063443	17.4601793975744	21.7830220109561	175.032292523692
15	978447	978644	197	978545.5	13.4550664702633	33.4260104108749	46.8810768811383	0.464329	46.4167478811383	33.1251022151588	60.113637291093	93.2387395062518	1.878529	91.3602105062518	53.4086437101861	97.6742107540215	535.403281736818
15	979521	979644	123	979582.5	8.0205184516528	6.36727342287926	14.3877918745321	0.289911	14.0978808745321	22.0322000822206	14.5298957449583	36.562095827179	1.704111	34.857984827179	16.2214875248185	37.2670568248896	162.614832583443
15	981469	981586	117	981527.5	10.8337950757429	7.69160949329107	18.525404569034	0.275769	18.249635569034	13.5773698013902	9.17864999521839	22.7560197966086	1.689969	21.0660507966086	20.9986336492855	22.5219477260516	210.504079242747
15	986574	986825	251	986699.5	18.1588945865482	78.3216332149947	96.4805278015428	0.591607	95.8889208015428	29.0300906809676	126.069333700013	155.099424380981	2.005807	153.093617380981	110.332960421058	163.6740783138	1106.04997598744
15	987077	987764	687	987420.5	108.98846847532	178.566963556958	287.555432032278	1.619259	285.936173032278	135.345486350873	224.972927497635	360.318413848508	3.033459	357.284954848508	329.007607953092	381.977293897831	3298.18809798516
15	989280	989701	421	989490.5	116.079061598968	64.7167626645775	180.795824263546	0.992297	179.803527263546	131.586583971152	81.9929332087241	213.579517179876	2.406497	211.173020179876	206.887879134585	225.767409732501	2073.97982321542
15	996657	997091	434	996874	26.7145276129026	23.7384465545733	50.4529741674759	1.022938	49.4300361674759	30.3166257218079	25.9140058094104	56.2306315312184	2.437138	53.7934935312184	56.8758327707639	57.5112184532868	570.160659428499
15	1000933	1001076	143	1001004.5	5.5330507014887	19.0570190484049	24.5900697498936	0.337051	24.2530187498936	8.2791254952294	22.6462168059485	30.9253423011779	1.751251	29.1740913011779	27.9063246875142	31.1903434385511	279.751305799564
15	1003648	1003767	119	1003707.5	19.6345347779698	16.9779624219712	36.612497199941	0.280483	36.332014199941	28.9665889513964	30.7587377634367	59.7253267148332	1.694683	58.0306437148332	41.8048159394334	62.0412025430511	419.078899809386
15	1004354	1004597	243	1004475.5	16.606352300575	12.347636307631	28.9539886082059	0.572751	28.3812376082059	21.2908798911791	16.6544536106911	37.9453335018702	1.986951	35.9583825018702	32.6563897012432	38.4435041403615	327.369073639056
15	1006892	1007158	266	1007025	114.633622230114	102.075980202642	216.709602432756	0.626962	216.082640432756	120.275675900473	103.160109730644	223.435785631117	2.041162	221.394623631117	248.631825400223	236.695438950124	2492.4485254829
15	1009740	1010072	332	1009906	53.9834703261875	35.7730743369162	89.7565446631037	0.782524	88.9740206631037	62.6175054879495	40.9895164150625	103.607021903012	2.196724	101.410297903012	102.376447855138	108.418870262225	1026.28867438821
15	1010819	1011024	205	1010921.5	42.0026440092135	8.06921977811135	50.0718637873249	0.483185	49.5886787873249	48.3379165604979	9.38375558159721	57.7216721420951	1.897385	55.8242871420951	57.0583722106761	59.6823623467558	571.990554523864
15	1015085	1015168	83	1015126.5	6.68288201898435	6.32067215361913	13.0035541726035	0.195631	12.8079231726035	9.54285991505829	10.3255812337258	19.8684411487841	1.609831	18.2586101487841	14.7372195730883	19.5204819019743	147.735556924519
15	1017640	1017735	95	1017687.5	3.60279812797147	8.68663659444621	12.2894347224177	0.223915	12.0655197224177	6.34417279369667	12.2758343519898	18.6200071456865	1.638115	16.9818921456865	13.8829856344737	18.1555285747327	139.172155528538
15	1018912	1019335	423	1019123.5	65.5384850455013	30.8791410428127	96.417626088314	0.997011	95.420615088314	75.494656217753	39.2072678726719	114.701924090425	2.411211	112.290713090425	109.794112394709	120.051242388096	1100.64820987575
15	1025626	1025960	334	1025793	25.1273843845173	14.5347958784213	39.6621802629387	0.787238	38.8749422629387	26.8403310393602	18.1239936359649	44.9643246753251	2.201438	42.7628866753251	44.730792986448	45.7182747547438	448.410813230724
15	1036554	1036747	193	1036650.5	12.837449648481	10.9698987827451	23.8073484312261	0.454901	23.3524474312261	13.5192682189007	11.7187191780667	25.2379873969674	1.869101	23.3688863969674	26.8700975735963	24.9839347170504	269.36348542302
15	1039441	1039764	323	1039602.5	142.060669249623	73.9991154843083	216.059784733931	0.761311	215.298473733931	144.862045549589	76.6239869768831	221.486032526472	2.175511	219.310521526472	247.729537287876	234.467302356808	2483.40339752489
15	1043228	1043786	558	1043507	41.7744377936521	53.502857235921	95.2772950295731	1.315206	93.9620890295731	45.1911308527543	55.9624242261633	101.153555078918	2.729406	98.4241490789176	108.115884122173	105.226345551837	1083.82454871905
15	1048231	1048410	179	1048320.5	24.6691719043673	28.6449801918673	53.3141520962346	0.421903	52.8922490962346	28.6047790969261	32.6993906202223	61.3041697171485	1.836103	59.4680667171485	60.8595693572734	63.5779673610483	610.096248386086
15	1058939	1059214	275	1059076.5	68.6497697863193	80.5414936764461	149.191263462765	0.648175	148.543088462765	85.3201238300841	89.558939281005	174.879063111089	2.062375	172.816688111089	170.918585413053	184.760231208305	1713.40002634275
15	1061218	1061436	218	1061327	32.9230967132157	99.2573034314699	132.180400144686	0.513826	131.666574144686	36.0873828976128	105.114062949686	141.201445847299	1.928026	139.273419847299	151.49991044271	148.89875239142	1518.73448938362
15	1064464	1064656	192	1064560	26.2837158790557	6.55067841820776	32.8343942972635	0.452544	32.3818502972635	28.3449720206647	7.92131574970849	36.2662877703732	1.866744	34.3995437703732	37.2596268405506	36.7769324244246	373.514942543193
15	1070929	1071064	135	1070996.5	11.9405252193091	7.53910533959644	19.4796305589055	0.318195	19.1614355589055	12.6225437951762	8.2276240925063	20.8501678876825	1.732395	19.1177728876825	22.0477808432834	20.4390222814914	221.021418977856
16	4845	4956	111	4900.5	8.57233348121803	3.42849338050278	12.0008268617208	0.261627	11.7391998617208	12.4859400745553	5.31154466841748	17.7974847429728	1.675827	16.1216577429728	13.5075112212264	17.2358424675869	186.047772942912
16	22541	22785	244	22663	53.7660644047894	19.5654328958695	73.3314973006589	0.575108	72.7563893006589	55.6575159214978	21.5621872806699	77.2197032021677	1.989308	75.2303952021677	83.7159053828825	80.4296469476943	1153.07383434997
16	40171	40745	574	40458	109.463181404886	208.324874061263	317.788055466149	1.352918	316.435137466149	113.016078173714	210.325928563184	323.342006736898	2.767118	320.574888736898	364.100724109129	342.730156502783	5014.99704408571
16	46595	47285	690	46940	172.222090744196	195.970237562971	368.192328307167	1.62633	366.565998307167	175.309874844936	199.413431343863	374.723306188799	3.04053	371.682776188799	421.782948904348	397.370163815683	5809.49199476756
16	52717	52924	207	52820.5	33.0864011610736	35.1436571937333	68.2300583548069	0.487899	67.7421593548069	34.680644582844	36.7982022579154	71.4788468407594	1.902099	69.5767478407594	77.9463667382379	74.3852700701987	1073.60621088005
16	56038	56376	338	56207	4.4843221376883	40.2200954586517	44.70441759634	0.796666	43.90775159634	9.06174681117313	44.2475051515985	53.3092519627716	2.210866	51.0983859627716	50.5217096882654	54.6298491658637	695.868500038653
16	66967	67366	399	67166.5	8.28822574308922	25.0914834066968	33.379709149786	0.940443	32.439266149786	12.0388278967398	30.2949251307576	42.3337530274974	2.354643	39.9791100274974	37.3256914174689	42.7421083745947	514.111122918166
16	73923	74170	247	74046.5	21.0532734195867	37.3675177641341	58.4207911837207	0.582179	57.8386121837207	22.8085212265691	44.2147042582137	67.0232254847828	1.996379	65.0268464847828	66.5510181523776	69.520920245575	916.650633232563
16	74560	74637	77	74598.5	4.87803286102979	22.102401994282	26.9804348553118	0.181489	26.7989458553118	11.3927102986932	48.8534306013476	60.2461409000408	1.595689	58.6504519000408	30.8357525318255	62.7038463239003	424.720956481575
16	74914	75183	269	75048.5	43.1128742481104	117.206092295453	160.318966543563	0.634033	159.684933543563	73.2811959306206	149.240064791948	222.521260722568	2.048233	220.473027722568	183.738760486892	235.71015057893	2530.75393623649
16	82378	82542	164	82460	26.1835131498741	60.5215484012048	86.7050615510788	0.386548	86.3185135510788	29.2088955510044	68.9678784505177	98.1767740015221	1.800748	96.3760260015221	99.3209336347281	103.03667453419	1368.01207911002
16	84282	84497	215	84389.5	26.9893350977241	48.0378083865716	75.0271434842957	0.506755	74.5203884842957	32.2914795101106	61.547776352165	93.8392558622756	1.920955	91.9183008622756	85.7456211256824	98.2708713215924	1181.03043475328
16	85374	85559	185	85466.5	38.8586583777345	41.9044413345066	80.7630997122411	0.436045	80.3270547122411	52.6265333678384	50.6265788958784	103.253112263717	1.850245	101.402867263717	92.4269631384072	108.410926083632	1273.05692145233
16	88064	88431	367	88247.5	43.6708894465472	44.131802000238	87.8026914467852	0.865019	86.9376724467852	48.5234216130248	47.1456840881389	95.6691057011637	2.279219	93.3898867011637	100.033358316988	99.844160005733	1377.82476949786
16	95238	95405	167	95321.5	7.69600961313537	20.3971555491667	28.0931651623021	0.393619	27.6995461623021	10.8935967045359	24.2768612191581	35.170457923694	1.807819	33.362638923694	31.8720130006653	35.6683659930952	438.99404863444
16	98869	98961	92	98915	6.60477989174795	8.42922958355442	15.0340094753024	0.216844	14.8171654753024	20.0795468985869	23.2765339736451	43.356080872232	1.631044	41.725036872232	17.0491201514544	44.6086980600687	234.82866553756
16	99186	99292	106	99239	9.1988505454127	4.56012420227882	13.7589747476915	0.249842	13.5091327476915	18.9901172262267	15.0505099247185	34.0406271509452	1.664042	32.3765851509452	15.5440544779797	34.6141650069047	214.098413154518
16	105533	106053	520	105793	49.7194541888856	57.5250667872336	107.244520976119	1.22564	106.018880976119	53.3247523849504	61.3403707031403	114.665123088091	2.63984	112.025283088091	121.988827289365	119.767468239101	1680.23178136906
16	106872	107061	189	106966.5	56.1184284751886	31.1761491323032	87.2945776074918	0.445473	86.8491046074918	58.6899985160132	31.9205694077805	90.6105679237937	1.859673	88.7508949237937	99.9314492348373	94.8845626269813	1376.42110915908
16	108317	108532	215	108424.5	72.5281754209022	65.8768942626178	138.40506968352	0.506755	137.89831468352	78.5214386570156	67.3594346419771	145.880873298993	1.920955	143.959918298993	158.670357001897	153.909139680729	2185.47044446425
16	114533	114946	413	114739.5	49.0618362776096	75.1592470823486	124.221083359958	0.973441	123.247642359958	68.025352779323	92.9977329420524	161.023085721375	2.387641	158.635444721375	141.812809371729	169.598907171008	1953.28043236615
16	116824	116956	132	116890	10.4446844776932	12.3188355231955	22.7635200008887	0.311124	22.4523960008887	13.6420715636463	18.6925091203938	32.33458068404	1.725324	30.60925668404	25.834468660368	32.7246946106399	355.835007700887
16	118041	118142	101	118091.5	7.67550905476987	8.68203646915443	16.3575455239243	0.238057	16.1194885239243	10.5934885306096	12.1210301356493	22.7145186662589	1.652257	21.0622616662589	18.5476160796381	22.5178967249178	255.468428528427
16	121332	121701	369	121516.5	57.5404672066887	80.9696053367521	138.510072543441	0.869733	137.640339543441	60.1721388844775	83.3104690939219	143.482607978399	2.283933	141.198674978399	158.373522282285	150.957063929762	2181.38194602725
16	128119	128505	386	128312	30.450529368888	44.6261154636561	75.0766448325441	0.909802	74.1668428325441	35.3500628155206	51.0882914713591	86.4383542868798	2.324002	84.1143522868798	85.338819817714	89.9275836513588	1175.42729468268
16	129882	130022	140	129952	17.9445887495858	13.6746724515836	31.6192612011694	0.32998	31.2892812011694	20.6300618927436	16.2953438297616	36.9254057225052	1.74418	35.1812257225052	36.0024807403655	37.6126372385015	495.88567815803
16	132273	132970	697	132621.5	144.931947453479	203.9847558512	348.916703304679	1.642829	347.273874304679	160.32826679687	206.989937702136	367.318204499006	3.057029	364.261175499006	399.584793619964	389.435648495609	5503.74230583814
16	135547	135756	209	135651.5	27.3280443230118	24.3404629514531	51.6685072744649	0.492613	51.1758942744649	30.9144420042909	24.7942753117588	55.7087173160497	1.906813	53.8019043160497	58.884674791396	57.5202105163049	811.057079722503
16	136504	136653	149	136578.5	13.6048705504171	16.4305475122503	30.0354180626674	0.351193	29.6842250626674	16.3261446686718	18.8209126176685	35.1470572863402	1.765393	33.3816642863402	34.1556501167376	35.6887062185663	470.448073931666
16	138353	138617	264	138485	69.87820324467	79.6503694052508	149.528572649921	0.622248	148.906324649921	71.7026529364765	81.3739163488094	153.076569285286	2.036448	151.040121285286	171.33653697123	161.478662942906	2359.93001265513
16	141617	141703	86	141660	10.2232784473457	14.1239846893213	24.347263136667	0.202702	24.144561136667	21.2892798475993	31.4793573906653	52.7686372382646	1.616902	51.1517352382646	27.7815297743223	54.6868854659029	382.653151924649
16	142190	142290	100	142240	13.4418661107304	19.4604300359486	32.902296146679	0.2357	32.666596146679	25.8636044366484	34.1003287770145	59.9639332136629	1.6499	58.3140332136629	37.5872648228222	62.3441773882358	517.713944246984
16	143285	143351	66	143318	5.63385344701276	4.82393138748959	10.4577848345023	0.155562	10.3022228345023	9.58986119521336	9.09284765825447	18.6827088534678	1.569762	17.1129468534678	11.8540779763347	18.2956406112222	163.273957109357
16	150276	150559	283	150417.5	108.161745958209	98.4642818322579	206.626027790467	0.667031	205.958996790467	110.616512817712	101.190156075804	211.806668893516	2.081231	209.725437893516	236.983226542662	224.219783511653	3264.12473778309
16	153196	153421	225	153308.5	58.8678033588125	54.4375826946644	113.305386053477	0.530325	112.775061053477	60.1912394047107	56.1544294557329	116.345668860444	1.944525	114.401143860444	129.762711308932	122.307527248544	1787.30656259776
16	156277	156410	133	156343.5	8.09192039639901	18.5304047052207	26.6223251016197	0.313481	26.3088441016197	9.2342515096146	21.2539788861212	30.4882303957358	1.727681	28.7605493957358	30.2718252611837	30.7482212170287	416.953617918138
16	157689	157793	104	157741	8.12532130612623	10.3146809368387	18.440002242965	0.245128	18.194874242965	11.7166191208683	13.2954621231836	25.0120812440518	1.659328	23.3527532440518	20.9356234582096	24.9666865849668	288.360013608608
16	159680	159806	126	159743	15.6429260601198	18.6064067752586	34.2493328353785	0.296982	33.9523508353785	23.5596416845365	22.1309027705462	45.6905444550828	1.711182	43.9793624550828	39.0666966486644	47.0188224552231	538.091124906755
16	163655	164106	451	163880.5	49.6083511628169	55.5098118985424	105.118163061359	1.063007	104.055156061359	52.3901269289307	56.6950441802399	109.085171109171	2.477207	106.607964109171	119.729300521445	113.975752647196	1649.10984364187
16	165856	166051	195	165953.5	38.1953403112056	29.7966115583902	67.9919518695958	0.459615	67.5323368695958	43.537785821257	32.0168720307365	75.5546578519935	1.873815	73.6808428519935	77.7049380542698	78.7730034046614	1070.2808559541
16	169399	169698	299	169548.5	118.351723498551	223.757294387923	342.109017886474	0.704743	341.404274886474	120.111371425378	229.068239039998	349.179610465376	2.118943	347.060667465376	392.831038599229	371.04639525896	5410.71842749147
16	171188	171480	292	171334	130.259247819028	136.833726885485	267.092974704513	0.688244	266.404730704513	133.803344348168	140.988640051193	274.79198439936	2.102444	272.68954039936	306.534085096625	291.535401372152	4222.09413187087
16	172808	173088	280	172948	273.72505533984	121.582811502403	395.307866842243	0.65996	394.647906842243	277.569060037459	124.83199999925	402.401060036709	2.07416	400.326900036709	454.094920684288	427.993913192811	6254.54588297793
16	174830	174970	140	174900	17.7450833157361	17.1858680846146	34.9309514003507	0.32998	34.6009714003507	22.1862042767712	19.9276427612347	42.1138470380059	1.74418	40.3696670380059	39.8130209009884	43.1596571909173	548.37073621072
16	176024	176174	150	176099	18.1271937231244	16.3826462075816	34.509839930706	0.35355	34.156289930706	22.3426085366915	19.7904390242714	42.1330475609629	1.76775	40.3652975609629	39.3013557098468	43.1549857347197	541.323237397266
16	179077	179185	108	179131	12.2092325379829	8.58633386254082	20.7955664005237	0.254556	20.5410104005237	15.9056332153695	10.9361978648467	26.8418310802162	1.668756	25.1730750802162	23.6351652368691	26.9128127779827	325.542565424422
16	183303	183389	86	183346	4.48862225480887	9.41615646408708	13.904778718896	0.202702	13.702076718896	10.4641850088213	21.6141886970117	32.0783737058331	1.616902	30.4614717058331	15.7660621860698	32.5666960571375	217.156270297099
16	188810	188941	131	188875.5	30.4767300825064	27.0140357704865	57.4907658529928	0.308767	57.1819988529928	49.8450576098957	35.2127590758336	85.0578166857293	1.722967	83.3348496857293	65.7954971596961	89.0942088055022	906.244349217849
16	193219	193407	188	193313	12.2694341776708	11.9519255298148	24.2213597074856	0.443116	23.7782437074856	14.5391959982656	15.1901137270514	29.7293097253171	1.857316	27.8719937253171	27.3600328372667	29.7982565295763	376.847599357851
16	195566	195791	225	195678.5	46.074954925117	67.5112387766056	113.586193701723	0.530325	113.055868701723	48.5839232608839	76.3131785115173	124.897101772401	1.944525	122.952576772401	130.085817866821	131.449958684101	1791.75692021981
16	198480	198960	480	198720	97.8889661626151	115.099734925439	212.988701088055	1.13136	211.857341088055	104.018533111178	124.782998664621	228.801531775799	2.54556	226.255971775799	243.770056371338	241.892759978624	3357.60417705858
16	203011	203285	274	203148	54.1797756728777	52.6096329075273	106.789408580405	0.645818	106.143590580405	62.7519091486483	62.2125944595498	124.964503608198	2.060018	122.904485608198	122.132322280431	131.398543888953	1682.20823158843
16	211946	212109	163	212027.5	17.4161743573744	19.1548217122169	36.5709960695913	0.384191	36.1868050695913	18.9029148511305	20.0716466834119	38.9745615345424	1.798391	37.1761705345424	41.6377335163784	39.7454547849347	573.503694665765
16	214091	214773	682	214432	127.249065831906	231.044992880051	358.294058711957	1.607474	356.686584711957	137.623548397537	242.69681023594	380.320358633477	3.021674	377.298684633477	410.415369208259	403.374193600217	5652.91889617298
16	215677	215844	167	215760.5	34.4264376591117	17.761683767876	52.1881214269877	0.393619	51.7945024269877	44.1549026294206	23.5514414611903	67.706344090611	1.807819	65.898525090611	59.5964657703528	70.4528414767505	820.861041700907
16	218390	218568	178	218479	26.7908296911118	29.6800083825161	56.4708380736279	0.419546	56.0512920736279	28.8388854731879	32.3673815774248	61.2062670506127	1.833746	59.3725210506127	64.4944685810797	63.475818432996	888.324432985887
16	222909	223080	171	222994.5	27.7582560405163	28.7246823626834	56.4829384031997	0.403047	56.0798914031997	30.4391290583823	32.0940741334593	62.5332031918416	1.817247	60.7159561918416	64.5273759146	64.9120997899634	888.77768718014
16	225859	226033	174	225946	44.6483160683251	49.823157013398	94.4714730817231	0.410118	94.0613550817231	47.606896650001	56.0307260864737	103.637622736475	1.824318	101.813304736475	108.230102921503	108.849729321862	1490.72388570627
16	226946	227025	79	226985.5	7.21979664271319	13.2406606305772	20.4604572732904	0.186203	20.2742542732904	15.0160089850302	27.4891487109476	42.5051576959778	1.600403	40.9047546959778	23.3282268233164	43.7317253197779	321.314902212686
16	227539	228457	918	227998	373.255266204381	395.670576721227	768.925842925608	2.163726	766.762116925608	384.64787650035	402.321157860445	786.969034360796	3.577926	783.391108360796	882.261825369908	837.532091890515	12151.9682696748
16	230863	231124	261	230993.5	80.949704794729	52.7520367861248	133.701741580854	0.615177	133.086564580854	87.9583956876394	57.2107582265371	145.169153914176	2.029377	143.139776914176	153.133798354707	153.032317462121	2109.21180664363
16	237160	237352	192	237256	17.9837898172896	14.9469071029299	32.9306969202195	0.452544	32.4781529202195	20.720564357723	18.2632974301267	38.9838617878497	1.866744	37.1171177878497	37.3704358203392	39.6823208408018	514.727416798611
16	241554	241711	157	241632.5	19.0196180297283	27.3537450230115	46.3733630527398	0.370049	46.0033140527398	20.8888689417677	31.1170475225763	52.005916464344	1.784249	50.221667464344	52.9329330874769	53.6925397298099	729.079854532009
16	242832	243054	222	242943	45.7536461737591	81.6191230274057	127.372769201165	0.523254	126.849515201165	47.2383866130405	84.6598058452673	131.898192458308	1.937454	129.960738458308	145.95724326783	138.942461795843	2010.36442688226
16	246326	246821	495	246573.5	68.9264773228918	39.7486826189687	108.67515994186	1.166715	107.508444941861	71.9672601434771	42.3154525290541	114.282712672531	2.580915	111.701797672531	123.702768803181	119.421626406205	1703.83901710459
16	251893	252003	110	251948	5.37014626452571	10.4246839329463	15.794830197472	0.25927	15.535560197472	11.2671068776831	16.4719486398762	27.7390555175593	1.67347	26.0655855175593	17.8757288543711	27.8670055504616	246.214087008186
16	253707	253822	115	253764.5	11.6504173177562	13.3749642885522	25.0253816063085	0.271055	24.7543266063085	16.2101415091401	16.8408586877316	33.0510001968717	1.685255	31.3657451968717	28.4831460701957	33.5334648403261	392.31697134851
16	254556	254698	142	254627	9.24585182556777	12.2745343165813	21.520386142149	0.334694	21.185692142149	11.5265139430496	15.1920137788024	26.718527721852	1.748894	24.969633721852	24.3769573489124	26.6953113733467	335.759752600651
16	256926	257388	462	257157	112.711769885391	267.420283619295	380.132053504686	1.088934	379.043119504686	117.502100357706	275.27829764488	392.780398002585	2.503134	390.277264002585	436.139536795287	417.24973624139	6007.23465516017
16	259441	259607	166	259524	26.6379255265222	29.5277042342689	56.1656297607911	0.391262	55.7743677607912	27.9995626128869	31.4058553887207	59.4054180016075	1.805462	57.5999560016075	64.1758303172173	61.580749548934	883.935620095409
16	261235	261366	131	261300.5	10.842795320879	8.85654122207059	19.6993365429495	0.308767	19.3905695429495	13.4659667671504	11.5441144224268	25.0100811895771	1.722967	23.2871141895771	22.311429975856	24.8965111463932	307.309895227526
16	264439	264911	472	264675	69.6701975793029	65.8849944832403	135.555192062543	1.112504	134.442688062543	73.6212051913168	68.9705785240585	142.591783715375	2.526704	140.065079715375	154.694198838731	149.745124705708	2130.70422150801
16	272996	273181	185	273088.5	38.9738615154763	36.3575902571425	75.3314517726188	0.436045	74.8954067726188	42.350453482361	38.3519445765734	80.7023980589344	1.850245	78.8521530589344	86.1771295587407	84.301708299585	1186.9738821924
16	277660	277755	95	277707.5	5.07023809604689	8.52123208938987	13.5914701854368	0.223915	13.3675551854368	7.39560143103788	12.1746315955708	19.5702330266087	1.638115	17.9321180266087	15.3811506571609	19.171425565806	211.854632448299
16	280002	280398	396	280200	178.682066691976	179.739395490018	358.421462181994	0.933372	357.488090181994	183.013484665075	186.121769324181	369.135253989256	2.347572	366.787681989256	411.337607883631	392.136764506974	5665.62149170406
16	286462	286574	112	286518	6.72308311392549	5.48824948125578	12.2113325951813	0.263984	11.9473485951813	9.46235772245228	8.52003205670506	17.9823897791573	1.678184	16.3042057791573	13.7470140311299	17.4310065905701	189.346601547703
16	287083	287302	219	287192.5	46.3230616827015	32.1392753645872	78.4623370472887	0.516183	77.9461540472887	47.8727038896864	35.5355678680475	83.408271757734	1.930383	81.477888757734	89.6874201689296	87.108911354479	1235.32340711315
16	296766	297406	640	297086	310.773264407091	337.546693624273	648.319958031364	1.50848	646.811478031364	315.182584501979	344.675787796559	659.858372298538	2.92268	656.935692298538	744.242657118029	702.337209008681	10250.9401338371
16	299546	299829	283	299687.5	76.8552932768803	92.8086277914711	169.663921068351	0.667031	168.996890068351	80.6812974842265	97.9542679412135	178.63556542544	2.081231	176.55433442544	194.45340532911	188.756190190984	2678.33373669864
16	301395	301521	126	301458	16.2985439169211	16.3231445869597	32.6216885038809	0.296982	32.3247065038809	18.4565026923811	18.5480051845979	37.004507876979	1.711182	35.293325876979	37.1938753038674	37.7324847525665	512.295533504847
16	302825	302937	112	302881	6.02066398241658	9.75796577381053	15.7786297562271	0.263984	15.5146457562271	11.0638013403315	18.0816924838254	29.1454938241569	1.678184	27.4673098241569	17.8516640072666	29.3656044983294	245.882626153801
16	305085	305225	140	305155	10.7334923438375	7.00459078123722	17.7380831250747	0.32998	17.4081031250747	13.1259575064541	9.3009533263453	22.4269108327994	1.74418	20.6827308327994	20.0303386152372	22.1121361163382	275.890934282631
16	308298	308546	248	308422	40.3941001979492	60.1228375416766	100.516937739626	0.584536	99.9324017396257	42.4555563450056	64.7962648299462	107.251821174952	1.998736	105.253085174952	114.98552318405	112.527236604668	1583.7707005159
16	309670	310158	488	309914	162.144916276226	96.3963255081587	258.541241784384	1.150216	257.391025784384	164.711886191758	97.6528597318787	262.364745923637	2.564416	259.800329923637	296.162618404889	277.75540400259	4079.24114818304
16	313009	313235	226	313122	38.665853126375	36.530094955584	75.195948081959	0.532682	74.663266081959	42.0464452022091	37.5695232660771	79.6159684682862	1.946882	77.6690864682862	85.9100208101951	83.0368787324169	1183.29481896701
16	319036	319164	128	319100	7.70500985827145	13.882178103332	21.5871879616035	0.301696	21.2854919616035	11.582415465617	20.7829660573332	32.3653815229502	1.715896	30.6494855229502	24.4917903185386	32.7677037069229	337.341422081392
16	320846	320928	82	320887	2.34156377623593	9.39385585669436	11.7354196329303	0.193274	11.5421456329303	4.27351639605664	14.9304066535138	19.2039230495704	1.607474	17.5964490495704	13.2807741149559	18.8125581526821	182.924774710723
16	321633	322030	397	321831.5	113.151581864374	89.5838399592148	202.735421823589	0.935729	201.799692823589	121.515709674777	95.3870980202333	216.902807695011	2.349929	214.552878695011	232.197393975972	229.380853824811	3198.20634052045
16	326307	326497	190	326402	33.846221856006	25.0875833004711	58.9338051564771	0.44783	58.4859751564771	38.4213464668449	30.9535430692709	69.3748895361159	1.86203	67.5128595361159	67.2958953775475	72.1787442738651	926.910313686574
16	328901	329325	424	329113	104.430344327516	98.1366729093047	202.56701723682	0.999368	201.56764923682	107.683832941484	101.282658595258	208.966491536742	2.413568	206.552923536742	231.930396958372	220.828013350587	3194.52881623835
16	335773	335884	111	335828.5	7.38070102520149	13.1329576971155	20.513658722317	0.261627	20.252031722317	10.2314786706919	21.8076939674374	32.0391726381292	1.675827	30.3633456381292	23.3026568219387	32.4617883936781	320.962709885575
16	337175	337401	226	337288	91.240585083319	101.516564966073	192.757150049392	0.532682	192.224468049392	93.0090332498344	106.80990913877	199.818942388605	1.946882	197.872060388605	221.179823987666	211.547206619084	3046.45415420015
16	338731	338953	222	338842	7.05399212676191	14.8702050138258	21.9241971405877	0.523254	21.4009431405877	8.31292641585156	23.4419384787014	31.754864894553	1.937454	29.817410894553	24.6246322595569	31.8781235257172	339.171140885625
16	339433	340028	595	339730.5	1746.76887604516	118.591530030066	1865.36040607522	1.402415	1863.95799107522	1762.24109745586	121.158699951046	1883.39979740691	2.816615	1880.58318240691	2144.73164925335	2010.55226428481	29540.7895924395
16	342769	343422	653	343095.5	27.6271524697008	46.6716711776389	74.2988236473396	1.539121	72.7597026473396	29.0579914408895	49.229840853483	78.2878322943725	2.953321	75.3345112943725	83.7197178290456	80.5409586125487	1153.12634566064
16	347484	347625	141	347554.5	18.7878117161125	19.5263318308894	38.3141435470019	0.332337	37.9818065470019	23.0562279732587	25.1122839732335	48.1685119464921	1.746537	46.4219749464921	43.7031215227026	49.6302464652411	601.951632449876
16	348296	348476	180	348386	44.4865116613232	52.3970271168684	96.8835387781916	0.42426	96.4592787781916	52.5861322674497	63.9501417844313	116.536274051881	1.83846	114.697814051881	110.98923315348	122.624700628972	1528.72718820304
16	348862	349079	217	348970.5	90.0046514206882	82.1333370328469	172.137988453535	0.511469	171.626519453535	106.512001024766	93.2255391467189	199.737540171485	1.925669	197.811871171485	197.479143782022	211.482857661858	2720.00920832716
16	352335	352617	282	352476	138.258365687802	146.570092070969	284.828457758771	0.664674	284.163783758771	140.724632860534	150.293193475592	291.017826336127	2.078874	288.938952336127	326.968238295681	308.907827260247	4503.54706812195
16	355434	355662	228	355548	62.7977103961185	57.3460619117495	120.143772307868	0.537396	119.606376307868	69.4191907427301	63.6809344521388	133.100125194869	1.951596	131.148529194869	137.623048345642	140.212341999617	1895.5721176885
16	359224	360178	954	359701	545.488857261806	798.49834838011	1343.98720564192	2.248578	1341.73862764192	559.506539055798	806.539667398299	1366.0462064541	3.662778	1362.3834284541	1543.84879568525	1456.53918025403	21264.4376520279
16	361625	361796	171	361710.5	44.8019202519808	29.1094928436126	73.9114130955934	0.403047	73.5083660955934	54.9612969588604	31.966670663422	86.9279676222823	1.817247	85.1107206222823	84.581154728266	90.9928120504778	1164.99147862303
16	364769	364893	124	364831	30.5237313626614	27.1476394093953	57.6713707720568	0.292268	57.3791027720568	40.1445934022324	33.4217102937544	73.5663036959867	1.706468	71.8598356959867	66.022291441237	76.8261445286279	909.368134962374
16	369553	369737	184	369645	26.5993244751608	24.6488713514493	51.2481958266101	0.433688	50.8145078266101	29.8660134486617	31.1949496443653	61.0609630930269	1.847888	59.213075093027	58.4688516043733	63.3053529975639	805.329675420071
16	370667	370893	226	370780	148.973957544091	139.208591568724	288.182549112815	0.532682	287.649867112815	158.282011063821	151.047614023443	309.329625087264	1.946882	307.382743087264	330.979440982197	328.626287790791	4558.79598218365
16	373041	373567	526	373304	636.401333408553	688.614155508303	1325.01548891686	1.239782	1323.77570691686	666.181344514803	701.39070349803	1367.57204801283	2.653982	1364.91806601283	1523.18006560843	1459.24898928058	20979.7537352522
16	374999	375442	443	375220.5	174.976665769454	106.646504688189	281.623170457643	1.044151	280.579019457643	182.728076891538	111.422834779181	294.150911670719	2.458351	291.692560670719	322.843490051055	311.851740363299	4446.73421693906
16	381187	381780	593	381483.5	439.785678266602	303.625969739085	743.411648005687	1.397701	742.013947005687	453.07244015282	306.29584245734	759.368282610161	2.811901	756.556381610161	853.785763386485	808.842788947318	11759.7488720796
16	382829	383407	578	383118	492.860323839493	346.723743575912	839.584067415405	1.362346	838.221721415405	504.513941244409	351.231566353678	855.745507598086	2.776546	852.968961598086	964.485607303955	911.918543752362	13284.4901133534
16	386507	386902	395	386704.5	88.905821492297	75.5579579418768	164.463779434174	0.931015	163.532764434174	91.9399041303922	78.9276497208238	170.867553851216	2.345215	168.522338851216	188.166201841032	180.169094953956	2591.73597728627
16	404244	404435	191	404339.5	81.0280069274129	82.0533348538595	163.081341781272	0.450187	162.631154781272	109.050670169482	125.562319890681	234.612990060163	1.864387	232.748603060163	187.128779985439	248.834103840499	2577.44688859522
16	408851	409034	183	408942.5	31.003544431138	45.0522270694875	76.0557715006255	0.431331	75.6244405006255	34.7132454707813	51.8993135608434	86.6125590316247	1.845531	84.7670280316247	87.0159798532837	90.6253665033576	1198.52791509869
16	415565	415717	152	415641	10.3082807625197	24.9131785502787	35.2214593127985	0.358264	34.8631953127985	12.5978431224139	26.2860159417016	38.8838590641155	1.772464	37.1113950641155	40.1147443984656	39.6762026136107	552.526570977821
16	420477	420739	262	420608	84.8755117203619	105.443771929838	190.3192836502	0.617534	189.7017496502	88.8156190354888	108.683860178825	197.499479214314	2.031734	195.467745214314	218.277100847548	208.976726694055	3006.47305280821
16	423979	424127	148	424053	20.1828497122043	23.170831094658	43.3536808068624	0.348836	43.0048448068624	23.8925507518476	27.3903460198982	51.2828967717459	1.763036	49.5198607717459	49.48279530447	52.9422304384722	681.558853782003
16	425143	426202	1059	425672.5	587.404198893199	792.210277114428	1379.61447600763	2.496063	1377.11841300763	599.496728252584	799.041763180881	1398.53849143347	3.910263	1394.62822843347	1584.55794566661	1491.01245227753	21825.1513592673
16	427762	427867	105	427814.5	20.7486651230923	11.7890210928518	32.5376862159442	0.247485	32.2902012159442	26.3505176985102	15.5681240227666	41.9186417212768	1.661685	40.2569567212768	37.1541723795211	43.0391573456417	511.74867920038
16	429712	429832	120	429772	16.9687621713876	20.6834633472177	37.6522255186053	0.28284	37.3693855186053	22.8543224740393	25.8936052537687	48.747927727808	1.69704	47.050887727808	42.9984496531866	50.3026240704124	592.245726614835
16	431525	432328	803	431926.5	466.011992582234	472.037056684495	938.049049266729	1.892671	936.156378266729	480.568289046258	483.042156425994	963.610445472252	3.306871	960.303574472252	1077.17245921452	1026.67116462505	14836.5997133041
16	444262	444498	236	444380	67.7233445536458	61.1992668599513	128.922611413597	0.556252	128.366359413597	76.0082702068518	72.2670683092322	148.275338516084	1.970452	146.304886516084	147.702574334822	156.416171117921	2034.4040114322
16	445370	445444	74	445407	15.7127279612863	11.7403197663933	27.4530477276795	0.174418	27.2786297276795	24.745673988024	23.6265435067147	48.3722174947387	1.588618	46.7835994947387	31.3876926440112	50.0168632664014	432.323188083548
16	450808	450987	179	450897.5	28.8620861050942	149.632375477157	178.494461582251	0.421903	178.072558582251	58.3868902603748	225.005128374678	283.392018635053	1.836103	281.555915635053	204.8961693791	301.014541126717	2822.16874546146
16	453244	453636	392	453440	43.6320883897383	224.353010613207	267.985099002946	0.923944	267.061155002946	57.0129528389909	248.576070366996	305.589023205987	2.338144	303.250879205987	307.289388582502	324.208866450467	4232.49742002232
16	455198	455465	267	455331.5	70.9508324594429	65.6620884120368	136.61292087148	0.629319	135.98360187148	101.309059314324	85.0705170316436	186.379576345968	2.043519	184.336057345968	156.467225178714	197.075716167963	2155.12527113886
16	458545	458747	202	458646	46.0901553391246	35.9110780956694	82.001233434794	0.476114	81.525119434794	49.28064223714	41.6021331006581	90.8827753377981	1.890314	88.9924613377981	93.8054959919459	95.1428239499557	1292.04435467589
16	462170	462369	199	462269.5	17.4382749593196	43.1392749671763	60.5775499264959	0.469043	60.1085069264959	19.8355402526755	49.1167377729397	68.9522780256152	1.883243	67.0690350256152	69.1628340401893	71.7042465845951	952.624879065553
16	463825	464387	562	464106	1349.1789470473	936.809615508767	2285.98856255607	1.324634	2284.66392855607	1370.08961658284	960.814469319368	2330.90408590221	2.738834	2328.16525190221	2628.80980094146	2489.06720140411	36208.3140961663
16	465684	465857	173	465770.5	38.2347413843569	16.5530508488246	54.7877922331816	0.407761	54.3800312331816	44.4716112554868	17.7512834846076	62.2228947400944	1.821961	60.4009337400944	62.5714606400073	64.5753058052112	861.837588819818
16	474935	475203	268	475069	146.624393549956	291.29643392445	437.920827474407	0.631676	437.289151474406	152.391350622259	314.232158615609	466.623509237868	2.045876	464.577633237868	503.159345614487	496.685082149356	6930.34224838413
16	475633	475930	297	475781.5	136.795625847742	199.050621462155	335.846247309897	0.700029	335.146218309897	142.859891017707	214.824951101262	357.684842118968	2.114229	355.570613118968	385.630311937541	380.144472208087	5311.53811684531
16	479029	479206	177	479117.5	46.7299727655759	50.961188009493	97.6911607750689	0.417189	97.2739717750689	49.5786503538679	57.0166529397691	106.595303293637	1.831389	104.763914293637	111.926645832947	112.004258609197	1541.6387852017
16	481985	482466	481	482225.5	222.066948348644	390.233828642694	612.300776991338	1.133717	611.167059991338	241.53507859432	403.312284855375	644.847363449695	2.547917	642.299446449695	703.229012038205	686.689436813697	9686.03241676026
16	482832	483074	242	482953	108.741361744973	61.2295676852428	169.970929430215	0.570394	169.400535430215	131.150672098395	67.6922437065645	198.842915804959	1.984594	196.858321804959	194.917853018816	210.463407495595	2684.73087803009
16	486042	486610	568	486326	54.479883846804	30.3007252887342	84.7806091355382	1.338776	83.4418331355382	61.0792635914703	34.4352378988003	95.5145014902706	2.752976	92.7615254902706	96.0109301037803	99.1723720905966	1322.42123892636
16	488166	488515	349	488340.5	237.21836102161	305.437619082254	542.655980103864	0.822593	541.833387103864	240.404447799781	311.772391619919	552.176839419701	2.236793	549.940046419701	623.451397246057	587.946981496923	8587.20323056255
16	491594	491985	391	491789.5	422.196899208062	283.068909834668	705.26580904273	0.921587	704.34422204273	434.007020875622	301.426209825104	735.433230700726	2.335787	733.097443700726	810.441733245484	783.762579163051	11162.7432397295
16	493074	493488	414	493281	110.118799261687	109.798790545738	219.917589807425	0.975798	218.941791807425	115.315640805982	113.396488534799	228.71212934078	2.389998	226.32213134078	251.921659437588	241.963491900733	3469.88152938143
16	497724	498013	289	497868.5	255.422956852905	361.142936305696	616.565893158601	0.681173	615.884720158601	263.493676671872	363.304995192829	626.798671864702	2.095373	624.703298864702	708.657307697011	667.877200960126	9760.79987774223
16	502285	503440	1155	502862.5	453.305646504568	570.738644980174	1024.04429148474	2.722335	1021.32195648474	480.171778246652	591.868120475246	1072.0398987219	4.136535	1067.9033637219	1175.16678736231	1141.70728849145	16186.3395887213
16	506446	506716	270	506581	141.075942429013	125.079506740492	266.155449169505	0.63639	265.519059169505	147.129107296643	131.752188481656	278.881295778299	2.05059	276.830705778299	305.515002166071	295.962767046424	4208.05763717037
16	517096	517544	448	517320	292.68257167813	335.606240772935	628.288812451065	1.055936	627.232876451065	311.807292570503	346.47623683467	658.283529405172	2.470136	655.813393405172	721.714871267465	701.137346858275	9940.65022785898
16	519746	520956	1210	520351	471.700547519129	406.000658077521	877.70120559665	2.85197	874.84923559665	475.602253788342	410.041168127277	885.643421915619	4.26617	881.377251915619	1006.63043528513	942.29016089576	13864.9783512338
16	525204	525854	650	525529	133.996149599527	250.858332528058	384.854482127585	1.53205	383.322432127585	143.972321316526	262.554751098732	406.527072415258	2.94625	403.580822415258	441.063455286651	431.472717569666	6075.05500003845
16	526183	526280	97	526231.5	14.367891332509	33.5023124890841	47.8702038215931	0.228629	47.6415748215931	29.1279933475034	55.1274014829828	84.2553948304862	1.642829	82.6125658304862	54.8179700558599	88.3220071532697	755.04369969481
16	526902	527963	1061	527432.5	641.495372152849	488.307499836047	1129.8028719889	2.500777	1127.3020949889	666.009139824533	536.6153155767	1202.62445540123	3.914977	1198.70947840123	1297.11103628339	1281.55355134819	17865.9573631127
16	529388	529611	223	529499.5	133.900646998361	86.008642582994	219.909289581355	0.525611	219.383678581355	138.350368193637	89.3335331417081	227.683901335345	1.939811	225.744090335346	252.430108959504	241.345501873385	3476.88473668269
16	534747	534961	214	534854	106.182892060957	130.430652487509	236.613544548466	0.504398	236.109146548466	110.069097907991	135.444289041922	245.513386949913	1.918598	243.594788949913	271.674985007887	260.42988104594	3741.9569820966
16	538452	538569	117	538510.5	10.4203838158258	10.373282532947	20.7936663487727	0.275769	20.5178973487727	13.7293739414662	14.8367041013748	28.566078042841	1.689969	26.876109042841	23.6085705958748	28.7335452091464	325.176260066746
16	538943	539153	210	539048	132.760715950515	83.5250749390555	216.285790889571	0.49497	215.790820889571	137.961957614654	86.843065309832	224.805022924486	1.90917	222.895852924486	248.296048192186	238.300419779066	3419.94361804334
16	543915	544073	158	543994	31.4446564455295	33.7534193283806	65.1980757739102	0.372406	64.8256697739102	39.2450689022434	44.3609082403131	83.6059771425564	1.786606	81.8193711425564	74.5905574663462	87.473993946114	1027.38445831356
16	544359	544575	216	544467	27.8209577482976	33.7658196661237	61.5867774144213	0.509112	61.0776654144213	37.443919845067	43.4695839636703	80.9135038087373	1.923312	78.9901918087373	70.2779798171588	84.4492870525866	967.984510082245
16	551778	551958	180	551868	91.0396796113371	61.7076807074159	152.747360318753	0.42426	152.323100318753	94.3556699276389	65.4751833213776	159.830853249016	1.83846	157.992393249016	175.267991945232	168.911413734984	2414.08050939423
16	558091	558255	164	558173	10.9925994010328	9.72676492400546	20.7193643250382	0.386548	20.3328163250382	14.0850836297887	11.0304004306043	25.115484060393	1.800748	23.314736060393	23.3956102549335	24.9260419937559	322.243018220163
16	565158	565243	85	565200.5	9.11394823296238	7.80551259562431	16.9194608285867	0.200345	16.7191158285867	11.4078107099771	9.62786223023235	21.0356729402095	1.614545	19.4211279402095	19.2375670679241	20.7633425207906	264.971574053018
16	566883	567139	256	567011	173.96133811538	229.969863597185	403.931201712566	0.603392	403.327809712566	176.653311435581	235.235907026304	411.889218461885	2.017592	409.871626461885	464.082303708777	438.198285701106	6392.10863149626
16	569188	569360	172	569274	14.9065060025413	37.323916576586	52.2304225791273	0.405404	51.8250185791273	16.8558590962917	44.199903855101	61.0557629513928	1.819604	59.2361589513928	59.6315786632509	63.3300322056628	821.344674504781
16	572398	572581	183	572489.5	48.0803095441586	13.2266602492545	61.306969793413	0.431331	60.875638793413	57.6495701782827	15.1674131087638	72.8169832870465	1.845531	70.9714522870465	70.0455213121159	75.8763640078259	964.782707288485
16	576082	576313	231	576197.5	28.9585887334977	21.3743821654971	50.3329708989948	0.544467	49.7885038989948	41.9343421489031	35.1839582913981	77.1183004403012	1.958667	75.1596334403012	57.288297586337	80.3539947660325	789.069133985221
16	582818	583044	226	582931	24.9087784304344	51.6388064655158	76.5475848959502	0.532682	76.0149028959502	27.64775303079	54.3799811257935	82.0277341565835	1.946882	80.0808521565835	87.4652587861276	85.6153240843128	1204.71612723613
16	585803	586401	598	586102	69.1189825660801	112.433162297067	181.552144863148	1.409486	180.142658863148	87.4530819246105	121.358105382172	208.811187306783	2.823686	205.987501306783	207.278095157913	220.223514195561	2854.97656469667
16	587389	587508	119	587448.5	22.5193133495298	7.7654115034069	30.2847248529367	0.280483	30.0042418529367	36.7610012446862	13.7721751072244	50.5331763519107	1.694683	48.8384933519107	34.523872008899	52.2137729995376	475.519834514607
16	588525	588633	108	588579	14.0188818266767	13.4191654924428	27.4380473191194	0.254556	27.1834913191194	33.281906485974	24.8409765837426	58.1228830697166	1.668756	56.4541270697166	31.2782232477719	60.3557311742893	430.815394601672
16	593970	594308	338	594139	39.9160871784998	38.2917429368854	78.2078301153852	0.796666	77.4111641153852	43.5118851158098	39.9529881835577	83.4648732993675	2.210866	81.2540072993675	89.0718430773432	86.8695572130292	1226.84466183664
16	599627	599758	131	599692.5	13.4298657838823	8.61723470417468	22.047100488057	0.308767	21.738333488057	16.2449424569996	11.0186001092037	27.2635425662033	1.722967	25.5405755662033	25.0128447406508	27.3057116091216	344.51824490451
16	603595	603784	189	603689.5	36.4383924579198	43.3584809376016	79.7968733955214	0.445473	79.3514003955214	37.5829236310575	47.2403866675152	84.8233102985727	1.859673	82.9636372985727	91.3043430462063	88.6973415397995	1257.59434181095
16	607396	607713	317	607554.5	48.8655309309194	68.1891572407996	117.054688171719	0.747169	116.307519171719	58.7145991860518	87.1724742818124	145.887073467864	2.161369	143.725704467864	133.827274331345	153.658739085367	1843.29044341199
16	608163	608771	608	608467	376.89736540278	242.81571347446	619.71307887724	1.433056	618.28002287724	382.460916935008	253.334099959545	635.795016894553	2.847256	632.947760894553	711.413422145301	676.691446433019	9798.76164188086
16	610077	610358	281	610217.5	142.672885924324	73.0514896742031	215.724375598527	0.662317	215.062058598527	153.4941806596	78.0675262939861	231.561706953586	2.076517	229.485189953586	247.457510221981	245.345152821418	3408.39388698411
16	614561	614806	245	614683.5	97.7537624801265	147.403714776017	245.157477256143	0.577465	244.580012256143	110.073898038731	156.536763529212	266.610661567943	1.991665	264.618996567943	281.4218429665	282.907093767328	3876.20682181105
16	615086	615288	202	615187	49.6126512799375	28.1224659603562	77.7351172402937	0.476114	77.2590032402937	65.3364795435583	34.5070398544415	99.8435193979997	1.890314	97.9532053979997	88.8967617471043	104.722854457756	1224.43315234083
16	619990	620071	81	620030.5	6.30497172599287	9.36215499327062	15.6671267192635	0.190917	15.4762097192635	12.3451362395376	13.8459771173403	26.1911133568779	1.605117	24.5859963568779	17.8074382332189	26.28516042654	245.273475686813
16	621439	621622	183	621530.5	22.9902261755941	27.7991571545236	50.7893833301177	0.431331	50.3580523301177	27.0018354381909	33.667116977798	60.6689524159889	1.845531	58.8234214159889	57.9436388289296	62.8887699450382	798.095576880963
16	621924	622015	91	621969.5	6.31827208824951	4.70602817620699	11.0243002644565	0.214487	10.8098132644565	12.6021432395345	12.4884401426487	25.0905833821832	1.628687	23.4618963821832	12.4381282957052	25.0833727201795	171.318463564013
16	622734	623450	716	623092	274.121266131275	84.1422917499429	358.263557881218	1.687612	356.575945881218	282.337289907828	90.1580555988965	372.495345506725	3.101812	369.393533506725	410.28806451413	394.92270916385	5651.16544548618
16	627442	627774	332	627608	77.459609736406	142.431779357401	219.891389093807	0.782524	219.108865093807	95.0543889583696	148.147035021533	243.201423979903	2.196724	241.004699979903	252.11389948096	257.660788302758	3472.52937703848
16	631290	631432	142	631361	38.5588502119794	13.6474717107279	52.2063219227073	0.334694	51.8716279227073	45.3324347013907	15.0761106219945	60.4085453233851	1.748894	58.6596513233851	59.6852089139356	62.7136815290686	822.083358969953
16	639059	639469	410	639264	138.681477211921	161.515099122148	300.196576334069	0.96637	299.230206334069	144.327630993953	172.347594162482	316.675225156435	2.38057	314.294655156435	344.304161901785	336.015889373542	4742.32606493342
16	641311	641939	628	641625	185.625255800841	213.057002948365	398.682258749206	1.480196	397.202062749206	203.630646206457	225.251735091406	428.882381297863	2.894396	425.987985297863	457.033816859534	455.428463048663	6295.025219205
16	643521	643725	204	643623	65.015670805819	47.6488977939693	112.664568599788	0.480828	112.183740599788	70.0269072948627	50.9536878052129	120.980595100076	1.895028	119.085567100076	129.082318457833	127.315695905703	1777.93506753845
16	645080	645811	731	645445.5	157.196481497687	171.063359184288	328.259840681974	1.722967	326.536873681974	172.48439788855	183.468097047171	355.952494935721	3.137167	352.815327935721	375.724115557984	377.198766367605	5175.09360500545
16	646187	646368	181	646277.5	33.0766008941477	16.8547590663307	49.9313599604783	0.426617	49.5047429604783	57.9102772790577	36.1282840116201	94.0385612906778	1.840817	92.1977442906778	56.961792875087	98.5696273792716	784.571971377799
16	647092	647290	198	647191	75.26104985511	56.1912304580671	131.452280313177	0.466686	130.985594313177	116.173964183792	79.9976788647796	196.171643048572	1.880886	194.290757048572	150.716352549167	207.718395638132	2075.91474688447
16	648373	648618	245	648495.5	98.7902907116313	45.4610382041128	144.251328915744	0.577465	143.673863915744	108.679460058981	47.0012801550667	155.680740214048	1.991665	153.689075214048	165.315894771247	164.310688864058	2277.00377593783
16	653746	654236	490	653991	569.751618096917	471.047229724974	1040.79884782189	1.15493	1039.64391782189	583.858302315033	490.667364110726	1074.52566642576	2.56913	1071.95653642576	1196.24864143002	1146.04058022432	16476.7137320084
16	656537	656891	354	656714	393.547018882732	193.097659323707	586.644678206438	0.834378	585.810300206438	413.778069907776	213.284009131242	627.062079039017	2.248578	624.813501039018	674.052686448475	667.995019322628	9284.16783121793
16	657322	657492	170	657407	32.0885739836539	30.4846302976813	62.5732042813353	0.40069	62.1725142813353	54.0412719005059	38.4369468917474	92.4782187922533	1.81489	90.6633287922533	71.5377490969724	96.9291668117349	985.336135047983
16	658973	659142	169	659057.5	53.2978516522659	33.1173020027075	86.4151536549734	0.398333	86.0168206549734	70.1115095991419	39.611278876558	109.7227884757	1.812533	107.9102554757	98.9737958206087	115.368046739916	1363.23072330262
16	664733	664935	202	664834	29.8405127541095	47.5455949803519	77.3861077344614	0.476114	76.9099937344614	40.4948029407495	64.4951566287826	104.989959569532	1.890314	103.099645569532	88.4951798785038	110.224970522964	1218.90190301712
16	665378	665565	187	665471.5	36.0544820015042	35.6246702948947	71.6791522963989	0.440759	71.2383932963989	49.1042374324729	62.3705987630498	111.474836195523	1.854959	109.619877195523	81.9692490261594	117.195822215107	1129.0159957191
16	665830	666259	429	666044.5	91.0702804447997	175.84238934882	266.91266979362	1.011153	265.90151679362	94.8872844070098	186.413777277485	281.301061684495	2.425353	278.875708684495	305.955070544685	298.149102254559	4214.11898632958
16	667420	667612	192	667516	63.3762261529208	21.8356947300829	85.2119208830037	0.452544	84.7593768830037	68.982078837288	23.668944661578	92.651023498866	1.866744	90.784279498866	97.5269394709416	97.0584765489069	1343.30222594917
16	670942	671099	157	671020.5	42.8242663874136	30.4940305537124	73.318296941126	0.370049	72.948247941126	50.5816776729217	33.0674006435641	83.6490783164859	1.784249	81.8648293164859	83.9366642735671	87.5225937822601	1156.1144907149
16	672153	672481	328	672317	94.3354693774446	94.0442614459306	188.379730823375	0.773096	187.606634823375	109.58568474146	97.8230643676743	207.408749109135	2.187296	205.221453109135	215.866392505716	219.404523601185	2973.26879253648
16	673499	673650	151	673574.5	27.8898596249505	22.065901000119	49.9557606250695	0.355907	49.5998536250695	38.5485499314348	27.4888487027764	66.0373986342112	1.770107	64.2672916342112	57.071230348199	68.7088717603224	786.079325161595
16	675740	675825	85	675782.5	7.72721046294044	14.933706743397	22.6609172063374	0.200345	22.4605722063374	13.0138544531481	23.7310463530169	36.744900806165	1.614545	35.130355806165	25.8438764724972	37.5582516487341	355.964587640983
16	676864	677176	312	677020	312.728317656094	451.209089401481	763.937407057576	0.735384	763.202023057576	347.53996580703	484.08808491353	831.62805072056	2.149584	829.47846672056	878.165463740708	886.804596064745	12095.5464058836
16	678276	679650	1374	678963	1131.56912009549	902.92639264498	2034.49551274047	3.238518	2031.25699474047	1148.1056704949	923.975565952893	2072.08123644779	4.652718	2067.42851844779	2337.23141038929	2210.31067803774	32192.2145118653
16	682008	682165	157	682086.5	54.9421964386271	26.0472094374244	80.9894058760515	0.370049	80.6193568760515	63.6014322867702	28.6809811724116	92.2824134591818	1.784249	90.4981644591818	92.7632956656805	96.7525877978723	1277.68944898776
16	684390	684515	125	684452.5	17.6616810441418	17.5997793581503	35.2614604022921	0.294625	34.9668354022921	22.6886179608118	24.8294762705132	47.518094231325	1.708825	45.809269231325	40.2339961096806	48.9751960136078	554.169102672062
16	685481	685909	428	685695	342.355624603203	282.62389771405	624.979522317253	1.008796	623.970726317253	353.253721430307	295.324443633739	648.578165064046	2.422996	646.155169064046	717.961333542848	690.811632473671	9888.95030158205
16	687870	688348	478	688109	594.621995481438	410.783488345556	1005.40548382699	1.126646	1004.27883782699	603.927648935799	415.938028737711	1019.86567767351	2.540846	1017.32483167351	1155.55641193418	1087.63322089082	15916.2330816658
16	689780	689965	185	689872.5	73.1834932695323	15.9831353262635	89.1666285957958	0.436045	88.7305835957958	91.0168789903257	20.3971555491667	111.414034539492	1.850245	109.563789539492	102.096341122392	117.135858282171	1406.239578879
16	692528	692663	135	692595.5	22.2402057475877	22.9248243942719	45.1650301418596	0.318195	44.8468351418596	27.8259578844843	33.7088181135952	61.5347759980795	1.732395	59.8023809980795	51.6022502428341	63.9353864535919	710.751490728758
16	694884	695602	718	695243	873.982404309147	1066.04673548851	1940.02913979766	1.692326	1938.33681379766	890.245347256419	1144.96448493968	2035.2098321961	3.106526	2032.1033061961	2230.31438013614	2172.54410320957	30719.5764335041
16	696853	697085	232	696969	86.8309649802602	111.389533872177	198.220498852438	0.546824	197.673674852438	96.6132314159381	126.010832106629	222.624063522567	1.961024	220.663039522567	227.449861375728	235.913294294296	3132.81547370693
16	698577	698725	148	698651	70.9437322660577	52.2629234643409	123.206655730399	0.348836	122.857819730399	84.8004096748376	66.5677130781736	151.368122753011	1.763036	149.605086753011	141.364266574512	159.944451664626	1947.10235950543
16	700166	700529	363	700347.5	203.954555028632	186.954392001992	390.908947030624	0.855591	390.053356030624	255.81086741827	195.208716821735	451.019584240005	2.269791	448.749793240005	448.808278717589	479.763363480303	6181.72951080233
16	703257	703360	103	703308.5	6.34907292715964	6.47657639992073	12.8256493270804	0.242771	12.5828783270804	9.96667145824377	11.2686069185391	21.2352783767829	1.656971	19.5783073767829	14.478275538402	20.931384793559	199.418743827552
16	703938	704136	198	704037	29.6438073965243	28.7378827222163	58.3816901187407	0.466686	57.9150041187407	49.0518360052362	56.503538964289	105.555374969525	1.880886	103.674488969525	66.6389172367827	110.839541954995	917.861324723352
16	704470	704881	411	704675.5	287.934942368849	221.109922282508	509.044864651357	0.968727	508.076137651357	312.927823089944	241.432375797045	554.360198886989	2.382927	551.977271886989	584.609190694627	590.125001759166	8052.20415436516
16	706705	706830	125	706767.5	21.5653873678294	21.5832878553778	43.1486752232073	0.294625	42.8540502232073	31.1636487918365	28.7659834875857	59.9296322794221	1.708825	58.2208072794221	49.3092860742998	62.2445085116174	679.168997847071
16	709862	710129	267	709995.5	88.3238056401641	72.809283077319	161.133088717483	0.629319	160.503769717483	112.342359823917	98.180174094129	210.522533918046	2.043519	208.479014918046	184.680940442754	222.887218933264	2543.73119604613
16	711409	711570	161	711489.5	23.8142486191638	68.3666620754278	92.1809106945916	0.379477	91.8014336945916	32.2937795727565	81.131809754649	113.425589327405	1.793677	111.631912327405	105.629762706212	119.346911211367	1454.90770180494
16	712952	713393	441	713172.5	400.972521128166	339.318741888843	740.291263017009	1.039437	739.251826017009	420.817961650491	364.088816541458	784.906778191949	2.453637	782.453141191949	850.607575717101	836.529300824004	11715.9736178377
16	718543	718610	67	718576.5	8.7518383703209	19.1250209005441	27.876859270865	0.157919	27.718940270865	14.47209417064	29.8792138081946	44.3513079788346	1.572119	42.7791889788346	31.8943285027545	45.7357037275968	439.301414617544
16	719322	719588	266	719455	91.7396986774764	130.574956417857	222.314655095333	0.626962	221.687693095333	103.20821104076	144.809444116905	248.017655157665	2.041162	245.976493157665	255.081184183371	262.976187336749	3513.39972698894
16	720500	720579	79	720539.5	14.6805998496258	12.001526880787	26.6821267304127	0.186203	26.4959237304127	22.9397248001083	17.5252773289684	40.4650021290767	1.600403	38.8645991290767	30.4870852631388	41.550572455656	419.918534497626
16	725039	725124	85	725081.5	13.8264765862121	8.81894019794653	22.6454167841586	0.200345	22.4450717841586	21.6959909250263	15.9390341250967	37.635025050123	1.614545	36.020480050123	25.8260411746081	38.5098933154931	355.718930436062
16	726378	726476	98	726427	26.0495095000703	9.86546870182477	35.914978201895	0.230986	35.683992201895	34.6879447816766	13.4275657212364	48.115510502913	1.645186	46.470324502913	41.0591804179913	49.681937510364	565.534905025599
16	729549	729745	196	729647	56.0491265876408	48.4468195266444	104.495946114285	0.461972	104.033974114285	67.6380422303005	61.8365842183093	129.47462644861	1.876172	127.59845444861	119.704927873295	136.416917853403	1648.77414324268
16	731998	732110	112	732054	20.4013556635635	11.7683205290388	32.1696761926024	0.263984	31.9056921926024	33.1351024875322	29.5952060727895	62.7303085603217	1.678184	61.0521245603217	36.7117435931786	65.2715011079968	505.6548186041
16	736803	736913	110	736858	15.6645266484464	19.3888280857549	35.0533547342013	0.25927	34.7940847342013	20.3742549254316	23.9861533012628	44.3604082266944	1.67347	42.6869382266944	40.0352234833349	45.6370774289397	551.431277483694
16	739639	740005	366	739822	52.1208195939146	65.2576773972557	117.37849699117	0.862662	116.51583499117	62.9426143428094	68.709671417836	131.652285760645	2.276862	129.375423760645	134.06696939591	138.316695383746	1846.59192006578
16	742209	742328	119	742268.5	14.1617857188928	9.55716030455228	23.7189460234451	0.280483	23.4384630234451	17.9857898717643	12.7997486216332	30.7855384933975	1.694683	29.0908554933975	26.9690699559379	31.1013551165412	371.462612280419
16	746873	747105	232	746989	47.0321809967006	38.1289385026462	85.1611194993468	0.546824	84.6142954993468	55.4519103215003	47.4072912134275	102.859201534928	1.961024	100.898177534928	97.360004037452	107.871356716815	1341.00291520885
16	751960	752246	286	752103	151.919137760786	158.53771802841	310.456855789196	0.674102	309.782753789196	167.006348685115	168.72149539988	335.727844084996	2.088302	333.639542084996	356.446271657276	356.697721786172	4909.56727183226
16	753028	753222	194	753125	117.604803154981	78.7459447717988	196.35074792678	0.457258	195.89348992678	128.276993829169	81.8381289923835	210.115122821553	1.871458	208.243664821553	225.401521783385	222.635603544043	3104.60235486183
16	754452	754711	259	754581.5	123.178254956858	90.9173762802101	214.095631237068	0.610463	213.485168237068	131.201773490223	97.2593490139847	228.461122504208	2.024663	226.436459504208	245.64308807201	242.085721403794	3383.40266582932
16	758408	758644	236	758526	128.748706677023	114.48461817175	243.233324848774	0.556252	242.677072848774	144.850545236359	118.442425968978	263.292971205338	1.970452	261.322519205338	279.232258011722	279.382793386705	3846.04823835079
16	759509	759725	216	759617	91.854201796152	40.0479907711052	131.902192567257	0.509112	131.393080567257	99.1261998606544	42.9657702414975	142.091970102152	1.923312	140.168658102152	151.185219696359	149.855861503746	2082.37276028993
16	767556	767715	159	767635.5	33.4678115493958	34.0206266061984	67.4884381555942	0.374763	67.1136751555942	37.7611284847518	36.6541983357381	74.41532682049	1.788963	72.62636382049	77.2232120536575	77.6456482181087	1063.64572916318
16	770730	771141	411	770935.5	170.986757097907	157.73029603698	328.717053134887	0.968727	327.748326134887	175.344575790072	167.279456123633	342.624031913705	2.382927	340.241104913705	377.118052776402	363.755525566004	5194.2932126061
16	774311	774467	156	774389	8.48963122868986	36.6318977283454	45.1215289570353	0.367692	44.7538369570353	10.6135890780802	41.6118333648603	52.2254224429405	1.781892	50.4435304429405	51.4952434587376	53.9297358922298	709.2776164121
16	775385	775929	544	775657	521.917615261316	425.646793171444	947.56440843276	1.282208	946.28220043276	528.525895248395	449.348438723683	977.874333972078	2.696408	975.177925972078	1088.82356475347	1042.57349820301	14997.0779984851
16	779051	779163	112	779107	14.8602047414524	9.38005548081904	24.2402602222714	0.263984	23.9762762222714	24.3287626327762	18.7123096596931	43.0410722924693	1.678184	41.3628882924693	27.5878955917257	44.221521011023	379.986101877628
16	785217	786082	865	785649.5	1736.11498586941	1330.91374956542	3067.02873543483	2.038805	3064.98993043483	1746.06855697085	1341.06862614973	3087.13718312058	3.453005	3083.68417812058	3526.67868048596	3296.80083532623	48575.2485149581
16	787669	787836	167	787752.5	54.6375881421328	45.0781277749346	99.7157159170674	0.393619	99.3220969170674	59.5281213436294	47.3051884324949	106.833309776124	1.807819	105.025490776124	114.283286290891	112.283912917536	1574.09833320034
16	789614	789881	267	789747.5	210.395730464351	97.5486568937477	307.944387358099	0.629319	307.315068358099	221.604435751373	101.725270650506	323.329706401879	2.043519	321.286187401879	353.606871268523	343.490613766699	4870.45835604691
16	792288	792641	353	792464.5	33.436510696867	40.2709968450324	73.7075075418994	0.832021	72.8754865418994	36.6294976629758	42.1088469018192	78.738344564795	2.246221	76.492123564795	83.852942603598	81.7785746846455	1154.96133748114
16	797328	797507	179	797417.5	31.6651624513634	35.0912557664966	66.75641821786	0.421903	66.33451521786	36.0724824917764	37.617724578917	73.6902070706934	1.836103	71.8541040706934	76.3266848860442	76.8200167846816	1051.297275019
16	802048	802198	150	802123	33.738218914373	19.8403403834147	53.5785592977878	0.35355	53.2250092977878	37.9773343734651	21.675790374832	59.6531247482971	1.76775	57.8853747482971	61.2424542394972	61.8858938854327	843.532315776386
16	812715	813151	436	812933	453.152742339979	429.236190934435	882.388933274414	1.027652	881.361281274414	460.988455758171	451.480396790972	912.468852549143	2.441852	910.027000549143	1014.12341019838	972.919923793352	13968.1839878974
16	814092	814340	248	814216	37.3488172547958	32.1886767101119	69.5374939649076	0.584536	68.9529579649076	39.0681640839576	33.9505246968607	73.0186887808183	1.998736	71.0199527808183	79.3395516235137	75.9282164217389	1092.79545610503
16	818122	818240	118	818181	12.723446543424	9.52565944657602	22.2491059900001	0.278126	21.97097999	16.7377558795617	12.6091434301959	29.3468993097575	1.692326	27.6545733097575	25.2805354923707	29.565809960398	348.205324439684
16	821560	821736	176	821648	21.0526734032443	97.3261508334391	118.378824236683	0.414832	117.963992236683	25.1561851689528	104.770553593659	129.926738762612	1.829032	128.097706762612	135.733266969364	136.950674019978	1869.54292469749
16	822039	822606	567	822322.5	315.713298956836	263.914688138793	579.627987095629	1.336419	578.291568095629	326.154283333751	269.51624070604	595.670524039791	2.750619	592.919905039791	665.401384864684	633.897223355763	9165.0078048918
16	825186	825438	252	825312	52.3156248997488	31.1689489361944	83.4845738359432	0.593964	82.8906098359432	57.6827710825625	40.1652939660454	97.8480650486078	2.008164	95.8399010486078	95.3766743629815	102.463497421842	1313.68522041641
16	828824	828942	118	828883	9.38265555163613	15.1845135745223	24.5671691261584	0.278126	24.2890431261584	18.9408158834258	33.5506138046477	52.4914296880735	1.692326	50.7991036880735	27.9477755250812	54.3098831783531	384.942963214335
16	829353	829736	383	829544.5	77.8992217099415	40.0755915228558	117.974813232797	0.902731	117.072082232797	93.9502588856205	60.2019396961503	154.152198581771	2.316931	151.835267581771	134.707005850401	162.328762636337	1855.40756012042
16	830524	830960	436	830742	36.3937912431343	20.3930554374936	56.7868466806279	1.027652	55.7591946806279	40.2623966107912	23.8099485020432	64.0723451128344	2.441852	61.6304931128344	64.1583716698665	65.8898413195462	883.695150744319
16	831862	832278	416	832070	22.6895179853254	75.6981617605521	98.3876797458775	0.980512	97.4071677458775	34.3256349135876	97.5572571279888	131.882892041576	2.394712	129.488180041576	112.079905517722	138.437244369858	1543.74973092422
16	837493	837705	212	837599	30.7893385968994	44.3951091718302	75.1844477687296	0.499684	74.6847637687296	32.5104854750885	46.1121559383461	78.6226414134346	1.913884	76.7087574134346	85.9347567588717	82.0101803264367	1183.6355233416
16	839521	841128	1607	840324.5	725.085448862331	584.880630159767	1309.9660790221	3.787699	1306.1783800221	729.025256169287	590.012669939082	1319.03792610837	5.201899	1313.83602710837	1502.93199987189	1404.63661693542	20700.8639031442
16	842995	843129	134	843062	17.040464124305	19.0736195005448	36.1140836248498	0.315838	35.7982456248498	23.5147404615799	22.6091157954431	46.123856257023	1.730038	44.393818257023	41.1906441813486	47.4619217335918	567.345641288906
16	857003	857268	265	857135.5	126.767452714402	5.49744973183933	132.264902446241	0.624605	131.640297446241	139.649503577668	10.0483736835346	149.697877261203	2.038805	147.659072261203	151.469675605304	157.863946064322	2086.29075728382
16	860181	861132	951	860656.5	540.375017978211	294.773228620517	835.148246598727	2.241507	832.906739598727	548.591441765659	295.51754889327	844.108990658929	3.655707	840.453283658929	958.37001361997	898.537894145879	13200.2560478402
16	866499	866720	221	866609.5	23.2648336549682	59.5330214770923	82.7978551320605	0.520897	82.2769581320605	24.7581743284907	63.8149381019427	88.5731124304334	1.935097	86.6380154304334	94.6705864375899	92.6256598093461	1303.95981031906
16	870068	870258	190	870163	26.1044109954003	19.6405349413938	45.7449459367942	0.44783	45.2971159367942	28.9711890766882	21.2389784775611	50.2101675542493	1.86203	48.3481375542493	52.1203582026545	51.689528196906	717.887730002586
16	876645	876831	186	876738	33.3772090816926	32.2162774618625	65.5934865435551	0.438402	65.1550845435551	37.8564310804705	35.6351705808868	73.4916016613573	1.852602	71.6389996613573	74.9695929840842	76.5900462833529	1032.60516202325
16	877680	878069	389	877874.5	53.9282688226862	45.986552517336	99.9148213400222	0.916873	98.9979483400222	58.6063962389714	48.3384165741165	106.944812813088	2.331073	104.613739813088	113.910310228352	111.843705412333	1568.96109032415
16	878579	878633	54	878606	5.87085990226277	4.22501507504556	10.0958749773083	0.127278	9.96859697730834	15.3349176710185	8.66393597615855	23.9988536471771	1.541478	22.4573756471771	11.4701970421294	24.0094285005451	157.986514314425
16	882849	883228	379	883038.5	69.2303856003199	52.6752346942969	121.905620294617	0.893303	121.012317294617	81.5086200176794	59.7538274910974	141.262447508777	2.307503	138.954944508777	139.240770496946	148.558266887256	1917.85406130944
16	883591	883726	135	883658.5	14.0588829161703	5.62745327269377	19.6863361888641	0.318195	19.3681411888641	20.8931690588882	7.71841022325183	28.6115792821401	1.732395	26.8791842821401	22.2856231706179	28.7368329814682	306.954441246205
16	887864	888069	205	887966.5	28.7029817716331	49.2143404313042	77.9173222029374	0.483185	77.4341372029374	34.0634277719566	59.5485218992711	93.6119496712277	1.897385	91.7145646712277	89.098276670906	98.0530547080759	1227.20874898288
16	888709	888961	252	888835	179.294983385743	106.110190080802	285.405173466546	0.593964	284.811209466546	194.115987059492	114.614921720776	308.730908780268	2.008164	306.722744780268	327.713187705836	327.920676306561	4513.80774282691
16	892077	892343	266	892210	56.6625432950263	46.1482569216141	102.81080021664	0.626962	102.18383821664	60.6516519447829	48.1447112982434	108.796363243026	2.041162	106.755201243026	117.576100381422	114.133165494248	1619.45241199582
16	895845	895919	74	895882	4.05931056181802	4.09741159956074	8.15672216137876	0.174418	7.98230416137876	9.21595101117125	8.10642079134047	17.3223718025117	1.588618	15.7337538025117	9.18470290148555	16.8211300777734	126.506911005071
16	899736	900155	419	899945.5	146.102079323893	156.99197592765	303.094055251543	0.987583	302.106472251543	167.304356801843	177.695439819615	344.999796621458	2.401783	342.598013621458	347.613688497562	366.275322713728	4787.91033597754
16	900501	900680	179	900590.5	56.9513511611706	33.158503124886	90.1098542860566	0.421903	89.6879512860566	77.6322144375712	39.4292739193618	117.061488356933	1.836103	115.225385356933	103.197920018003	123.188732941856	1421.41234437908
16	901589	901944	355	901766.5	117.739406821127	89.489337385286	207.228744206413	0.836735	206.392009206413	127.259466115174	91.2040840891561	218.46355020433	2.250935	216.21261520433	237.481464935075	231.155296470127	3270.98730052947
16	906735	906904	169	906819.5	50.1999672764284	20.7716657495512	70.9716330259796	0.398333	70.5733000259796	63.4818290291841	23.9195514872559	87.40138051644	1.812533	85.58884751644	81.2039707346937	91.5039827972212	1118.47531805637
16	911040	911258	218	911149	72.6788795255696	58.6517974755467	131.330677001116	0.513826	130.816851001116	77.1334008515851	61.5137754260953	138.64717627768	1.928026	136.71915027768	150.522190919072	146.167954565068	2073.2404319586
16	912482	912656	174	912569	18.5138042530808	22.5491141612026	41.0629184142834	0.410118	40.6528004142834	23.4738393475726	25.6256979568848	49.0995373044574	1.824318	47.2752193044574	46.7764553153896	50.5424594382932	644.282665774583
16	919093	919309	216	919201	26.7602288576491	30.2806247412636	57.0408535989127	0.509112	56.5317415989127	28.2984707541283	33.6526165828566	61.9510873369849	1.923312	60.0277753369849	65.0472896788088	64.1763580323461	895.938798977065
16	920702	921772	1070	921237	301.848021313815	307.324870484565	609.172891798381	2.52199	606.650901798381	318.938486799987	317.468946774713	636.407433574701	3.93619	632.471243574701	698.032571208611	676.181996499954	9614.45844375061
16	923458	923592	134	923525	15.257615565572	8.82524036954179	24.0828559351138	0.315838	23.7670179351138	25.9428065938459	18.6446078157251	44.587414409571	1.730038	42.857376409571	27.3471160926789	45.8192947739149	376.669688599542
16	928096	928199	103	928147.5	0.0581015824895612	2.82257687739736	2.88067845988692	0.242771	2.63790745988692	0.798421746293729	4.14411287154461	4.94253461783834	1.656971	3.28556361783834	3.03526347917177	3.51263237547517	41.8066660353726
