Chr	Start	End	Length	Midpoint	WatsonHpM	CrickHpM	TotalHpM	BGHpM	Total-BGHpM	WatsonHpM300	CrickHpM300	TotalHpM300	BGHpM300	Total-BGHpM300	NormHpM	NormHpM300	NormHpChr
1	6329	6760	431	6544.5	53.4982330861245	60.033183710855	113.53141679698	1.968808	111.56260879698	57.0963160186979	64.171979106364	121.268295125062	4.709608	116.558687125062	128.18215191014	128.288927539787	8450.29096153566
1	9191	9576	385	9383.5	19.8376572401456	16.3100759325713	36.1477331727169	1.75868	34.3890531727169	24.9223744383008	19.5330502192279	44.4554246575287	4.49948	39.9559446575287	39.5120093135581	43.9770335046206	2604.79302460562
1	11130	11243	113	11186.5	4.80481074656341	4.32839976571906	9.13321051228247	0.516184	8.61702651228247	7.31836868181162	6.25064407172031	13.5690127535319	3.256984	10.3120287535319	9.9007096850984	11.3498113455124	652.695217844575
1	28177	28865	688	28521	70.038114315501	62.6047429829818	132.642857298483	3.142784	129.500073298483	72.2678657092639	64.4966865905792	136.764552299843	5.883584	130.880968299843	148.791770351375	144.052575339496	9808.96118074645
1	29827	30075	248	29951	14.0938248499784	25.5250883303136	39.618913180292	1.132864	38.486049180292	19.7330548291542	28.1401486050994	47.8732034342535	3.873664	43.9995394342535	44.2193370668371	48.4275678243399	2915.11929525839
1	31066	31177	111	31121.5	4.89951292936349	4.76100973698956	9.66052266635304	0.507048	9.15347466635304	16.7656864339833	21.0772858124685	37.8429722464518	3.247848	34.5951242464518	10.5170728153486	38.0767105151162	693.328392674006
1	32971	33197	226	33084	113.99202741364	51.7497927861492	165.741820199789	1.032368	164.709452199789	124.452468517393	56.3241982220775	180.77666673947	3.773168	177.00349873947	189.24630976791	194.816787870238	12475.8896391194
1	34454	35111	657	34782.5	320.042576693356	113.590018147688	433.632594841044	3.001176	430.631418841044	326.888034474997	116.022474213611	442.910508688608	5.741976	437.168532688608	494.782817849061	481.164326710273	32618.1040908419
1	36394	36567	173	36480.5	51.5948892157613	30.3537996277632	81.9486888435245	0.790264	81.1584248435245	55.0039677919543	32.4450478291521	87.4490156211064	3.531064	83.9179516211064	93.2486399723024	92.3632916631631	6147.33118293908
1	37240	37445	205	37342.5	52.726815305639	46.3973694176077	99.1241847232467	0.93644	98.1877447232467	63.3092592214471	58.6855526491719	121.994811870619	3.67724	118.317571870619	112.814826988611	130.224823037919	7437.21414114946
1	39003	39222	219	39112.5	118.389328767478	66.3674297095245	184.756758477003	1.000392	183.756366477003	137.706174003376	73.6720980755562	211.378272078932	3.741192	207.637080078932	211.130653327357	228.533273476547	13918.5949442166
1	42596	42658	62	42627	2.84496557389602	13.6010134911201	16.4459790650162	0.283216	16.1627630650162	14.7247393919908	41.4060543722881	56.1307937642789	3.024016	53.1067777642789	18.5705387569208	58.4513409726647	1224.24575863312
1	45159	45276	117	45217.5	14.0437236951919	17.2091966564948	31.2529203516867	0.534456	30.7184643516867	53.6118357045626	40.9841446476486	94.5959803522113	3.275256	91.3207243522113	35.2946108596264	100.511065097461	2326.76489428186
1	45499	45719	220	45609	72.8933801268083	28.2230505159138	101.116430642722	1.00496	100.111470642722	99.1619855945227	57.0424147763227	156.204400370845	3.74576	152.458640370845	115.025131415001	167.801782516341	7582.92643602236
1	48350	48502	152	48426	33.7629782062612	19.3990471305773	53.1620253368385	0.694336	52.4676893368385	44.6600293734833	23.9837528039169	68.6437821774002	3.435136	65.2086461774002	60.2838298375357	71.771117972908	3974.15626755898
1	52617	52829	212	52723	12.0215770865325	69.6248047890884	81.6463818756209	0.968416	80.6779658756209	14.160026375864	79.2709271235268	93.4309534993908	3.709216	89.7217374993908	92.6966067680371	98.7511593061539	6110.93889955986
1	57366	57556	190	57461	33.8138793794874	42.1064705162498	75.9203498957372	0.86792	75.0524298957372	57.9595359151396	72.9595816526939	130.919117567833	3.60872	127.310397567833	86.2330316031567	140.122669287766	5684.83362685946
1	58423	58681	258	58552	171.460051999885	244.464234680593	415.924286680478	1.178544	414.745742680478	180.893569433972	256.276606945143	437.170176379115	3.919344	433.250832379115	476.530643784949	476.85235663302	31414.8462329892
1	61029	61405	376	61217	99.8783021049736	288.954360137944	388.832662242917	1.717568	387.115094242918	103.442684260774	292.072932018219	395.515616278993	4.458368	391.057248278993	444.783842472295	430.412491988212	29321.967433622
1	62616	62751	135	62683.5	50.1780565590437	34.4590942511095	84.6371508101532	0.61668	84.0204708101532	60.1011852782299	38.0708774994628	98.1720627776927	3.35748	94.8145827776927	96.5370464986846	104.35653866478	6364.11637131087
1	67796	68683	887	68239.5	202.419665591115	313.495125780505	515.914791371621	4.051816	511.862975371621	206.021248604362	320.847295241395	526.868543845757	6.792616	520.075927845757	588.115483976007	572.415361465117	38770.9746210655
1	69613	70547	934	70080	268.995900113403	192.881745750647	461.87764586405	4.266512	457.61113386405	285.393878072037	207.907492080577	493.301370152613	7.007312	486.294058152613	525.78171583884	535.233749865698	34661.6780486596
1	70813	71700	887	71256.5	408.489615317995	135.856831377693	544.346446695688	4.051816	540.294630695687	415.665780722149	147.212893124696	562.878673846844	6.792616	556.086057846844	620.782618611038	612.049481172137	40924.5255517691
1	73183	73353	170	73268	31.9389361637337	12.106879052666	44.0458152163997	0.77656	43.2692552163997	60.757200398788	29.9037892554291	90.6609896542171	3.51736	87.1436296542171	49.7150999335303	95.9135956830807	3277.42242862845
1	73635	73843	208	73739	37.5070645040807	40.9973449519038	78.5044094559844	0.950144	77.5542654559844	58.1149394970523	57.3236212578791	115.438560754931	3.690944	111.747616754931	89.1075669810573	122.993680370091	5874.33473883577
1	74874	75086	212	74980	46.3911692747	43.5951048279309	89.9862741026309	0.968416	89.0178581026309	54.9762671534795	55.9915905557702	110.96785770925	3.709216	107.25864170925	102.278897321158	118.052943574167	6742.64262777164
1	76164	76629	465	76396.5	172.080266295267	179.70754209711	351.787808392376	2.12412	349.663688392376	183.077819778977	184.610055095622	367.687874874599	4.86492	362.822954874599	401.753280120365	399.336754005619	26485.2170226349
1	79541	79633	92	79587	19.3987471236624	9.18731175926752	28.58605888293	0.420256	28.16580288293	26.0176996845619	13.8666196131022	39.8843192976641	3.161056	36.7232632976641	32.3616780097074	40.4190213567151	2133.41398244948
1	81915	82733	818	82324	373.685013103238	445.145860211449	818.830873314687	3.736624	815.094249314687	382.99332765151	456.251716191434	839.245043842945	6.477424	832.767619842945	936.519287361499	916.575739437453	61739.1762532006
1	83442	83537	95	83489.5	3.22367430279139	30.2596974587929	33.4833717615843	0.43396	33.0494117615843	6.97376073890869	50.3739610744665	57.3477218133752	3.17476	54.1729618133752	37.972800785552	59.624823718501	2503.32211217121
1	84473	84643	170	84558	20.0873629956385	47.3293908998641	67.4167538955026	0.77656	66.6401938955026	24.2361586216438	55.0662692279464	79.3024278495902	3.51736	75.7850678495902	76.5676201851762	83.4119302280941	5047.65023176291
1	87041	87314	273	87177.5	147.136391361399	122.909132944897	270.045524306296	1.247064	268.798460306296	153.548939164855	125.973403573577	279.522342738432	3.987864	275.534478738432	308.841514587514	303.263734771316	20360.0939785704
1	92239	92946	707	92592.5	597.614974487312	649.5569717036	1247.17194619091	3.229576	1243.94237019091	600.979852044711	652.685243807457	1253.66509585217	5.970376	1247.69471985217	1429.25314836837	1373.26029878105	94222.2047408782
1	94473	94607	134	94540	26.6703147267513	11.2619595780326	37.9322743047839	0.612112	37.3201623047839	32.2281428296871	14.4814337840155	46.7095766137026	3.352912	43.3566646137026	42.8797673830698	47.719995327557	2826.80939077948
1	99806	99983	177	99894.5	36.9937526727049	34.2937904410054	71.2875431137104	0.808536	70.4790071137104	42.3557762625229	40.2266271875529	82.5824034500758	3.549336	79.0330674500758	80.9783035171375	86.9868022146743	5338.4204906395
1	100312	100418	106	100365	12.2620826299688	18.868334898138	31.1304175281068	0.484208	30.6462095281068	19.681953651318	25.4497865946763	45.1317402459944	3.225008	41.9067322459943	35.2115921952888	46.1241445759186	2321.29196487291
1	101169	101410	241	101289.5	37.7846709026583	48.7393233975392	86.5239943001975	1.100888	85.4231063001975	39.5686120208956	51.1886798530011	90.7572918738966	3.841688	86.9156038738966	98.1486333681401	95.6626218300777	6470.35875961339
1	105909	106156	247	106032.5	27.5563351487246	61.793324280511	89.3496594292356	1.128296	88.2213634292356	30.2218965875168	68.503278938927	98.7251755264438	3.869096	94.8560795264438	101.363748398757	104.402211565917	6682.31227325517
1	108453	108900	447	108676.5	215.517967495186	259.024770287834	474.54273778302	2.041896	472.50084178302	219.538860173143	271.196050824897	490.73491099804	4.782696	485.95221499804	542.889551725327	534.857504278443	35789.4964602616
1	110429	110618	189	110523.5	64.4998866643381	55.6329822901724	120.13286895451	0.863352	119.26951695451	70.2030181163853	59.8629797878078	130.065997904193	3.604152	126.461845904193	137.037162409257	139.188721028948	9034.04941830932
1	113160	114371	1211	113765.5	128.558263152264	138.573593996626	267.13185714889	5.531848	261.60000914889	151.258486371979	155.584286077769	306.842772449748	8.272648	298.570124449748	300.570706207123	328.617643230499	19814.848511398
1	114604	114848	244	114726	166.269032351555	117.376005411287	283.645037762841	1.114592	282.530445762841	173.411896988156	122.113014595085	295.524911583241	3.855392	291.669519583241	324.619161460419	321.022574861633	21400.2208977836
1	119642	119872	230	119757	171.845160876299	150.949779256558	322.794940132856	1.05064	321.744300132856	174.834929787781	154.994172476182	329.829102263963	3.79144	326.037662263963	369.674725255871	358.84946082607	24370.4676742187
1	124432	124801	369	124616.5	87.8110239650729	63.8770723090277	151.688096274101	1.685592	150.002504274101	93.9096645332493	65.5358105414511	159.4454750747	4.426392	155.0190830747	172.348459731293	170.619903212503	11361.9143523423
1	128074	128209	135	128141.5	18.4218246064776	28.5055570274346	46.9273816339123	0.61668	46.3107016339123	31.8086331603668	42.7072843644683	74.515917524835	3.35748	71.158437524835	53.209632294508	78.3196847925475	3507.79627385353
1	128945	129302	357	129123.5	279.924852015908	344.217233897448	624.142085913356	1.630776	622.511309913356	290.537496627815	358.249757334484	648.787253962299	4.371576	644.415677962299	715.247161692894	709.268423098362	47152.0140335493
1	130477	130820	343	130648.5	516.009193547506	100.720621519678	616.729815067184	1.566824	615.162991067184	524.882398066884	107.312773462847	632.195171529732	4.307624	627.887547529732	706.80415975182	691.076933645871	46595.4168636024
1	131986	132204	218	132095	81.9509888965386	31.0400154444201	112.991004340959	0.995824	111.995180340959	86.3533903679304	34.0131839732789	120.366574341209	3.736624	116.629950341209	128.679163874635	128.36736254792	8483.05602007742
1	135710	135780	70	135745	8.14668777382121	7.32176876018037	15.4684565340016	0.31976	15.1486965340016	14.2482284088415	16.6907847075659	30.9390131164074	3.06056	27.8784531164074	17.4054061777603	30.6840866175399	1147.43546050696
1	136713	136859	146	136786	23.0547313908094	16.7020849680267	39.7568163588362	0.666928	39.0898883588362	32.6337521786175	27.311129496955	59.9448816755726	3.407728	56.5371536755726	44.9131304994942	62.2269432685794	2960.85699185491
1	138451	138660	209	138555.5	71.920457701822	56.4169003587784	128.3373580606	0.954712	127.3826460606	79.4213305901913	64.6780907717824	144.099421361974	3.695512	140.403909361974	146.358908814775	154.533886737372	9648.577012225
1	139136	139483	347	139309.5	9.57592071635424	56.57530400984	66.1512247261942	1.585096	64.5661287261942	20.2968678245363	82.8943106392558	103.191178463792	4.325896	98.8652824637921	74.1845803883243	108.814892918186	4890.55051580219
1	141638	142083	445	141860.5	174.420720240624	126.306011239884	300.726731480508	2.03276	298.693971480508	181.606785872969	133.522877582158	315.129663455128	4.77356	310.356103455128	343.190576482774	341.589740325109	22624.5244234129
1	143394	143631	237	143512.5	70.7847315243558	53.2407271508445	124.0254586752	1.082616	122.9428426752	72.6765751296482	55.5786810385774	128.255256168226	3.823416	124.431840168226	141.257705480294	136.954419449286	9312.28485463556
1	152054	152174	120	152114	6.18304251356523	6.9639605130223	13.1470030265875	0.54816	12.5988430265875	9.45001781440566	9.87292756209473	19.3229453765004	3.28896	16.0339853765004	14.4756995927275	17.647614595494	954.297237232244
1	154755	154915	160	154835	15.6820614574028	15.3608540538613	31.0429155112641	0.73088	30.3120355112641	18.4388249983214	17.9351133882221	36.3739383865435	3.47168	32.9022583865435	34.8276360915972	36.2134779153586	2295.98001040576
1	158677	158860	183	158768.5	22.152710600042	18.3006218128623	40.4533324129043	0.835944	39.6173884129043	24.9399748439743	20.2837675225861	45.2237423665604	3.576744	41.6469983665604	45.5192125263696	45.8382715821488	3000.8123943609
1	168984	169294	310	169139	132.327950040154	129.021973840378	261.349923880532	1.41608	259.933843880532	137.003757813315	134.120291352008	271.124049165323	4.15688	266.967169165323	298.656331383523	293.834227763776	19688.6451045446
1	170782	170931	149	170856.5	9.90032819365462	19.6861537481265	29.5864819417811	0.680632	28.9058499417811	16.3397766171453	26.0516004659444	42.3913770830898	3.421432	38.9699450830898	33.211970285419	42.8918048435965	2189.46872193573
1	171799	171947	148	171873	6.85255794529337	8.3194917567975	15.1720497020909	0.676064	14.4959857020909	16.0868707878936	18.7533322474304	34.840203035324	3.416864	31.423339035324	16.6554606546897	34.5857229863569	1097.99598878011
1	175009	175397	388	175203	38.2701820932543	35.263112783013	73.5332948762673	1.772384	71.7609108762673	48.9874291161527	43.1591947805967	92.1466238967494	4.513184	87.6334398967494	82.4511731873447	96.4526994793086	5435.51807463385
1	176231	176389	158	176310	11.1774576303387	9.49811892309292	20.6755765534317	0.721744	19.9538325534317	16.1538723322189	16.1946732726438	32.3485456048627	3.462544	28.8860016048627	22.9263659494374	31.7930328335313	1511.39967676002
1	179689	180587	898	180138	90.3558826217746	84.8905566509298	175.246439272704	4.102064	171.144375272704	95.7685073779039	96.2396182365852	192.008125614489	6.842864	185.165261614489	196.639846865662	203.799934745827	12963.3018004842
1	180982	181409	427	181195.5	149.662249580158	70.7877315935047	220.449981173662	1.950536	218.499445173662	156.852115300092	80.3966530704967	237.248768370588	4.691336	232.557432370588	251.049427541623	255.96156173429	16550.2035723419
1	182516	182658	142	182587	17.1143944713897	8.49119571441919	25.6055901858089	0.648656	24.9569341858089	40.7542393485384	18.9314363525697	59.6856757011081	3.389456	56.2962197011081	28.6747823801638	61.9617621657863	1890.35876493138
1	182951	183088	137	183019.5	46.0297609445632	25.9479980780026	71.9777590225659	0.625816	71.3519430225659	67.8042628272347	34.0235842129951	101.82784704023	3.366616	98.4612310402298	81.9812811678337	108.370178542293	5404.54087362575
1	184611	184857	246	184734	40.0612233751439	45.2390427192198	85.3002660943637	1.123728	84.1765380943637	43.8588109061187	48.0431073503859	91.9019182565046	3.864528	88.0373902565046	96.7163632119508	96.8973026205288	6375.93766139522
1	188699	191684	2985	190191.5	321.425908577911	471.819875023484	793.245783601395	13.63548	779.610303601395	324.500579446307	473.323209673995	797.823789120302	16.37628	781.447509120302	895.749278764179	860.090872215443	59051.4507780254
1	192005	192597	592	192301	78.5556106361256	19.0046380398027	97.5602486759283	2.704256	94.8559926759283	81.1200697446	19.6566530681623	100.776722812762	5.445056	95.3316668127624	108.986742008692	104.925661035178	7184.85114502442
1	198294	198800	506	198547	18.0271155087882	66.1326242974711	84.1597398062592	2.311408	81.8483318062592	18.8007333399829	70.7177299800305	89.5184633200134	5.052208	84.4662553200134	94.0413227542376	92.9667755838717	6199.58806931314
1	202615	202883	268	202749	68.6828830786407	0.155403581912701	68.8382866605534	1.224224	67.6140626605534	70.00041344653	0.341207864534192	70.3416213110642	3.965024	66.3765973110642	77.6865667150969	73.0566094455073	5121.41575689515
1	211281	211552	271	211416.5	25.2710824757072	40.7167384841772	65.9878209598844	1.237928	64.7498929598844	34.0486847915408	47.1196860663564	81.1683708578972	3.978728	77.1896428578972	74.395720080848	84.9578589435707	4904.46970664715
1	220100	220246	146	220173	5.20732002404	21.564197035334	26.771517059374	0.666928	26.104589059374	13.5831130785317	39.0093991315417	52.5925122100735	3.407728	49.1847842100735	29.9934040306438	54.1346455868707	1977.28768950232
2	10535	10724	189	10629.5	12.0086767891922	12.0190770289084	24.0277538181007	0.863352	23.1644018181007	13.7114160357994	14.6203369856093	28.3317530214087	3.604152	24.7276010214087	26.6152154810107	27.2161388731546	328.411228594937
2	21364	21490	126	21427	2.99346899676627	4.45000256855423	7.4434715653205	0.575568	6.8679035653205	6.46324897207192	7.48737257719931	13.9506215492712	3.316368	10.6342535492712	7.89101893194471	11.704464220315	97.3690866472541
2	23803	23958	155	23880.5	8.91020537221469	9.33271511068391	18.2429204828986	0.70804	17.5348804828986	10.6466453955944	11.0218540438161	21.6684994394105	3.44884	18.2196594394105	20.1470612602411	20.0532506608816	248.599194914427
2	28718	28940	222	28829	11.7790714969969	17.8582116157055	29.6372831127024	1.014096	28.6231871127024	20.9083819193858	27.0823242231994	47.9907061425852	3.754896	44.2358101425852	32.8871990194274	48.6876163589327	405.802667377323
2	36538	36676	138	36607	8.79890280679073	2.31435334376167	11.1132561505524	0.630384	10.4828721505524	11.6844693165018	4.71670871589089	16.4011780323927	3.371184	13.0299940323927	12.0445113729993	14.341307383395	148.619979449521
2	45043	45509	466	45276	21.2881906736358	30.3335991621606	51.6217898357964	2.128688	49.4931018357964	23.56854323371	31.6511295300498	55.2196727637598	4.869488	50.3501847637598	56.8661164025403	55.4173297940656	701.684011031413
2	48638	48814	176	48726	13.688215501048	15.7156622318704	29.4038777329184	0.803968	28.5999097329184	18.3370226518689	18.2730211766925	36.6100438285614	3.544768	33.0652758285614	32.8604539955909	36.3929011168599	405.472654413753
2	49408	49579	171	49493.5	10.1844347420549	12.2688827867063	22.4533175287612	0.781128	21.6721895287612	13.2520054467988	15.9413674341722	29.193372880971	3.521928	25.671444880971	24.900707507265	28.2549693498427	307.255522735807
2	60846	60994	148	60920	3.62548356413324	6.8150570809322	10.4405406450654	0.676064	9.76447664506544	5.68293098644463	9.09200956263766	14.7749405490823	3.416864	11.3580765490823	11.2190960944495	12.5011313642642	138.434991620925
2	62676	62925	249	62800.5	26.7584167574238	24.9496750675557	51.7080918249796	1.137432	50.5706598249796	30.3463994571959	27.3483303544013	57.6947298115972	3.878232	53.8164978115972	58.1041987972682	59.2324858703099	716.960992750553
2	69542	69795	253	69668.5	8.6935003773596	20.8139797435006	29.5074801208602	1.155704	28.3517761208602	10.6158446856658	24.5166650870654	35.1325097727312	3.896504	31.2360057727312	32.5753557830461	34.3795368672153	401.954762389964
2	71114	71604	490	71359	57.5319260591172	65.7387152182213	123.270641277339	2.23832	121.032321277339	59.9339814243316	68.8061859206603	128.740167344992	4.97912	123.761047344992	139.062572660355	136.216119336128	1715.92487656334
2	74727	75225	498	74976	75.5414411622319	86.658097391153	162.199538553385	2.274864	159.924674553385	79.4135304104042	90.0162747941199	169.429805204524	5.015664	164.414141204524	183.748741167271	180.960461787565	2267.31772592905
2	80826	80922	96	80874	3.45297958807184	3.94989104143363	7.40287062950547	0.438528	6.96434262950547	5.91593635700872	6.97356073429876	12.8894970913075	3.179328	9.71016909130748	8.00182457649471	10.6873816931143	98.7363428277605
2	84366	84517	151	84441.5	0.777017909563504	11.6775691574593	12.4545870670228	0.689768	11.7648190670228	1.61483722054459	13.937721251931	15.5525584724756	3.430568	12.1219904724756	13.5174306257821	13.3419241046602	166.794666848639
2	88116	88230	114	88173	5.5311274875106	3.33497686821535	8.86610435572596	0.520752	8.34535235572596	9.58522093071581	7.08186323057383	16.6670841612896	3.261552	13.4055321612896	9.58856408021066	14.7546389418982	118.315484324746
2	89834	89936	102	89885	14.431332629229	4.33179984408781	18.7631324733168	0.465936	18.2971964733168	16.9111897877046	7.74067841567091	24.6518682033755	3.206736	21.4451322033755	21.0229398824876	23.6033287537643	259.406861477834
2	90469	90596	127	90532.5	5.09861751854508	3.99369205100747	9.09230956955255	0.580136	8.51217356955255	7.74717856549352	6.19304274406155	13.9402213095551	3.320936	10.6192853095551	9.7802367418949	11.687989605958	120.680577117502
2	92219	92314	95	92266.5	2.91596721041985	3.38897811289544	6.30494532331529	0.43396	5.87098532331529	7.52447343234063	4.68960809124588	12.2140815235865	3.17476	9.03932152358651	6.74558923182674	9.94902132608943	83.2353677091805
2	96166	96383	217	96274.5	7.76437896194717	12.0693781883049	19.833757150252	0.991256	18.842501150252	9.57522070021949	13.9748221070723	23.5500428072918	3.732056	19.8179868072918	21.6494788966784	21.8124305979631	267.137869613383
2	100146	100306	160	100226	3.3448770964067	3.5135809848795	6.8584580812862	0.73088	6.1275780812862	5.23352062794033	6.88545870362624	12.1189793315666	3.47168	8.64729933156658	7.04040675389745	9.51754678029197	86.8731885152392
2	101242	101826	584	101534	16.7794867520682	19.6652532663892	36.4447400184574	2.667712	33.7770280184574	18.762632461792	21.7868021661819	40.5494346279739	5.408512	35.1409226279739	38.8088104358867	38.6774369881528	478.870784444748
2	107503	107892	389	107697.5	18.3301224928265	26.7067155657579	45.0368380585843	1.776952	43.2598860585843	19.6780535614245	29.1694723300848	48.8475258915093	4.517752	44.3297738915093	49.7043350471287	48.7910364374735	613.313153559411
2	113471	113554	83	113512.5	0.804118534208511	2.95646814392991	3.76058667813842	0.379144	3.38144267813842	3.53048137441827	5.85193488183232	9.38241625625058	3.119944	6.26247225625058	3.88517805130697	6.89271532923188	47.9401002050934
2	116878	117384	506	117131	27.0646238152209	31.2448201649846	58.3094439802056	2.311408	55.9980359802056	27.9936452283284	32.4373476516699	60.4309928799983	5.052208	55.3787848799983	64.3400941595635	60.9519984820074	793.907131277293
2	122135	122354	219	122244.5	12.9580986725122	16.6412835666091	29.5993822391213	1.000392	28.5989902391213	14.8330418882659	17.8473113644645	32.6803532527303	3.741192	28.9391612527303	32.8593975242978	31.8515423653521	405.459618372937
2	124808	125074	266	124941	40.5132337935773	55.9625898873309	96.4758236809081	1.215088	95.2607356809081	41.3814538052671	57.4659245378416	98.8473783431087	3.955888	94.8914903431087	109.451779801446	104.441186058555	1350.55053385314
2	126105	126625	520	126365	48.6217206869025	60.6473978679385	109.269118554841	2.37536	106.893758554841	51.9797980875644	64.0223756581391	116.002173745704	5.11616	110.886013745704	122.817780482859	122.045367303555	1515.47667199827
2	132202	132429	227	132315.5	28.4646560847047	37.435762860642	65.9004189453467	1.036936	64.8634829453467	30.2924982148208	39.6992150311774	69.9917132459982	3.777736	66.2139772459982	74.5262316288388	72.8776236122044	919.596210267029
2	135762	135864	102	135813	11.2447591815789	14.7794406528056	26.0241998343845	0.465936	25.5582638343845	16.8092874389472	26.3175065948414	43.1267940337886	3.206736	39.9200580337886	29.3656924367945	43.9375353206053	362.349992566827
2	136197	136476	279	136336.5	33.052861838718	14.246828376572	47.29969021529	1.274472	46.02521821529	37.0430538090518	25.7546936225089	62.7977474315607	4.015272	58.7824754315607	52.8816202541993	64.698229855296	652.518402120898
2	140530	141141	611	140835.5	73.3677910615534	32.9337590935069	106.30155015506	2.791048	103.51050215506	79.6759364586275	42.5327803423076	122.208716800935	5.531848	116.676868800935	118.9305185188	128.419002790518	1467.51085791731
2	142899	143096	197	142997.5	20.0068611401432	20.3612693089325	40.3681304490758	0.899896	39.4682344490758	25.8618960934294	28.9269667405493	54.7888628339786	3.640696	51.1481668339786	45.3478390146201	56.2956192335693	559.557353031479
2	145806	146097	291	145951.5	47.1165859949025	38.276382236162	85.3929682310645	1.329288	84.0636802310645	49.1437327188101	40.1513254519157	89.2950581707258	4.070088	85.2249701707258	96.5866928507637	93.8018460269864	1191.80528475047
2	146948	147133	185	147040.5	22.9363286617331	30.096693701703	53.033022363436	0.84508	52.187942363436	26.8860196985568	31.5696276515049	58.4556473500617	3.58588	54.8697673500617	59.9624088038422	60.3917544141889	739.889870845933
2	151223	151462	239	151342.5	36.2959365886722	123.404244356769	159.700180945442	1.091752	158.608428945441	38.9614980274644	124.535970442037	163.497468469501	3.832552	159.664916469501	182.236413728107	175.733284277854	2248.65677190866
2	152108	152224	116	152166	0.834519234917302	3.74368628859966	4.57820552351696	0.529888	4.04831752351696	2.86146595421494	7.04456237082258	9.90602832503752	3.270688	6.63534032503752	4.65139760871192	7.30310811794941	57.3946584971487
2	153718	153937	219	153827.5	5.04071618397142	40.0982242279803	45.1389404119517	1.000392	44.1385484119517	7.02376189139025	43.4462013958408	50.4699632872311	3.741192	46.7287712872311	50.7138922139212	51.431464282527	625.770310245582
2	158463	158661	198	158562	5.50722693662442	24.4094626161449	29.9166895527693	0.904464	29.0122255527693	6.88555870593121	26.980421874442	33.8659805803732	3.645264	30.2207165803732	33.3341927296076	33.2620709378797	411.318224959009
2	159736	160143	407	159939.5	56.8321099289853	94.6137807624947	151.44589069148	1.859176	149.58671469148	58.9572589117567	96.5024242940283	155.459683205785	4.599976	150.859707205785	171.870729746159	166.041935815826	2120.7522274511
2	161531	161640	109	161585.5	7.8323805293221	3.25027491591158	11.0826554452337	0.497912	10.5847434452337	11.8325727301522	5.74353238325229	17.5761051134045	3.238712	14.3373931134045	12.1615584904065	15.7802805745527	150.064250590539
2	164167	164324	157	164245.5	13.8335188501594	22.169110978056	36.0026298282154	0.717176	35.2854538282154	17.4114013171302	27.7236390049279	45.1350403220581	3.457976	41.6770643220581	40.5419472670937	45.8713633171485	500.256356035025
2	165667	165938	271	165802.5	31.6923304796946	41.4511554118264	73.1434858915211	1.237928	71.9055578915211	49.0118296785637	52.026899173202	101.038728851766	3.978728	97.0600008517657	82.6173683479145	106.827931262847	1019.43459604065
2	170134	170565	431	170349.5	63.0754538324433	59.0854618667194	122.160915699163	1.968808	120.192107699163	70.873533571163	70.5325257112388	141.406059282402	4.709608	136.696451282402	138.097192003914	150.45331726067	1704.01282393803
2	171223	171446	223	171334.5	45.6402519667319	49.6513444188029	95.2915963855348	1.018664	94.2729323855348	50.3060595093965	53.8204405127157	104.126500022112	3.759464	100.367036022112	108.316822906567	110.467780044645	1336.5460412532
2	172295	172458	163	172376.5	33.65777578144	15.2152506978349	48.8730264792749	0.744584	48.1284424792749	36.5058414267898	17.5834052816668	54.0892467084566	3.485384	50.6038627084566	55.2981629920785	55.6965373955611	682.336675433971
2	177638	177835	197	177736.5	8.65299944384953	35.1653105287591	43.8183099726086	0.899896	42.9184139726086	9.75432482840846	39.82761799075	49.5819428191585	3.640696	45.9412468191585	49.3119936769366	50.5646848779858	608.471963695466
2	181392	181597	205	181494.5	19.7936562259618	23.7574475877853	43.5511038137471	0.93644	42.6146638137471	24.8787734333369	29.7949867476292	54.6737601809661	3.67724	50.9965201809661	48.9629936900614	56.1287111552456	604.16557306898
2	182105	182323	218	182214	43.1465944901713	42.3024750339775	85.4490695241488	0.995824	84.4532455241488	47.2077880970289	45.4342472185078	92.6420353155367	3.736624	88.9054113155367	97.0342918995447	97.8526796369643	1197.32831174355
2	186585	186640	55	186612.5	1.22292818739409	1.79744142940726	3.02036961680135	0.25124	2.76912961680135	5.9295366704837	10.8561502244922	16.7856868949759	2.99204	13.7936468949759	3.18164837688261	15.1818127903269	39.2590867113065
2	191779	192331	552	192055	48.8152251470062	46.1723642314407	94.9875893784469	2.521536	92.4660533784469	50.0550537239391	48.2602123544608	98.3152660783999	5.262336	93.0529300783999	106.240772141285	102.417596651412	1310.92917623334
2	193071	194078	1007	193574.5	132.016342857889	125.095283333696	257.111626191585	4.599976	252.511650191585	135.084013564938	128.318357622657	263.402371187595	7.340776	256.061595187595	290.128449423767	281.831137952826	3579.96126665156
2	195926	196307	381	196116.5	112.598495293979	60.4360929975514	173.03458829153	1.740408	171.29418029153	118.362228142833	63.2401576287175	181.602385771551	4.481208	177.121177771551	196.811968420429	194.946309892079	2428.50787352283
2	201903	202008	105	201955.5	2.14864952443777	14.8738428286908	17.0224923531286	0.47964	16.5428523531286	3.62158347423968	22.0434080807173	25.664991554957	3.22044	22.444551554957	19.0072501550642	24.7033277322989	234.534805103854
2	203223	203339	116	203281	8.80530295430837	0.0777017909563504	8.88300474526472	0.529888	8.35311674526472	15.2387512395013	0.699316118607153	15.9380673581084	3.270688	12.6673793581084	9.59748513512395	13.9421998709348	118.425563260854
2	206991	207171	180	207081	31.2559204208355	28.7314622343463	59.9873826551819	0.82224	59.1651426551819	34.6781993012837	31.3533226658696	66.0315219671533	3.56304	62.4684819671533	67.9790064555839	68.7551889461998	838.808502026589
2	209419	209548	129	209483.5	9.49461884241921	3.69968527441588	13.1943041168351	0.589272	12.6050321168351	13.4913109625756	7.75387871992605	21.2451896825016	3.330072	17.9151176825016	14.4828106751489	19.7180604116725	178.706711983115
2	216404	216791	387	216597.5	13.8198185343795	60.5951966647478	74.4150151991272	1.767816	72.6471991991272	15.3873546646765	62.9501509443245	78.337505609001	4.508616	73.828889609001	83.4694923684939	81.2588859998883	1029.94914914331
2	217111	217585	474	217348	170.998541362481	166.033726927976	337.032268290457	2.165232	334.867036290457	173.29249423603	167.476460181679	340.768954417709	4.906032	335.862922417709	384.75236262711	369.663516123133	4747.54736460152
2	221913	222046	133	221979.5	7.6533764034381	16.2627748423237	23.9161512457618	0.607544	23.3086072457618	13.2013042781825	19.3540460933439	32.5553503715264	3.348344	29.2070063715264	26.7809032704417	32.1463428978963	330.455688108295
2	227333	227485	152	227409	12.5053882379441	14.1608263943037	26.6662146322478	0.694336	25.9718786322478	16.1710727286725	16.9176899375272	33.0887626661998	3.435136	29.6536266661998	29.8409236582916	32.6379101936026	368.213979256317
2	236033	236296	263	236164.5	18.6449297488504	22.8582268615569	41.5031566104073	1.201384	40.3017726104073	21.1214868312622	25.6656915710917	46.787178402354	3.942184	42.844994402354	46.3055498137027	47.1568316176094	571.374765533353
2	241435	241626	191	241530.5	19.6110520170992	38.0878778913065	57.6989299084057	0.872488	56.8264419084057	21.8105027124582	41.6960610566811	63.5065637691393	3.613288	59.8932757691393	65.2919081739261	65.9208189864339	805.651782004382
2	242591	242747	156	242669	19.4456482046901	14.1778267861475	33.6234749908376	0.712608	32.9108669908376	22.0472081683059	16.3163760777839	38.3635842460899	3.453408	34.9101762460899	37.8136169242054	38.4234687375167	466.590864182814
2	246681	246867	186	246774	26.8730193989116	25.575489492015	52.4485088909266	0.849648	51.5988608909266	30.7548088706653	28.5654584081076	59.3202672787729	3.590448	55.7298192787729	59.2855715407941	61.3383603024699	731.538221118541
2	251013	251754	741	251383.5	257.509235356118	136.562147634598	394.071382990716	3.384888	390.686494990716	259.444979973289	138.609494824108	398.054474797397	6.125688	391.928786797397	448.887276751241	431.371740454315	5538.92273251333
2	255848	256248	400	256048	148.369219776984	155.531584863054	303.900804640038	1.8272	302.073604640038	160.678003483371	168.529784459856	329.207787943227	4.568	324.639787943227	347.073675450491	357.310907142378	4282.62142942184
2	258035	258298	263	258166.5	106.191347614991	154.301856518922	260.493204133913	1.201384	259.291820133913	108.248695034997	157.122821539627	265.371516574624	3.942184	261.429332574624	297.91866500671	287.73907402934	3676.08651772981
2	269675	270152	477	269913.5	65.2542040506749	87.065006770048	152.319210820723	2.178936	150.140274820723	67.8591640926595	89.375760030831	157.23492412349	4.919736	152.31518812349	172.506754031922	167.643893512781	2128.60027652111
2	288076	288686	610	288381	369.790123329534	450.939193742573	820.729317072107	2.78648	817.942837072107	381.89640236837	466.492452231183	848.388854599553	5.52728	842.861574599553	939.792230801854	927.685530241557	11596.3111913116
2	289157	289302	145	289229.5	36.1516332626104	29.065969944448	65.2176032070584	0.66236	64.5552432070584	53.8910421400197	46.7072765606884	100.598318700708	3.40316	97.1951587007081	74.1720732474235	106.97669113581	915.226169031001
2	291976	292477	501	292226.5	315.039761382966	310.568958334979	625.608719717945	2.288568	623.320151717945	317.952128510407	314.13334049078	632.085469001187	5.029368	627.056101001187	716.176497105404	690.1618119498	8837.0655301669
2	294115	294195	80	294155	13.0629010881135	12.9546985941434	26.017599682257	0.36544	25.652159682257	18.0599162648161	18.7119312931757	36.7718475579917	3.10624	33.6656075579917	29.4735760007009	37.0536490682681	363.681192526226
2	296114	296271	157	296192.5	48.5730195643855	42.4471783692592	91.0201979336447	0.717176	90.3030219336447	52.9753210334723	46.5351725938469	99.5104936273192	3.457976	96.0525176273192	103.75551271401	105.719056878908	1280.2629919798
2	297820	298205	385	298012.5	142.341280838417	135.890032142941	278.231312981358	1.75868	276.472632981358	145.128645084654	137.967680030855	283.096325115509	4.49948	278.596845115509	317.658912981357	306.634291766589	3919.66595050757
2	301314	302036	722	301675	888.709183946857	1146.06451575564	2034.77369970249	3.298096	2031.47560370249	892.300566724997	1148.23356575029	2040.53413247528	6.038896	2034.49523647528	2334.10564026347	2239.24289480179	28801.0631188093
2	306010	306228	218	306119	57.2227189321713	87.664520588302	144.887239520473	0.995824	143.891415520473	59.3139671335602	91.9046183187386	151.218585452299	3.736624	147.481961452299	165.326998729253	162.324260274818	2040.00763440469
2	307100	307570	470	307335	105.429230048867	149.539546751968	254.968776800835	2.14696	252.821816800835	115.018051062561	162.304340968986	277.322392031548	4.88776	272.434632031548	290.484821723169	299.851925498472	3584.35862592778
2	308068	308269	201	308168.5	36.378038481047	21.0236845770083	57.4017230580553	0.918168	56.4835550580553	45.2066419724117	27.9394439790384	73.1460859514501	3.658968	69.4871179514501	64.8979412811332	76.4801668558385	800.790534445438
2	311490	311689	199	311589.5	94.8401859809312	67.816963119965	162.657149100896	0.909032	161.748117100896	99.7054981219973	76.4940631193107	176.199561241308	3.649832	172.549729241308	185.843822952692	189.914799639918	2293.16941905727
2	315185	315500	315	315342.5	52.224903737029	59.176163957321	111.40106769435	1.43892	109.96214769435	59.0093601126425	66.2208263304485	125.230186443091	4.17972	121.050466443091	126.343269237928	133.232750824593	1558.97848374487
2	318027	318180	153	318103.5	26.3188066248059	42.575181319612	68.8939879444179	0.698904	68.1950839444179	28.9978683747681	45.0109374615989	74.008805836367	3.439704	70.569101836367	78.3541430587702	77.6710395023568	966.829684538666
2	321657	321808	151	321732.5	15.0356465581212	39.2534047556518	54.2890513137729	0.689768	53.5992833137729	16.647083700297	41.5777583299097	58.2248420302068	3.430568	54.7942740302068	61.5839979907919	60.3086635929084	759.899030551681
2	323857	324393	536	324125	287.835134340797	441.69918076859	729.534315109386	2.448448	727.085867109386	291.71692381255	446.236785356292	737.953709168842	5.189248	732.764461168842	835.400248116597	806.508456652031	10308.1946508467
2	326171	326331	160	326251	43.4504014926493	33.9212818550178	77.3716833476671	0.73088	76.6408033476671	48.4510167523305	41.4151545820397	89.8661713343702	3.47168	86.3944913343702	88.0580259207047	95.089065534341	1086.5681136753
2	326743	326923	180	326833	31.1094170440646	28.9470672038468	60.0564842479114	0.82224	59.2342442479114	40.5630349414489	40.2050266896809	80.7680616311298	3.56304	77.2050216311298	68.0584021505394	84.9747854067418	839.788183658101
2	331540	331787	247	331663.5	90.707490726025	71.1182392114078	161.825729937433	1.128296	160.697433937433	94.0183670387442	74.2129105407968	168.231277579541	3.869096	164.362181579541	184.636618941233	180.903273046606	2278.27345276871
2	332538	332710	172	332624	37.0034528962864	47.9412050016285	84.9446578979148	0.785696	84.1589618979148	52.1377017271012	54.394553745509	106.53225547261	3.526496	103.00575947261	96.6961686798624	113.372059510107	1193.1561320341
2	336953	337088	135	337020.5	39.7688166354317	71.5270486340971	111.295865269529	0.61668	110.679185269529	43.8096097720768	82.7687077442221	126.578317516299	3.35748	123.220837516299	127.167124294546	135.621543837048	1569.14421963835
2	338416	338656	240	338536	76.3781604478584	148.807529879638	225.185690327496	1.09632	224.089370327496	81.0404679098494	155.686688438051	236.727156347901	3.83712	232.890036347901	257.472086916136	256.327638331387	3177.00694376718
2	339404	339517	113	339460.5	11.4582641026752	15.1007480586522	26.5590121613274	0.516184	26.0428281613274	15.7930640159119	20.3307686059188	36.1238326218307	3.256984	32.8668486218307	29.9224425776903	36.1745045805391	369.219859839645
2	340845	340961	116	340903	19.804056465678	13.9144207148746	33.7184771805526	0.529888	33.1885891805526	25.426386055315	17.7864099607419	43.2127960160569	3.270688	39.9421080160569	38.1327115410733	43.9618043703625	470.528245611809
2	341294	341968	674	341631	223.73665692858	146.380173931268	370.116830859848	3.078832	367.037998859848	248.359824470432	177.432989670723	425.792814141155	5.819632	419.973182141155	421.715851161781	462.238469403417	5203.64830022938
2	342184	342567	383	342375.5	94.8126853470663	76.433461722503	171.246147069569	1.749544	169.496603069569	156.817514502574	106.869763251861	263.687277754435	4.490344	259.196933754435	194.746605132315	285.28201091764	2403.02288372711
2	344156	344338	182	344247	51.8820958356154	16.5156806715755	68.3977765071909	0.831376	67.5664005071909	56.0041908461955	20.0766627490075	76.080853595203	3.572176	72.508677595203	77.6318043045674	79.8058104072166	957.916581509358
2	347347	347780	433	347563.5	138.23798626117	123.535347378576	261.773333639746	1.977944	259.795389639746	141.521761949244	126.664119493957	268.185881443201	4.718744	263.467137443201	298.497251538435	289.981959631205	3683.22582922131
2	350741	351094	353	350917.5	362.049444913863	587.659745028232	949.709189942095	1.612504	948.096685942095	365.718829489875	590.54161145266	956.260440942535	4.353304	951.907136942535	1089.33517003074	1047.70522667949	13441.555706987
2	356612	356806	194	356709	51.248581233674	111.84857800906	163.097159242734	0.886192	162.210967242734	53.1235244494277	117.622511093021	170.746035542449	3.626992	167.119043542449	186.3756241344	183.937580255448	2299.73143541884
2	360357	360594	237	360475.5	73.6308971259113	109.134115443141	182.765012569052	1.082616	181.682396569052	75.5666417430826	112.28278801721	187.849429760293	3.823416	184.026013760292	208.747722982999	202.546035195122	2575.78587782446
2	362644	362819	175	362731.5	36.0196302200591	27.8358415910966	63.8554718111557	0.7994	63.0560718111557	39.9963218792228	30.4846026426549	70.4809245218778	3.5402	66.9407245218778	72.4495694651872	73.6775093256993	893.971801062903
2	369833	369931	98	369882	13.2655057579688	17.4150014001089	30.6805071580777	0.447664	30.2328431580777	20.0028610479447	22.2973139330187	42.3001749809634	3.188464	39.1117109809634	34.7366464100567	43.0478377867302	428.623421551252
2	370993	371414	421	371203.5	126.343012092721	130.922017634677	257.265029727398	1.923128	255.341901727398	133.698581631979	141.082251818931	274.78083345091	4.663928	270.11690545091	293.38032508551	297.300947405852	3620.08690388614
2	375913	376251	338	376082	22.1588107406448	55.5993815157048	77.7581922563496	1.543984	76.2142082563496	25.9393978797758	60.5495956136846	86.4889934934604	4.284784	82.2042094934604	87.5678807243074	90.477081848535	1080.52010003988
2	378749	379034	285	378891.5	157.454029173665	105.983042813753	263.437071987417	1.30188	262.135191987417	161.795629243639	110.169039297204	271.964668540843	4.04268	267.921988540843	301.185615527078	294.885138311081	3716.39816709138
2	379989	380197	208	380093	87.6883211368832	113.702620743076	201.39094187996	0.950144	200.44079787996	96.6960287564369	124.909579053379	221.605607809816	3.690944	217.914663809816	230.300573641071	239.845173319077	2841.73142951051
2	381172	381299	127	381235.5	19.1957424445873	4.51730411979441	23.7130465643817	0.580136	23.1329105643817	32.5690506873064	13.8968203092011	46.4658709965074	3.320936	43.1449349965074	26.5790329579273	47.486957651959	327.964764170557
2	382955	383050	95	383002.5	8.71760093285571	13.0359004657735	21.7535013986292	0.43396	21.3195413986292	13.8600194609746	18.2086196922962	32.0686391532709	3.17476	28.8938791532709	24.4955251914798	31.8017031631469	302.255885508488
2	389906	389992	86	389949	4.02769283469494	3.17257312495523	7.20026595965017	0.392848	6.80741795965017	12.7110929792533	11.8253725641948	24.5364655434481	3.133648	21.4028175434481	7.82152275237329	23.5567556284556	96.5115573992949
2	391570	391784	214	391677	7.39597047046301	24.1015555191634	31.4975259896265	0.977552	30.5199739896265	20.4681717729381	44.3744227905086	64.8425945634467	3.718352	61.1242425634467	35.0665512793006	67.2756678936573	432.694193155754
2	392410	392822	412	392616	153.04552756167	126.109006699107	279.154534260777	1.882016	277.272518260777	163.935978576765	140.847246402268	304.783224979033	4.622816	300.160408979033	318.577957610224	330.367970913292	3931.00625229529
2	393208	393393	185	393300.5	70.4756243997147	108.381698100598	178.857322500313	0.84508	178.012242500313	75.1854329565632	114.486838818597	189.67227177516	3.58588	186.08639177516	204.530824046646	204.81376566098	2523.75259778071
2	400922	401132	210	401027	65.7673158774408	71.7933547722139	137.560670649655	0.95928	136.601390649655	69.4804014607217	73.9623047645591	143.442706225281	3.70008	139.742626225281	156.950974849062	153.80605334718	1936.65396081911
2	407289	407556	267	407422.5	159.03926571194	87.7738231076267	246.813088819567	1.219656	245.593432819567	162.140937202677	91.3382052634274	253.479142466104	3.960456	249.518686466104	282.179621409704	274.629763575898	3481.87886052373
2	408628	408789	161	408708.5	60.9067038447079	64.1160778178896	125.022781662598	0.735448	124.287333662598	79.6188351424935	76.6445665882802	156.263401730774	3.476248	152.787153730774	142.802486028605	168.163356824247	1762.07252263375
2	410766	410945	179	410855.5	72.2690657369235	49.792247666496	122.061313403419	0.817672	121.243641403419	74.3468136271424	51.4982869891669	125.845100616309	3.558472	122.286628616309	139.305373261695	134.593317963594	1718.92084869238
2	418173	418388	215	418280.5	47.7786012537584	42.4874792981593	90.2660805519177	0.98212	89.2839605519177	52.4984100411032	46.6870760950859	99.185486136189	3.72292	95.462566136189	102.584641198483	105.069733812868	1265.81534066488
2	419300	420036	736	419668	178.985225448361	195.515706461071	374.500931909432	3.362048	371.138883909432	183.242223568336	202.988578704051	386.230802272387	6.102848	380.127954272387	426.427647309792	418.38329501064	5261.78823011127
2	423354	423532	178	423443	59.403869205722	57.0272144259683	116.43108363169	0.813104	115.61797963169	75.2335340652504	73.0361834182956	148.269717483546	3.553904	144.715813483546	132.841653565689	159.279732534497	1639.16353362675
2	426870	427009	139	426939.5	88.746545528003	78.3018047861291	167.048350314132	0.634952	166.413398314132	114.963649808661	102.697267079579	217.660916888241	3.375752	214.285164888241	191.204093670874	235.850408658969	2359.31102491486
2	429297	429477	180	429387	35.0397076337254	59.2180649231005	94.257772556826	0.82224	93.435532556826	40.874742126019	63.1236549434355	103.998397069454	3.56304	100.435357069454	107.354675165396	110.542976789805	1324.67388030853
2	431257	432000	743	431628.5	608.671229324035	667.061775173566	1275.7330044976	3.394024	1272.3389804976	610.951581884109	668.595510524785	1279.54709240889	6.134824	1273.41226840889	1461.88001731053	1401.56601159124	18038.471748834
2	435723	435962	239	435842.5	259.474180646339	342.499794312011	601.97397495835	1.091752	600.88222295835	263.575575179791	347.408907462651	610.984482642442	3.832552	607.151930642442	690.395977773472	668.254524454765	8518.95380818381
2	436793	436867	74	436830	26.6130134060074	20.6494759518363	47.2624893578437	0.338032	46.9244573578437	31.9073354353654	25.8525958790678	57.7599313144332	3.078832	54.6810993144332	53.9148195457659	60.1840991930397	665.267284389723
2	441353	441474	121	441413.5	27.0760240779867	18.4356249245625	45.5116490025493	0.552728	44.9589210025493	29.5524811580936	20.4963724229377	50.0488535810314	3.293528	46.7553255810314	51.6564761599659	51.4606909490007	637.401069049517
2	444747	444931	184	444839	112.080883363489	127.483938390045	239.564821753534	0.840512	238.724309753534	118.476630779711	141.046751000669	259.52338178038	3.581312	255.94206978038	274.287201307356	281.699583740236	3384.49248451454
2	447387	447580	193	447483.5	75.4132382072692	66.1444245694567	141.557662776726	0.881624	140.676038776726	81.0791688018701	72.6349741707836	153.714142972654	3.622424	150.091718972654	161.632625545803	165.196658735054	1994.42191908591
2	449295	449678	383	449486.5	460.031903321345	304.85852671467	764.890430036015	1.749544	763.140886036015	463.359580021298	306.686168840176	770.045748861474	4.490344	765.555404861474	876.826403017532	842.599417378379	10819.3614470234
2	451953	452624	671	452288.5	1170.80398597816	994.656325933128	2165.46031191129	3.065128	2162.39518391129	1174.84787918626	998.791721250268	2173.63960043653	5.805928	2167.83367243653	2484.52838224931	2386.00025258625	30657.1637218435
2	453399	453587	188	453493	62.5480416760677	91.9427191969295	154.490760872997	0.858784	153.631976872997	69.3423982798726	95.5509023623042	164.893300642177	3.599584	161.293716642177	176.518616856895	177.526003743757	2178.10356911116
2	454582	454807	225	454694.5	184.794359343669	90.0604758129136	274.854835156583	1.0278	273.827035156582	188.757450689358	95.1384928566362	283.895943545994	3.7686	280.127343545994	314.619198995414	308.318816593448	3882.15822469513
2	458427	458797	370	458612	284.373554554498	307.847995619238	592.221550173735	1.69016	590.531390173735	288.829857268265	311.023768817952	599.853626086216	4.43096	595.422666086216	678.503175743283	655.344849441575	8372.20580499904
2	461896	462145	249	462020.5	89.3455593347321	74.8652255760712	164.210784910803	1.137432	163.073352910803	97.7247524675926	83.8218320177888	181.546584485381	3.878232	177.668352485381	187.366479869145	195.548551208841	2311.95783085945
2	465992	466547	555	466269.5	74.928227028198	557.88745880383	632.815685832028	2.53524	630.280445832028	100.611719009573	565.517234663297	666.12895367287	5.27604	660.85291367287	724.17367005691	727.359870360163	8935.74447553047
2	466936	467061	125	466998.5	139.107406300519	20.7937792778981	159.901185578417	0.571	159.330185578417	187.903130998058	32.1095400960008	220.012671094059	3.3118	216.700871094059	183.065690843154	238.50922685639	2258.88941182068
2	472060	472358	298	472209	23.8111488255505	34.4346936886985	58.245842514249	1.361264	56.884578514249	28.3656538027912	37.3467608092248	65.712414612016	4.102064	61.610350612016	65.358705421876	67.8106969142957	806.476008518033
2	473814	474321	507	474067.5	802.477596386371	1161.73827702173	1964.2158734081	2.315976	1961.8998974081	810.585983277392	1169.16104810992	1979.74703138731	5.056776	1974.69025538731	2254.16520278488	2173.41925630214	27814.6597847656
2	476025	476163	138	476094	12.0490777203974	12.25888255621	24.3079602766073	0.630384	23.6775762766073	16.7452859637708	17.6983079300694	34.4435938938402	3.371184	31.0724098938402	27.2048378204848	34.1994770160749	335.68671344126
2	476663	477644	981	477153.5	2656.01811882724	2158.2976468183	4814.31576564554	4.481208	4809.83455764554	2660.55192332735	2162.8654521021	4823.41737542946	7.222008	4816.19536742946	5526.3582537114	5300.88793679252	68190.9979294374
2	481032	481190	158	481111	52.5037101632662	67.9462661002823	120.449976263549	0.721744	119.728232263549	55.3820765070199	70.8279325200998	126.21000902712	3.462544	122.74746502712	137.564212789852	135.100532057819	1697.43627156594
2	483486	483780	294	483633	139.74312095317	206.064449600106	345.807570553276	1.342992	344.464578553276	144.547531690513	216.123381449433	360.670913139946	4.083792	356.587121139946	395.779656032694	392.473358047181	4883.61565899457
2	484559	484738	179	484648.5	29.1062708733481	71.5147483505866	100.621019223935	0.817672	99.8033472239348	31.1064169749157	74.4709164876016	105.577333462517	3.558472	102.018861462517	114.671106681267	112.285841996605	1414.95300146658
2	486787	486904	117	486845.5	63.7966704558374	57.0997160970666	120.896386552904	0.534456	120.361930552904	68.8342865683549	63.268858290242	132.103144858597	3.275256	128.827888858597	138.29231346146	141.792877961566	1706.42047221139
2	488501	488803	302	488652	219.490959069066	432.069858821385	651.560817890451	1.379536	650.181281890451	222.791735148984	437.863992370949	660.655727519933	4.120336	656.535391519933	747.039144594367	722.607841143883	9217.88679335654
2	490234	491231	997	490732.5	867.39679271542	853.900781644511	1721.29757435993	4.554296	1716.74327835993	869.53864208312	857.93157455066	1727.47021663378	7.295096	1720.17512063378	1972.48746753404	1893.29021156486	24338.9738122973
2	492852	493287	435	493069.5	228.922676461663	623.381768388721	852.304444850384	1.98708	850.317364850384	232.223452541581	626.344736682474	858.568189224055	4.72788	853.840309224055	976.989609766397	939.769143445007	12055.2981544257
2	494165	494309	144	494237	42.1093705830937	70.0985157076988	112.207886290793	0.657792	111.550094290793	47.2581892587303	75.4232384377655	122.681427696496	3.398592	119.282835696496	128.167773111093	131.287229144826	1581.4914541542
2	496897	497150	253	497023.5	425.698911976794	429.60330196947	855.302213946264	1.155704	854.146509946264	429.381596859367	433.150583731122	862.532180590488	3.896504	858.635676590488	981.389184710536	945.047107291142	12109.5855154929
2	501403	501929	526	501666	472.335186900959	1836.37262673632	2308.70781363728	2.402768	2306.30504563728	477.980817027652	1859.29885516525	2337.27967219291	5.143568	2332.13610419291	2649.87657512545	2566.83776270327	32697.432875672
2	502176	502614	438	502395	36.2859363581759	196.445827899533	232.731764257709	2.000784	230.730980257709	41.1508484900222	217.591515288596	258.742363778618	4.741584	254.000779778618	265.103101125849	279.562926074363	3271.1677727045
2	504446	504828	382	504637	482.148813096211	487.498536402518	969.647349498729	1.744976	967.902373498729	485.682794551303	495.424919098506	981.107713649808	4.485776	976.621937649808	1112.09132174183	1074.9072770397	13722.3490654652
2	505428	505638	210	505533	81.1744709984999	36.4935411432794	117.668012141779	0.95928	116.708732141779	88.1209311081537	42.781186067836	130.90211717599	3.70008	127.20203717599	134.09489607635	140.003403716059	1654.6275794823
2	515385	515706	321	515545.5	392.714851723891	386.671812437274	779.386664161165	1.466328	777.920336161165	395.9852271031	389.026566712241	785.011793815341	4.207128	780.804665815341	893.807555946089	859.383334405918	11028.8957752427
2	526901	527141	240	527021	75.3213360890081	174.499322052325	249.820658141333	1.09632	248.724338141333	80.4602545364533	181.435681929177	261.895936465631	3.83712	258.058816465631	285.776939417041	284.029355710237	3526.26698983567
2	528066	528245	179	528155.5	68.4208770396373	57.1485172218886	125.569394261526	0.817672	124.751722261526	70.4816245380125	60.2295882378026	130.711212775815	3.558472	127.152740775815	143.336054852202	139.949146221693	1768.6563503327
2	532242	532506	264	532374	258.785364769753	253.1385346154	511.923899385152	1.205952	510.717947385152	261.248221536384	256.898821286623	518.147042823007	3.946752	514.200290823008	586.799880541437	565.948411717709	7240.6578802817
2	533311	533649	338	533480	311.128671235858	315.063961940767	626.192633176625	1.543984	624.648649176625	316.983906193754	321.79401706248	638.777923256234	4.284784	634.493139256234	717.702901560239	698.347299323974	8855.90018370194
2	534999	535170	171	535084.5	68.3613756681843	63.3321597492836	131.693535417468	0.781128	130.912407417468	71.3343441924331	65.2848047559937	136.619148948427	3.521928	133.097220948427	150.414500659852	146.491867360167	1855.99891142869
2	536246	536405	159	536325.5	39.6184131687672	23.2772365193524	62.8956496881196	0.726312	62.1693376881196	46.1692641599868	28.8821657079258	75.0514298679126	3.467112	71.5843178679126	71.4307380727647	78.7884249081176	881.400207586407
2	537544	537712	168	537628	124.551970810831	51.1854797792423	175.737450590073	0.767424	174.970026590073	142.152376484342	59.5038715106852	201.656247995027	3.508224	198.148023995027	201.035407561187	218.089257175446	2480.62185464396
2	539733	539926	193	539829.5	73.0935847413445	41.0203454820453	114.11393022339	0.881624	113.23230622339	75.7862468047816	43.7906093341338	119.576856138915	3.622424	115.954432138915	130.100585079318	127.623861502709	1605.34086290991
2	544547	544879	332	544713	112.45809205781	143.851015636445	256.309107694256	1.516576	254.792531694256	116.0665752301	148.016811654294	264.083386884394	4.257376	259.826010884394	292.749115096765	285.974397150986	3612.29825952768
2	549135	549281	146	549208	25.8458957246353	27.6400370779788	53.4859328026141	0.666928	52.8190048026141	35.2595127000344	61.5684190966489	96.8279317966833	3.407728	93.4202037966833	60.6874809612234	102.821832085031	748.83670196197
2	549539	549682	143	549610.5	48.7791243149145	78.1359009621953	126.91502527711	0.653224	126.26180127711	63.2677582648874	93.3035505628678	156.571308827755	3.394024	153.177284827755	145.071091168214	168.592749958865	1790.06536010026
2	553299	553419	120	553359	20.2567669002461	23.4128396448824	43.6696065451285	0.54816	43.1214465451285	26.9901220980234	30.3695999919473	57.3597220899707	3.28896	54.0707620899707	49.5452721233093	59.5123388129671	611.350439777413
2	554655	554942	287	554798.5	29.2207735125309	44.5559269740167	73.7767004865476	1.311016	72.4656844865476	40.6109360455262	63.8214710274682	104.432407072994	4.051816	100.380591072994	83.2609373094763	110.482699249582	1027.3757405902
2	555199	555963	764	555581	177.651494707068	96.6149268871118	274.266421594179	3.489952	270.776469594179	189.034557076411	118.253325632728	307.287882709139	6.230752	301.057130709139	311.114189005522	331.354936980725	3838.90910511392
2	561097	561494	397	561295.5	49.5539421737688	59.7191764732708	109.27311864704	1.813496	107.45962264704	54.885565062878	64.5337874457206	119.419352508599	4.554296	114.865056508599	123.467941659698	126.424853219857	1523.49915939924
2	564878	565210	332	565044	240.305938835616	160.903508681063	401.209447516679	1.516576	399.692871516679	247.996216089586	164.897100729765	412.893316819351	4.257376	408.635940819351	459.235338135426	449.760270083331	5666.6098277082
2	568521	568745	224	568633	38.0980781264128	39.2228040503331	77.3208821767458	1.023232	76.2976501767458	40.2197270285105	41.6858608215749	81.9055878500854	3.764032	78.1415558500854	87.6637530334193	86.0055706147564	1081.70309038036
2	581484	581678	194	581581	47.7347002418796	51.2389810123975	98.9736812542771	0.886192	98.0874892542771	50.1332555264202	53.4213313136079	103.554586840028	3.626992	99.9275948400281	112.699636407359	109.984114353508	1390.62657903899
2	582185	582408	223	582296.5	201.334240573045	182.78591305079	384.120153623835	1.018664	383.101489623835	204.229707310948	186.904107971476	391.133815282424	3.759464	387.374351282424	440.172328968458	426.358955374314	5431.38699940883
2	583504	583561	57	583532.5	12.8605964251731	6.93695989068225	19.7975563158554	0.260376	19.5371803158554	22.1218098878084	11.6600687540908	33.7818786418992	3.001176	30.7807026418992	22.4476447991648	33.8784129115442	276.986621160977
2	586216	586494	278	586355	110.870755471131	189.061757703361	299.932513174491	1.269904	298.662609174491	112.434991525364	192.251231217855	304.686222743218	4.010704	300.675518743218	343.154542116803	330.934920326009	4234.26234722458
2	589271	589385	114	589328	29.5728816283061	22.3820158853225	51.9548975136286	0.520752	51.4341455136286	42.3917770923096	33.6098746773626	76.0016517696722	3.261552	72.7400997696722	59.0963184232628	80.0605224608941	729.202983634245
2	595640	595948	308	595794	146.747382395092	123.420544732478	270.167927127571	1.406944	268.760983127571	149.321841734063	125.97810368191	275.299945415973	4.147744	271.152201415973	308.798454412888	298.440433550731	3810.3347265518
2	597158	597302	144	597230	12.0153769436248	11.447863862959	23.4632408065838	0.657792	22.8054488065838	14.7755405629121	13.15390318563	27.9294437485421	3.398592	24.5308517485421	26.2027890421974	26.9995891347107	323.322204477423
2	600053	600497	444	600275	89.2116562483865	78.142201107408	167.353857355795	2.028192	165.325665355795	93.0529447866302	81.2874736031083	174.340418389738	4.768992	169.571426389738	189.954320536248	186.636766160469	2343.88978848338
2	611964	612097	133	612030.5	29.9790909910663	30.3910004852094	60.3700914762758	0.607544	59.7625474762758	38.7911941021122	34.8408030491537	73.6319971512659	3.348344	70.283653151266	68.665407001027	77.3568638147054	847.278155281812
2	618593	618839	246	618716	258.039647581642	152.334311168772	410.373958750415	1.123728	409.250230750415	259.698385814066	154.148452983108	413.846838797174	3.864528	409.982310797174	470.216462424012	451.242136126841	5802.10843081142
2	620569	620821	252	620695	217.157305280446	153.503438116096	370.660743396543	1.151136	369.509607396543	224.097165237973	156.675711234137	380.772876472109	3.891936	376.880940472109	424.555656579826	414.809508033291	5238.68930851941
2	623273	623402	129	623337.5	32.4185472183369	24.3456611455784	56.7642083639153	0.589272	56.1749363639153	37.8108715065586	27.734239249254	65.5451107558127	3.330072	62.2150387558127	64.5433474906049	68.4762397011706	796.41512059682
2	624862	625603	741	625232.5	311.901589050918	239.572121921797	551.473710972715	3.384888	548.088822972715	323.274251180545	248.610330244364	571.884581424909	6.125688	565.758893424909	629.737915992877	622.695772179577	7770.48011621743
2	628518	629078	560	628798	168.426282074219	118.868939822082	287.295221896301	2.55808	284.737141896301	181.13087490365	124.612672209944	305.743547113593	5.29888	300.444667113593	327.154590329004	330.680836235703	4036.83528420344
2	633393	633644	251	633518.5	125.768398848403	123.538347447725	249.306746296127	1.146568	248.160178296127	135.505323275747	136.58394813708	272.089271412827	3.887368	268.201903412827	285.128736369805	295.193223273386	3518.26866424355
2	634816	635131	315	634973.5	388.323450506045	250.311369451787	638.634819957832	1.43892	637.195899957832	417.219416532056	270.283929801328	687.503346333384	4.17972	683.323626333384	732.119323182453	752.09199200099	9033.78770598301
2	642316	643226	910	642771	3157.60798002211	3388.90441119668	6546.51239121879	4.15688	6542.35551121879	3160.52034714955	3396.36808322761	6556.88843037716	6.89768	6549.99075037716	7516.97380540187	7209.16912747839	92753.6583165864
2	645024	645106	82	645065	50.4895637390039	4.56490521695686	55.0544689559607	0.374576	54.6798929559607	82.193994497599	14.3263302090177	96.5203247066167	3.115376	93.4049487066167	62.8255866449489	102.805041752261	775.219276807516
2	645371	645511	140	645441	41.7613625618221	32.9933604672649	74.754723029087	0.63952	74.115203029087	82.2476957353642	41.9095659777774	124.157261713142	3.38032	120.776941713142	85.1561855353685	132.931699095835	1050.76164174143
2	647224	647484	260	647354	162.804152489192	143.824615027935	306.628767517127	1.18768	305.441087517127	165.87502327	146.922586433388	312.797609703388	3.92848	308.869129703388	350.942814101519	339.953120416325	4330.36361579995
2	650085	650321	236	650203	146.285271743858	164.659295248563	310.944566992421	1.078048	309.866518992421	154.110152100308	171.892861975766	326.003014076074	3.818848	322.184166076074	356.02750453455	354.60815624881	4393.10477351585
2	651073	651378	305	651225.5	559.307891543526	152.021603961153	711.329495504679	1.39324	709.936255504679	572.01618445824	167.939370851354	739.955555309594	4.13404	735.821515309594	815.695849450956	809.873166797807	10065.0575708886
2	653126	653318	192	653222	103.153977606346	30.4959029031158	133.649880509462	0.877056	132.772824509462	144.236924531298	32.8066561638988	177.043580695197	3.617856	173.425724695197	152.552065107956	190.878953578856	1882.37480784417
2	657616	657797	181	657706.5	47.1209860963209	53.304428619106	100.425414715427	0.826808	99.5986067154269	51.5097872542377	56.8686107702968	108.378398024535	3.567608	104.810790024534	114.435865866744	115.358744839141	1412.05031127539
2	661618	662899	1281	662258.5	1157.56748088863	1597.89302999625	2755.46051088488	5.851608	2749.60890288488	1158.68570666273	1602.10942718041	2760.79513384313	8.592408	2752.20272584313	3159.21965149139	3029.1790751869	38982.3335410454
2	664739	665086	347	664912.5	153.196131032945	162.997156937771	316.193287970716	1.585096	314.608191970715	155.750189901703	170.126121253982	325.876311155685	4.325896	321.550415155685	361.475547140994	353.910625863822	4460.32941676912
2	666412	666684	272	666548	199.352894904811	399.426106412272	598.779001317083	1.242496	597.536505317083	203.011879241107	404.071613487029	607.083492728136	3.983296	603.100196728136	686.551846737402	663.795031890429	8471.52019648391
2	668444	668790	346	668617	30.0710931116324	349.7290609401	379.800154051733	1.580528	378.219626051733	44.1544177195897	403.168692675517	447.323110395106	4.321328	443.001782395106	434.563211498441	487.584623364057	5362.17481658898
2	670297	670514	217	670405.5	163.101759348762	138.599694598222	301.701453946984	0.991256	300.710197946984	169.639210031117	144.407728468175	314.046938499292	3.732056	310.314882499292	345.507161313462	341.544370972152	4263.29185334833
2	675195	675275	80	675235	20.3281685459897	21.1216868358722	41.4498553818619	0.36544	41.0844153818619	38.2461815400631	33.8259796583879	72.0721611984511	3.10624	68.9659211984511	47.2047833087219	75.9065178715485	582.470613211298
2	679189	679470	281	679329.5	87.9154263714545	140.170230797667	228.085657169122	1.283608	226.802049169122	93.8749637334271	147.792306479652	241.667270213079	4.024408	237.642862213079	260.588875014857	261.558779382014	3215.46570467788
2	680037	680820	783	680428.5	218.115427364298	510.211959926488	728.327387290786	3.576744	724.750643290786	222.703733120616	527.008347068095	749.712080188712	6.317544	743.394536188712	832.717144723015	818.208321823842	10275.0872246618
2	681920	682303	383	682111.5	83.5440256146013	176.312063834391	259.856089448993	1.749544	258.106545448993	94.4380767126745	181.346379870845	275.78445658352	4.490344	271.29411258352	296.556819300913	298.596626383196	3659.2823922206
2	683132	683323	191	683227.5	83.1051154981181	99.19658639204	182.301701890158	0.872488	181.429213890158	90.0046745267441	104.60601107441	194.610685601155	3.613288	190.997397601155	208.456823541359	210.219005597172	2572.19640310858
2	684803	684943	140	684873	50.5671655276552	19.0032380075333	69.5704035351885	0.63952	68.9308835351885	55.0909697972723	21.0605854275397	76.1515552248119	3.38032	72.7712352248119	79.1995551187482	80.0947913279075	977.261417224972
2	686637	686838	201	686737.5	90.4672851895036	82.8266090787958	173.293894268299	0.918168	172.375726268299	94.5991804259701	86.6813979282095	181.28057835418	3.658968	177.62161035418	198.054632895445	195.497105040128	2443.84139457819
2	691735	691892	157	691813.5	56.8173095878507	57.2802202575251	114.097529845376	0.717176	113.380353845376	60.6755985179381	60.0843848909961	120.759983408934	3.457976	117.302007408934	130.270687436873	129.107054136685	1607.43979478861
2	697384	698211	827	697797.5	995.140037082234	1212.09433768361	2207.23437476584	3.777736	2203.45663876584	996.890077419089	1214.07738339102	2210.96746081011	6.518536	2204.44892481011	2531.70678458836	2426.30039300879	31239.3088142387
2	700104	700325	221	700214.5	47.7861014266307	77.6820905022726	125.468191928903	1.009528	124.458663928903	50.9315739269409	82.3310976577035	133.262671584644	3.750328	129.512343584644	142.999339458793	142.546214884965	1764.50154211351
2	701925	703380	1455	702652.5	716.213308072163	950.436106696872	1666.64941476904	6.64644	1660.00297476904	722.203846148674	958.406390404738	1680.61023655341	9.38724	1671.22299655341	1907.2945297501	1839.41164057232	23534.5432485616
2	704110	704515	405	704312.5	232.53855980452	59.8518795319568	292.390439336477	1.85004	290.540399336477	239.447619052118	63.328459664	302.776078716118	4.59084	298.185238716118	333.822362217738	328.194023342434	4119.11044592558
2	704908	705029	121	704968.5	26.4506096627473	20.1150636341133	46.5656732968606	0.552728	46.0129452968606	35.8061252989628	24.7131696163179	60.5192949152808	3.293528	57.2257669152808	52.86751903237	62.9848572103955	652.344403920924
2	706797	707395	598	707096	268.795895503477	194.923092801859	463.718988305336	2.731664	460.987324305336	277.637499294487	202.416865526576	480.054364821063	5.472464	474.581900821063	529.660859224686	522.342903715126	6535.60643312228
2	711336	711545	209	711440.5	41.2372504815103	41.284151562538	82.5214020440483	0.954712	81.5666900440483	43.2238962719078	43.4699019421171	86.6937982140249	3.695512	82.9982862140249	93.7177246640059	91.3510729115625	1156.40443039011
2	714543	714689	146	714616	23.4739410532149	36.0909318634978	59.5648729167127	0.666928	58.8979449167127	28.1398485981845	40.4729328646771	68.6127814628616	3.407728	65.2050534628616	67.6720041232448	71.7671636945399	835.020330060935
2	716525	716793	268	716659	96.6575278690261	84.2288413989887	180.886369268015	1.224224	179.662145268015	100.654419993792	87.4047146000078	188.0591345938	3.965024	184.0941105938	206.426513735935	202.620985162002	2547.14394624971
2	718098	719151	1053	718624.5	537.339885200751	845.055677772827	1382.39556297358	4.810104	1377.58545897358	539.569636594514	847.133325660741	1386.70296225525	7.550904	1379.15205825526	1582.80512149634	1517.94724899414	19530.5942552989
2	721147	721302	155	721224.5	58.0693384459891	35.4669174805279	93.536255926517	0.70804	92.828215926517	75.9910515253461	42.7212846871631	118.712336212509	3.44884	115.263496212509	106.656886243075	126.863391123506	1316.0637032674
2	722417	722582	165	722499.5	34.1083861676038	30.8372107699549	64.9455969375587	0.75372	64.1918769375587	39.9669212015637	35.2868133292893	75.253734530853	3.49452	71.759214530853	73.7545761051615	78.9809228323164	910.074576344368
2	723043	723249	206	723146	145.000942141216	76.1208545171883	221.121796658405	0.941008	220.180788658405	156.556508486621	82.601003878799	239.15751236542	3.681808	235.47570436542	252.98124168884	259.173522967901	3121.59337780982
2	727129	727261	132	727195	18.4386249937114	16.2899754692737	34.7286004629851	0.602976	34.1256244629851	22.5572199236179	19.8813582474145	42.4385781710324	3.343776	39.0948021710324	39.2093374842377	43.0292273069321	483.812979262907
2	728189	728366	177	728277.5	45.2580431571628	41.6523600494122	86.910403206575	0.808536	86.101867206575	55.6377824008106	50.4843636191458	106.122146019956	3.549336	102.572810019956	98.92850965958	112.89553886347	1220.70149774098
2	728639	728790	151	728714.5	38.9428975987413	22.9605292195342	61.9034268182754	0.689768	61.2136588182754	51.1299784999877	33.9111816222165	85.0411601222042	3.430568	81.6105921222043	70.3326911967311	89.823723975297	867.85115614738
2	730181	730310	129	730245.5	22.2609130940121	21.9199052340879	44.1808183281	0.589272	43.5915463281	31.5523272527463	29.4134779541949	60.9658052069411	3.330072	57.6357332069411	50.0854029291731	63.4360817152507	618.015237275756
2	734630	734827	197	734728.5	56.130293752754	44.8735342945796	101.003828047334	0.899896	100.103932047334	64.3474831515743	59.3278674539501	123.675350605524	3.640696	120.034654605524	115.016469790917	132.114709652048	1419.21451583352
2	735532	735714	182	735623	52.8167173778008	48.8515259837078	101.668243361509	0.831376	100.836867361509	67.6901601972718	56.8051093066452	124.495269503917	3.572176	120.923093503917	115.858590881442	133.092559319633	1429.60564049536
2	736028	736298	270	736163	168.267178407023	178.385811632412	346.652990039435	1.23336	345.419630039435	176.784774729952	185.896484746668	362.68125947662	3.97416	358.70709947662	396.876982063349	394.806686895743	4897.15581575768
2	738179	738565	386	738372	174.955832574482	157.416928318523	332.372760893005	1.763248	330.609512893005	182.899015657703	166.309533285065	349.208548942767	4.504048	344.704500942767	379.860593630507	379.394893978492	4687.18670859544
2	739665	739800	135	739732.5	51.0916776171868	21.1181867551985	72.2098643723853	0.61668	71.5931843723853	59.5351722321386	24.2161581606512	83.7513303927898	3.35748	80.3938503927898	82.2584603740482	88.4845317159333	1015.00594849752
2	741105	741298	193	741201.5	135.365620055714	88.5776416349203	223.943261690634	0.881624	223.061637690634	142.528485153308	94.4360766665752	236.964561819883	3.622424	233.342137819883	256.291252383834	256.825238419466	3162.43635651052
2	741679	741824	145	741751.5	81.1245698483233	52.2716048134468	133.39617466177	0.66236	132.73381466177	89.3010583090236	62.4043383638357	151.705396672859	3.40316	148.302236672859	152.507243941826	163.227086404116	1881.82174922827
2	742576	742765	189	742670.5	54.2231497948022	60.8502025424038	115.073352337206	0.863352	114.210000337206	60.977005465097	68.4252771410557	129.402282606153	3.604152	125.798130606153	131.223926822311	138.458210709405	1619.20203349527
2	744436	744842	406	744639	114.895248232067	88.950050218603	203.84529845067	1.854608	201.99069045067	119.773960681998	92.3762291889447	212.150189870943	4.595408	207.554781870943	232.081354559386	228.442692936376	2863.70489238402
2	747831	747966	135	747898.5	15.2461514100685	20.1189637240069	35.3651151340754	0.61668	34.7484351340754	18.5637278772203	25.0619776560293	43.6257055332496	3.35748	40.2682255332496	39.9249286031066	44.3207417225627	492.642821677184
2	749403	749534	131	749468.5	19.3954470475987	20.3446689263087	39.7401159739073	0.598408	39.1417079739073	23.4091395595988	25.8279953120469	49.2371348716456	3.339208	45.8979268716456	44.9726697110867	50.5170052948969	554.928053223916
2	757259	757384	125	757321.5	12.5530893374115	13.9889224320721	26.5420117694836	0.571	25.9710117694836	17.2291971174874	17.7696095735081	34.9988066909955	3.3118	31.6870066909955	29.8399276585053	34.8759256439824	368.201689387247
2	760158	760306	148	760232	26.7349162157575	25.0147765680867	51.7496927838442	0.676064	51.0736287838442	32.5464501663847	31.0555158016894	63.6019659680741	3.416864	60.1851019680741	58.6820953182128	66.2420140085535	724.091790041282
2	760894	761190	296	761042	58.5112486316212	50.1849567180862	108.696205349707	1.352128	107.344077349707	62.4472393526649	54.6176588878818	117.064898240547	4.092928	112.971970240547	123.335183515954	124.34125041805	1521.86102631239
2	767674	767854	180	767764	48.0635078205984	40.8255409919771	88.8890488125755	0.82224	88.0668088125755	60.7409000230791	52.3979077246152	113.138807747694	3.56304	109.575767747694	101.186169695957	120.60326068719	1248.55928107643
2	770736	770856	120	770796	33.6789762700921	43.3830999414091	77.0620762115012	0.54816	76.5139162115012	52.0836004801161	63.7106684735691	115.794268953685	3.28896	112.505308953685	87.9122363381658	123.827625243535	1084.76918268592
2	773576	773765	189	773670.5	40.2918286903889	10.6703459418707	50.9621746322596	0.863352	50.0988226322596	44.9274355369547	13.4273094873992	58.3547450243539	3.604152	54.7505930243539	57.5620717587714	60.2605866152678	710.271563281372
2	774526	774646	120	774586	13.4418098216188	13.0663011664823	26.5081109881011	0.54816	25.9599509881011	16.712285203133	16.4716796573917	33.1839648605247	3.28896	29.8950048605247	29.8272191464446	32.9035802216821	368.044876151509
2	776329	776449	120	776389	18.4966263305901	8.29519119669146	26.7918175272815	0.54816	26.2436575272815	24.5143650340512	12.7888947725146	37.3032598065658	3.28896	34.0142998065658	30.153189604605	37.4374330290724	372.067100158167
2	784705	784849	144	784777	18.2360203238561	17.3406996875213	35.5767200113774	0.657792	34.9189280113774	26.0374001386397	25.7062925069068	51.7436926455464	3.398592	48.3451006455464	40.1208198979909	53.2104578954773	495.059969149461
2	786460	786614	154	786537	31.9011352924576	22.9873298372643	54.8884651297219	0.703472	54.1849931297219	39.0230994473217	32.4005468034435	71.4236462507652	3.444272	67.9793742507652	62.2569613197497	74.8206867506945	768.202878920673
2	786900	786962	62	786931	7.8559810732934	6.89665896178211	14.7526400350755	0.283216	14.4694240350755	16.4617794292003	15.5263578685752	31.9881372977756	3.024016	28.9641212977756	16.6249420815489	31.8790143409652	205.138961141104
2	788757	788858	101	788807.5	5.70003138059333	6.50795000239044	12.2079813829838	0.461368	11.7466133829838	10.4232402463068	11.5555663454043	21.9788065917111	3.202168	18.7766385917111	13.4965128309914	20.6662831158027	166.536557396488
2	792578	792715	137	792646.5	12.4716874611715	21.1625877786021	33.6342752397736	0.625816	33.0084592397736	18.9929377701221	29.7617859823815	48.7547237525035	3.366616	45.3881077525035	37.9257475440722	49.9558789674886	467.974469536671
2	798985	799120	135	799052.5	13.7353165866856	8.59249804934684	22.3278146360324	0.61668	21.7111346360325	19.806656525607	18.5596277827168	38.3662843083239	3.35748	35.0088043083239	24.9454542885588	38.5320225368209	307.807663500207
2	804940	805165	225	805052.5	20.2974678383661	45.7506545114111	66.0481223497772	1.0278	65.0203223497772	22.4968185314201	48.1493097982567	70.6461283296769	3.7686	66.8775283296769	74.7064354854983	73.6079531911715	921.819786852585
3	13030	13205	175	13117.5	83.7358300355205	69.6215047130247	153.357334748545	0.7994	152.557934748545	89.3276589221438	83.3092202025478	172.636879124692	3.5402	169.096679124692	175.284574087199	186.114241250593	2922.80553202775
3	13566	13773	207	13669.5	107.798784664968	181.221877001166	289.020661666134	0.945576	288.075085666134	109.890032866357	186.100489448792	295.99052231515	3.686376	292.30414631515	330.989789415743	321.721069198115	5519.13248833736
3	38902	39251	349	39076.5	137.334565438133	126.5219162163	263.856481654433	1.594232	262.262249654433	186.578100457296	164.7083963803	351.286496837596	4.335032	346.951464837596	301.331601044541	381.86798796572	5024.59315141804
3	39470	39642	172	39556	59.8814802142259	60.5911965725493	120.472676786775	0.785696	119.686980786775	105.309827296741	97.9835584328372	203.293385729578	3.526496	199.766889729578	137.516816057925	219.871042420622	2293.04211630737
3	40736	41276	540	41006	244.727240742646	183.672933495812	428.400174238458	2.46672	425.933454238458	251.737702327476	197.012440959454	448.75014328693	5.20752	443.54262328693	489.384994879064	488.179893435238	8160.31403660391
3	41889	42041	152	41965	36.1434330736035	40.6002357988952	76.7436688724986	0.694336	76.0493328724986	46.719176834979	47.0266839227407	93.7458607577197	3.435136	90.3107247577197	87.3784437639592	99.3994211008714	1457.00327677567
3	44471	44537	66	44504	4.2509979816776	13.3737082519389	17.6247062336165	0.301488	17.3232182336165	8.44729470254038	21.2292893160125	29.6765840185529	3.042288	26.6342960185529	19.9038675694187	29.3147199601794	331.889640281207
3	48494	48581	87	48537.5	1.69283901841583	18.7573323396289	20.4501713580448	0.397416	20.0527553580448	4.5477048205032	30.7190080454885	35.2667128659917	3.138216	32.1284968659917	23.0400253385915	35.361846534708	384.183912750899
3	50336	50444	108	50390	2.77746401804591	20.059062343334	22.8365263613799	0.493344	22.3431823613799	7.62267569581442	41.840264380438	49.4629400762524	3.234144	46.2287960762524	25.6716585107313	50.881172535125	428.065423909842
3	52406	52541	135	52473.5	32.8318567447495	2.20635085440149	35.038207599151	0.61668	34.421527599151	50.7308693008799	5.92603658981	56.6569058906899	3.35748	53.2994258906899	39.549321473136	58.6633768332205	659.470328131221
3	56625	56811	186	56718	65.2370036542213	83.3788218068022	148.615825461023	0.849648	147.766177461023	67.9667665727998	86.6017960934588	154.568562666259	3.590448	150.978114666259	169.778986084471	166.172259573681	2831.00188555609
3	58841	58969	128	58905	33.5820740365829	26.6885151462546	60.2705891828375	0.584704	59.6858851828375	44.7326310468865	34.2236888252263	78.9563198721128	3.325504	75.6308158721128	68.5773242836251	83.2421546304998	1143.50155358297
3	61230	61634	404	61432	219.190252138042	250.963284477842	470.153536615883	1.845472	468.308064615883	221.963916068499	255.906098405254	477.870014473753	4.586272	473.283742473753	538.072174240535	520.914101227204	8972.15476998038
3	63277	63352	75	63314.5	22.0147074191929	9.60022127646028	31.6149286956532	0.3426	31.2723286956532	34.3506917525295	17.5472044472701	51.8978961997996	3.0834	48.8144961997996	35.930984679148	53.7270925087555	599.135898514233
3	65278	66112	834	65695	1185.78663131465	1152.26735872558	2338.05399004023	3.809712	2334.24427804023	1194.96624289644	1159.87633410562	2354.84257700205	6.550512	2348.29206500205	2681.97793032633	2584.6196281026	44720.9914070051
3	67678	68823	1145	68250.5	3369.72966923614	4605.2866477125	7975.01631694863	5.23036	7969.78595694864	3376.88573417699	4614.64926351236	7991.53499768936	7.97116	7983.56383768936	9157.04934871111	8787.01423244132	152690.415758717
3	71391	71818	427	71604.5	43.7465083176451	231.191128747447	274.937637065092	1.950536	272.987101065092	58.7617544055538	245.866066991566	304.62782139712	4.691336	299.93648539712	313.654139460943	330.121512095995	5230.0669282158
3	72975	73085	110	73030	8.90670529154098	9.64022219844553	18.5469274899865	0.50248	18.0444474899865	27.1188250645109	25.4902875281864	52.6091125926974	3.24328	49.3658325926974	20.7325387442771	54.3339143279016	345.707426054546
3	74623	74704	81	74663.5	12.6173908195028	13.5196116148801	26.137002434383	0.370008	25.766994434383	19.0843398768584	18.4017241431801	37.4860640200384	3.110808	34.3752560200384	29.6055177489292	37.8347151764386	493.661073746681
3	76940	77375	435	77157.5	342.849502372467	202.087757940943	544.93726031341	1.98708	542.95018031341	351.766207894504	218.735641659679	570.501849554184	4.72788	565.773969554184	623.83376691399	622.712365541289	10402.1976520014
3	78859	79002	143	78930.5	6.07183995044624	23.3362378792806	29.4080778297269	0.653224	28.7548538297269	25.52118824042	56.0049908646352	81.5261791050553	3.394024	78.1321551050553	33.0384801996108	85.9952237969625	550.904454656539
3	81048	81559	511	81303.5	98.1099613463106	312.848910885834	410.958872232144	2.334248	408.624624232144	115.869070677798	319.343160572444	435.212231250242	5.075048	430.137183250242	469.497658959073	473.425355889182	7828.70005547098
3	93808	94423	615	94115.5	4183.17131833406	2391.42342015757	6574.59473849162	2.80932	6571.78541849162	4197.37944581861	2395.9033234153	6593.28276923391	5.55012	6587.73264923391	7550.78790212681	7250.70929790304	125906.59940518
3	95147	96242	1095	95694.5	1285.27022432193	312.3969004674	1597.66712478933	5.00196	1592.66516478933	1287.98308685097	314.815856222153	1602.79894307313	7.74276	1595.05618307313	1829.92536922947	1755.57954657298	30513.3296539894
3	97172	97564	392	97368	1.52033504235443	205.545037628128	207.065372670482	1.790656	205.274716670482	5.77083301250722	212.089588474135	217.860421486642	4.531456	213.328965486642	235.85460396906	234.797979202436	3932.78840893353
3	98626	98779	153	98702.5	25.998499242009	27.8703423863088	53.8688416283179	0.698904	53.1699376283179	27.9207435480103	31.5430270383847	59.463770586395	3.439704	56.024066586395	61.0906924427376	61.6622200889636	1018.66473280309
3	100276	100414	138	100345	54.1769487299093	54.291651373702	108.468600103611	0.630384	107.838216103611	73.8962032409785	72.9707819108497	146.866985151828	3.371184	143.495801151828	123.902934391454	157.936940525751	2066.0356677688
3	108643	108783	140	108713	33.0417615828671	110.558448272731	143.600209855598	0.63952	142.960689855598	35.6769223209505	119.299549747253	154.976472068203	3.38032	151.596152068203	164.257622350839	166.852495062177	2738.93518459832
3	109855	109999	144	109927	8.43789448587384	35.3535148666997	43.7914093525735	0.657792	43.1336173525735	10.1609342003885	37.4042621345786	47.5651963349671	3.398592	44.1666043349671	49.5592560226249	48.6114458129371	826.382289602098
3	111135	111235	100	111185	39.6236132886253	33.7568780656584	73.3804913542837	0.4568	72.9236913542837	44.6478290922778	39.453509367883	84.1013384601608	3.1976	80.9037384601608	83.7871737118795	89.0457339303866	1397.12017508298
3	159382	159503	121	159442.5	30.4041007871596	44.1290171341291	74.5331179212887	0.552728	73.9803899212887	34.2150886269995	50.2137573819155	84.428846008915	3.293528	81.135318008915	85.0012892448495	89.3006191961922	1417.36510316501
3	167500	168077	577	167788.5	60.9909057854869	119.217847864098	180.208753649585	2.635736	177.573017649585	73.222187705527	127.168031108667	200.390218814194	5.376536	195.013682814194	204.026167628642	214.639481971634	3402.06098870264
3	172672	172801	129	172736.5	55.8798879811264	0	55.8798879811264	0.589272	55.2906159811264	66.3706297832833	14.9884454701786	81.3590752534619	3.330072	78.0290032534619	63.5272894146399	85.8816909429036	1059.29408735916
3	176739	177037	298	176888	468.247692687896	395.74282151587	863.990514203766	1.361264	862.629250203766	474.035226085332	402.074367452305	876.109593537637	4.102064	872.007529537637	991.135603443717	959.764677608049	16526.8201142095
3	177724	177922	198	177823	6.55495108572311	82.8977107176246	89.4526618033477	0.904464	88.5481978033477	8.89640505412978	92.6354351634091	101.531840217539	3.645264	97.8865762175389	101.739271469109	107.737691571764	1696.46477462674
3	179745	179841	96	179793	2.55435887567318	4.62900669443823	7.1833655701114	0.438528	6.7448375701114	10.0821323840776	14.2893293561813	24.3714617402589	3.179328	21.1921337402589	7.7496197278299	23.3248690155587	129.22204666079
3	180837	180941	104	180889	29.3195757898345	36.6515447851211	65.9711205749556	0.475072	65.4960485749556	70.7720312316254	75.0873306953943	145.85936192702	3.215872	142.64348992702	75.2530309077551	156.998854350815	1254.81649588642
3	181199	181297	98	181248	47.497794781422	38.3650842806643	85.8628790620863	0.447664	85.4152150620863	70.5214254553879	61.8046245409718	132.32604999636	3.188464	129.13758599636	98.1395665679528	142.133742419168	1636.4410249411
3	190318	190574	256	190446	216.138881806702	78.5329101128989	294.671791919601	1.169408	293.502383919601	219.808066378104	79.8336400935543	299.641706471658	3.910208	295.731498471658	337.225595271211	325.493343434422	5623.11224779951
3	194569	194763	194	194666	129.499684851187	63.8059706701989	193.305655521386	0.886192	192.419463521386	148.161214982661	66.4244310233535	214.585646006015	3.626992	210.958654006015	221.084296697029	232.189124167387	3686.49899054485
3	197297	197522	225	197409.5	114.400036817889	138.441790958685	252.841827776574	1.0278	251.814027776574	117.187301061822	140.455337369117	257.642638430939	3.7686	253.874038430939	289.326901814392	279.423429723042	4824.41922565801
3	201451	201682	231	201566.5	91.7279142458687	111.898079150017	203.625993395886	1.055208	202.570785395886	97.7151522463162	119.601556708241	217.316708954558	3.796008	213.520700954558	232.747866567233	235.009010556314	3880.98471022299
3	203733	203879	146	203806	18.8175337272167	62.0249296188056	80.8424633460224	0.666928	80.1755353460224	31.8694345617843	80.9933668242117	112.862801385996	3.407728	109.455073385996	92.1193288864621	120.470419878802	1536.0557851605
3	204445	204621	176	204533	85.9517811111985	75.0513298656076	161.003110976806	0.803968	160.199142976806	89.465262093773	87.8432247072711	177.308486801044	3.544768	173.763718801044	184.064097302494	191.25096275658	3069.20083895
3	204983	205183	200	205083	236.196244110851	186.371795702157	422.568039813009	0.9136	421.654439813009	241.757272287546	190.24368494572	432.000957233266	3.6544	428.346557233266	484.468533324219	471.454524739581	8078.33385605843
3	206773	206996	223	206884.5	45.3082443142543	236.30844669702	281.616691011274	1.018664	280.598027011274	47.5245953991521	240.460642401394	287.985237800546	3.759464	284.225773800546	322.398869225964	312.829704927227	5375.8820672056
3	209658	210078	420	209868	522.788149796346	443.01551110882	965.803660905166	1.91856	963.885100905166	538.124503285492	465.914938920021	1004.03944220551	4.65936	999.380082205513	1107.47559384334	1099.95575716469	18466.7464842671
3	210875	211133	258	211004	329.843602598182	508.068610524214	837.912213122396	1.178544	836.733669122396	338.351098688311	520.357093762693	858.708192451003	3.919344	854.788848451003	961.382343424367	940.813141821757	16030.6954926718
3	212068	212407	339	212237.5	135.087913654831	575.614167388509	710.70208104334	1.548552	709.15352904334	146.156468775065	612.80872468958	758.965193464645	4.289352	754.675841464645	814.796519798725	830.624955802788	13586.4310247858
3	213916	214169	253	214042.5	222.487528137286	384.754768251131	607.242296388417	1.155704	606.086592388417	238.091287789903	399.050797761745	637.142085551648	3.896504	633.245581551648	696.375644976265	696.974189829408	11611.8066755463
3	214499	216852	2353	215675.5	2897.89169379546	3846.82346581877	6744.71515961422	10.748504	6733.96665561422	2907.74782097032	3859.21715148207	6766.96497245238	13.489304	6753.47566845238	7737.12936722874	7433.13237341289	129013.774511046
3	217488	217695	207	217591.5	87.0258058665025	15.3112529105995	102.337058777102	0.945576	101.391482777102	131.591933075625	28.0359462033278	159.627879278953	3.686376	155.941503278953	116.495827660143	171.635153998724	1942.52489881872
3	218070	218446	376	218258	323.998167866173	183.959140092617	507.95730795879	1.717568	506.23973995879	361.07982256494	193.929669904356	555.009492469296	4.458368	550.551124469296	581.654552094917	605.957522824597	9698.87482367057
3	219027	219303	276	219165	299.980114271654	123.069636644363	423.049750916016	1.260768	421.788982916016	317.509818315555	141.08625191113	458.596070226685	4.001568	454.594502226685	484.623119387185	500.344012056096	8080.91152156245
3	220617	221019	402	220818	874.539157340496	209.600931112822	1084.14008845332	1.836336	1082.30375245332	894.670621352624	216.277284996771	1110.94790634939	4.577136	1106.37077034939	1243.53513695928	1217.71378084588	20735.4891125066
3	224390	224602	212	224496	186.154590695777	206.875668297967	393.030258993745	0.968416	392.061842993745	193.86446840152	217.562314615547	411.426783017067	3.709216	407.717567017067	450.467511101752	448.749472921132	7511.37936868303
3	227536	227778	242	227657	61.8785262443396	257.577736935018	319.456263179357	1.105456	318.350807179357	67.6560594112793	266.690446974783	334.346506386062	3.846256	330.500250386062	365.775701793064	363.761155169552	6099.17472914794
3	228332	229868	1536	229100	1403.14024111974	2618.02074302192	4021.16098414166	7.016448	4014.14453614166	1409.6878920372	2625.76832159664	4035.45621363384	9.757248	4025.69896563384	4612.13385263631	4430.8375088771	76905.6285137323
3	230201	230820	619	230510.5	43.6285055977886	31.0340153061224	74.662520903911	2.827592	71.834928903911	46.5306724901235	32.7400546287933	79.2707271189169	5.568392	73.7023351189169	82.5362177212241	81.1195953111487	1376.26094597596
3	232370	232543	173	232456.5	84.3673445913627	82.5800033947567	166.947347986119	0.790264	166.157083986119	160.385996752879	88.5772416257004	248.963238378579	3.531064	245.432174378579	190.909596056626	270.131992830381	3183.34700230898
3	232892	233482	590	233187	1073.83495092917	289.76387879662	1363.59882972579	2.69512	1360.90370972579	1083.03576299961	304.195511432764	1387.23127443238	5.43592	1381.79535443238	1563.63828289993	1520.85656137657	26073.0908418487
3	235559	235669	110	235614	67.2957511064972	27.3423302161035	94.6380813226007	0.50248	94.1356013226007	98.6723743094232	31.4946259227825	130.167000232206	3.24328	126.923720232206	108.159033559752	139.697077494351	1803.51193636672
3	240542	241326	784	240934	1316.68464839614	979.552677807631	2296.23732620377	3.581312	2292.65601420377	1320.37053335247	982.667649604928	2303.0381829574	6.322112	2296.7160709574	2634.19423998196	2527.85312595688	43924.2160192876
3	242959	243163	204	243061	233.104472848306	9.66032266174312	242.76479551005	0.931872	241.83292351005	237.618176885122	11.8293726563934	249.447549541516	3.672672	245.774877541516	277.858906962722	270.509184975574	4633.19464717884
3	244816	245055	239	244935.5	160.966610135495	147.446398506785	308.413008642279	1.091752	307.321256642279	164.834899296078	152.298010332071	317.132909628149	3.832552	313.300357628149	353.103073054011	344.830298532977	5887.86332552487
3	246600	246856	256	246728	145.409851566211	230.733118190716	376.142969756926	1.169408	374.973561756926	148.413220791168	234.618307740838	383.031528532006	3.910208	379.121320532006	430.833579222594	417.275355601197	7183.99080633691
3	250622	251430	808	251026	454.539876735075	865.747554701968	1320.28743143704	3.690944	1316.59648743704	462.429058573616	874.275651266918	1336.70470984053	6.431744	1330.27296584053	1512.73058936913	1464.14905943256	25224.2238548395
3	252098	252206	108	252152	16.2327741508348	4.70020833557197	20.9329824864067	0.493344	20.4396384864067	33.4475709364075	11.3735621503714	44.8211330867789	3.234144	41.5869890867789	23.4845426590981	45.7722230847309	391.596074889095
3	252989	253247	258	253118	157.650733707527	170.67413388518	328.324867592707	1.178544	327.146323592707	172.669379873805	186.601400994353	359.270780868157	3.919344	355.351436868157	375.881491117835	391.113316904683	6267.68503359295
3	254282	254460	178	254371	40.584535437016	127.841246625678	168.425782062694	0.813104	167.612678062694	50.0211529425566	143.647710950455	193.668863893012	3.553904	190.114959893012	192.582030782337	209.247761067995	3211.23423365104
3	256619	257412	793	257015.5	242.776395777425	316.021384008484	558.797779785909	3.622424	555.175355785909	256.806019147617	331.605243202413	588.41126235003	6.363224	582.04803835003	637.880133491844	640.624225086239	10636.4156267002
3	258466	258605	139	258535.5	58.8964575103391	13.8200185389894	72.7164760493285	0.634952	72.0815240493285	69.8672103763191	19.6480528699355	89.5152632462546	3.375752	86.1395112462546	82.8195482809077	94.8084247442363	1380.98537841132
3	262902	263120	218	263011	132.815761283764	34.8431031021679	167.658864385932	0.995824	166.663040385932	146.976087666543	40.863741872473	187.839829539016	3.736624	184.103205539016	191.490925059237	202.630995404881	3193.04044871525
3	263633	263798	165	263715.5	44.9435359080537	31.2046192383895	76.1481551464432	0.75372	75.3944351464432	64.5538879090182	42.9589901660605	107.512878075079	3.49452	104.018358075079	86.6259855639218	114.4865640738	1444.45631420842
3	266911	267544	633	267227.5	359.391383647943	365.403722226936	724.795105874879	2.891544	721.903561874879	368.351690174944	375.76646107874	744.118151253684	5.632344	738.485807253684	829.445932024695	812.805587920512	13830.7045629336
3	269097	269268	171	269182.5	86.8613020748381	123.052136240994	209.913438315832	0.781128	209.132310315832	116.55298644144	145.218247149901	261.771233591342	3.521928	258.249305591342	240.286865458711	284.239015292446	4006.69473222984
3	271190	271392	202	271291	124.113260698958	61.8942266062188	186.007487305177	0.922736	185.084751305177	126.481515285095	62.9651512900689	189.446666575164	3.663536	185.783130575164	212.656928373057	204.47998484145	3545.97573636798
3	277171	277323	152	277247	44.8930347440474	53.209526431696	98.1025611757433	0.694336	97.4082251757433	51.7418926040571	60.0275835817771	111.769476185834	3.435136	108.334340185834	111.91918198593	119.236898261037	1866.21102257274
3	278371	278559	188	278465	98.521170824319	65.8503177905601	164.371488614879	0.858784	163.512704614879	106.092845344602	73.3236900450646	179.416535389667	3.599584	175.816951389667	187.87128203791	193.510828694342	3132.68423823983
3	284204	284581	377	284392.5	38.0096760888253	29.9403900990456	67.9500661878709	1.722136	66.2279301878709	50.150255918264	37.5121646216338	87.6624205398977	4.462936	83.1994845398977	76.0939413265646	91.5725194470862	1268.83836653212
3	293620	293752	132	293686	16.2255739848774	24.5076648796187	40.7332388644961	0.602976	40.1302628644961	23.3648385385001	30.0861934596818	53.4510319981819	3.343776	50.1072559981819	46.1084901667339	55.1499531482467	768.842043486013
3	297936	298121	185	298028.5	196.101919972765	132.576655772597	328.678575745362	0.84508	327.833495745362	203.909799937371	138.002580835287	341.912380772658	3.58588	338.326500772658	376.67103168353	372.37502423001	6280.85033091128
3	298552	298694	142	298623	18.9187360598394	164.464090749275	183.382826809114	0.648656	182.734170809114	27.5517350426963	173.079789333373	200.63152437607	3.389456	197.24206837607	209.956180609337	217.092127938481	3500.94176492172
3	303341	303586	245	303463.5	24.6193674542625	23.6256445498439	48.2450120041064	1.11916	47.1258520041064	30.1600951630496	28.9198665768969	59.0799617399465	3.85996	55.2200017399465	54.1462160631073	60.7772357144173	902.868154096043
3	308226	308317	91	308271.5	7.62277569811939	3.08137102282886	10.7041467209482	0.415688	10.2884587209482	21.8066026225646	14.1297256774602	35.9363283000248	3.156488	32.7798403000248	11.8211360679968	36.0787399098241	197.11307782969
3	314275	314563	288	314419	6.23034360381279	8.16968830396273	14.4000319077755	1.315584	13.0844479077755	8.9129054344487	11.794971863486	20.7078772979347	4.056384	16.6514932979347	15.0336452998059	18.327267317587	250.68048273864
3	314965	315170	205	315067.5	7.15636494777136	12.741693684572	19.8980586323433	0.93644	18.9616186323433	9.6495224128071	15.6368604155595	25.2863828283666	3.67724	21.6091428283666	21.7863413755074	23.7838450902486	363.279195711203
4	19962	20464	502	20213	70.4594240263107	43.0918932293565	113.551317255667	2.293136	111.258181255667	73.9090035360138	45.2776436089356	119.186647144949	5.033936	114.152711144949	127.832373630778	125.640818799132	1012.20769626973
4	22444	22591	147	22517.5	14.3440306169962	7.82198028960594	22.1660109066021	0.671496	21.4945149066021	16.7866869180255	9.18691175004767	25.9735986680732	3.412296	22.5613026680732	24.6965645990473	24.8318284512087	195.553380169414
4	32034	32258	224	32146	24.0277538181007	22.3077141727349	46.3354679908355	1.023232	45.3122359908355	25.5614891693202	23.6117442294541	49.1732333987742	3.764032	45.4092013987742	52.0624246761309	49.9790954374465	412.24288845525
4	34065	34240	175	34152.5	5.74723246853592	23.484341292931	29.2315737614669	0.7994	28.4321737614669	7.04796244919133	26.8020177623878	33.8499802115791	3.5402	30.3097802115791	32.6677303043359	33.3600977603502	258.671000893871
4	36620	36757	137	36688.5	6.64615318784948	10.1639342695374	16.8100874573869	0.625816	16.1842714573869	8.52119640590813	12.8735967248183	21.3947931307265	3.366616	18.0281771307265	18.5952512663175	19.8424979436897	147.241703421708
4	42355	42585	230	42470	16.9353903455057	17.4895031173064	34.4248934628121	1.05064	33.3742534628121	20.7499782683242	23.2200352009135	43.9700134692377	3.79144	40.1785734692377	38.3460343334454	44.2220672485487	303.633187519811
4	43874	43965	91	43919.5	6.00403838768123	7.48437250805042	13.4884108957317	0.415688	13.0727228957317	7.87908160573988	10.6871463291045	18.5662279348444	3.156488	15.4097399348444	15.0201736062774	16.9605463021996	118.93337260164
4	46191	46496	305	46343.5	43.6234054802355	61.4650167133171	105.088422193553	1.39324	103.695182193553	52.8506181591833	69.273396689448	122.124014848631	4.13404	117.989974848631	119.14271044407	129.864257286428	943.400838462469
4	47879	48016	137	47947.5	23.4635408134987	0.898820717008593	24.3623615305073	0.625816	23.7365455305073	24.2067579439847	1.85824283082484	26.0650007748095	3.366616	22.6983847748095	27.2725917565297	24.9827062355408	215.950987133474
4	49356	49436	80	49396	4.49060350436926	5.10891775595628	9.59952126032553	0.36544	9.23408126032554	7.03116206195752	8.3015913442091	15.3327534061666	3.10624	12.2265134061666	10.6096874179019	13.4569660238622	84.010074712645
4	52172	52410	238	52291	26.4336092709036	36.6286442572846	63.0622535281882	1.087184	61.9750695281882	27.8592421304579	38.91909705016	66.778339180618	3.827984	62.950355180618	71.2075296783379	69.2855569461345	563.838466936006
4	56732	56917	185	56824.5	14.0021227363272	11.3464615257264	25.3485842620537	0.84508	24.5035042620537	17.1272947687299	15.5122575435754	32.6395523123054	3.58588	29.0536723123054	28.1538047516004	31.977577596073	222.928645064162
4	60979	61147	168	61063	6.0418392589573	11.7157700379552	17.7576092969125	0.767424	16.9901852969125	8.76850210608194	16.172572763247	24.9410748693289	3.508224	21.4328508693289	19.5212225332009	23.589811450057	154.573768189364
4	62124	62418	294	62271	5.37592391020783	17.1207946189073	22.4967185291152	1.342992	21.1537265291152	9.98453013443358	22.0537083181285	32.0382384525621	4.083792	27.9544464525621	24.3050087897731	30.7677277757918	192.452946434129
4	63005	63138	133	63071.5	2.35855436255537	2.13854929163649	4.49710365419186	0.607544	3.88955965419186	5.17951938326024	5.31762256641433	10.4971419496746	3.348344	7.14879794967457	4.46898949238871	7.86823912299528	35.3865412200659
4	63545	63650	105	63597.5	1.06772461009132	1.89564369288105	2.96336830297237	0.47964	2.48372830297237	2.24675178560659	4.47020303415678	6.71695481976337	3.22044	3.49651481976337	2.85373067256329	3.8483972959744	22.5965306581311
4	70354	70480	126	70417	3.00386923648244	7.77467919935838	10.7785484358408	0.575568	10.2029804358408	5.00051525737625	10.5011420418731	15.5016572992493	3.316368	12.1852892992493	11.7229240358042	13.4115932027053	92.8249518865967
4	74141	74300	159	74220.5	8.40669376672535	16.3203761699825	24.7270699367078	0.726312	24.0007579367078	11.8120722576347	19.6382526440491	31.4503249016839	3.467112	27.9832129016839	27.5761640300122	30.799389224612	218.354745922157
4	76826	77209	383	77017.5	17.8237108204932	31.873034644763	49.6967454652562	1.749544	47.9472014652562	20.9555830073284	38.7756937448429	59.7312767521713	4.490344	55.2409327521713	55.0899224046468	60.8002731831541	436.215348749964
4	80518	80653	135	80585.5	5.99403815718492	5.26772141623772	11.2617595734226	0.61668	10.6450795734226	8.24068994048655	7.62237568889953	15.8630656293861	3.35748	12.5055856293861	12.2308829247541	13.764123534864	96.8470934003629
4	83763	84017	254	83890	16.2020734432111	10.8799507730734	27.0820242162845	1.160272	25.9217522162845	17.8744119891095	12.1805807514239	30.0549927405333	3.901072	26.1539207405333	29.7833298826081	28.7860006450105	235.831619733435
4	87290	87502	212	87396	43.0318918463786	57.5134256326991	100.545317479078	0.968416	99.5769014790776	44.5656271975981	58.7532542096319	103.31888140723	3.709216	99.60966540723	114.410927189413	109.63418911865	905.933432582343
4	88046	88227	181	88136.5	11.5219655709367	13.5156115226816	25.0375770936183	0.826808	24.2107690936183	14.5118344847243	15.8533654058047	30.365199890529	3.567608	26.797591890529	27.8174606643255	29.4944496122903	220.265391116319
4	89883	89992	109	89937.5	8.35959268108771	2.13524921557271	10.4948418966604	0.497912	9.99692989666042	10.5454430629718	4.20959702742287	14.7550400903946	3.238712	11.5163280903946	11.4861780346198	12.6753090340478	90.9503397077435
4	93931	94229	298	94080	32.6441524183337	47.8464028165234	80.4905552348571	1.361264	79.1292912348571	41.3846538790259	55.0190681400038	96.4037220190297	4.102064	92.3016580190297	90.9172252153609	101.590718027738	719.904610019063
4	98189	98399	210	98294	16.7731866068555	19.9860606607109	36.7592472675664	0.95928	35.7999672675664	20.4117704729389	21.4116935202652	41.8234639932042	3.70008	38.1233839932042	41.133108056124	41.9600474860191	325.701912303994
4	103412	103573	161	103492.5	8.1903887810901	21.7538014055441	29.9441901866342	0.735448	29.2087421866342	10.268036669004	23.3517382365499	33.619774905554	3.476248	30.143526905554	33.5599845543647	33.1771130437583	265.736086155583
4	104688	104915	227	104801.5	23.9126511650881	83.1607167796776	107.073367944766	1.036936	106.036431944766	25.9701985897045	86.0728839025088	112.043082492213	3.777736	108.265346492213	121.832737456756	119.160961175781	964.701123891563
4	106513	107093	580	106803	129.67968900012	136.916855810302	266.596544810422	2.64944	263.947104810422	132.808261110892	140.123029709725	272.931290820617	5.39024	267.541050820617	303.267449998599	294.465863756839	2401.34512250634
4	111190	111339	149	111264.5	8.33239205413774	12.7717943783659	21.1041864325036	0.680632	20.4235544325036	10.4573410322992	14.6333372852545	25.0906783175537	3.421432	21.6692463175537	23.4660625548502	23.8499972781241	185.809966947585
4	114356	114604	248	114480	25.2577821691471	22.3518151892236	47.6095973583707	1.132864	46.4767333583707	26.8523189217842	24.5510658799727	51.4033848017569	3.873664	47.5297208017569	53.4003978561593	52.3130198041827	422.837284160824
4	116017	116110	93	116063.5	6.76805599759953	5.46012585098678	12.2281818485863	0.424824	11.8033578485863	13.7651172735646	10.0617319138651	23.8268491874297	3.165624	20.6612251874297	13.5617105508042	22.7405308547223	107.384908878836
4	121808	121995	187	121901.5	14.8362419620247	22.9396287377969	37.7758706998216	0.854216	36.9216546998216	16.8530884485211	24.5510658799727	41.4041543284938	3.595016	37.8091383284938	42.4218938812984	41.6141767465308	335.906830620325
4	125193	125570	377	125381.5	28.7549627760127	24.7506704806791	53.5056332566918	1.722136	51.7834972566918	32.1571411931633	27.3081294278061	59.4652706209694	4.462936	55.0023346209694	59.497713287387	60.5376629983632	471.117304556118
4	126451	126600	149	126525.5	19.4258477483074	6.87585848234978	26.3017062306572	0.680632	25.6210742306572	22.7267238305304	8.27109064119534	30.9978144717257	3.421432	27.5763824717257	29.4378597323013	30.3516161685044	233.096103408111
4	132758	133245	487	133001.5	62.0446300728834	66.7657388901926	128.810368963076	2.224616	126.585752963076	66.3827300621838	74.4928169923886	140.875547054572	4.965416	135.910131054572	145.443302114784	149.587863288776	1151.65529349149
4	134774	135054	280	134914	66.5257333582811	60.0197834019899	126.545516760271	1.27904	125.266476760271	69.7523077279164	61.834025218631	131.586332946547	4.01984	127.566492946547	143.927492611376	140.404537609154	1139.65274670424
4	135557	135718	161	135637.5	10.8227494546345	10.0727321674111	20.8954816220456	0.735448	20.1600336220456	13.8431190714359	11.7179700886644	25.5610891601003	3.476248	22.0848411601003	23.1632849045078	24.3074167803201	183.412500177389
4	137896	138031	135	137963.5	7.88998185698086	11.3733621457615	19.2633440027424	0.61668	18.6466640027424	10.5253425996742	14.9816453134411	25.5069879131152	3.35748	22.1495079131152	21.4244677817321	24.3785914700527	169.644125046041
4	139299	139460	161	139379.5	12.9143976652433	11.2787599652664	24.1931576305097	0.735448	23.4577096305097	15.7523630777919	14.0051228054761	29.757485883268	3.476248	26.281237883268	26.9522175193465	28.9261307382857	213.414186326662
4	141736	141956	220	141846	18.4960263167603	17.6960078770553	36.1920341938155	1.00496	35.1870741938155	20.6954770121193	20.7805789736429	41.4760559857622	3.74576	37.7302959857622	40.428911964518	41.5273998632008	320.125917089624
4	145533	145728	195	145630.5	19.1858422163959	21.2943908165435	40.4802330329394	0.89076	39.5894730329394	21.2600900259411	24.6999693120628	45.9600593380039	3.63156	42.3284993380039	45.4871385769175	46.5883574908036	360.178180543132
4	147668	148149	481	147908.5	9.27811385217404	60.5967967016272	69.8749105538012	2.197208	67.6777025538012	11.2138584693453	62.5191410099334	73.7329994792787	4.938008	68.7949914792787	77.7596870781989	75.7183861166518	615.720036204724
4	148833	148972	139	148902.5	10.5388429108442	6.07884011179365	16.6176830226378	0.634952	15.9827310226378	22.4464173697187	14.2520284964301	36.6984458661488	3.375752	33.3226938661488	18.3636872422989	36.6762252069472	145.408123393164
4	155693	156299	606	155996	300.456125243278	459.39568865717	759.851813900448	2.768208	757.083605900448	302.966283100157	462.429558585141	765.395841685299	5.509008	759.886833685299	869.866766532941	836.36037218311	6887.81574499303
4	158744	159025	281	158884.5	225.904706900181	208.142997508765	434.047704408946	1.283608	432.764096408946	240.028432439343	229.464288945344	469.492721384687	4.024408	465.468313384687	497.233201565721	512.31214249869	3937.21292322526
4	159240	159532	292	159386	181.91709302527	197.886561107137	379.803654132407	1.333856	378.469798132407	200.798728229968	215.500767098732	416.2994953287	4.074656	412.2248393287	434.850651851391	453.710348384398	3443.25278511381
4	163215	163393	178	163304	34.2767900491617	41.2111498799149	75.4879399290766	0.813104	74.6748359290766	37.7599703333324	46.30976739846	84.0697377317924	3.553904	80.5158337317924	85.7991872558726	88.6187912218041	679.378745832595
4	163993	164251	258	164122	92.2623265635917	129.401382585408	221.663709149	1.178544	220.485165149	97.6377504622747	135.536924004116	233.174674466391	3.919344	229.255330466391	253.330961312431	252.327142692987	2005.93591013562
4	167296	167725	429	167510.5	160.276694233554	196.722734281976	356.99942851553	1.959672	355.03975651553	162.661949211534	198.567276797021	361.229226008555	4.700472	356.528754008555	407.930224064866	392.409116960786	3230.09031759132
4	172183	172650	467	172416.5	160.505599509615	209.495328678781	370.000928188396	2.133256	367.867672188396	162.302940936717	211.586476877865	373.889417814582	4.874056	369.015361814582	422.669121381817	406.152352780921	3346.79647640706
4	174620	174807	187	174713.5	69.5918040284506	48.124209219711	117.716013248162	0.854216	116.861797248162	71.5005480232818	50.3742610813814	121.874809104663	3.595016	118.279793104663	134.270763375708	130.183242290162	1063.18842569141
4	176380	176643	263	176511.5	181.073673585211	9.19121184916108	190.264885434372	1.201384	189.063501434372	183.181922178444	11.5123653496602	194.694287528104	3.942184	190.752103528104	217.228395094503	209.949025603919	1720.06704653755
4	178134	178247	113	178190.5	13.4822107528239	3.99019197033377	17.4724027231577	0.516184	16.9562187231577	17.2019964905374	5.7874333951311	22.9894298856685	3.256984	19.7324458856685	19.4821959402962	21.7182810037416	154.26474617424
4	183106	183244	138	183175	14.867842690393	17.1282947917796	31.9961374821726	0.630384	31.3657534821726	17.8713119176556	19.4661486772076	37.3374605948632	3.371184	33.9662765948632	36.038327007433	37.3845768543994	285.360201970199
4	184715	184876	161	184795.5	22.8451265596067	19.8950585631944	42.7401851228012	0.735448	42.0047371228012	27.4028316106062	22.885127481592	50.2879590921982	3.476248	46.8117110921982	48.2622058849361	51.5227509887523	382.151835628002
4	190685	190849	164	190767	17.5334041291852	26.9073201895139	44.4407243186991	0.749152	43.6915723186991	19.9186591071657	30.0998937754618	50.0185528826275	3.489952	46.5286008826275	50.2003298465355	51.2111491162774	397.498370582613
4	196200	196300	100	196250	0.976422505659981	9.90052819826455	10.8769507039245	0.4568	10.4201507039245	2.67926175457212	14.6405374512118	17.319799205784	3.1976	14.122199205784	11.9724462780147	15.5434299690538	94.8007294363857
4	198376	198673	297	198524.5	52.3575067934101	249.614053379279	301.971560172689	1.356696	300.614864172689	54.9623668330897	261.281022292412	316.243389125502	4.097496	312.145893125502	345.397625614444	343.559650959807	2734.94205724468
4	199731	199985	254	199858	163.989579812225	204.513913861653	368.503493673878	1.160272	367.343221673878	172.895985096851	211.379272101982	384.275257198833	3.901072	380.374185198833	422.066543186074	418.654306140398	3342.02511630467
4	202596	202870	274	202733	40.5250340655629	53.4121311015513	93.9371651671142	1.251632	92.6855331671142	47.3531914484453	59.5106716674227	106.863863115868	3.992432	102.871431115868	106.492947954629	113.224212607832	843.236955213462
4	211164	211253	89	211208.5	9.33221509915909	12.0358774161422	21.3680925153013	0.406552	20.9615405153013	11.8726736544424	14.2353281115013	26.1080017659436	3.147352	22.9606497659436	24.0841927199148	25.2713650671879	190.704471309853
4	212718	213200	482	212959	188.551345938829	278.777525571066	467.328871509895	2.201776	465.127095509895	192.716941952068	283.395932021178	476.112873973246	4.942576	471.170297973246	534.41733441954	518.587963767419	4231.64589340903
4	215813	215989	176	215901	20.0841629218797	24.2850597487708	44.3692226706505	0.803968	43.5652546706505	23.24313573336	28.5419578664412	51.7850935998012	3.544768	48.2403255998012	50.0551945890715	53.0951384921524	396.349154461278
4	219408	219558	150	219483	10.9985535067597	14.9688450184058	25.9673985251655	0.6852	25.2821985251655	14.5596355864967	18.5163267846678	33.0759623711645	3.426	29.6499623711645	29.0485015268201	32.6338771310153	230.013070831932
4	221913	222115	202	222014	39.6159131111431	57.1364169429881	96.7523300541312	0.922736	95.8295940541312	46.6639755626394	66.4921325838135	113.156108146453	3.663536	109.492572146453	110.105381318999	120.511692441849	871.841077548216
4	223840	223979	139	223909.5	19.0643394158657	10.637045174318	29.7013845901837	0.634952	29.0664325901837	22.4124165860313	12.2215816964587	34.63399828249	3.375752	31.25824628249	33.3964750191612	34.4040156187805	264.441378052732
4	226948	227283	335	227115.5	46.6332748550157	51.8335947177083	98.466869572724	1.53028	96.936589572724	48.0894084175838	53.6175358359455	101.706944253529	4.27108	97.4358642535293	111.377286568062	107.241620829048	881.912331374313
4	228959	229105	146	229032	15.9860684644907	15.3170530442874	31.3031215087781	0.666928	30.6361935087781	21.5813974317877	21.0170844248807	42.5984818566684	3.407728	39.1907538566684	35.200084084059	43.1348353842836	278.722791474846
4	230689	230867	178	230778	17.824210832018	11.8839739149032	29.7081847469212	0.813104	28.8950807469212	19.4661486772076	13.0630010904185	32.5291497676261	3.553904	28.9752457676261	33.1995967976854	31.8912583559055	262.882448609856
4	232348	232509	161	232428.5	6.03443908839003	16.4144783389528	22.4489174273428	0.735448	21.7134694273428	9.3048144675992	20.7488782429696	30.0536927105688	3.476248	26.5774447105688	24.9481368950131	29.2521472467215	197.545390541375
4	234133	234649	516	234391	66.349829303851	86.6413970062242	152.991226310075	2.357088	150.634138310075	68.920788562148	89.3070584473214	158.227847009469	5.097888	153.129959009469	173.07418863656	168.540661361931	1370.44334535759
4	238765	238898	133	238831.5	13.4379097317253	25.9205974464427	39.358507178168	0.607544	38.750963178168	15.8669657192796	30.1471948657093	46.014160584989	3.348344	42.665816584989	44.5237154484924	46.9596216919004	352.549562864696
4	239589	240050	461	239819.5	57.7845318814541	71.4220462138858	129.20657809534	2.105848	127.10073009534	63.8185709606243	77.3683832716033	141.186954232228	4.846648	136.340306232228	146.034995673315	150.061330462753	1156.3404664001
4	242058	242292	234	242175	80.9987669486797	21.8009024911817	102.799669439861	1.068912	101.730757439861	84.171140069025	22.6995232035804	106.870663272605	3.809712	103.060951272605	116.885644255775	113.432805705907	925.528841706926
4	245717	245798	81	245757.5	7.11926409263004	11.7992719625995	18.9185360552295	0.370008	18.5485280552295	11.271659801614	19.8033564495433	31.0750162511572	3.110808	27.9642082511572	21.3117124682127	30.778471982882	168.7513011635
4	248028	248136	108	248082	9.46461815093027	9.41711705607279	18.8817352070031	0.493344	18.3883912070031	13.7588171283519	12.1434798962825	25.9022970246345	3.234144	22.6681530246345	21.1277199457438	24.9494320206087	167.294403806363
4	251322	251509	187	251415.5	35.3707152631534	26.6161134774613	61.9868287406147	0.854216	61.1326127406147	39.4283087870323	29.3255759281323	68.7538847151646	3.595016	65.1588687151646	70.2395716403632	71.7163310033276	556.173940745371
4	255184	255573	389	255378.5	36.5836432200511	39.9023197125575	76.4859629326087	1.776952	74.7090109326087	39.0634003762218	41.9463668260038	81.0097672022257	4.517752	76.4920152022257	85.8384533284529	84.1900233924361	679.689664105794
4	258645	258844	199	258744.5	47.1128859096189	56.1720947162286	103.284980625848	0.909032	102.375948625848	50.9812750725076	57.7801317800357	108.761406852543	3.649832	105.111574852543	117.626949927137	115.689800069406	931.398679561994
4	264162	264427	265	264294.5	20.7392780216932	117.327404291075	138.066682312768	1.21052	136.856162312768	22.6142212374468	119.979465418697	142.593686656144	3.95132	138.642366656144	157.243699986774	152.595065786995	1245.09370197769
4	265004	265230	226	265117	8.43349438445546	106.404052517647	114.837546902103	1.032368	113.805178902103	9.79832584259223	109.535824702178	119.33415054477	3.773168	115.56098254477	130.758798915654	127.190815903802	1035.37984047528
4	266829	267326	497	267077.5	26.0375001409446	41.5271571635984	67.564657304543	2.270296	65.294361304543	36.0322305104845	54.657759812172	90.6899903226565	5.011096	85.6788943226565	75.0212981738836	94.3014522259917	594.036809604134
4	267540	267741	201	267640.5	16.8372880843369	22.7170236069489	39.5543116912858	0.918168	38.6361436912858	24.0034532579946	31.8498341100116	55.8532873680062	3.658968	52.1943193680062	44.3917912395797	57.4470545314757	351.504955025594
4	271999	272398	399	272198.5	231.290431036275	198.263669799153	429.554100835428	1.822632	427.731468835428	235.300823472212	204.118904757049	439.41972822926	4.563432	434.85629622926	491.450860698183	478.619391254113	3891.42694771422
4	273565	273722	157	273643.5	10.447240799498	3.11167172123269	13.5589125207307	0.717176	12.8417365207307	14.2243278579553	5.72663199371352	19.9509598516688	3.457976	16.4929838516688	14.7547770641131	18.1528057877951	116.831898499954
4	276604	276782	178	276693	13.9250209592007	15.6678611300981	29.5928820892987	0.813104	28.7797780892987	16.3742774123576	17.4823029513491	33.8565803637066	3.553904	30.3026763637066	33.0671174398218	33.3522789949931	261.8334449669
4	281877	282117	240	281997	48.4439165886781	98.3024657833646	146.746382372043	1.09632	145.650062372043	50.2715587141842	100.454515386171	150.726074100355	3.83712	146.888954100355	167.347632168315	161.671573812054	1325.09908423151
4	283205	283367	162	283286	36.5130415927472	22.9666293601369	59.4796709528841	0.740016	58.7396549528841	40.2159269409219	25.6491911907728	65.8651181316947	3.480816	62.3843021316947	67.4901336165569	68.6625374152172	534.403224540479
4	285216	285312	96	285264	8.69750046955812	20.6359756406663	29.3334761102244	0.438528	28.8949481102244	11.7177700840545	28.8935659706916	40.6113360547461	3.179328	37.4320080547461	33.1994444020269	41.1990928128043	262.881241904121
4	286746	287010	264	286878	113.738821577473	183.873138110349	297.611959687822	1.205952	296.406007687822	115.738867676736	186.427396983717	302.166264660452	3.946752	298.219512660452	340.561773467126	328.231746550114	2696.65060866628
4	289631	289823	192	289727	26.3899082636347	32.1002398816392	58.4901481452739	0.877056	57.6130921452739	27.8628422134366	32.8907581023728	60.7536003158094	3.617856	57.1357443158094	66.1957461286829	62.8857749109515	524.153950902132
4	292578	292689	111	292633.5	17.7364088082604	17.1384950268858	34.8749038351462	0.507048	34.3678558351462	23.4191397900951	21.507195721505	44.9263355116001	3.247848	41.6784875116001	39.4876541969659	45.8729297337282	312.672810107181
4	294846	295021	175	294933.5	6.11554095771512	24.8825735209255	30.9981144786406	0.7994	30.1987144786406	8.51419624456071	29.0820703155471	37.5962665601078	3.5402	34.0560665601078	34.6974335624972	37.4834031077588	274.742682899781
4	296329	296623	294	296476	19.4925492857178	34.0191841115767	53.5117333972945	1.342992	52.1687413972945	24.4623638354704	38.3805846379336	62.842948473404	4.083792	58.759156473404	59.9403474592276	64.672564122376	474.622189137727
4	301031	301113	82	301072	28.8194642627139	11.3371613113648	40.1566255740787	0.374576	39.7820495740787	47.0654848170664	24.3355609127772	71.4010457298435	3.115376	68.2856697298435	45.7084033511715	75.1578072132739	361.930208617493
4	302710	303077	367	302893.5	339.314320889715	380.813077398704	720.12739828842	1.676456	718.45094228842	352.065714797869	387.817438842932	739.883153640801	4.417256	735.465897640801	825.478973801938	809.481760455913	6536.34245112681
4	304851	305069	218	304960	69.8277094658586	43.6423059158735	113.470015381732	0.995824	112.474191381732	70.9898362518351	45.8111559059138	116.800992157749	3.736624	113.064368157749	129.22953345327	124.442947082599	1023.27074614573
4	307930	308306	376	308118	33.0091608314491	21.1857883133535	54.1949491448026	1.717568	52.4773811448026	37.4893640961022	27.6592375205317	65.1486016166339	4.458368	60.6902336166339	60.294965439456	66.797981127423	477.430140196037
4	310216	310442	226	310329	52.8743187054596	77.3220822044054	130.196400909865	1.032368	129.164032909865	54.8709647263534	78.7478150662647	133.618779792618	3.773168	129.845611792618	148.405669841479	142.91302255961	1175.11203865686
4	312538	312937	399	312737.5	63.2776584930787	173.484698666169	236.762357159248	1.822632	234.939725159248	67.331651933979	180.991671695141	248.32332362912	4.563432	243.75989162912	269.938825067209	268.291414785424	2137.44099788232
4	313951	314380	429	314165.5	90.1652782285149	117.685212538233	207.850490766748	1.959672	205.890818766748	98.6016726798143	123.956157077861	222.557829757675	4.700472	217.857357757675	236.562487133028	239.782100096891	1873.1590701458
4	314741	315245	504	314993	409.853746759997	331.879349520317	741.733096280313	2.302272	739.430824280313	417.891732028323	338.319197953027	756.21092998135	5.043072	751.16785798135	849.584240338288	826.763935659208	6727.21379001942
4	316470	316670	200	316570	24.325060670756	23.3248376165148	47.6498982872709	0.9136	46.7362982872709	33.1497640722273	36.0697313748456	69.2194954470729	3.6544	65.5650954470729	53.6986303150952	72.1634396063834	425.198761004586
4	320313	320406	93	320359.5	5.46352592935553	5.45322569194433	10.9167516212999	0.424824	10.4919276212999	8.63579904739587	7.88588176247737	16.5216808098732	3.165624	13.3560568098732	12.0549158421981	14.7001844869844	95.453743420273
4	321812	322093	281	321952.5	18.3311225158761	31.0352153337819	49.366337849658	1.283608	48.082729849658	34.0569849828528	46.5306724901235	80.5876574729763	4.024408	76.5632494729763	55.2456405269179	84.2684265421634	437.448362558084
4	323681	323903	222	323792	37.9556748441453	38.5713890358032	76.5270638799485	1.014096	75.5129678799485	38.9015966467915	40.6186362230084	79.5202328697999	3.754896	75.7653368697999	86.7621761838467	83.3902135607307	687.003925406694
4	326222	326392	170	326307	32.0697391786255	28.339153191976	60.4088923706015	0.77656	59.6323323706015	34.1914880830282	30.6465063743902	64.8379944574184	3.51736	61.3206344574184	68.515793679534	67.4918242872867	542.524649340902
4	330876	330985	109	330930.5	11.9475753808598	3.18657344765007	15.1341488285098	0.497912	14.6362368285098	18.0866168802412	29.0413693774271	47.1279862576683	3.238712	43.8892742576683	16.8166050684504	48.3062057740456	133.157952026917
4	334400	334773	373	334586.5	73.3370903539297	92.2897271951516	165.626817549081	1.703864	163.922953549081	78.2396033524421	98.2795652555281	176.51916860797	4.444664	172.07450460797	188.342645981187	189.391749320331	1491.34268873548
4	337315	337448	133	337381.5	6.70325450398342	10.9951534283909	17.6984079323744	0.607544	17.0908639323744	8.88570480749873	13.3332073184289	22.2189121259276	3.348344	18.8705681259276	19.6368993202897	20.769665536334	155.489725007229
4	340306	340437	131	340371.5	9.45731798266797	13.029000306731	22.486318289399	0.598408	21.887910289399	13.9744220978525	18.2795213265151	32.2539434243676	3.339208	28.9147354243676	25.1485643081092	31.8246583689532	199.132423343138
4	341277	341452	175	341364.5	22.2566129948987	23.6625454003753	45.919158395274	0.7994	45.119758395274	26.966821560967	29.0313691469308	55.9981907078977	3.5402	52.4579907078977	51.8412735874318	57.737261244094	410.491760570648
4	345035	345558	523	345296.5	77.9065956769148	81.5726801768631	159.479275853778	2.389064	157.090211853778	79.9167420089787	83.6166272880045	163.533369296983	5.129864	158.403505296983	180.492027002351	174.34492712919	1429.17958618829
4	351219	351410	191	351314.5	28.2986522584659	28.7610629166154	57.0597151750814	0.872488	56.1872271750814	30.0012915027681	31.0820164125047	61.0833079152728	3.613288	57.4700199152728	64.5574692706616	63.253691359014	511.181677938638
4	352638	352742	104	352690	13.1468030219776	8.41689400183158	21.5636970238092	0.475072	21.0886250238092	18.98503758803	12.0994788820988	31.0845164701287	3.215872	27.8686444701287	24.2302090774618	30.6732908481061	191.860664195055
4	356934	357365	431	357149.5	28.1957498866589	61.0540072399186	89.2497571265775	1.968808	87.2809491265775	32.5948512819869	63.0845540421949	95.6794053241818	4.709608	90.9697973241818	100.283240060868	100.124821453327	794.066984077617
4	361381	361507	126	361444	8.82900350058463	11.7080698604731	20.5370733610577	0.575568	19.9615053610577	10.7040467186433	15.4718566123703	26.1759033310136	3.316368	22.8595353310136	22.9351817794302	25.1600746714575	181.606324384913
4	362431	362584	153	362507.5	10.9376521030371	16.0060689254834	26.9437210285205	0.698904	26.2448170285205	14.1135253040562	19.1853422048711	33.2988675089273	3.439704	29.8591635089273	30.1545218373805	32.8641318659104	238.770807536513
4	363642	363837	195	363739.5	34.6077976785897	20.2438666029058	54.8516642814955	0.89076	53.9609042814955	36.6044436994835	22.8927276567692	59.4971713562526	3.63156	55.8656113562526	61.9994898327124	61.4878182315009	490.926977189121
4	366097	366579	482	366338	81.1360701133941	102.048552127283	183.184622240677	2.201776	180.982846240678	90.8432938561649	115.381359436492	206.224653292657	4.942576	201.282077292657	207.943960257948	221.538715524047	1646.5506427491
4	369169	369474	305	369321.5	34.6684990777023	10.2180355165225	44.8865345942248	1.39324	43.4932945942248	48.3773150535727	27.6124364418089	75.9897514953816	4.13404	71.8557114953816	49.9725145805334	79.0871310643715	395.694474128018
4	372062	372167	105	372114.5	13.3538077932513	7.27806775291148	20.6318755461628	0.47964	20.1522355461628	16.3874777166127	9.35241556476165	25.7398932813744	3.22044	22.5194532813744	23.1543251449773	24.7857674233247	183.341554631313
4	375351	375484	133	375417.5	10.8832508491372	14.1002249974961	24.9834758466333	0.607544	24.3759318466333	12.7920948462734	17.7386088589695	30.5307037052429	3.348344	27.1823597052429	28.00722780338	29.9179397143067	221.76801328623
4	378499	378642	143	378570.5	6.99366119759635	6.79855670061329	13.7922178982096	0.653224	13.1389938982096	12.7204931959198	13.18110381258	25.9015970084997	3.394024	22.5075730084997	15.0963170363968	24.7726915428085	119.536294723777
4	381528	381708	180	381618	17.509503578299	13.3368074014075	30.8463109797066	0.82224	30.0240709797066	19.6311524803967	16.0800706311561	35.7112231115528	3.56304	32.1481831115528	34.4967733255964	35.383513965876	273.15380654274
4	385790	386258	468	386024	100.48391606383	118.359228073684	218.843144137515	2.137824	216.705320137515	105.36602859213	121.088990992263	226.455019584393	4.878624	221.576395584393	248.988030713339	243.875414684054	1971.54753376498
4	386517	387610	1093	387063.5	186.55439991102	204.669717452786	391.224117363806	4.992824	386.231293363806	194.832590715868	215.921276791102	410.75386750697	7.733624	403.02024350697	443.768381290755	443.579419875054	3513.86552674878
4	407456	407795	339	407625.5	13.829318753351	21.35819228711	35.1875110404609	1.548552	33.6389590404609	15.9643679643137	24.1621569159711	40.1265248802848	4.289352	35.8371728802848	38.6501732463977	39.4437565167216	306.041433097059
4	411476	411579	103	411527.5	22.7651247156362	5.67383077669299	28.4389554923292	0.470504	27.9684514923292	29.3841772788407	16.036769633107	45.4209469119477	3.211304	42.2096429119477	32.1349270740449	46.4575395843389	254.452135867898
4	413246	413737	491	413491.5	24.1827573907935	22.4831182156402	46.6658756064337	2.242888	44.4229876064337	29.2001730377085	26.459609870194	55.6597829079025	4.983688	50.6760949079025	51.0407044714459	55.7760389035938	404.152660407044
4	417010	417157	147	417083.5	12.4111860666688	8.07228605892865	20.4834721255975	0.671496	19.8119761255975	15.8811660465844	14.5593355795818	30.4405016261662	3.412296	27.0282056261662	22.7633770916279	29.7482718674183	180.245933254643
4	421754	421939	185	421846.5	17.5874053738653	27.8260413652102	45.4134467390755	0.84508	44.5683667390755	19.9556599600021	30.6168056898162	50.5724656498183	3.58588	46.9865856498183	51.2077408133333	51.7152245829942	405.475294619434
4	423626	423705	79	423665.5	7.23066666035896	8.30559143640762	15.5362580967666	0.360872	15.1753860967666	17.2217969469201	15.7084620659131	32.9302590128332	3.101672	29.8285870128332	17.4360716993509	32.8304782104979	138.063038849373
4	432071	432236	165	432153.5	9.91072843337079	12.9756990781857	22.8864275115565	0.75372	22.1327075115565	10.5931441624392	14.621037001744	25.2141811641832	3.49452	21.7196611641832	25.4298291069171	23.9054857772288	201.359546144326
4	442432	442822	390	442627	16.3741774100526	21.0004840422569	37.3746614523095	1.78152	35.5931414523095	20.4284708578678	26.4806103542363	46.909081212104	4.52232	42.386761212104	40.8954712855601	46.6524827270182	323.820246797443
4	444251	444406	155	444328.5	5.07491697226881	5.8994359766898	10.9743529489586	0.70804	10.2663129489586	8.88610481671858	9.55172015855316	18.4378249752717	3.44884	14.9889849752717	11.7956912281894	16.4974473787989	93.4011401406059
4	452744	452940	196	452842	11.5758668133118	19.2873445559335	30.8632113692453	0.895328	29.9678833692453	13.7145161072533	21.6084980564327	35.323014163686	3.636128	31.686886163686	34.4322154159412	34.8757929870379	272.642621377731
4	453930	454020	90	453975	8.94050607061852	6.25764423306773	15.1981503036862	0.41112	14.7870303036862	11.5892671221769	8.88600481441362	20.4752719365905	3.15192	17.3233519365905	16.9898623304538	19.0667405077664	134.529844991534
4	461496	461583	87	461539.5	7.82578037719454	3.43327913399411	11.2590595111886	0.397416	10.8616435111886	12.3228840313864	7.53157359599301	19.8544576273794	3.138216	16.7162416273794	12.4797085112863	18.3985317934432	98.8173546617571
4	465325	465820	495	465572.5	66.6655365806196	27.63663699961	94.3021735802296	2.26116	92.0410135802296	84.0567374321472	34.0764854323206	118.133222864468	5.00196	113.131262864468	105.752413930856	124.516573942979	837.373227450899
4	471539	471761	222	471650	18.4999264066538	18.8816352046981	37.3815616113519	1.014096	36.3674656113519	19.7566553731255	20.9121820069744	40.6688373800999	3.754896	36.9139413800999	41.7851469399067	40.6288889118874	330.864914113991
4	477597	477767	170	477682	11.4916648725329	12.6537916585094	24.1454565310423	0.77656	23.3688965310423	13.2282048982176	14.2484284134514	27.476633311669	3.51736	23.959273311669	26.8501738836669	26.370488151507	212.606180103696
4	482366	482582	216	482474	25.2779826347497	48.6412211363704	73.9192037711201	0.986688	72.9325157711201	29.3356761609336	52.979021118756	82.3146972796895	3.727488	78.5872092796895	83.7973127069392	86.4960737419665	663.527418286652
4	485416	485652	236	485534	38.0576771952077	51.9161966216078	89.9738738168155	1.078048	88.8958258168155	43.0175915167689	57.481024885891	100.49861640266	3.818848	96.6797684026599	102.138685818693	106.409432956846	808.758852989525
4	489256	489334	78	489295	10.5151423645679	8.78530249331575	19.3004448578837	0.356304	18.9441408578837	14.3567309097265	13.2621056796001	27.6188365893266	3.097104	24.5217325893266	21.7662599273861	26.9895522409821	172.350518039688
4	504904	505076	172	504990	27.3597306171671	28.6775609919712	56.0372916091383	0.785696	55.2515956091383	30.4071008563085	31.9479363711804	62.3550372274889	3.526496	58.8285412274889	63.4824561564032	64.7489316236641	502.669463724529
4	507355	507670	315	507512.5	73.3799913427589	48.6471212723632	122.027112615122	1.43892	120.588192615122	86.7735000510805	60.3142901901064	147.087790241187	4.17972	142.908070241187	138.552281907371	157.290061515118	1097.09052643772
4	512113	512503	390	512308	161.302017866341	173.913608552156	335.215626418497	1.78152	333.434106418497	164.80209854005	177.98480238951	342.78690092956	4.52232	338.26458092956	383.105968405024	372.306872893887	3033.52584867489
4	521448	521608	160	521528	25.8665962017627	22.3393149011032	48.2059111028659	0.73088	47.4750311028659	34.9183048355002	30.8639113853801	65.7822162208803	3.47168	62.3105362208803	54.5474125640109	68.5813478460757	431.919624432274
4	538832	539067	235	538949.5	53.5989354072224	57.4137233346508	111.012658741873	1.07348	109.939178741873	91.2917041916196	93.5962573094949	184.887961501114	3.81428	181.073681501114	126.316878587984	199.296585938159	1000.20763945779
4	543720	543806	86	543763	26.6411140537021	11.871073617563	38.5121876712651	0.392848	38.1193396712651	44.1040165578883	19.9868606791506	64.0908772370389	3.133648	60.9572292370389	43.7979986408191	67.0918466697041	346.803161408044
4	546000	546502	502	546251	110.50584706032	131.054320684144	241.560167744464	2.293136	239.267031744464	117.989619554541	138.541893265953	256.531512820494	5.033936	251.497576820494	274.910772891388	276.807805621027	2176.8100849934
4	548520	548675	155	548597.5	34.1361868083835	45.3967463541466	79.5329331625302	0.70804	78.8248931625302	37.8730729402457	49.927650787416	87.8007237276618	3.44884	84.3518837276618	90.5674807949954	92.8408938560853	717.135248988156
4	550698	551960	1262	551329	1329.95875435233	443.317918079028	1773.27667243136	5.764816	1767.51185643136	1332.32700893847	444.449644164296	1776.77665310276	8.505616	1768.27103710276	2030.81906856765	1946.2264078711	16080.5172629648
4	553030	553164	134	553097	18.4499252541723	10.2177355096076	28.6676607637799	0.612112	28.0555487637799	22.0277077188381	11.0251541198799	33.052861838718	3.352912	29.699949838718	32.2349992738656	32.688895240442	255.244531784238
4	556633	556903	270	556768	74.863025525362	92.9544425162415	167.817468041604	1.23336	166.584108041604	82.6071040194017	105.030520858979	187.637624878381	3.97416	183.663464878381	191.400234120217	202.147000096251	1515.55341218874
4	560798	560977	179	560887.5	33.6953766481061	68.5923809926491	102.287757640755	0.817672	101.470085640755	36.6989458776736	73.9575046539209	110.656450531595	3.558472	107.097978531595	116.586140035571	117.876111565632	923.157294749408
4	562540	563146	606	562843	313.98503707252	358.096653805585	672.081690878105	2.768208	669.313482878105	340.888357169835	372.609288308749	713.497645478584	5.509008	707.988637478584	769.021480072356	779.239242074076	6089.29834139103
4	565676	565862	186	565769	29.0217689256543	41.5993588277818	70.6211277534361	0.849648	69.7714797534361	33.0183610435057	46.2653663750564	79.2837274185621	3.590448	75.6932794185621	80.1653754173626	83.3109043872271	634.76885914813
4	568837	568952	115	568894.5	8.44729470254038	21.1555876172547	29.602882319795	0.52532	29.077562319795	19.6650532617792	29.7510857357504	49.4161389975296	3.26612	46.1500189975296	33.4092627507062	50.7944674838471	264.54263440838
4	569884	570069	185	569976.5	80.2724502077325	59.2950666979222	139.567516905655	0.84508	138.722436905655	100.428214779966	70.5397258771961	170.967940657162	3.58588	167.382060657162	159.387994530896	184.227066902933	1262.07274554062
4	570340	570499	159	570419.5	84.1517396218622	64.3606834558294	148.512423077692	0.726312	147.786111077692	98.8566785574703	76.3186590764053	175.175337633876	3.467112	171.708225633876	169.801889222964	188.988608740028	1344.53248602779
4	573881	574029	148	573955	35.1554103005678	33.050261778789	68.2056720793567	0.676064	67.5296080793567	44.4409243233091	42.05166925313	86.4925935764391	3.416864	83.0757295764391	77.5895308885489	91.4363100239069	614.372698282102
4	575914	576323	409	576118.5	80.1140465566709	90.3887833801075	170.502829936778	1.868312	168.634517936778	85.6854749730817	94.8383859394419	180.523860912524	4.609112	175.914748912524	193.756094703754	193.618468370395	1534.20768689447
4	579179	579355	176	579267	20.0067611378383	29.6069824142985	49.6137435521368	0.803968	48.8097755521368	22.7939253794656	34.3336913606857	57.1276167401513	3.544768	53.5828487401513	56.0809946270568	58.975322809059	444.062898651369
4	587761	588030	269	587895.5	67.4927556472746	73.1479859952444	140.640741642519	1.228792	139.411949642519	71.4931478527146	75.2696348973421	146.762782750057	3.969592	142.793190750057	160.180224358916	157.163620774604	1268.34581320228
4	589469	589711	242	589590	134.37339718587	204.549614684525	338.923011870395	1.105456	337.817555870395	136.930956135302	206.873968258783	343.804924394085	3.846256	339.958668394085	388.142422729574	374.171450038182	3073.40571387981
4	591547	592400	853	591973.5	361.703536940995	237.540275089556	599.243812030551	3.896504	595.347308030551	364.230595187414	238.672001174824	602.902596362237	6.637304	596.265292362237	684.036523528584	656.272275993245	5416.366871549
4	593011	593090	79	593050.5	15.3341534384361	10.6507454900979	25.984898928534	0.360872	25.624026928534	35.6987228234324	21.868104040117	57.5668268635494	3.101672	54.4651548635494	29.4412522952027	59.9464225110578	233.122966542866
4	593301	593773	472	593537	395.379913151158	289.709777549635	685.089690700794	2.156096	682.933594700794	418.4413446964	304.174810955637	722.616155652037	4.896896	717.719259652037	784.670587434716	789.94913520789	6213.21176380532
4	598278	598389	111	598333.5	22.0345078755756	17.8882123071944	39.92272018277	0.507048	39.41567218277	26.9743217338392	20.7835790427918	47.757900776631	3.247848	44.510052776631	45.2874465186306	48.9894582402648	358.596970458856
4	599633	600555	922	600094	330.018606631868	194.32427899974	524.342885631608	4.211696	520.131189631608	339.702129828363	209.181021434282	548.883151262645	6.952496	541.930655262645	597.615418655985	596.469506301002	4732.06363139454
4	602890	603046	156	602968	29.0928705644831	32.407346960181	61.5002175246641	0.712608	60.7876095246641	38.9384974973229	44.0411151080665	82.9796126053893	3.453408	79.5262046053894	69.8431731058242	87.5295677377393	553.035161138498
4	610160	610388	228	610274	78.0869998350683	77.727091539506	155.814091374574	1.041504	154.772587374574	83.5367254463389	82.1260929325291	165.662818378868	3.782304	161.880514378868	177.829144731423	178.171855667622	1408.09423939908
4	611881	611987	106	611934	22.261113098622	3.18937351218904	25.4504866108111	0.484208	24.9662786108111	36.1889341223617	6.78085629263481	42.9697904149965	3.225008	39.7447824149965	28.6855188492914	43.7446203031722	227.138886074413
4	614074	614191	117	614132.5	11.1131561482474	26.5487119239162	37.6618680721636	0.534456	37.1274120721636	13.0524008460924	32.4172471883724	45.4696480344648	3.275256	42.1943920344648	42.6583030424195	46.440753888098	337.778775617972
4	616197	616651	454	616424	230.187805621752	199.953008736895	430.140814358647	2.073872	428.066942358647	242.753495249589	213.833028658862	456.586523908451	4.814672	451.771851908451	491.836309896429	497.237295679327	3894.47902782432
4	617220	617671	451	617445.5	148.321218670602	169.194999792471	317.516218463073	2.060168	315.456050463073	157.315125972071	175.996356557623	333.311482529694	4.800968	328.510514529694	362.449711578681	361.571176152141	2869.96460403949
4	619925	620144	219	620034.5	27.0381232044057	35.7968250846013	62.834948289007	1.000392	61.834556289007	40.9085429050965	45.6460521004197	86.5545950055162	3.741192	82.8134030055162	71.0460841047328	91.1475834152005	562.560101780997
4	621304	622022	718	621663	312.260697328041	354.55797224216	666.8186695702	3.279824	663.5388455702	317.990829402428	361.450331104829	679.441160507256	6.020624	673.420536507256	762.386591872719	741.192274404129	6036.76168961173
4	623172	623385	213	623278.5	24.8964738413154	4.53750458539696	29.4339784267123	0.972984	28.4609944267123	29.4711792841586	6.132141340339	35.6033206244976	3.713784	31.8895366244976	32.7008443999139	35.0988377975468	258.933206323114
4	626056	626364	308	626210	197.156344276296	124.850477691146	322.006821967442	1.406944	320.599877967442	200.811928534223	127.651242246248	328.463170780471	4.147744	324.315426780471	368.35981789185	356.953902900722	2916.76225729469
4	628638	629133	495	628885.5	1268.0823281564	682.028020132043	1950.11034828844	2.26116	1947.84918828844	1277.88765416034	692.178154083495	1970.06580824383	5.00196	1965.06384824383	2238.0213518097	2162.82406619698	17721.1951274628
4	629584	629804	220	629694	156.488106910026	195.794512887308	352.282619797334	1.00496	351.277659797334	190.362187677101	218.639439442305	409.001627119406	3.74576	405.255867119406	403.607685732064	446.040032315844	3195.86341212431
4	630692	631140	448	630916	562.770871362094	306.084854980433	868.855726342527	2.046464	866.809262342527	568.561504830984	309.598535967617	878.160040798601	4.787264	873.372776798601	995.938314286845	961.267320707896	7886.08079548578
4	636213	636993	780	636603	245.602460915683	110.738452421664	356.340913337348	3.56304	352.777873337348	253.806650014858	112.850001090961	366.656651105819	6.30384	360.352811105819	405.331386907191	396.618019754385	3209.512095521
4	643928	644171	243	644049.5	79.1288238481742	117.809915412522	196.938739260696	1.110024	195.828715260696	81.0985692490329	119.391051856294	200.489621105327	3.850824	196.638797105327	225.001426540626	216.428144616018	1781.61579220848
4	645038	645133	95	645085.5	29.9791909933713	86.8235012035621	116.802692196933	0.43396	116.368732196933	45.8635571137145	118.855339508607	164.718896622321	3.17476	161.544136622321	133.70424615296	177.80162550546	1058.70260510741
4	651400	651515	115	651457.5	0.324307474995424	253.065832939691	253.390140414687	0.52532	252.864820414687	6.33834609317297	260.522304804657	266.86065089783	3.26612	263.59453089783	290.534231608999	290.122173716255	2300.52041522629
4	652347	652635	288	652491	139.681419531008	171.65075639545	311.332175926458	1.315584	310.016591926458	144.928440470118	175.397742760114	320.326183230232	4.056384	316.269799230232	356.199933916005	348.098578983961	2820.47735076821
4	654758	654983	225	654870.5	143.656411150987	104.421906830973	248.07831798196	1.0278	247.05051798196	150.754674759575	108.604503236056	259.359177995631	3.7686	255.590577995631	283.853769349107	281.31271850336	2247.62289699955
4	657539	657779	240	657659	102.539463442347	118.714636265523	221.254099707871	1.09632	220.157779707871	106.161246921197	122.941133682485	229.102380603682	3.83712	225.265260603682	252.954805082306	247.935519930914	2002.95741399792
4	664950	665160	210	665055	66.2053259731793	71.8352557379934	138.040581711173	0.95928	137.081301711173	67.7694620251075	75.7374456799596	143.506907705067	3.70008	139.806827705067	157.502378525027	153.876715939488	1247.14198129726
4	666855	666985	130	666920	43.6368057891006	33.776978528956	77.4137843180566	0.59384	76.8199443180566	53.0972238432224	44.9607363045074	98.0579601477298	3.33464	94.7233201477298	88.2638536198541	104.256091540579	698.894571061382
4	668449	668567	118	668508	25.2275814730483	17.4764028153562	42.7039842884045	0.539024	42.1649602884045	32.3838464185147	25.247381929431	57.6312283479456	3.279824	54.3514043479456	48.446297583529	59.8212243639799	383.609518285709
4	668842	668937	95	668889.5	4.29449898433656	9.5288196307166	13.8233186150532	0.43396	13.3893586150532	10.859350298251	17.2250970229839	28.0844473212349	3.17476	24.9096873212349	15.3839787226324	27.4165499853639	121.814069628986
4	671044	671228	184	671136	58.8830572014741	56.4400008912249	115.323058092699	0.840512	114.482546092699	63.9811747084943	61.0246065622595	125.005781270754	3.581312	121.424469270754	131.537073868707	133.644392572121	1041.54241005698
4	674261	674369	108	674315	6.53805069618434	11.8130722806844	18.3511229768687	0.493344	17.8577789768687	10.4132400158105	22.2166120729135	32.629852088724	3.234144	29.395708088724	20.5180621202242	32.3540351902624	162.466985480671
4	674596	674994	398	674795	42.1999726713903	59.4288697819628	101.628842453353	1.818064	99.8107784533531	52.2986054357868	78.5263099607713	130.824915396558	4.558864	126.266051396558	114.679644945014	138.973222141459	908.061204856437
4	675626	676073	447	675849.5	224.629277502681	129.13867653027	353.767954032951	2.041896	351.726058032951	227.713748596964	132.18944684778	359.903195444744	4.782696	355.120499444744	404.122882099143	390.859138386469	3199.94286174287
4	679718	680463	745	680090.5	136.983157338493	224.064564486555	361.047721825047	3.40316	357.644561825047	148.322118691347	235.3187238848	383.640842576147	6.14396	377.496882576147	410.923068652146	415.487437357158	3253.7883859205
4	681737	682087	350	681912	127.341335103168	117.456607269087	244.797942372255	1.5988	243.199142372255	132.629156982703	125.457991693797	258.0871486765	4.3396	253.7475486765	279.428652199286	279.284210284818	2212.58374761411
4	687897	688082	185	687989.5	46.36396864775	21.5404964890577	67.9044651368078	0.84508	67.0593851368078	50.3133596776588	24.2533590180975	74.5667186957563	3.58588	70.9808386957563	77.0492585759578	78.1242127614462	610.094691253415
4	690476	690948	472	690712	340.098138956016	298.655283735502	638.753422691518	2.156096	636.597326691518	344.682844629356	300.547327345404	645.23017197476	4.896896	640.33327597476	731.431580127864	704.77517608533	5791.65240910379
4	693291	693420	129	693355.5	31.7495317981335	31.8911350619613	63.6406668600949	0.589272	63.0513948600949	48.455116846834	46.7140767174259	95.1691935642599	3.330072	91.8391215642599	72.4441957861579	101.081632800424	573.630688706579
4	694220	694392	172	694306	69.6325049665706	54.4432548680261	124.075759834597	0.785696	123.290063834597	71.8014549589159	55.8046862477941	127.60614120671	3.526496	124.07964520671	141.656652366532	136.566780269297	1121.67168363278
4	699447	700140	693	699793.5	1243.70566629628	1099.04003188361	2342.74569817989	3.165624	2339.58007417988	1248.77028303114	1106.67610788828	2355.44639091942	5.906424	2349.53996691942	2688.10860294783	2585.99311645086	21285.0949961359
4	703097	703219	122	703158	46.6172744862216	39.6158131088381	86.2330875950598	0.557296	85.6757915950598	80.1835481586203	73.5058942447074	153.689442403328	3.298096	150.391346403328	98.4389613301765	165.526440089759	779.463538391282
4	704092	704437	345	704264.5	465.526829974459	257.947245451857	723.474075426316	1.57596	721.898115426316	472.159382848834	265.319615378348	737.478998227182	4.31676	733.162238227182	829.439674215698	806.946265222743	6567.70423631126
4	709275	709555	280	709415	170.278224759831	153.46623725865	323.744462018481	1.27904	322.465422018481	173.886407925206	156.4090050868	330.295413012006	4.01984	326.275573012006	370.503273064905	359.111314450793	2933.7346545142
4	715425	715651	226	715538	84.4485464629927	181.439782023681	265.888328486674	1.032368	264.855960486674	85.9045800232559	182.943216676496	268.847796699752	3.773168	265.074628699752	304.311698404171	291.751225692955	2409.61373430565
4	716636	716863	227	716749.5	37.6893687060284	109.914233424158	147.603602130187	1.036936	146.566666130187	39.2704051474955	113.647419470737	152.917824618232	3.777736	149.140088618232	168.400782891795	164.149258145753	1333.43818674021
4	720436	720648	212	720542	26.0754010145257	40.8290410726508	66.9044420871765	0.968416	65.9360260871765	31.5453270913988	50.4345624712741	81.979889562673	3.709216	78.270673562673	75.7585521116485	86.1476824837455	599.874564851222
4	721597	722201	604	721899	87.9335267886528	41.0924471439237	129.025973932576	2.759072	126.266901932576	103.831093213251	50.8943730694946	154.725466282746	5.499872	149.225594282746	145.076951671128	164.243368934657	1148.75444194607
4	722427	722833	406	722630	87.1474086693376	41.4180546488836	128.565463318221	1.854608	126.710855318221	104.440207252782	47.4319932647562	151.872200517538	4.595408	147.276792517538	145.587041036493	162.098443536021	1152.79345308811
4	727652	728154	502	727903	152.151806962215	143.734712955773	295.886519917988	2.293136	293.593383917988	155.266778759511	148.599925094534	303.866703854045	5.033936	298.832767854045	337.330151589343	328.906718558076	2671.06184391742
4	730330	730531	201	730430.5	86.574095454984	46.0180606748826	132.592156129867	0.918168	131.673988129867	88.4964397632902	48.9776288902663	137.474068653557	3.658968	133.815100653557	151.289534469308	147.281993087774	1197.94717727143
4	731507	731651	144	731579	40.3932310276215	14.3067297572449	54.6999607848664	0.657792	54.0421687848664	42.4709789178404	16.4148783481726	58.885857266013	3.398592	55.487265266013	62.0928603537886	61.0713961238666	491.666307589971
4	741763	742145	382	741954	12.7347935255295	73.3076896762705	86.0424832018	1.744976	84.2975072018	15.244951382409	76.0982539962666	91.3432053786756	4.485776	86.8574293786756	96.8553531537695	95.5985927663833	766.924145289933
4	744004	744236	232	744120	116.725590419807	125.488392394506	242.213982814313	1.059776	241.154206814313	119.157946483425	127.518839194477	246.676785677902	3.800576	242.876209677902	277.079081468006	267.31880079496	2193.97927748199
4	746256	746691	435	746473.5	185.330071691356	200.262515870756	385.592587562112	1.98708	383.605507562112	187.360418489023	202.029356594844	389.389775083867	4.72788	384.661895083867	440.751430735855	423.373522839902	3489.97658152935
4	750989	751554	565	751271.5	182.637509630224	200.112212406396	382.74972203662	2.58092	380.16880203662	187.174914213316	203.923100243931	391.098014457247	5.32172	385.776294457247	436.802757300468	424.60007320683	3458.71002887268
4	755187	755531	344	755359	199.665802117041	219.549660422079	419.21546253912	1.571392	417.64407053912	201.787451019138	223.77975792202	425.567208941158	4.312192	421.255016941158	479.860737136727	463.649305573861	3799.65354214868
4	765270	765606	336	765438	436.742666525397	343.584319309336	780.326985834733	1.534848	778.792137834733	439.377927265786	347.469508859459	786.847436125244	4.275648	782.571788125244	894.809230393844	861.32829648091	7085.31621507627
4	768112	768402	290	768257	63.5460646795998	197.596754427354	261.142819106953	1.32472	259.818099106953	65.1576018240806	203.637793667871	268.795395491952	4.06552	264.729875491952	298.523344047446	291.371777190355	2363.78014253072
4	769069	769469	400	769269	226.840928479246	393.933779819087	620.774708298332	1.8272	618.947508298333	229.354686419104	397.42366025769	626.778346676794	4.568	622.210346676794	711.152458593705	684.828390299892	5631.0774130566
4	769976	770303	327	770139.5	391.204516912033	117.700312886282	508.904829798315	1.493736	507.411093798315	410.961372289768	125.062982589193	536.024354878961	4.234536	531.789818878961	583.000403159334	585.308115793717	4616.33839883694
4	771618	771783	165	771700.5	30.4885027325485	32.0868395727742	62.5753423053227	0.75372	61.8216223053227	36.5090415005486	34.4076930663584	70.9167345669071	3.49452	67.4222145669071	71.0312233383946	74.2074555958698	562.442430633752
4	775827	775939	112	775883	30.2249966589707	8.99440731299365	39.2194039719643	0.511616	38.7077879719643	33.6472755394188	12.5248886874119	46.1721642268307	3.252416	42.9197482268307	44.4741084081046	47.2391085221299	352.156762303747
4	781259	781371	112	781315	21.5818974433125	27.5457349043985	49.127632347711	0.511616	48.616016347711	31.8230334922814	35.7556241349564	67.5786576272379	3.252416	64.3262416272379	55.858371007517	70.7999099386661	442.300110910914
4	784242	784820	578	784531	304.957328991973	300.103417113673	605.060746105646	2.640304	602.420442105646	310.531957482143	307.229281358431	617.761238840573	5.381104	612.380134840573	692.163346272076	674.008884992625	5480.71702240314
4	787361	787568	207	787464.5	14.1637264611477	101.649642932785	115.813369393933	0.945576	114.867793393933	16.6264832254746	109.390121343846	126.016604569321	3.686376	122.330228569321	131.97971167202	134.641305731393	1045.04732339347
4	789289	789437	148	789363	43.866011072076	68.397276495666	112.263287567742	0.676064	111.587223567742	50.1195552106403	78.0532990582957	128.172854268936	3.416864	124.755990268936	128.210433556824	137.311191388022	1015.20126633282
4	790095	790328	233	790211.5	108.276995687302	92.7671381990456	201.044133886347	1.064344	199.979789886347	114.581340996787	98.372067387619	212.953408384406	3.805144	209.148264384406	229.770889033421	230.196540442279	1819.38155142235
4	793950	794702	752	794326	295.246505166224	475.922569586901	771.169074753125	3.435136	767.733938753125	307.568589179171	493.641077982573	801.209667161744	6.175936	795.033731161744	882.103685320846	875.044385316906	6984.71063181975
4	802514	802647	133	802580.5	44.1811183350149	83.4588236507727	127.639941985788	0.607544	127.032397985788	46.9549822700821	107.608180271708	154.563162541791	3.348344	151.214818541791	145.956484091868	166.432784868582	1155.71879268217
4	803751	803903	152	803827	13.5325119122204	13.7455168217919	27.2780287340122	0.694336	26.5836927340122	16.0090689946323	15.5901593391417	31.599228333774	3.435136	28.164092333774	30.5438800428617	30.9984720122548	241.853840112691
4	806012	806575	563	806293.5	226.95303106311	555.342600147128	782.295631210238	2.571784	779.723847210238	232.142850683781	557.542050842487	789.684901526268	5.312584	784.372317526268	895.8797370268	863.310027671939	7093.79274587993
4	807839	808271	432	808055	210.84265973355	104.806615698166	315.649275431716	1.973376	313.675899431716	214.143635818078	106.370751750095	320.514387568172	4.714176	315.800211568172	360.404370470357	347.581732929519	2853.7690977484
4	811695	812123	428	811909	348.893141672914	454.284870857419	803.178012530333	1.955104	801.222908530333	353.940658013623	456.484121548169	810.424779561791	4.695904	805.728875561791	920.581525321056	886.81586832523	7289.38748853322
4	814207	814456	249	814331.5	151.856800162573	150.76807506844	302.624875231013	1.137432	301.487443231013	162.294040731575	156.282002159497	318.576042891072	3.878232	314.697810891072	346.40019325439	346.368388784414	2742.88063064639
4	816598	816804	206	816701	129.803691858275	57.9690361341111	187.772727992386	0.941008	186.831719992386	135.111614201108	60.5567957796419	195.66840998075	3.681808	191.98660198075	214.6641439452	211.307761588733	1699.76268485848
4	817578	817886	308	817732	188.715249716663	196.017718031986	384.732967748649	1.406944	383.326023748649	197.698956783026	202.166559757254	399.865516540279	4.147744	395.717772540279	440.430312065181	435.542042380385	3487.43388611785
4	819222	819332	110	819277	30.248497200637	31.9281359147977	62.1766331154347	0.50248	61.6741531154347	34.8164024867427	34.9924065434779	69.8088090302206	3.24328	66.5655290302206	70.861785582285	73.2645548867838	561.100781441912
4	820939	821252	313	821095.5	245.982169667628	316.128686481709	562.110856149338	1.429784	560.681072149338	251.898006022332	319.719969257545	571.617975279877	4.170584	567.447391279877	644.206039446189	624.554197186842	5100.97945137329
4	826343	826567	224	826455	54.8443641132332	85.8475787094269	140.69194282266	1.023232	139.66871082266	59.3650683113963	92.8479400614558	152.213008372852	3.764032	148.448976372852	160.475235393101	163.388593703176	1270.68178202461
4	827371	827606	235	827488.5	136.128737644888	92.2923272550806	228.421064899968	1.07348	227.347584899968	141.17975406627	99.1710858042744	240.350839870545	3.81428	236.536559870545	261.215679503187	260.341140915426	2068.36901850184
4	831431	832035	604	831733	325.819209839551	433.111982841406	758.931192680957	2.759072	756.172120680958	352.005413407976	452.557631046096	804.563044454072	5.499872	799.063172454072	868.81949685963	879.479341772985	6879.52321006399
4	832537	832768	231	832652.5	119.259548825267	331.524241335393	450.78379016066	1.055208	449.72858216066	135.089513691711	359.079576461068	494.169090152779	3.796008	490.373082152779	516.724896078358	539.723278937253	4091.55288139592
4	834959	837014	2055	835986.5	5836.33282221888	5881.05125293847	11717.3840751574	9.38724	11707.9968351574	5837.71465406887	5881.98377443225	11719.6984285011	12.12804	11707.5703885011	13452.1435548235	12885.7975864626	106517.330866796
4	838143	838388	245	838265.5	205.470135901711	60.6221972870878	266.092333188798	1.11916	264.973173188798	209.078319067085	62.31133622022	271.389655287305	3.85996	267.529695287305	304.446372346915	294.453365424659	2410.68011520323
4	842034	842332	298	842183	440.2204466851	499.466812260505	939.687258945605	1.361264	938.325994945605	442.575200960067	502.534582969859	945.109783929926	4.102064	941.007719929926	1078.10893382952	1035.7089134587	8536.72766330175
4	844924	845396	472	845160	386.371005503945	235.452426966536	621.823432470481	2.156096	619.667336470481	404.664327148545	260.195697276648	664.860024425193	4.896896	659.963128425193	711.979519964056	726.38053884931	5637.62628530687
4	847930	848518	588	848224	1340.30779288836	1481.35964400658	2821.66743689494	2.685984	2818.98145289494	1346.764341706	1486.90397179834	2833.66831350434	5.426784	2828.24152950434	3238.92666838237	3112.87027670702	25646.6058500892
4	851005	851206	201	851105.5	92.6831362628765	83.6040269975791	176.287163260456	0.918168	175.368995260456	97.6360504230903	88.7125447443156	186.348595167406	3.658968	182.689627167406	201.493810813548	201.075157245064	1595.47679717874
4	854064	854148	84	854106	10.4781415117316	32.8714576575149	43.3495991692464	0.383712	42.9658871692464	16.8871892345135	44.1462175305827	61.0334067650962	3.124512	57.9088947650962	49.3665389817543	63.7367337233091	390.896212565517
4	856065	856370	305	856217.5	224.807281605516	144.381127855055	369.188409460571	1.39324	367.795169460571	244.245329635029	167.485460389126	411.730790024155	4.13404	407.596750024155	422.585817882802	448.616497140162	3346.13685912519
4	857948	858169	221	858058.5	171.757358852541	230.477612301535	402.234971154076	1.009528	401.225443154076	191.337310152797	249.425149025204	440.762459178	3.750328	437.012131178	460.996217811479	480.9921852547	3650.27970901782
4	859141	859340	199	859240.5	124.773675920934	82.5106017951123	207.284277716047	0.909032	206.375245716047	136.32544217875	91.0043975694605	227.329839748211	3.649832	223.680007748211	237.119079431056	246.190730299837	1877.56630277199
4	861485	861827	342	861656	873.390630867995	246.374678714609	1119.7653095826	1.562256	1118.2030535826	883.604666292319	249.871259307644	1133.47592559996	4.303056	1129.17286959996	1284.78237669706	1242.81063918106	10173.2180416258
4	866731	866925	194	866828	8.43789448587384	22.5226191261006	30.9605136119745	0.886192	30.0743216119745	15.4560562481862	31.9099354952944	47.3659917434806	3.626992	43.7389997434806	34.5545098221556	48.1408079239392	273.610978106664
4	867604	868044	440	867824	227.948654011322	118.489831083966	346.438485095289	2.00992	344.428565095289	231.962746532542	122.270418223097	354.23316475564	4.75072	349.48244475564	395.738277630088	384.653680798398	3133.55153274926
4	870719	871014	295	870866.5	234.271399744921	105.139123362169	339.41052310709	1.34756	338.06296310709	239.728025515234	107.787684409117	347.515709924352	4.08836	343.427349924352	388.42438841712	377.989212956338	3075.63838648779
4	884374	884622	248	884498	146.963387373813	53.2694278123689	200.232815186182	1.132864	199.099951186182	160.961910027161	61.1553095748463	222.117219602008	3.873664	218.243555602008	228.759980278801	240.207164143936	1811.37693105436
4	889047	889523	476	889285	237.789980845049	167.050850371756	404.840831216805	2.174368	402.666463216805	240.533144072492	169.016995689636	409.550139762129	4.915168	404.634971762129	462.651907424496	445.356651252929	3663.38986039286
4	892469	892686	217	892577.5	73.4056919351344	18.9318363617896	92.337528296924	0.991256	91.346272296924	79.4870321045521	20.6548760763043	100.141908180856	3.732056	96.4098521808564	104.954176656959	106.112352889501	831.052591377744
4	893800	894744	944	894272	715.09518230037	300.107217201262	1015.20239950163	4.312192	1010.89020750163	732.607885952428	308.02999981427	1040.6378857667	7.052992	1033.5848937667	1161.4830769891	1137.60287468221	9196.90432261795
4	905113	905233	120	905173	16.877689015542	34.6078976808946	51.4855866964366	0.54816	50.9374266964366	23.5166420374341	42.0442690825627	65.5609111199969	3.28896	62.2719511199969	58.5256031310291	68.5388796154063	463.419900886453
4	907103	907267	164	907185	41.324952502963	53.9326430988843	95.2575956018473	0.749152	94.5084436018473	43.5852045997396	55.560980630599	99.1461852303385	3.489952	95.6562332303385	108.587418358138	105.282891188101	859.821479163276
4	909472	909968	496	909720	547.465018575963	135.519123593832	682.984142169795	2.265728	680.718414169795	549.708270280896	137.485368914017	687.193639194913	5.006528	682.187111194913	782.125410243229	750.841100181226	6193.05843434408
4	911427	911664	237	911545.5	97.4136452968524	152.674319005647	250.087964302499	1.082616	249.005348302499	102.586164518765	157.603732624194	260.18989714296	3.823416	256.36648114296	286.099811816274	282.166707039957	2265.40760526117
4	915001	915156	155	915078.5	61.4215157106581	61.1310090147402	122.552524725398	0.70804	121.844484725398	114.589241178879	108.449599665668	223.038840844548	3.44884	219.590000844548	139.995724543389	241.689113026658	1108.52005484123
4	916145	916419	274	916282	107.411075728626	131.196623964106	238.607699692732	1.251632	237.356067692732	109.688028210332	133.118868270107	242.806896480439	3.992432	238.814464480439	272.715131475189	262.84828943133	2159.42446446081
4	923924	924146	222	924035	289.939082834916	229.729195051191	519.668277886107	1.014096	518.654181886107	297.155849174885	241.163058591455	538.31890776634	3.754896	534.56401176634	595.918380255325	588.361498077687	4718.62607030399
4	924484	924685	201	924584.5	183.61163208287	216.817297443572	400.428929526442	0.918168	399.510761526442	189.527368435269	222.949238779301	412.47660721457	3.658968	408.81763921457	459.026099119911	449.960254252965	3634.67983204199
4	925904	926487	583	926195.5	202.108758424985	265.030608717005	467.13936714199	2.663144	464.47622314199	214.735649463459	276.386570461703	491.122219925162	5.403944	485.718275925162	533.669501237468	534.600022030578	4225.72436914315
4	926912	927619	707	927265.5	274.891636004809	349.156047732662	624.047683737471	3.229576	620.818107737471	277.344492540945	354.693675369995	632.038167910939	5.970376	626.067791910939	713.301722258801	689.074041347772	5648.09580332295
4	930356	931063	707	930709.5	1474.39698352352	1819.75154363531	3294.14852715884	3.229576	3290.91895115884	1478.36317494066	1823.22112360601	3301.58429854667	5.970376	3295.61392254667	3781.16895499509	3627.27812175054	29940.2116102199
4	933348	933444	96	933396	26.974921747669	25.230981551417	52.205903299086	0.438528	51.767375299086	33.7728784344525	29.3661768639473	63.1390552983998	3.179328	59.9597272983998	59.479189632901	65.993958068835	470.970629773344
4	935928	936463	535	936195.5	188.768550945209	171.372349978433	360.140900923641	2.44388	357.697020923641	195.802513071705	178.639817487018	374.442330558723	5.18468	369.257650558723	410.983342611474	406.419024994786	3254.26564972922
4	940863	941058	195	940960.5	45.6933531906673	99.988504645043	145.68185783571	0.89076	144.79109783571	48.6056203158035	104.326704636648	152.932324952452	3.63156	149.300764952452	166.360707213181	164.326104634903	1317.28437339689
4	943461	943649	188	943555	61.3199133688156	79.6542359584505	140.974149327266	0.858784	140.115365327266	65.9350197428639	82.5834034731254	148.518423215989	3.599584	144.918839215989	160.988428264602	159.503190383247	1274.74536747993
4	946309	946662	353	946485.5	236.101341923441	139.941925535437	376.043267458878	1.612504	374.430763458878	241.473565748366	148.493522642054	389.967088390419	4.353304	385.613784390419	430.20991996393	424.421208441775	3406.50634601239
4	950269	950532	263	950400.5	135.593325304115	102.84457047479	238.437895778905	1.201384	237.236511778905	137.282464237247	105.8006386095	243.083102846747	3.942184	239.140918846747	272.577765251208	263.207597532487	2158.3367654283
4	952499	952702	203	952600.5	94.6816823275647	38.7670935466161	133.448775874181	0.927304	132.521471874181	97.908156694895	40.1454253159229	138.053582010818	3.668104	134.385478010818	152.263268332531	147.909772117041	1205.65743784532
4	954098	954264	166	954181	23.7777480556928	18.4119243782863	42.1896724339791	0.758288	41.4313844339791	25.5918898700289	20.5503736676178	46.1422635376468	3.499088	42.6431755376468	47.6034405311211	46.9347020934256	376.935571999092
4	954880	956087	1207	955483.5	1136.32109117847	1326.03926401161	2462.36035519008	5.513576	2456.84677919008	1138.84814942489	1328.20811400165	2467.05626342654	8.254376	2458.80188742654	2822.84459341729	2706.25094491932	22351.9672026368
4	959728	960572	844	960150	544.545151275649	787.247445345097	1331.79259662075	3.855392	1327.93720462075	547.768125562306	789.683301489389	1337.45142705169	6.596192	1330.85523505169	1525.76073942107	1464.78992708886	12081.3430842558
4	964831	965023	192	964927	46.5549730502296	69.7891085761429	116.344081626372	0.877056	115.467025626372	53.1773256894978	74.1271085631384	127.304434252636	3.617856	123.686578252636	132.668211859281	136.134155818617	1050.49903463558
4	967901	967968	67	967934.5	12.0290772594047	14.9890454840083	27.0181227434131	0.306056	26.7120667434131	18.8910354213646	26.2980061453736	45.1890415667382	3.046856	42.1421855667382	30.6913779989581	46.3832934626207	243.021764654059
4	969790	970028	238	969909	50.1195552106403	216.981701232931	267.101256443571	1.087184	266.014072443571	53.3088287205244	222.664432214766	275.97326093529	3.827984	272.14527693529	305.642334935432	299.533450266015	2420.15003664929
4	976083	976410	327	976246.5	25.138779426241	54.8469641731622	79.9857435994032	1.493736	78.4920075994032	43.955713139628	117.305303781678	161.261016921306	4.234536	157.026480921306	90.1850050866774	172.829321688625	714.106713691503
4	979303	979498	195	979400.5	44.4851253421028	38.3488839072603	82.834009249363	0.89076	81.943249249363	47.7420004101419	39.7779168451834	87.5199172553253	3.63156	83.8883572553253	94.1503801009781	92.3307189777552	745.505513495253
4	992766	993099	333	992932.5	667.3626821092	678.139230498941	1345.50191260814	1.521144	1343.98076860814	682.205924232572	686.112914285176	1368.31883851775	4.261944	1364.05689451775	1544.19432194831	1501.33293722822	12227.3046554441
4	998379	998816	437	998597.5	287.51342692573	312.035192130349	599.548619056079	1.996216	597.552403056079	289.773779024812	315.954482466464	605.728261491275	4.737016	600.991245491275	686.570112771309	661.473839887638	5436.42844482527
4	1002244	1002469	225	1002356.5	218.512736521917	297.846965104485	516.359701626402	1.0278	515.331901626402	224.631377551086	308.165702942105	532.797080493191	3.7686	529.028480493191	592.101178080423	582.268881663491	4688.40053893106
4	1003565	1003943	378	1003754	184.911762049696	212.467197177676	397.378959227371	1.726704	395.652255227371	190.395088435434	219.609861809667	410.004950245101	4.467504	405.537446245101	454.592789018014	446.349949019129	3599.57580887762
4	1005159	1005730	571	1005444.5	587.196234344728	873.372530450796	1460.56876479552	2.608328	1457.96043679552	594.048492283107	878.437047183349	1472.48553946646	5.349128	1467.13641146646	1675.15360391392	1614.7861770239	13264.2719692673
4	1009948	1010091	143	1010019.5	41.3972541694513	25.366584676947	66.7638388463983	0.653224	66.1106148463983	48.0599077376197	31.2422201050556	79.3021278426753	3.394024	75.9081038426753	75.9591494542322	83.5473483251146	601.462943195826
4	1011392	1012253	861	1011822.5	299.944913460307	241.227960087376	541.172873547683	3.933048	537.239825547683	307.699492196367	244.275430328823	551.97492252519	6.673848	545.30107452519	617.272737462149	600.179118027217	4887.71504283666
4	1013727	1014180	453	1013953.5	229.425188044103	85.3806679475541	314.805855991657	2.069304	312.736551991657	231.793542632545	88.6037422365157	320.39728486906	4.810104	315.58718086906	359.325087926175	347.347263233641	2845.22307715406
4	1021768	1021957	189	1021862.5	51.9450972877422	30.2994983761682	82.2445956639104	0.863352	81.3812436639104	57.0399147186987	33.863880531969	90.9037952506676	3.604152	87.2996432506676	93.5046522347542	96.085310185568	740.392483850857
4	1022414	1022848	434	1022631	423.331357406792	372.076376025601	795.407733432393	1.982512	793.425221432393	427.561454906733	375.735260359592	803.296715266324	4.723312	798.573403266324	911.622212492913	878.940283163215	7218.44547955412
4	1030297	1030436	139	1030366.5	29.8126871556077	44.6437289977743	74.456416153382	0.634952	73.821464153382	35.0022067693642	55.479478752054	90.4816855214183	3.375752	87.1059335214183	84.8186882180007	95.8721058845213	671.61491696726
4	1031778	1032263	485	1032020.5	339.762831227475	250.327569825191	590.090401052666	2.21548	587.874921052666	352.967235577111	259.261275739072	612.228511316184	4.95628	607.272231316184	675.450970958065	668.386931955203	5348.38438681702
4	1035599	1035765	166	1035682	58.1661406771934	46.4473705700893	104.613511247283	0.758288	103.855223247283	82.5985038211749	69.4405005410414	152.039004362216	3.499088	148.539916362216	119.326592901484	163.488685716854	944.856864297841
4	1036998	1037150	152	1037074	90.1725783967772	47.5326955858541	137.705273982631	0.694336	137.010937982631	94.5681797114315	51.1746795303062	145.742859241738	3.435136	142.307723241738	157.421532673194	156.629296756946	1246.50182426104
4	1039547	1039757	210	1039652	56.7944090600142	56.2841973000923	113.078606360106	0.95928	112.119326360106	67.2445499263561	63.5990659012302	130.843615827586	3.70008	127.143535827586	128.821803994448	139.939014905311	1020.04224553596
4	1045138	1045380	242	1045259	71.8949571140564	153.0602279005	224.955185014556	1.105456	223.849729014556	75.2261338946832	163.378865735815	238.604999630498	3.846256	234.758743630498	257.196746105174	258.384408693883	2036.54613044365
4	1049500	1049727	227	1049613.5	41.1462483839939	52.7644161723051	93.9106645562989	1.036936	92.8737285562989	47.4239930803592	57.5723269903224	104.996320070682	3.777736	101.218584070682	106.709178914315	111.405026238765	844.949124324852
4	1050213	1050477	264	1050345	185.793182365641	295.923220763909	481.71640312955	1.205952	480.51045112955	192.98314808788	305.887050421216	498.870198509095	3.946752	494.923446509095	552.09235697584	544.731583145079	4371.60100301924
4	1052321	1052450	129	1052385.5	38.6766914629294	51.3080826051271	89.9847740680565	0.589272	89.3955020680565	40.8287410657359	54.5142565045499	95.3429975702858	3.330072	92.0129255702858	102.71279911555	101.272928104834	813.304821128147
4	1054715	1055235	520	1054975	1016.26072389506	763.156690074869	1779.41741396993	2.37536	1777.04205396993	1018.49067529343	765.497944038666	1783.9886193321	5.11616	1778.8724593321	2041.76898486841	1957.89473669105	16167.2213523777
4	1055856	1056574	718	1056215	1673.19766570033	979.25767100799	2652.45533670832	3.279824	2649.17551270832	1676.42073998929	982.541546698369	2658.96228668766	6.020624	2652.94166268766	3043.82464401276	2919.92857097512	24101.7407661073
4	1059008	1059586	578	1059297	724.198892132689	591.292728765238	1315.49162089793	2.640304	1312.85131689793	726.479344695068	593.664283427438	1320.14362812251	5.381104	1314.76252412251	1508.4274987176	1447.07767691485	11944.0942861381
4	1062846	1063315	469	1063080.5	382.254810629358	285.79188724579	668.046697875148	2.142392	665.904305875148	385.988096678241	290.852903897669	676.84100057591	4.883192	671.95780857591	765.104436098627	739.582340368122	6058.28223847263
4	1067484	1067690	206	1067587	70.3208208316318	26.3552074638125	96.6760282954443	0.941008	95.7350202954443	77.5004863164596	29.6050823705042	107.105568686964	3.681808	103.423760686964	109.996718855532	113.832127556705	870.980661843702
4	1071693	1071814	121	1071753.5	55.5847811791802	57.6323283733002	113.21710955248	0.552728	112.66438155248	86.8361014939874	96.2762190802017	183.112320574189	3.293528	179.818792574189	129.448056358225	197.915407421246	1025.00106343489
4	1075211	1075397	186	1075304	83.5317253310908	71.9929593729203	155.524684704011	0.849648	154.675036704011	111.039359357298	94.7057828830608	205.745142240359	3.590448	202.154694240359	177.717061883882	222.499150950483	1407.20674026503
4	1080244	1080924	680	1080584	805.873374656004	592.447855389867	1398.32123004587	3.10624	1395.21499004587	807.143603933646	598.154586924893	1405.29819085854	5.84704	1399.45115085854	1603.06093349627	1540.28920294316	12693.4247435704
4	1084626	1085021	395	1084823.5	138.715697271979	109.872132453769	248.587829725747	1.80436	246.783469725747	140.249432623198	112.811400201245	253.060832824443	4.54516	248.515672824443	283.546938767478	273.525808584895	2245.19333813778
4	1087063	1087192	129	1087127.5	43.315498383254	34.5664967266399	77.8819951098939	0.589272	77.2927231098939	60.8277020237871	55.7114840995685	116.539186123356	3.330072	113.209114123356	88.8070625280061	124.602260001707	703.195830764982
4	1090130	1090399	269	1090264.5	71.329344077185	310.202849896509	381.532193973694	1.228792	380.303401973694	73.6502975730742	314.601651284922	388.251948857997	3.969592	384.282356857997	436.957408664103	422.955788622416	3459.93459582754
4	1092525	1092742	217	1092633.5	77.2002793969603	113.695220572509	190.895499969469	0.991256	189.904243969469	82.4673007970633	117.367705219975	199.835006017038	3.732056	196.102950017038	218.194383506868	215.838370915084	1727.71597675555
4	1093477	1093760	283	1093618.5	103.777491977791	105.335227882202	209.112719859992	1.292744	207.819975859992	114.170531527999	113.619718832262	227.790250360261	4.033544	223.756706360261	238.779031818127	246.275147711584	1890.71020782446
4	1101930	1102115	185	1102022.5	89.0060515093823	64.7384921639801	153.744543673362	0.84508	152.899463673362	94.3643750139167	86.3387900314058	180.703165045322	3.58588	177.117285045322	175.676980763546	194.942025409426	1391.05288383283
4	1103561	1103726	165	1103643.5	42.5584809346831	20.7735788122955	63.3320597469787	0.75372	62.5783397469787	50.1938569232279	27.4327322997902	77.6265892230181	3.49452	74.1320692230181	71.9006693929944	81.5925770227843	569.32691507976
4	1105878	1106108	230	1105993	62.1963335695124	92.6700359609264	154.866369530439	1.05064	153.815729530439	66.3957303618291	98.3087659285773	164.704496290406	3.79144	160.913056290406	176.72974324865	177.107034471796	1399.38891217605
4	1108123	1108710	587	1108416.5	215.368764056181	245.851466655041	461.220230711222	2.681416	458.538814711222	224.974885468634	257.386832534843	482.361718003477	5.422216	476.939502003477	526.847593811386	524.937769312178	4171.70685383154
4	1110243	1110536	293	1110389.5	76.1023540907701	98.9373804175755	175.039734508346	1.338424	173.701310508346	81.1397701986777	104.292503848351	185.432274047029	4.079224	181.353050047029	199.577690147866	199.604069593198	1580.30448965055
4	1112302	1112547	245	1112424.5	27.7166388435805	79.2620269183851	106.978665761966	1.11916	105.859505761966	31.6797301892693	85.3334668596115	117.013197048881	3.85996	113.153237048881	121.62945448332	124.540759566731	963.09148007139
4	1116763	1117100	337	1116931.5	38.5062875352722	41.7369619994111	80.2432495346833	1.539416	78.7038335346833	41.6213593348737	45.1800413592915	86.8014006941652	4.280216	82.5211846941652	90.4283868478908	90.8259568192311	716.033869425492
4	1125132	1125337	205	1125234.5	42.8963887231536	115.763768250671	158.660156973825	0.93644	157.723716973825	46.0078604397763	119.236848302041	165.244708741817	3.67724	161.567468741817	181.219905728112	177.827305724252	1434.94310623599
4	1126057	1126262	205	1126159.5	35.9642289431095	110.368243888691	146.3324728318	0.93644	145.3960328318	45.0772389897894	118.095722000107	163.172960989896	3.67724	159.495720989896	167.055759707926	175.547061293034	1322.78796739667
4	1127597	1127813	216	1127705	105.530532383795	108.660704531445	214.19123691524	0.986688	213.20454891524	111.325465951798	114.022528116653	225.347994068451	3.727488	221.620506068451	244.965747679129	243.923964361754	1939.69812247609
4	1129392	1129581	189	1129486.5	64.548987796075	15.0836476645035	79.6326354605784	0.863352	78.7692834605784	68.2214724435409	17.7626094121607	85.9840818557016	3.604152	82.3799298557016	90.5035868851978	90.6704863675361	716.629321534844
4	1135500	1135722	222	1135611	209.592630921511	211.488474619001	421.081105540512	1.014096	420.067009540512	212.751703735296	214.809751171437	427.561454906733	3.754896	423.806558906733	482.644622692062	466.45762977869	3821.69702225164
4	1140566	1140979	413	1140772.5	144.189023427221	62.316936349298	206.505959776519	1.886584	204.619375776519	147.739705267241	64.5196871207208	212.259392387962	4.627384	207.632008387962	235.101636582148	228.527691380425	1861.5917016561
4	1144942	1145165	223	1145053.5	26.7781172115016	16.2927755338126	43.0708927453142	1.018664	42.0522287453142	41.4284548885998	27.1217251313549	68.5501800199547	3.759464	64.7907160199547	48.3167723605418	71.3111281342468	382.583906198216
4	1146066	1146257	191	1146161.5	58.8830572014741	56.4225004878563	115.30555768933	0.872488	114.43306968933	65.1570018102508	62.0276296810396	127.18463149129	3.613288	123.57134349129	131.480226938352	136.007324054182	1041.09228229372
4	1149347	1150053	706	1149700	84.7070524213224	97.5486484085526	182.255700829875	3.225008	179.030692829875	89.8491709425265	103.569387181163	193.418558123689	5.965808	187.452750123689	205.700993481232	206.317631666092	1628.79028854942
4	1150528	1151001	473	1150764.5	237.496674084592	329.378991889324	566.875665973916	2.160664	564.715001973916	241.219659896064	355.416992041793	596.636651937857	4.901464	591.735187937857	648.840906012548	651.286270637648	5137.6794474416
4	1153658	1153903	245	1153780.5	79.332628545689	67.3740529112833	146.706681456972	1.11916	145.587521456972	83.4512234755955	71.8981571878152	155.349380663411	3.85996	151.489420663411	167.275774498774	166.735022415621	1324.53009779967
4	1161547	1162827	1280	1162187	836.22097414086	830.182134951051	1666.40310909191	5.84704	1660.55606909191	839.112940798088	833.80731850827	1672.92025930636	8.58784	1664.33241930636	1907.93001883807	1831.8276089831	15107.452002651
4	1163429	1163600	171	1163514.5	16.2594747662599	17.0228923623484	33.2823671286084	0.781128	32.5012391286084	17.5466044334403	19.2222430554025	36.7688474888429	3.521928	33.2469194888429	37.3429665743337	36.5928250431383	295.690654053403
4	1166432	1166649	217	1166540.5	78.806716423888	103.987296813604	182.794013237492	0.991256	181.802757237492	84.9389577665319	109.335620087642	194.274577854173	3.732056	190.542521854173	208.88601384633	209.718352036434	1654.01005123363
4	1168765	1169110	345	1168937.5	214.4342425163	305.309537110053	519.743779626354	1.57596	518.167819626354	216.447788926733	309.012222453618	525.460011380351	4.31676	521.143251380351	595.359564342581	573.590098372063	4714.20123055791
4	1172103	1172249	146	1172176	18.7330317795229	29.8604882573801	48.5935200369029	0.666928	47.9265920369029	20.175565028616	33.2054653560917	53.3810303847077	3.407728	49.9733023847077	55.0662427784312	55.0025187026765	436.027847734224
4	1174321	1174483	162	1174402	38.7002920069007	30.6041053970859	69.3043974039866	0.740016	68.5643814039866	41.3490530584591	32.0939397364266	73.4429927948856	3.480816	69.9621767948856	78.7784549637437	77.0030347007486	623.786887074907
4	1174874	1175021	147	1174947.5	29.2254736208642	29.7424855375236	58.9679591583878	0.671496	58.2964631583878	42.4436782885855	38.8010943303035	81.244772618889	3.412296	77.832476618889	66.9809192969919	85.66538624864	530.371142223028
4	1181452	1181551	99	1181501.5	10.0320312292911	6.54825093129058	16.5802821605816	0.452232	16.1280501605816	15.2861523320538	11.3221609656204	26.6083132976742	3.193032	23.4152812976742	18.5306546520451	25.7717498353253	146.730211784164
4	1183089	1183158	69	1183123.5	9.53571978975906	11.1775576326437	20.7132774224028	0.315192	20.3980854224028	28.1428486673334	20.932182467967	49.0750311353004	3.055992	46.0190391353004	23.4367994123246	50.6503060620848	185.578254297337
4	1184465	1184565	100	1184515	13.1206024180773	4.63240677280697	17.7530091908842	0.4568	17.2962091908842	19.1615416562899	10.9033513124348	30.0648929687247	3.1976	26.8672929687247	19.8728349747547	29.5711652719348	157.357920664486
4	1201891	1201944	53	1201917.5	4.81831105773343	4.75080950188332	9.56912055961674	0.242104	9.32701655961674	10.1734344885089	11.700269680686	21.8737041691949	2.982904	18.8908001691949	10.7164673397773	20.7919336932318	84.8555839968703
4	1206510	1206582	72	1206546	0.185804282621492	6.51445015221304	6.70025443483453	0.328896	6.37135843483453	2.03054680227631	14.8636425935846	16.8941893958609	3.069696	13.8244933958609	7.32050320062097	15.2157636232892	57.9655174176602
4	1213636	1213796	160	1213716	21.8685040493368	17.4215015499315	39.2900055992683	0.73088	38.5591255992683	25.9396978866907	20.0532622096461	45.9929600963368	3.47168	42.5212800963368	44.3032997200887	46.8005393311008	350.804257741023
4	1219114	1219318	204	1219216	26.0453003207318	27.034623123732	53.0799234444638	0.931872	52.1480514444638	27.5926359854262	28.2001499880772	55.7927859735035	3.672672	52.1201139735035	59.9165753127588	57.3653812498591	474.433955524213
4	1222519	1222657	138	1222588	6.11224088165134	10.2650365998552	16.3772774815065	0.630384	15.7468934815065	9.37611611103791	13.6131137700207	22.9892298810586	3.371184	19.6180458810586	18.0927168531211	21.5923680043424	143.262514220801
4	1229647	1229724	77	1229685.5	7.9774838738236	19.8445573991881	27.8220412730117	0.351736	27.4703052730117	13.7075159459059	24.6961692244742	38.4036851703801	3.092536	35.3111491703801	31.5625717388068	38.8647947999362	249.920087695169
4	1233743	1234051	308	1233897	80.4200536098581	70.388122382872	150.80817599273	1.406944	149.40123199273	87.1909096719966	78.2368032879031	165.4277129599	4.147744	161.2799689599	171.657615587892	177.510872521375	1359.22657685471
4	1236262	1236437	175	1236349.5	17.2226969676648	8.4775954009442	25.700292368609	0.7994	24.900892368609	18.4794259341364	10.0418314551774	28.5212573893138	3.5402	24.9810573893139	28.6103919826721	27.4951025987995	226.544013348289
4	1242221	1243075	854	1242648	202.579269269836	103.588687626021	306.167956895857	3.901072	302.266884895857	204.596115756333	105.679835825105	310.275951581437	6.641872	303.634079581437	347.295748772188	334.191224994138	2749.97185614589
4	1249953	1250135	182	1250044	18.3410227440674	21.702400220793	40.0434229648605	0.831376	39.2120469648605	19.9828605869521	23.0672316789298	43.0500922658819	3.572176	39.4779162658819	45.053487140159	43.4508972619213	356.744423433582
4	1251688	1252043	355	1251865.5	156.753113018178	75.6743442255279	232.427457243706	1.62164	230.805817243706	159.790383024518	78.2015024742511	237.991885498769	4.36244	233.629445498769	265.189086618758	257.141460186435	2099.83141842887
4	1256900	1257070	170	1256985	22.7612246257426	26.7755171515725	49.5367417773152	0.77656	48.7601817773152	28.1164480588231	33.1447639569791	61.2612120158022	3.51736	57.7438520158022	56.0240128403585	63.5550813915321	443.611703062919
4	1258081	1258631	550	1258356	63.3328597654184	58.5649498693864	121.897809634805	2.5124	119.385409634805	64.836294418234	61.7713237734191	126.607618191653	5.2532	121.354418191653	137.170319685794	133.567291688159	1086.14781484673
4	1261408	1261552	144	1261480	36.2708360101265	26.6268137240924	62.8976497342188	0.657792	62.2398577342188	39.1864032113265	28.8160641843452	68.0024673956716	3.398592	64.6038753956716	71.5117635288676	71.1054842315799	566.247464251986
4	1263001	1263173	172	1263087	52.3082056570633	11.1301565400912	63.4383621971545	0.785696	62.6526661971545	55.0988699793643	12.4173862095766	67.5162561889409	3.526496	63.9897601889409	71.98606829528	70.4295656604241	570.003124272246
4	1266963	1267373	410	1267168	57.1293167793357	62.6072430406059	119.736559819942	1.87288	117.863679819942	66.5491338976425	76.1802558863364	142.729389783979	4.61368	138.115709783979	135.421896944534	152.015407187727	1072.30338010167
4	1269527	1269934	407	1269730.5	179.657240937713	171.690157303606	351.347398241319	1.859176	349.488222241319	187.033210947183	177.602493577636	364.635704524819	4.599976	360.035728524819	401.551674680401	396.269026596849	3179.58341863754
4	1270783	1271003	220	1270893	33.1646644156668	24.9405748578041	58.1052392734709	1.00496	57.1002792734709	36.8506493743027	27.9000430708829	64.7506924451856	3.74576	61.0049324451856	65.6065392416822	67.1443506362834	519.488468060987
4	1274046	1274127	81	1274086.5	4.58510568255941	7.27816775521645	11.8632734377759	0.370008	11.4932654377759	10.0519316879787	12.4068859675554	22.4588176555341	3.110808	19.3480096555341	13.2054235032234	21.2951558563345	104.56374174097
4	1277478	1277573	95	1277525.5	28.8438648251249	23.8223490837064	52.6662139088313	0.43396	52.2322539088313	34.8886041509261	28.8399647352313	63.7285688861575	3.17476	60.5538088861575	60.0133214644951	66.6478268764237	475.20001498623
4	1278569	1278980	411	1278774.5	44.1149168091293	40.8466414783243	84.9615582874536	1.877448	83.0841102874536	52.6196128347185	45.7190537830428	98.3386666177613	4.618248	93.7204186177613	95.4611958345812	103.152259943972	755.884869962314
4	1279218	1279668	450	1279443	91.9793200405461	46.5831737002292	138.562493740775	2.0556	136.506893740775	99.2676880308687	52.6114126457115	151.87910067658	4.7964	147.08270067658	156.84240068376	161.884818668285	1241.91611689903
4	1288032	1288245	213	1288138.5	6.31214548927263	33.226465840134	39.5386113294066	0.972984	38.5656273294066	7.11956409954493	35.8142254856648	42.9337895852098	3.713784	39.2200055852098	44.3107700165371	43.1670309501038	350.863409357658
4	1288942	1289379	437	1289160.5	146.882385506793	114.718844166112	261.601229672904	1.996216	259.605013672904	148.774229112085	116.800092137004	265.574321249089	4.737016	260.837305249089	298.278515159241	287.087466220943	2361.8415280947
4	1293157	1293335	178	1293246	21.0986863057306	41.8030635229917	62.9017498287223	0.813104	62.0886458287223	23.4399402695274	43.6307056484978	67.0706459180252	3.553904	63.5167419180252	71.3380255027495	69.9089437472982	564.871764480664
4	1294416	1294646	230	1294531	97.9975587555321	118.978242341406	216.975801096938	1.05064	215.925161096938	99.9367034510721	120.360174193692	220.296877644764	3.79144	216.505437644764	248.091650951951	238.294125363453	1964.4497817051
4	1295623	1295952	329	1295787.5	20.8212799117629	55.4660784431889	76.2873583549519	1.502872	74.7844863549519	26.0312999980369	63.0242526523022	89.0555526503391	4.243672	84.8118806503391	85.9251723659208	93.3471839777178	680.376326448399
4	1296868	1297034	166	1296951	7.59547506886445	19.0614393490218	26.6569144178863	0.758288	25.8986264178863	10.4570410253844	22.4364171392224	32.8934581646068	3.499088	29.3943701646068	29.7567590213196	32.3525626200545	235.621225218111
4	1298235	1298338	103	1298286.5	9.36661589206641	7.70417757435937	17.0707934664258	0.470504	16.6002894664258	11.8937741407896	10.8022489821171	22.6960231229067	3.211304	19.4847191229067	19.0732437066791	21.4456234995994	151.026563337477
4	1301024	1301523	499	1301273.5	40.1734259613125	29.8163872408913	69.9898132022039	2.279432	67.7103812022039	41.6329596022494	31.7996329529201	73.4325925551695	5.020232	68.4123605551695	77.7972338828042	75.2972479577699	616.017340897678
4	1304079	1304187	108	1304133	8.08908644616245	9.02200794916347	17.1110943953259	0.493344	16.6177503953259	12.0115768560362	12.1674804494737	24.1790573055099	3.234144	20.9449133055099	19.0933057997487	23.0527687952992	151.185419849576
4	1305716	1305946	230	1305831	58.7315537094549	61.3980151689918	120.129568878447	1.05064	119.078928878447	65.1952026907467	68.2601733355616	133.455376026308	3.79144	129.663936026308	136.818182322813	142.713063296215	1083.3595059166
4	1311829	1311935	106	1311882	11.5053651883128	4.40920162812927	15.9145668164421	0.484208	15.4303588164421	15.7181622894945	7.3078684397905	23.026030729285	3.225008	19.801022729285	17.7290278451314	21.7937592880173	140.382736567614
4	1317885	1318073	188	1317979	9.02170794224858	37.2069575868863	46.2286655291349	0.858784	45.3698815291349	11.0521547422199	39.9163200352523	50.9684747774723	3.599584	47.3688907774723	52.1286577019351	52.1360041578968	412.767337595652
4	1319242	1319447	205	1319344.5	93.1609472759904	107.920587472413	201.081534748404	0.93644	200.145094748404	98.2931655690031	111.653873521297	209.9470390903	3.67724	206.2697990903	229.960819451579	227.02839197862	1820.88546647575
4	1319844	1319971	127	1319907.5	13.8573193987406	14.648137626389	28.5054570251297	0.580136	27.9253210251297	18.8780351217194	18.8645348105494	37.7425699322688	3.320936	34.4216339322688	32.0853714374553	37.8857604718886	254.059742334673
4	1321979	1322153	174	1322066	28.0185458022642	12.1366797395451	40.1552255418093	0.794832	39.3603935418093	30.3769001602097	13.2988065255216	43.6757066857312	3.535632	40.1400746857312	45.2239329881617	44.1796940220698	358.094054941199
4	1325388	1325502	114	1325445	3.6388838729983	14.3442306216061	17.9831144946044	0.520752	17.4623624946044	6.65955349671454	18.3886238412299	25.0481773379444	3.261552	21.7866253379444	20.0637402273971	23.9791890956798	158.869554693445
4	1328520	1328782	262	1328651	51.6902914146961	91.3528055999521	143.043097014648	1.196816	141.846281014648	53.9842442882453	94.1737706206569	148.158014908902	3.937616	144.220398908902	162.977199412715	158.734460397033	1290.49293912444
4	1330942	1331099	157	1331020.5	27.3444302645078	9.83612671386829	37.1805569783761	0.717176	36.4633809783761	31.932736020826	12.2721828627701	44.2049188835961	3.457976	40.7469428835961	41.8953508718422	44.8476362594301	331.73753553919
4	1333928	1334599	671	1334263.5	156.824814670837	129.04357433825	285.868389009087	3.065128	282.803261009087	165.866223067163	137.074959454449	302.941182521612	5.805928	297.135254521612	324.932618143753	327.038370773164	2572.8951713292
4	1337114	1337318	204	1337216	51.9938984125642	22.8755272603155	74.8694256728797	0.931872	73.9375536728797	54.9702670151818	25.8993969577906	80.8696639729723	3.672672	77.1969919729723	84.9520716569853	84.9659476593465	672.671079343506
4	1337879	1338241	362	1338060	163.044958039543	37.4077622152523	200.452720254796	1.653616	198.799104254796	169.657310448315	46.4932716280673	216.150582076383	4.394416	211.756166076383	228.414316014793	233.066896307165	1808.63987768974
4	1339449	1339594	145	1339521.5	21.4736949493424	5.9466370646324	27.4203320139748	0.66236	26.7579720139748	29.8899889373442	8.00738456300757	37.8973735003518	3.40316	34.4942135003518	30.7441218028908	37.9656443070649	243.439402868503
4	1342050	1342428	378	1342239	93.3854524506326	78.0317985627287	171.417251013361	1.726704	169.690547013361	96.7604302408332	80.3426518258166	177.10308206665	4.467504	172.63557806665	194.969441011946	190.009288124692	1543.81525684338
4	1345280	1345616	336	1345448	7.29146806177654	57.5207258009614	64.8121938627379	1.534848	63.2773458627379	11.0720552009076	65.1974027414559	76.2694579423635	4.275648	71.9938099423635	72.7038068337782	79.2391274714622	575.686351861179
4	1350009	1350225	216	1350117	31.0164149004489	22.6628223576589	53.6792372581078	0.986688	52.6925492581078	33.3237680828631	24.5986669771352	57.9224350599983	3.727488	54.1949470599983	60.5421872647907	59.6490215177431	479.387702487827
4	1355689	1355969	280	1355829	40.8216409020835	43.5892046919381	84.4108455940217	1.27904	83.1318055940217	43.2709973575454	45.4947486130105	88.7657459705559	4.01984	84.7459059705559	95.5159963371674	93.2745697340015	756.318793614843
4	1359044	1359150	106	1359097	15.3711542912725	9.6503224312468	25.0214767225193	0.484208	24.5372687225193	18.8916354351944	12.7316934540757	31.6233288892701	3.225008	28.3983208892701	28.1925991222881	31.2562728757078	223.235828287526
4	1359627	1359776	149	1359701.5	9.73832445961436	11.8128722760744	21.5511967356888	0.680632	20.8705647356888	14.7794406528056	19.2837444729548	34.0631851257605	3.421432	30.6417531257605	23.9796642284409	33.7254797853458	189.876789396859
4	1362390	1362662	272	1362526	112.374490130861	65.7866163222986	178.16110645316	1.242496	176.91861045316	114.793445885614	68.4557778440695	183.249223729684	3.983296	179.265927729684	203.274273032703	197.306903330084	1609.57492826994
4	1365446	1365617	171	1365531.5	26.8568190255075	18.2873215063022	45.1441405318098	0.781128	44.3630125318098	31.8471340477776	22.7199236737929	54.5670577215704	3.521928	51.0451297215704	50.9717948770113	56.1822126658249	403.607017547944
4	1366871	1367421	550	1367146	157.083220626861	122.33191964065	279.415140267511	2.5124	276.902740267511	159.221769918498	124.872378195933	284.094148114431	5.2532	278.840948114431	318.153093586184	306.90296081832	2519.21325383589
4	1369475	1369680	205	1369577.5	20.3079680803872	16.1682726641336	36.4762407445208	0.93644	35.5398007445208	23.4229398776837	17.4081012410664	40.8310411187501	3.67724	37.1538011187501	40.8341843832323	40.8928876698554	323.334962260712
4	1382144	1382206	62	1382175	2.98676884233374	6.4909496105467	9.47771845288045	0.283216	9.19450245288045	6.23674375133043	9.49441883780929	15.7311625891397	3.024016	12.7071465891397	10.5642125337713	13.9859691990395	83.649993565776
4	1383534	1383728	194	1383631	32.3810463539757	23.7674478182816	56.1484941722573	0.886192	55.2623021722573	35.4182163580109	27.6391370572341	63.0573534152449	3.626992	59.4303614152449	63.4947576821111	65.4113178289598	502.766870184596
4	1384899	1385045	146	1384972	23.8155489269689	17.2257970391186	41.0413459660875	0.666928	40.3744179660875	26.7143157409351	19.5671510052203	46.2814667461554	3.407728	42.8737387461554	46.3890171879223	47.1884687364727	367.319473826137
4	1385787	1386013	226	1385900	90.2053791528051	75.6003425198552	165.80572167266	1.032368	164.77335367266	92.0196209694462	78.421407542865	170.441028512311	3.773168	166.667860512311	189.319730678296	183.440991039421	1499.07948202367
4	1386581	1386762	181	1386671.5	28.3972545311596	18.7123313023955	47.1095858335551	0.826808	46.2827778335551	30.1168941673055	20.6346756107017	50.7515697780073	3.567608	47.1839617780073	53.1775486702733	51.9324642622654	421.072710331406
4	1388607	1388745	138	1388676	12.5593894826242	7.81208006141459	20.3714695440388	0.630384	19.7410855440388	20.3238684468763	10.4000397115554	30.7239081584317	3.371184	27.3527241584317	22.6819259011946	30.1054493159466	179.600983000765
4	1394655	1395037	382	1394846	28.244151002261	66.7012374034914	94.9453884057524	1.744976	93.2004124057524	30.953713455237	69.2587963529234	100.21250980816	4.485776	95.7267338081604	107.084529036267	105.360486807465	847.921237502794
4	1398831	1398928	97	1398879.5	5.23732071552893	5.48392639956801	10.7212471150969	0.443096	10.2781511150969	8.49069570289437	8.70710069083458	17.197796393729	3.183896	14.013900393729	11.80929293244	15.4242321744058	93.5088417292863
4	1401452	1401547	95	1401499.5	10.0862324785811	14.1211254792334	24.2073579578144	0.43396	23.7733979578144	19.9051587959957	21.8851044319607	41.7902632279564	3.17476	38.6155032279564	27.3149341101756	42.5016926469699	216.286264145246
4	1402761	1402903	142	1402832	30.8377107814797	29.5062800932007	60.3439908746804	0.648656	59.6953348746804	41.3896539942741	38.3520839810191	79.7417379752932	3.389456	76.3522819752932	68.5881817012525	84.0362276843084	543.097835229735
4	1410170	1410539	369	1410354.5	9.12001020802734	96.4805237892414	105.600533997269	1.685592	103.914941997269	13.5258117577879	102.629965528339	116.155777286127	4.426392	111.729385286127	119.395207986459	122.973614121593	945.400175159706
4	1411157	1411609	452	1411383	90.1119769999696	76.7576691951935	166.869646195163	2.064736	164.804910195163	101.633842568601	89.5229634237367	191.156805992338	4.805536	186.351269992338	189.35598819329	205.105300708676	1499.3665778092
4	1411866	1412210	344	1412038	24.517865114725	38.6491908290646	63.1670559437895	1.571392	61.5956639437895	33.2760669833957	56.0135910628621	89.2896580462578	4.312192	84.9774660462578	70.7716038356262	93.5294335670245	560.386700529242
4	1416881	1417315	434	1417098	233.522382480747	175.733450497875	409.255832978622	1.982512	407.273320978622	235.272322815297	177.206384447677	412.478707262974	4.723312	407.755395262974	467.945051317611	448.791108128407	3705.30225577362
4	1420236	1421129	893	1420682.5	237.374771274842	191.549215037013	428.923986311855	4.079224	424.844762311855	239.733025630482	193.238353970146	432.971379600628	6.820024	426.151355600628	488.134119918143	469.038402268311	3865.16419088093
4	1422563	1422682	119	1422622.5	12.3163838815638	5.63912997687078	17.9555138584346	0.543592	17.4119218584346	15.2723520139689	8.04118534208511	23.313537356054	3.284392	20.029145356054	20.0057854219503	22.0448397339076	158.410654506874
4	1434358	1434742	384	1434550	171.961363554666	112.252987330331	284.214350884997	1.754112	282.460238884997	174.299217440094	114.76314518721	289.062362627304	4.494912	284.567450627304	324.538495825417	313.205767447758	2569.77441535354
4	1436718	1436829	111	1436773.5	11.8571732971731	7.95408333446223	19.8112566316353	0.507048	19.3042086316353	17.6954078632255	12.0421775613549	29.7375854245804	3.247848	26.4897374245804	22.1799671951766	29.155613269423	175.626352388738
4	1445613	1445793	180	1445703	21.3044910493448	23.8826504735992	45.1871415229439	0.82224	44.3649015229439	23.0241306854907	26.4401094207262	49.4642401062169	3.56304	45.9012001062169	50.9739652721924	50.5206079414528	403.624203262671
4	1447042	1447761	719	1447401.5	38.6346904948449	66.9177423937366	105.552432888581	3.284392	102.268040888581	40.2765283377295	68.7487845976114	109.025312935341	6.025192	103.000120935341	117.502967114978	113.365853521372	930.416953625842
4	1454590	1454864	274	1454727	24.1791573078148	35.3130139331896	59.4921712410045	1.251632	58.2405392410045	26.7636168772819	36.7555471822828	63.5191640595647	3.992432	59.5267320595647	66.9166643629173	65.517387028185	529.862356092048
4	1459452	1459719	267	1459585.5	12.3191839461028	135.774829487623	148.094013433726	1.219656	146.874357433726	13.6671150147008	139.974526286855	153.641641301555	3.960456	149.681185301555	168.754311137835	164.744809750794	1336.23750901928
4	1466026	1466167	141	1466096.5	4.64570707936707	6.60565225433941	11.2513593337065	0.644088	10.6072713337065	7.91278238251246	10.3084376002091	18.2212199827216	3.384888	14.8363319827216	12.1874423707995	16.3294316848765	96.5031205725564
4	1468503	1469287	784	1468895	209.157620894921	177.37508833615	386.53270923107	3.581312	382.95139723107	210.846759828053	179.46293645917	390.309696287223	6.322112	383.987584287223	439.999877229499	422.631350711305	3484.02559883471
4	1470818	1470946	128	1470882	8.69100031973552	7.66997678606198	16.3609771057975	0.584704	15.7762731057975	11.7586710267844	9.63972218692071	21.3983932137051	3.325504	18.0728892137051	18.1264731761808	19.8917097640601	143.529804962797
4	1476555	1477128	573	1476841.5	64.5506878352593	119.282149346189	183.832837181448	2.617464	181.215373181448	65.9459199941049	121.079390770986	187.025310765091	5.358264	181.667046765091	208.211126864811	199.94966633253	1648.6661326518
5	4904	5210	306	5057	5.35862351144921	6.30494532331529	11.6635688347645	1.397808	10.2657608347645	7.17276532578531	8.39619352470422	15.5689588504895	4.138608	11.4303508504895	11.7950568652405	12.5806792113181	318.36206415679
5	16055	16200	145	16127.5	21.3616923677837	14.5226347336603	35.884327101444	0.66236	35.221967101444	30.6838072341415	18.1175175924748	48.8013248266163	3.40316	45.3981648266163	40.4690028877623	49.9669481660524	1092.30463582444
5	27037	27544	507	27290.5	332.327859858076	315.490671776045	647.818531634121	2.315976	645.502555634121	337.257073472014	321.143302064085	658.400375536099	5.056776	653.343599536099	741.663425917635	719.09483339958	20018.3434367801
5	33690	33856	166	33773	46.7645778814323	47.7115997094331	94.4761775908654	0.758288	93.7178895908654	62.5099407978768	65.9441199526156	128.454060750492	3.499088	124.954972750492	107.679095081894	137.53019908095	2906.38183168336
5	42038	42417	379	42227.5	40.8165407845304	42.0741697717467	82.8907105562771	1.731272	81.1594385562771	48.3380141477222	50.3731610560268	98.7111752037489	4.472072	94.2391032037489	93.2498046984007	103.72314394163	2516.9187944729
5	42709	42892	183	42800.5	121.610603014951	65.8117169008444	187.422319915795	0.835944	186.586375915795	133.788083694921	82.7537073984777	216.541791093398	3.576744	212.965047093398	214.382250826753	234.397436767266	5786.42194535892
5	46017	46611	594	46314	78.1499012848901	85.3987683647524	163.548669649643	2.713392	160.835277649643	86.5762955056932	93.7474607945991	180.323756300292	5.454192	174.869564300292	184.794997306967	192.468098404059	4987.8281606144
5	51677	51843	166	51760	62.4521394656081	45.761854769567	108.213994235175	0.758288	107.455706235175	65.8005166426885	47.6976993890433	113.498216031732	3.499088	109.999128031732	123.463441817807	121.069227129861	3332.41938840092
5	56179	56541	362	56360	63.9357736620411	88.752045654776	152.687819316817	1.653616	151.034203316817	66.3243287160854	92.2049252405429	158.529253956628	4.394416	154.134837956628	173.533851547109	169.646669379163	4683.87696734426
5	58126	58327	201	58226.5	98.5981725991406	64.0695767460817	162.667749345222	0.918168	161.749581345222	101.730044785976	67.0562455861105	168.786290372086	3.658968	165.127322372086	185.845505326299	181.745416125889	5016.18257257432
5	59324	59498	174	59411	48.3102135069424	48.1216091597819	96.4318226667244	0.794832	95.6369906667244	50.1513559436186	52.1317015888034	102.283057532422	3.535632	98.7474255324219	109.884085699174	108.685175093616	2965.89704830198
5	60923	61083	160	61003	36.486440979627	26.2722055506931	62.7586465303201	0.73088	62.0277665303201	39.2737052235593	28.4548558588183	67.7285610823776	3.47168	64.2568810823776	71.2680769818236	70.7235690829721	1923.60684273444
5	65213	65292	79	65252.5	6.53185055327662	14.1377258618572	20.6695764151339	0.360872	20.3087044151339	10.1907348872675	23.0007301461293	33.1914650333969	3.101672	30.0897930333969	23.3341032673064	33.1179714988282	629.814113344329
5	66835	67041	206	66938	59.2373653679584	72.3258670461425	131.563232414101	0.941008	130.622224414101	60.4940943344301	75.2685348719875	135.762629206418	3.681808	132.080821206418	150.081088935077	145.373179117615	4050.86010268217
5	68345	69734	1389	69039.5	799.802534728608	967.356996708158	1767.15953143677	6.344952	1760.81457943677	803.529120623059	975.71948945609	1779.24861007915	9.085752	1770.16285807915	2023.12409454039	1948.30861804473	54606.4313332232
5	70218	70414	196	70316	63.6882679572573	11.0256541314047	74.713922088662	0.895328	73.818594088662	69.3173977036318	13.826518688812	83.1439163924438	3.636128	79.5077883924438	84.8153905981629	87.5092981528082	2289.26431907838
5	73367	73609	242	73488	121.757506400941	49.8365486875946	171.594055088536	1.105456	170.488599088536	123.554747825739	50.9378740721536	174.492621897892	3.846256	170.646365897892	195.886379343125	187.819885497797	5287.19723697625
5	77543	77938	395	77740.5	310.64736014207	68.4940787268704	379.141438868941	1.80436	377.337078868941	318.087231624412	73.916703713496	392.003935337908	4.54516	387.458775337908	433.549190777051	426.451875703152	11701.9881180941
5	80097	80441	344	80269	203.917000103328	242.427287730799	446.344287834127	1.571392	444.772895834127	206.119850877056	244.45773453077	450.577585407826	4.312192	446.265393407826	511.030958437633	491.176677865148	13793.3095732397
5	82814	82978	164	82896	12.9921994585046	25.2956830427282	38.2878825012328	0.749152	37.5387305012328	15.1746497620199	30.9315129435352	46.1061627055551	3.489952	42.6162107055551	43.1308958038019	46.9050235728823	1164.15216763348
5	84782	85499	717	85140.5	43.3688996141043	193.805267036982	237.174166651086	3.275256	233.898910651086	49.6229437641934	201.434742889533	251.057686653727	6.016056	245.041630653727	268.742959850053	269.702145541822	7253.67960519145
5	86374	86795	421	86584.5	92.8974412024125	81.2178719988539	174.115313201266	1.923128	172.192185201266	96.7254294340961	85.1981637409963	181.923593175092	4.663928	177.259665175092	197.843749614838	195.098734399564	5340.02889748806
5	90011	90194	183	90102.5	30.0120917517042	20.4964724252427	50.5085641769468	0.835944	49.6726201769469	32.4613482048611	23.5135419659803	55.9748901708413	3.576744	52.3981461708414	57.0723776895803	57.6713940687899	1540.44869602418
5	94045	94145	100	94095	11.049154673071	5.21692024531646	16.2660749183875	0.4568	15.8092749183875	14.6777383086581	8.45329484083816	23.1310331494963	3.1976	19.9334331494963	18.16439128692	21.9394952363449	490.277679058698
5	97910	98112	202	98011	46.7998786950843	72.3480675578443	119.147946252929	0.922736	118.225210252929	50.1005547726973	75.3110358515969	125.411590624294	3.663536	121.748054624294	135.837284764709	134.000542928626	3666.40355033718
5	99518	99606	88	99562	17.0542930861069	22.703423293474	39.7577163795808	0.401984	39.3557323795808	22.0581084195469	28.2477510852397	50.3058595047866	3.142784	47.1630755047866	45.2185774500358	51.9094760349794	1220.50108106313
5	100198	100670	472	100434	144.546031655939	142.651687993023	287.197719648962	2.156096	285.041623648962	154.86176942441	150.801475838298	305.663245262708	4.896896	300.766349262708	327.504430895609	331.034891852977	8839.71886118543
5	101554	101758	204	101656	45.9506591213374	41.0272456410877	86.9779047624251	0.931872	86.0460327624251	51.2013801457314	45.5172491316272	96.7186292773586	3.672672	93.0459572773586	98.8643575276156	102.409922121185	2668.46199163152
5	106201	106338	137	106269.5	3.93299065189486	4.16609602476391	8.09908667665876	0.625816	7.47327067665876	5.60532919779324	6.736955280756	12.3422844785492	3.366616	8.97566847854924	8.58656791438357	9.87896236194108	231.761280719344
5	106907	107179	272	107043	160.278194268128	114.381936400691	274.660130668819	1.242496	273.417634668819	163.362665362411	116.780491685232	280.143157047643	3.983296	276.159861047643	314.148809892107	303.952054344313	8479.23538752785
5	110593	110775	182	110684	29.2788748517145	33.7050768716875	62.983951723402	0.831376	62.152575723402	33.8164794394164	36.9280511583442	70.7445305977606	3.572176	67.1723545977606	71.4114790689559	73.9324502035858	1927.47742894572
5	111125	111276	151	111200.5	28.4681561653784	36.89855047838	65.3667066437585	0.689768	64.6769386437585	33.0055607484704	41.5303572373572	74.5359179858277	3.430568	71.1053499858277	74.3118977201753	78.261254626483	2005.76304293391
5	115934	116101	167	116017.5	19.0645394204757	47.6951993314192	66.7597387518948	0.762856	65.9968827518948	21.2030887121122	50.1617561833347	71.3648448954469	3.503656	67.8611888954469	75.8284746271382	74.6906074502266	2046.69718679345
5	117010	117138	128	117074	9.5486200870993	13.7351165820757	23.283736669175	0.584704	22.699032669175	14.2382281783452	16.2759751465788	30.514203324924	3.325504	27.188699324924	26.0805200343451	29.9249173410281	703.943040485489
5	117623	118090	467	117856.5	51.4416856845578	171.349349448291	222.791035132849	2.133256	220.657779132849	52.526110679578	176.032457389715	228.558568069293	4.874056	223.684512069293	253.52928969627	246.195687927064	6843.04526159347
5	122468	122573	105	122520.5	1.96644532479495	3.11537180651632	5.08181713131127	0.47964	4.60217713131127	6.69315427118215	6.13564142101271	12.8287956921949	3.22044	9.60835569219486	5.28776598651112	10.5753219908004	142.722846822784
5	123022	123602	580	123312	132.182946697957	201.489344148043	333.672290846001	2.64944	331.022850846001	135.557824485853	210.82835940394	346.386183889793	5.39024	340.995943889793	380.335506765405	375.313114929834	10265.6899741436
5	124242	124433	191	124337.5	32.7904557904947	12.7317934563806	45.5222492468754	0.872488	44.6497612468754	44.0250147369674	30.0788932914195	74.1039080283869	3.613288	70.4906200283869	51.3012607056696	77.584659437297	1384.67965340917
5	128369	128533	164	128451	25.7277930024738	15.1545492987223	40.8823423011962	0.749152	40.1331903011962	28.0049454887892	16.7355857401894	44.7405312289786	3.489952	41.2505792289786	46.1118537052871	45.4019575907081	1244.61162802642
5	131444	131695	251	131569.5	150.667972761172	191.877822611122	342.545795372294	1.146568	341.399227372294	164.697096119839	202.318263253883	367.015359373722	3.887368	363.127991373722	392.257657802501	399.67248878694	10587.4824552417
5	132711	133001	290	132856	138.8471003007	88.5605412407716	227.407641541472	1.32472	226.082921541472	142.441983159515	90.6990905324081	233.141073691923	4.06552	229.075553691923	259.762618549504	252.129273532293	7011.28993077617
5	141257	141473	216	141365	31.5219265520375	22.5674201587241	54.0893467107616	0.986688	53.1026587107616	46.1925646970432	31.3721230992027	77.5646877962459	3.727488	73.8371997962459	61.013390947877	81.2680325082748	1646.82114764653
5	152797	153273	476	153035	23.0715317780432	30.525103576165	53.5966353542082	2.174368	51.4222673542082	29.1292714034897	36.353437914026	65.4827093175157	4.915168	60.5675413175157	59.082670767909	66.6629413130643	1594.70880356659
5	156592	156680	88	156636	12.3227840290814	8.49149572133408	20.8142797504155	0.401984	20.4122957504155	18.1038172766949	14.6539377600769	32.7577550367718	3.142784	29.6149710367718	23.4531266607071	32.5953643365326	633.026690751874
5	159117	159575	458	159346	102.215455974267	210.2049450348	312.420401009067	2.092144	310.328257009067	105.053321384511	213.258915426069	318.312236810579	4.832944	313.479292810579	356.558027917166	345.027241405441	9623.90864718133
5	160266	160475	209	160370.5	94.7275833855427	35.4148162796421	130.142399665185	0.954712	129.187687665185	107.719182830218	40.7022381499576	148.421420980175	3.695512	144.725908980175	148.432848458693	159.290844022344	4006.37220861911
5	162433	162642	209	162537.5	84.7580535968536	17.4619024811366	102.21995607799	0.954712	101.26524407799	88.4574388643546	19.3977471006128	107.855185964967	3.695512	104.159673964967	116.350783112682	114.642101721017	3140.44060161954
5	171888	172022	134	171955	21.699900163169	19.7537553062815	41.4536554694505	0.612112	40.8415434694505	26.2982061499835	24.257359110296	50.5555652602795	3.352912	47.2026532602795	46.9257306341105	51.9530368190947	1266.57909643205
5	174399	175130	731	174764.5	443.295917571936	489.33737878618	932.633296358116	3.339208	929.294088358116	445.154060400456	491.398126284555	936.552186685011	6.080008	930.472178685011	1067.73153915652	1024.11309575777	28819.29444299
5	177629	177744	115	177686.5	23.5310423693488	4.91651332120722	28.447555690556	0.52532	27.922235690556	27.8660422871954	8.20028900928145	36.0663312964769	3.26612	32.8002112964769	32.0818264788955	36.1011610038859	865.925159703153
5	178598	178731	133	178664.5	37.4937641975206	26.7884174489128	64.2821816464333	0.607544	63.6746376464333	42.3215754742255	31.2721207942396	73.5936962684651	3.348344	70.2453522684651	73.1602833927207	77.3147084052757	1974.6796561737
5	182369	182569	200	182469	63.9306735444879	80.7546613222647	144.685334866753	0.9136	143.771734866753	67.0421452611107	82.8796103004262	149.921755561537	3.6544	146.267355561537	165.189489182808	160.98741880077	4458.6530912136
5	184266	184528	262	184397	123.804553583537	72.5465721331962	196.351125716733	1.196816	195.154309716733	132.497953958591	74.901226405858	207.399180364449	3.937616	203.461564364449	224.226554432331	223.937541951519	6052.13094972107
5	188033	188434	401	188233.5	80.8904644524047	92.9065414121642	173.797005864569	1.831768	171.965237864569	87.8097239351084	100.724821616486	188.534545551595	4.572568	183.961977551595	197.582993808732	202.475554506465	5332.99080029011
5	191920	192001	81	191960.5	1.78754120121591	50.0928545952151	51.880395796431	0.370008	51.510387796431	6.13584142562264	67.6709597547189	73.8068011803415	3.110808	70.6959931803415	59.1839185608138	77.8107009453096	1597.44159720284
5	192683	192792	109	192737.5	5.92333652757599	14.1252255737369	20.0485621013128	0.497912	19.5506501013128	7.98428403056109	20.8662809489963	28.8505649795574	3.238712	25.6118529795574	22.4631211859608	28.1893802349429	606.305311612484
5	194610	195262	652	194936	423.773767603949	689.64249563885	1113.4162632428	2.978336	1110.4379272428	425.990018686542	691.145830289361	1117.1358489759	5.719136	1111.4167129759	1275.86047522108	1223.26753736073	34436.9322766436
5	196694	196919	225	196806.5	139.627118279413	93.4578541194259	233.084972398839	1.0278	232.057172398839	143.610310088399	96.9581347977453	240.568444886144	3.7686	236.799844886144	266.626856838713	260.630922424824	7196.5635666377
5	198626	198778	152	198702	48.7160228604828	16.6712842580981	65.3873071185809	0.694336	64.6929711185809	54.8076632673117	18.7187314499132	73.5263947172249	3.435136	70.0912587172249	74.3303185615786	77.1451071776281	2006.26024249468
5	200898	201022	124	200960	29.7523857657149	17.8271108988619	47.5794966645768	0.566432	47.0130646645768	32.9754600546765	19.5636509245466	52.5391109792232	3.307232	49.2318789792232	54.0166267316545	54.1864798823313	1457.97048556457
5	201871	202184	313	202027.5	423.829868897034	128.941471984883	552.771340881916	1.429784	551.341556881916	427.498953466131	133.181569715319	560.68052318145	4.170584	556.50993918145	633.47521145924	612.516021102896	17098.2198913045
5	204960	205222	262	205091	127.599641056887	44.788132326141	172.387773383028	1.196816	171.190957383028	169.610409367287	49.5586422821021	219.16905164939	3.937616	215.23143564939	196.693368338549	236.891910275917	5308.97879218792
5	208555	208789	234	208672	92.888140988051	128.32545778631	221.213598774361	1.068912	220.144686774361	95.1955941727702	131.545231999208	226.740826171978	3.809712	222.931114171978	252.939761687299	245.366469525234	6827.13322692009
5	210338	210504	166	210421	54.2233497994122	73.520594583537	127.743944382949	0.758288	126.985656382949	58.4025461261262	79.7004370233434	138.10298314947	3.499088	134.60389514947	145.90277936678	148.150170333297	3938.08275247122
5	211587	211796	209	211691.5	67.5134561244019	42.7883862337934	110.301842358195	0.954712	109.347130358195	103.520086044816	64.9102961239067	168.430382168723	3.695512	164.734870168723	125.636632431381	181.313468293239	3391.07628657855
5	212066	212138	72	212102	23.4842412906261	13.7291164437779	37.213357734404	0.328896	36.884461734404	81.2948737736755	33.1037630119442	114.39863678562	3.069696	111.32894078562	42.3791602593927	122.532869662502	1143.86196620821
5	213227	213477	250	213352	150.630371894506	163.127259936528	313.757631831034	1.142	312.615631831034	155.583486059329	169.972617715864	325.556103775193	3.8828	321.673303775193	359.186154222802	354.045881755874	9694.84477958718
5	214776	214981	205	214878.5	80.5277560923034	107.056567557532	187.584323649835	0.93644	186.647883649835	86.8118009338814	110.600649245425	197.412450179307	3.67724	193.735210179307	214.452921401719	213.232346328088	5788.32942493942
5	221550	221791	241	221670.5	58.2942436298512	58.5130486731105	116.807292302962	1.100888	115.706404302962	64.1058775827834	66.3481292646666	130.45400684745	3.841688	126.61231884745	132.943250908811	139.354337277641	3588.29026927122
5	222327	222567	240	222447	92.5630334946158	17.0170922286606	109.580125723276	1.09632	108.483805723276	102.747268232061	26.6844150517511	129.431683283812	3.83712	125.594563283812	124.64469785138	138.234156766199	3364.30283868374
5	223102	223272	170	223187	33.7589781140626	13.1549032086796	46.9138813227423	0.77656	46.1373213227423	41.0878470378954	20.3310686128337	61.4189156507291	3.51736	57.9015556507291	53.0104234231462	63.7286560146932	1430.8119083811
5	225332	225867	535	225599.5	504.813135488444	584.768078377919	1089.58121386636	2.44388	1087.13733386636	507.850305492479	587.278236234798	1095.12854172728	5.18468	1089.94386172728	1249.08877965048	1199.63369997071	33714.3336185608
5	228242	228415	173	228328.5	18.3067219534651	57.6727293045053	75.9794512579704	0.790264	75.1891872579704	23.354338296479	78.4358078747797	101.790146171259	3.531064	98.2590821712587	86.3901617847618	108.147685802856	2331.76919304959
5	229455	229736	281	229595.5	193.020848956851	258.250252435895	451.271101392746	1.283608	449.987493392746	195.730411409827	261.828134902866	457.558546312692	4.024408	453.534138312692	517.022377458906	499.176935172482	13955.0248196037
5	234684	234831	147	234757.5	46.0523614654849	9.68352319649456	55.7358846619795	0.671496	55.0643886619795	50.6370671388245	11.6800692150834	62.3171363539079	3.412296	58.9048403539079	63.2673608874944	64.8329093463199	1707.65837214848
5	237195	237473	278	237334	229.081280117335	222.104719313887	451.185999431222	1.269904	449.916095431222	232.456457912145	225.790504267913	458.246962180059	4.010704	454.236258180059	516.940343303836	499.949715022792	13952.81062401
5	238119	238364	245	238241.5	24.2935599446927	324.80708651102	349.100646455712	1.11916	347.981486455712	27.7159388274458	339.835932912403	367.551871739849	3.85996	363.691911739849	399.820479637172	400.293161005997	10791.611659335
5	239815	239950	135	239882.5	8.69060031051566	18.7907331094866	27.4813334200023	0.61668	26.8646534200023	11.4946649416818	21.810902721678	33.3055676633598	3.35748	29.9480876633598	30.8666955965737	32.9620051749353	833.127388540502
5	241764	243078	1314	242421	354.145062724967	327.401946320203	681.54700904517	6.002352	675.54465704517	359.52028661904	331.209534081674	690.729820700714	8.743152	681.986668700714	776.180915677835	750.620485542811	20950.0099319161
5	246711	246876	165	246793.5	21.0104842727532	36.0805316237816	57.0910158965348	0.75372	56.3372958965348	23.9227513978894	38.8406952430689	62.7634466409583	3.49452	59.2689266409583	64.7298938119818	65.2336365718036	1747.13380715967
5	248247	248424	177	248335.5	39.0709005490941	45.0825391119525	84.1534396610465	0.808536	83.3449036610465	42.4932794318472	47.0959855200801	89.5892649519273	3.549336	86.0399289519273	95.7608397402905	94.69882068077	2584.6944998586
5	250455	250641	186	250548	63.6496670675416	61.4158155792752	125.065482646817	0.849648	124.215834646817	91.4271073125397	74.1169083280322	165.544015640572	3.590448	161.953567640572	142.720335765169	178.252260868027	3852.1849627745
5	251423	251613	190	251518	73.0870845915219	55.4826788258128	128.569763417335	0.86792	127.701843417335	77.2223799063571	58.6112509365843	135.833630842941	3.60872	132.224910842941	146.725657177075	145.531769655954	3960.29316495396
5	254433	254642	209	254537.5	58.1966413802072	65.7786161379016	123.975257518109	0.954712	123.020545518109	62.0953312414997	68.4746782797075	130.570009521207	3.695512	126.874497521207	141.346983758392	139.642901105098	3815.11662264806
5	258141	258361	220	258251	33.3094677532534	53.3134288265527	86.622896579806	1.00496	85.617936579806	36.697845852319	56.0093909660536	92.7072368183726	3.74576	88.9614768183726	98.372487621521	97.9143874633667	2655.18586075822
5	260173	260309	136	260241	42.6696834978021	45.2238423688654	87.8935258666675	0.621248	87.2722778666676	65.1188009297549	69.0111906458347	134.12999157559	3.362048	130.76794357559	100.273277038606	143.928176026003	2706.49033934314
5	264268	264757	489	264512.5	204.06130342939	144.221424174029	348.282727603419	2.233752	346.048975603419	208.07499594139	151.451790827473	359.526786768863	4.974552	354.552234768863	397.600081581696	390.233684654742	10731.6805783519
5	265989	266189	200	266089	32.81695640131	10.6127446142119	43.4297010155219	0.9136	42.5161010155219	43.4471014165855	16.5930824556169	60.0401838722024	3.6544	56.3857838722024	48.8497479376446	62.0603399015097	1318.510522217
5	268332	268731	399	268531.5	263.644076758691	281.965999062511	545.610075821202	1.822632	543.787443821202	271.992869190843	287.773732925549	559.766602116392	4.563432	555.203170116392	624.795758026442	611.077741331277	16863.9515242938
5	271612	271719	107	271665.5	20.8720810826842	21.8921045933081	42.7641856759923	0.488776	42.2754096759923	33.1842648674395	29.5819818380577	62.7662467054973	3.229576	59.5366707054973	48.5732006770549	65.528325880186	1311.04619561611
5	280902	281075	173	280988.5	29.868888450997	47.4946947099681	77.3635831609651	0.790264	76.5733191609651	64.7825931804688	67.4104537502899	132.193046930759	3.531064	128.661982930759	87.980488577641	141.610275582629	2374.69393061121
5	281378	281491	113	281434.5	46.0995625534275	26.5188112347322	72.6183737881597	0.516184	72.1021897881597	84.4393462509361	48.0162067303508	132.455552981287	3.256984	129.198568981287	82.8432926062041	142.200862613531	2236.03514056635
5	284518	284983	465	284750.5	138.989703587578	142.037673840549	281.027377428127	2.12412	278.903257428127	145.186446416923	147.196892755902	292.383339172825	4.86492	287.518419172825	320.451628887088	316.453715749563	8649.35567504949
5	287197	287372	175	287284.5	29.1972729708646	32.5831510123062	61.7804239831708	0.7994	60.9810239831708	39.6612141552914	40.475832931521	80.1370470868125	3.5402	76.5968470868125	70.065400622456	84.3054053547534	1891.14523337932
5	291558	291817	259	291687.5	81.6506819747344	64.3764838200136	146.027165794748	1.183112	144.844053794748	85.3839680236178	67.7211609118103	153.105128935428	3.923912	149.181216935428	166.421552050525	164.194525537096	4491.9078760119
5	292653	292915	262	292784	352.871333366652	229.124281108469	581.995614475121	1.196816	580.798798475121	357.871548617113	230.904622143728	588.776170760841	3.937616	584.838554760841	667.320714513271	643.695573661407	18011.7486972961
5	294969	295316	347	295142.5	61.0000059952385	79.5447334345158	140.544739429754	1.585096	138.959643429754	66.1254241315137	83.1021154289692	149.227539560483	4.325896	144.901643560483	159.660537841187	159.484264190291	4309.42037603032
5	298448	298638	190	298543	49.4410395714655	44.1974187107239	93.6384582821893	0.86792	92.7705382821893	54.0865466462226	49.1843336546251	103.270880300848	3.60872	99.6621603008477	106.59061632839	109.691966996641	2877.00254621526
5	303429	303792	363	303610.5	127.944349002095	144.812237791751	272.756586793846	1.658184	271.098402793846	131.927640813387	149.089636381939	281.017277195325	4.398984	276.618293195325	311.484080770779	304.456622215028	8407.31130329687
5	311390	311967	577	311678.5	138.490192074287	55.826686754886	194.316878829173	2.635736	191.681142829173	141.696465976015	64.9358967139773	206.632362689992	5.376536	201.255826689992	220.235987965742	221.509823111596	5944.42100037761
5	313757	314079	322	313918	22.4833182202501	22.0853090464969	44.568627266747	1.470896	43.097731266747	32.1161402481284	28.9950683102291	61.1112085583575	4.211696	56.8995125583575	49.5180239668807	62.6257692471795	1336.5480559504
5	316597	316750	153	316673.5	15.3471537380813	31.3064215848419	46.6535753229232	0.698904	45.9546713229232	17.5464044288304	36.4822408828185	54.0286453116489	3.439704	50.5889413116489	52.8005639525256	55.6801143382921	1425.14756144213
5	318490	318871	381	318680.5	533.209990010384	430.499022615025	963.709012625408	1.740408	961.968604625408	541.588983138634	440.753458970554	982.342442109188	4.481208	977.861234109188	1105.27359606007	1076.27129389335	29832.5974617933
5	319747	319926	179	319836.5	75.4645393897153	38.1011781978666	113.565717587582	0.817672	112.748045587582	78.6706132868331	41.7229616767162	120.393574963549	3.558472	116.835102963549	129.544183870592	128.593161332645	3496.54556546368
5	321929	322566	637	322247.5	201.366741322159	178.565515774431	379.932257096589	2.909816	377.022441096589	205.579838430255	179.930447234872	385.510285665127	5.650616	379.859669665127	433.187681242923	418.088010760365	11692.2305626357
5	326026	326183	157	326104.5	13.5358119882842	63.0936542519466	76.6294662402307	0.717176	75.9122902402307	14.941244382236	65.5396106290397	80.4808550112757	3.457976	77.0228790112757	87.2209858154856	84.7743123065661	2354.19408310262
5	327055	327256	201	327155.5	51.0399764255209	56.5934044270383	107.633380852559	0.918168	106.715212852559	53.6313361540304	58.096739077549	111.728075231579	3.658968	108.069107231579	122.612636729234	118.944972776212	3309.45518676224
5	328156	328406	250	328281	126.347112187224	142.747790208092	269.094902395316	1.142	267.952902395316	128.296357115566	144.562132027038	272.858489142604	3.8828	268.975689142604	307.869993450076	296.044881299631	8309.76295634038
5	332890	333053	163	332971.5	17.0369926873482	61.9685283188064	79.0055210061547	0.744584	78.2609370061546	18.4457251573638	66.2119261253068	84.6576512826706	3.485384	81.1722672826706	89.9195117802269	89.3412869732614	2427.03038276028
5	334506	334644	138	334575	2.15224960741644	4.85571191978964	7.00796152720607	0.630384	6.37757752720607	2.57115926290698	6.93345981000854	9.50461907291553	3.371184	6.13343507291553	7.32764875459921	6.7506920938033	197.781613906834
5	335399	336288	889	335843.5	66.7217378760088	151.460991039529	218.182728915538	4.060952	214.121776915538	70.3942225234748	154.738066573171	225.132289096646	6.801752	218.330537096646	246.019615638459	240.302899287649	6640.35057673486
5	337637	337882	245	337759.5	87.658920459224	96.4476230309085	184.106543490133	1.11916	182.987383490133	89.9493732520995	97.748253009259	187.697626261358	3.85996	183.837666261358	210.247114522535	202.338732768859	5674.80989088377
5	339515	339602	87	339558.5	5.52772740914186	2.86186596343479	8.38959337257665	0.397416	7.99217737257665	8.22368954864282	4.96651447368878	13.1902040223316	3.138216	10.0519880223316	9.1827764258247	11.0636006190089	247.85362978886
5	342363	342637	274	342500	165.458413667523	159.857084561929	325.315498229452	1.251632	324.063866229452	192.422635168561	189.135559404423	381.558194572985	3.992432	377.565762572985	372.339838388	415.563249303408	10049.877747206
5	349457	349913	456	349685	201.116635557446	355.533894736295	556.650530293741	2.083008	554.567522293741	202.65047091097	358.49006287331	561.14053378428	4.823808	556.31672578428	637.181750710468	612.303363083828	17198.2636215197
5	351354	351493	139	351423.5	66.7699389870011	13.7184161971468	80.4883551841479	0.634952	79.8534031841479	73.5374949730758	16.5393812178517	90.0768761909275	3.375752	86.7011241909275	91.749208519488	95.4265573274152	2476.41598872617
5	355048	355199	151	355123.5	59.5246719901175	40.2748282985452	99.7995002886627	0.689768	99.1097322886627	81.1425702632167	55.0737694008186	136.216339664035	3.430568	132.785771664035	113.874163548089	146.149074423294	3073.59380929601
5	359103	359510	407	359306.5	196.539030047759	170.144321673486	366.683351721244	1.859176	364.824175721244	198.880284011555	173.151090976812	372.031374988367	4.599976	367.431398988367	419.172233574179	404.408983005145	11313.9376132348
5	362245	362449	204	362347	30.7380084834315	39.280005368772	70.0180138522035	0.931872	69.0861418522035	40.1108245184056	45.4088466330472	85.5196711514528	3.672672	81.8469991514528	79.3779423525314	90.0839225498796	2142.5013770254
5	364190	364359	169	364274.5	22.2172120867432	30.2796979197855	52.4969100065287	0.771992	51.7249180065287	29.217973447992	38.5845893400584	67.8025627880503	3.512792	64.2897707880503	59.4304074541499	70.7597687448928	1604.09461412092
5	372064	372270	206	372167	67.6614595357474	62.5250411459262	130.186500681674	0.941008	129.245492681674	71.2527423115832	64.8493947201842	136.102137031767	3.681808	132.420329031767	148.49926472024	145.746854352638	4008.16485941861
5	374769	374914	145	374841.5	17.5606047561352	20.9332824933216	38.4938872494568	0.66236	37.8315272494568	21.5270961801927	26.2882059194872	47.8153020996799	3.40316	44.4121420996799	43.4673106444404	48.8816940225083	1173.23238863642
5	377678	378631	953	378154.5	383.365836237498	377.58490299219	760.950739229688	4.353304	756.597435229688	386.075398690474	380.62217299853	766.697571689004	7.094104	759.603467689004	869.308170750307	836.04848878203	23463.6209719358
5	382352	382480	128	382416	8.37279298534284	26.9754217591938	35.3482147445367	0.584704	34.7635107445367	12.6670919650695	33.2057653630066	45.8728573280761	3.325504	42.5473533280761	39.9422500355391	46.8292365223599	1078.08697437099
5	386865	387123	258	386994	138.529192973223	106.462053854526	244.991246827749	1.178544	243.812702827749	141.536062278854	110.205540138516	251.74160241737	3.919344	247.82225841737	280.13361509286	272.762610295534	7561.12640740952
5	394030	394237	207	394133.5	17.4692026493989	98.5268709557019	115.996073605101	0.945576	115.050497605101	19.8546576319893	101.084429905134	120.939087537123	3.686376	117.252711537123	132.189633429884	129.052797223856	3567.94927228265
5	396335	396594	259	396464.5	33.2811671009488	35.9460285236062	69.2271956245551	1.183112	68.0440836245551	43.2011957486812	44.8327333541546	88.0339291028358	3.923912	84.1100171028358	78.1806481383138	92.5746862428055	2110.18503791858
5	399225	399431	206	399328	58.3805456190344	74.7993240571005	133.179869676135	0.941008	132.238861676135	60.4243927278708	77.9616969469495	138.38608967482	3.681808	134.70428167482	151.938557538046	148.260659564038	4100.99530298715
5	400822	401139	317	400980.5	220.462181454868	163.500568540955	383.962749995823	1.448056	382.514693995823	225.131889087426	170.180422505577	395.312311593003	4.188856	391.123455593003	439.498118073418	430.485362278013	11862.5564642435
5	402143	402251	108	402197	20.0683625576955	18.800533335373	38.8688958930685	0.493344	38.3755518930685	39.155202492178	35.1706106509221	74.3258131431001	3.234144	71.0916691431001	44.0923789380404	78.2461969702529	1190.1036962073
5	404399	404640	241	404519.5	93.4904548708439	72.5721727232667	166.062627594111	1.100888	164.961739594111	95.9839123427945	74.2310109579951	170.21492330079	3.841688	166.37323530079	189.536180553944	183.116715317512	5115.79811466364
5	406401	406971	570	406686	73.4330925666943	12.8730967132935	86.3061892799878	2.60376	83.7024292799878	76.7035679482084	14.9813453065262	91.6849132547346	5.34456	86.3403532547346	96.1716261470721	95.0294791032751	2595.7820944234
5	409379	409723	344	409551	489.391080023945	668.724713502798	1158.11579352674	1.571392	1156.54440152674	491.776134997316	670.73825991323	1162.51439491055	4.312192	1158.20220291055	1328.83545630512	1274.76142834544	35866.7875557887
5	414229	414487	258	414358	153.082528414507	97.5960495011051	250.678577915612	1.178544	249.500033915612	157.251724510724	100.63321950514	257.884944015865	3.919344	253.965600015865	286.668191016899	279.524205888454	7737.50207929772
5	415690	415860	170	415775	58.332744517262	62.7013452095762	121.034089726838	0.77656	120.257529726838	63.9680744065442	67.2860508829158	131.25412528946	3.51736	127.73676528946	138.172359986988	140.591945830718	3729.4298991051
5	416511	416879	368	416695	169.221900412506	118.706036067297	287.927936479802	1.681024	286.246912479802	174.874430698242	122.517023907136	297.391454605378	4.421824	292.969630605378	328.889272265638	322.453526537793	8877.09731235606
5	422603	422816	213	422709.5	91.1668013127206	24.2321585294453	115.398959842166	0.972984	114.425975842166	96.9952356528866	31.8274335936998	128.822669246586	3.713784	125.108885246586	131.472076316879	137.699601032413	3548.58158578002
5	424449	424566	117	424507.5	5.84883481037846	5.77423309087597	11.6230679012544	0.534456	11.0886119012544	10.1870348019839	8.87580457930738	19.0628393812913	3.275256	15.7875833812913	12.7404885070926	17.376415180944	343.880344607492
5	430774	431351	577	431062.5	98.0416597720208	100.542117405319	198.58377717734	2.635736	195.94804117734	114.293734367713	106.910564192286	221.204298559999	5.376536	215.827762559999	225.138528504617	237.548250371299	6076.74617213394
5	432262	432432	170	432347	44.7857322708219	32.6987536768436	77.4844859476655	0.77656	76.7079259476655	47.823102279467	36.293836540268	84.116938819735	3.51736	80.599578819735	88.1351478112949	88.7109642531231	2378.86836007175
5	432874	433062	188	432968	104.730413941785	59.9532818691895	164.683695810974	0.858784	163.824911810974	106.480554280944	62.5277412081602	169.008295489104	3.599584	165.408711489104	188.229998911501	182.055123698391	5080.54277943271
5	435623	435763	140	435693	26.0894013372205	9.65342250270066	35.7428238399212	0.63952	35.1033038399212	28.1198481371919	10.6601457067645	38.7799938439563	3.38032	35.3996738439563	40.3326622949894	38.9622284251256	1088.62464741579
5	438977	439466	489	439221.5	184.68315678055	130.433806381847	315.116963162397	2.233752	312.883211162397	195.113197183594	136.022235190102	331.135432373696	4.974552	326.160880373696	359.493594994139	358.985079367605	9703.14295734817
5	442214	442558	344	442386	60.2794893879792	7.84938092116583	68.128870309145	1.571392	66.557478309145	68.8858877577159	16.2354742130688	85.1213619707847	4.312192	80.8091699707847	76.4725824124837	88.9416482514865	2064.08239200483
5	451362	451566	204	451464	35.1852109874468	40.693037937901	75.8782489253477	0.931872	74.9463769253477	39.6919148629151	44.3047211839493	83.9966360468644	3.672672	80.3239640468644	86.1111798635141	88.4076121435737	2324.23915217521
5	453141	453387	246	453264	253.360539732418	62.7810470466318	316.14158677905	1.123728	315.01785877905	258.205551405576	65.5851116777979	323.790663083374	3.864528	319.926135083374	361.946242238793	352.122881392426	9769.34270936103
5	456055	456286	231	456170.5	63.0085522904229	41.2203500919715	104.228902382394	1.055208	103.173694382394	67.0626457336281	43.2979979798855	110.360643713514	3.796008	106.564635713514	118.543536307234	117.289094159806	3199.62551621382
5	460284	460434	150	460359	13.6436144730344	21.1488874628221	34.7925019358566	0.6852	34.1073019358566	15.9814683584624	23.4867413482501	39.4682097067126	3.426	36.0422097067126	39.1882854401784	39.6694278520581	1057.73660831319
5	461003	461104	101	461053.5	3.42267888966801	13.8839200118608	17.3065989015288	0.461368	16.8452309015288	4.8314113596836	16.6406835527794	21.472094912463	3.202168	18.269926912463	19.3546742019143	20.1085769550179	522.404775186982
5	461386	462269	883	461827.5	111.287465075912	301.759955295387	413.047420371299	4.033544	409.013876371299	128.820469195877	321.408508176848	450.228977372725	6.774344	443.454633372725	469.944898203211	488.083048386567	12684.3498544572
5	462981	463125	144	463053	4.58510568255941	17.1619955685522	21.7471012511116	0.657792	21.0893092511116	8.43349438445546	28.1127479735395	36.5462423579949	3.398592	33.1476503579949	24.2309952344813	36.4835656593172	654.022252504463
5	463474	463647	173	463560.5	8.62709884686408	8.22188950715348	16.8489883540176	0.790264	16.0587243540176	12.0394774991209	11.9824761852919	24.0219536844128	3.531064	20.4908896844128	18.451001341997	22.5530531167434	498.013611982539
5	464976	465069	93	465022.5	10.2179355142175	6.06503979370874	16.2829753079263	0.424824	15.8581513079263	21.5102957929589	10.6770460963032	32.1873418892621	3.165624	29.0217178892621	18.2205488190558	31.9424073418132	491.793435027744
5	467551	468168	617	467859.5	215.684871342169	147.517600147918	363.202471490088	2.818456	360.384015490088	218.134227797631	149.159737997718	367.293965795349	5.559256	361.734709795349	414.070620234434	398.138990050303	11176.2392390831
5	472558	472711	153	472634.5	13.110502185276	33.4996721372932	46.6101743225692	0.698904	45.9112703225692	17.5602047469153	42.000268068379	59.5604728152943	3.439704	56.1207688152943	52.750697481309	61.768654242798	1423.8016083967
5	474004	474979	975	474491.5	125.506992823229	156.004895772444	281.511888595673	4.4538	277.058088595673	126.905625060443	159.603278711932	286.508903772376	7.1946	279.314303772376	318.331584240124	307.423954072452	8592.13324724575
5	482899	483299	400	483099	69.653205443698	118.730036620488	188.383242064186	1.8272	186.556042064186	70.5822268568054	119.76716052526	190.349387382066	4.568	185.781387382066	214.347398124607	204.478066216776	5785.48123109842
5	484287	484759	472	484523	131.147122823149	108.281495791025	239.428618614175	2.156096	237.272522614175	133.518777487655	109.798430755011	243.317208242666	4.896896	238.420312242666	272.619140640388	262.414470476102	7358.30215441312
5	490861	491676	815	491268.5	166.692242106158	179.575739059168	346.267981165327	3.72292	342.545061165327	179.113328401019	196.98394030254	376.097268703558	6.46372	369.633548703558	393.574187085082	406.832752800534	10623.0170851052
5	503874	504020	146	503947	20.5544737621213	22.0249076542991	42.5793814164204	0.666928	41.9124534164204	26.071900933852	28.8433648136001	54.915265747452	3.407728	51.507537747452	48.156174624125	56.6911565394161	1299.79018587111
5	509933	510132	199	510032.5	34.1514871610429	15.0530469591847	49.2045341202277	0.909032	48.2955021202277	37.2191578680918	17.1137944575599	54.3329523256517	3.649832	50.6831203256517	55.4901095995089	55.7837713457721	1497.7414720608
5	512301	512421	120	512361	12.8670965749957	9.33921526050651	22.2063118355022	0.54816	21.6581518355022	17.208596642665	12.0621780223475	29.2707746650125	3.28896	25.9818146650125	24.8845786111305	28.5965741475418	671.66321475381
5	517613	517786	173	517699.5	34.1886880184892	9.94382919631358	44.1325172148028	0.790264	43.3422532148028	39.2569048363255	12.2815830794366	51.5384879157621	3.531064	48.0074239157621	49.7989724838528	52.8387980339287	1344.1311774908
5	522705	523109	404	522907	113.239710073402	104.194401587182	217.434111660584	1.845472	215.588639660584	115.391759676209	106.873363334839	222.265123011048	4.586272	217.678851011048	247.704997732374	239.585628777179	6685.84096550041
5	525800	525884	84	525842	12.8773968124069	3.12877211538138	16.0061689277883	0.383712	15.6224569277883	24.5103649418527	6.80125676284729	31.3116217047	3.124512	28.1871097047	17.9497429176432	31.0238058067897	484.484074272254
5	526804	526914	110	526859	16.1548723552685	8.4775954009442	24.6324677562127	0.50248	24.1299877562127	21.138387220801	11.5417660273194	32.6801532481204	3.24328	29.4368732481204	27.7246452867139	32.3993431315341	748.319859949493
5	541456	541592	136	541524	16.0838707187447	10.2448361342526	26.3287068529973	0.621248	25.7074588529973	23.1794342650984	14.6609379214243	37.8403721865228	3.362048	34.4783241865228	29.5371131192819	37.9481559234811	797.240438034588
5	546594	546653	59	546623.5	9.27251372309611	3.54778177317689	12.820295496273	0.269512	12.550783496273	15.8039642671529	7.8692813798535	23.6732456470064	3.010312	20.6629336470064	14.4204806077832	22.7424112503602	389.225251296254
5	559155	559265	110	559210	5.47412617368162	6.58895186941057	12.0630780430922	0.50248	11.5605980430922	9.27181370696136	11.6097675946943	20.8815813016557	3.24328	17.6383013016557	13.2827866837391	19.4133857666496	358.517592132295
5	570500	570689	189	570594.5	62.4001382670273	255.332885193205	317.733023460233	0.863352	316.869671460233	92.3772292119943	268.205981906499	360.583211118493	3.604152	356.979059118493	364.073920472282	392.904739904425	9826.7711763887
5	571643	571960	317	571801.5	4.11189477547389	9.5185193933054	13.6304141687793	1.448056	12.1823581687793	5.10521767067264	10.8191493716558	15.9243670423285	4.188856	11.7355110423285	13.9971707568789	12.9165501335501	377.79963466282
6	4171	4493	322	4332	2.41905575705806	101.308135061336	103.727190818394	1.470896	102.256294818394	5.37512389176812	150.746274565958	156.121398457726	4.211696	151.909702457726	117.489471226263	167.19760055533	3876.23816817796
6	16562	16695	133	16628.5	21.2800904869338	8.23068970999024	29.510780196924	0.607544	28.903236196924	29.5712815914267	12.4776875994693	42.048969190896	3.348344	38.700625190896	33.2089671695548	42.5953811193176	1095.63746201985
6	27455	27758	303	27606.5	8.82190333693225	11.4270633835267	20.2489667204589	1.384104	18.8648627204589	31.7746323766793	27.1254252166385	58.9000575933178	4.124904	54.7751535933178	21.6751716822822	60.2876189123009	715.111974713623
6	27961	28190	229	28075.5	47.4913946339043	37.2669589698642	84.7583536037685	1.046072	83.7122816037685	55.5564805268756	45.8927577867638	101.449238313639	3.786872	97.6623663136394	96.1829461769383	107.490917617591	3173.28866329526
6	30706	31532	826	31119	184.306848106974	191.001402410425	375.308250517399	3.773168	371.535082517399	187.40851959771	193.663563770849	381.072083368559	6.513968	374.558115368559	426.882867842018	412.252918312292	14083.8123484602
6	32041	32331	290	32186	65.3504062680495	67.0123445742317	132.362750842281	1.32472	131.038030842281	77.5955885084795	72.5091712711399	150.104759779619	4.06552	146.039239779619	150.558838275264	160.736345888584	4967.26991268181
6	36057	36263	206	36160	32.1705415020283	51.4340855093806	83.6046270114089	0.941008	82.6636190114089	37.0761545719946	58.7892550394186	95.8654096114132	3.681808	92.1836016114132	94.9780637421708	101.460780652019	3133.5369201555
6	36509	36830	321	36669.5	194.06677306446	196.26282368145	390.329596745911	1.466328	388.863268745911	202.959178026391	211.94018503052	414.899363056911	4.207128	410.692235056911	446.79244349126	452.023505788447	14740.6733951424
6	40206	40429	223	40317.5	48.4344163697066	71.2537423346328	119.688158704339	1.018664	118.669494704339	52.2147035019228	74.8011240985899	127.015827600513	3.759464	123.256363600513	136.34775451489	135.660645197537	4498.41474882588
6	42648	42761	113	42704.5	24.3290607629546	17.3000987517062	41.6291595146608	0.516184	41.1129755146608	32.6675529576951	22.5166189878028	55.1841719454979	3.256984	51.9271879454979	47.2375980601918	57.1530395202308	1558.47310114572
6	44453	44697	244	44575	65.6828139297469	130.726613130779	196.409427060526	1.114592	195.294835060526	70.4365234984742	136.128937649498	206.565461147972	3.855392	202.710069147972	224.38801391378	223.110417712639	7403.0581203247
6	47745	47920	175	47832.5	44.2924209004388	52.1074010286973	96.3998219291362	0.7994	95.6004219291361	66.7820392659016	70.4577239871263	137.239763253028	3.5402	133.699563253028	109.84206929666	147.154828227135	3623.93342173958
6	48940	49183	243	49061.5	149.326141833177	112.366589948769	261.692731781946	1.110024	260.582707781946	171.741758492967	129.291080043034	301.032838536	3.850824	297.182014536	299.401856896747	327.089836624793	9877.9311304544
6	54497	54594	97	54545.5	64.6447900042296	32.9455593654925	97.5903493697222	0.443096	97.1472533697222	74.3080127328167	42.1930725123479	116.501085245165	3.183896	113.317189245165	111.619333066616	124.721211594356	3682.56929428303
6	54867	55261	394	55064	117.509708493023	166.613940301372	284.123648794395	1.799792	282.323856794395	129.095375532221	184.72485774172	313.820233273941	4.540592	309.279641273941	324.381796819865	340.404945075884	10702.0747371807
6	56053	56272	219	56162.5	118.700935949743	207.510682934483	326.211618884227	1.000392	325.211226884227	120.778683839962	209.666132615658	330.444816455621	3.741192	326.703624455621	373.658121989755	359.582444162251	12327.8099661974
6	64087	64180	93	64133.5	15.0566470421634	10.775348362082	25.8319954042454	0.424824	25.4071714042454	19.6111520194041	13.5794129932481	33.1905650126522	3.165624	30.0249410126522	29.1920916843434	33.0465928963806	963.111833041498
6	65027	65262	235	65144.5	58.1535403867681	74.1956101420381	132.349150528806	1.07348	131.275670528806	61.0658075119043	78.0198982884381	139.085705800342	3.81428	135.271425800342	150.831879276424	148.884879975389	4976.27814073093
6	74484	75058	574	74771	837.683307846335	999.849845639083	1837.53315348542	2.622032	1834.91112148542	841.56189724433	1004.20464601331	1845.76654325764	5.362832	1840.40371125764	2108.25883915882	2025.61837458034	69556.1338003473
6	75585	75689	104	75637	6.05883965080103	2.64226090173576	8.70110055253679	0.475072	8.22602855253679	8.78870257168449	5.07461696535392	13.8633195370384	3.215872	10.6474475370384	9.45146454451656	11.7189860254449	311.8247722988
6	76216	76911	695	76563.5	445.908877798318	166.600940001727	612.509817800045	3.17476	609.335057800045	459.803198049895	174.817929395937	634.621127445832	5.91556	628.705567445832	700.108036064626	691.977277501238	23098.1164773103
6	80250	80432	182	80341	19.0939400981348	49.3265369322827	68.4204770304175	0.831376	67.5891010304175	21.9150051211447	55.9517896383949	77.8667947595395	3.572176	74.2946187595395	77.6578865372084	81.7714852296866	2562.10586968982
6	81960	82407	447	82183.5	59.6658752447254	59.2672660571424	118.933141301868	2.041896	116.891245301868	70.3395212626599	69.6704058401516	140.009927102812	4.782696	135.227231102812	134.30459832215	148.836237609136	4431.00649568468
6	87327	87519	192	87423	16.725885516608	73.3595908725464	90.0854763891543	0.877056	89.2084203891543	19.0164383117884	85.6522742078339	104.668712519622	3.617856	101.050856519622	102.497847776179	111.220418911975	3381.63126924781
6	90404	90837	433	90620.5	81.573080186083	60.2098877837248	141.782967969808	1.977944	139.805023969808	92.4630311896527	73.8369018741354	166.299933063788	4.718744	161.581189063788	160.631855184655	177.84240683284	5299.60107568185
6	93789	93890	101	93839.5	0.773617831194757	5.41612483680301	6.18974266799776	0.461368	5.72837466799776	1.51683496168072	12.3223840198616	13.8392189815423	3.202168	10.6370509815423	6.58173378885139	11.7075431807492	217.145991541661
6	95073	96568	1495	95820.5	1354.10491089951	1024.05910364069	2378.1640145402	6.82916	2371.3348545402	1356.38196338352	1026.3360561224	2382.71801950592	9.56996	2373.14805950592	2724.59391038113	2611.97708172949	89890.394415562
6	98812	99018	206	98915	29.3091755501183	26.5786126131001	55.8877881632185	0.941008	54.9467801632185	32.765455214254	30.1394946882272	62.9049499024811	3.681808	59.2231419024811	63.1322321860713	65.1832441459638	2082.87232453916
6	103246	103671	425	103458.5	88.0744300363458	115.66036586734	203.734795903685	1.9414	201.793395903685	93.3249510561299	123.427744898436	216.752695954566	4.6822	212.070495954566	231.854668935365	233.412859735207	7649.39962549284
6	106314	106871	557	106592.5	150.339565191673	180.658664019614	330.998229211287	2.544376	328.453853211287	157.424428491396	183.493329356099	340.917757847494	5.285176	335.632581847494	377.383804141912	369.409994524266	12450.7284814478
6	107808	107958	150	107883	3.88198947636366	18.7432320146291	22.6252214909928	0.6852	21.9400214909928	7.11856407649529	23.5947438376103	30.7133079141056	3.426	27.2873079141056	25.2084385440288	30.0334497075495	831.682282886048
6	109999	110180	181	110089.5	34.3073907544804	47.1001856168886	81.407576371369	0.826808	80.580768371369	37.516964732272	51.2655816255177	88.7825463577897	3.567608	85.2149383577897	92.5849296981867	93.7908046318353	3054.58212168686
6	111863	112067	204	111965	39.7468161283398	42.7915863075522	82.538402435892	0.931872	81.606530435892	43.9431128492026	46.5990740667183	90.542186915921	3.672672	86.8695149159209	93.7635001009067	95.6118945686787	3093.46577254703
6	114015	114248	233	114131.5	159.878485055191	140.995749825138	300.874234880329	1.064344	299.809890880329	173.218092521137	153.108829020712	326.326921541849	3.805144	322.521777541849	344.472735008554	354.979744278306	11364.9193361791
6	114520	114801	281	114660.5	105.603434064113	114.452338023385	220.055772087498	1.283608	218.772164087498	120.571379061774	133.62747999315	254.198859054924	4.024408	250.174451054924	251.362773541855	275.351523042252	8293.01525228259
6	115725	116238	513	115981.5	161.066512438153	172.286971059626	333.353483497778	2.343384	331.010099497778	164.323387506192	175.466044334403	339.789431840595	5.084184	334.705247840595	380.320855841833	368.389335419822	12547.6283294284
6	118937	119376	439	119156.5	147.510699988876	129.740990413063	277.251690401939	2.005352	275.246338401939	160.086489849514	139.002203875698	299.088693725212	4.746152	294.342541725212	316.249936624846	323.964604772417	10433.7866383645
6	123223	123294	71	123258.5	7.61937561975064	4.78451027865589	12.4038858984065	0.324328	12.0795578984065	19.6850537227719	9.16301119916148	28.8480649219334	3.065128	25.7829369219333	13.8790562737612	28.3776817337676	457.900840859492
6	129950	130146	196	130048	61.0488071200605	22.7642246948915	83.8130318149521	0.895328	82.9177038149521	67.1506477619957	26.1729032618647	93.3235510238604	3.636128	89.6874230238604	95.269999698465	98.7133914882977	3143.16853467074
6	131245	131795	550	131520	97.2075405463233	85.9745816367301	183.182122183053	2.5124	180.669722183053	101.917249100867	89.5489640230272	191.466213123894	5.2532	186.213013123894	207.584189937462	204.953129936894	6848.66270779531
6	137090	137597	507	137343.5	140.130829889512	191.967124669454	332.097954558966	2.315976	329.781978558966	145.904962978083	196.436827692086	342.341790670169	5.056776	337.285014670169	378.909781052167	371.228724984271	12501.073843305
6	144187	144346	159	144266.5	6.59195193855946	4.89251276801607	11.4844647065755	0.726312	10.7581527065755	16.5828822205107	8.6867002206221	25.2695824411328	3.467112	21.8024704411328	12.3608006246631	23.9966288193497	407.810220528484
6	155925	156228	303	156076.5	30.728408262155	18.7636324848416	49.4920407469967	1.384104	48.1079367469966	33.052761836413	21.179188161226	54.231949997639	4.124904	50.107045997639	55.2746025095991	55.1497220136561	1823.63169858815
6	157824	158013	189	157918.5	26.9333207888043	23.4667408872575	50.4000616760619	0.863352	49.5367096760619	43.925812450444	36.3502378402672	80.2760502907112	3.604152	76.6718982907112	56.9162205267236	84.3880095663847	1877.7923169749
6	160171	160503	332	160337	92.0355213359353	79.4209305809715	171.456451916907	1.516576	169.939875916907	99.9447036354691	84.377344821859	184.322048457328	4.257376	180.064672457328	195.255912579207	198.186032179379	6441.9255019403
6	162112	162444	332	162278	83.6771286825072	102.574064239865	186.251192922372	1.516576	184.734616922372	86.1837864587129	104.695713141962	190.879499600675	4.257376	186.622123600675	212.254634278919	205.403412499319	7002.75102251622
6	164798	165001	203	164899.5	50.9864751923656	31.7965328814662	82.7830080738319	0.927304	81.8557040738318	52.4290084414588	33.3133678431469	85.7423762846057	3.668104	82.0742722846057	94.04979327256	90.3340680107624	3102.91121908508
6	167308	167758	450	167533	81.4096764197732	61.6564211250165	143.06609754479	2.0556	141.01049754479	85.1867634782306	65.0788000077696	150.265563486	4.7964	145.469163486	162.016908820261	160.10889822142	5345.29706623552
6	169291	169855	564	169573	157.801837190326	44.0311148775702	201.832952067897	2.576352	199.256600067897	160.403197149332	46.260866271333	206.664063420665	5.317152	201.346911420665	228.939965230472	221.610074433068	7553.237087421
6	173368	174158	790	173763	163.238462499647	140.594940586846	303.833403086493	3.60872	300.224683086493	165.653918173726	142.503684581677	308.157602755403	6.34952	301.808082755403	344.949319037513	332.181463385794	11380.6429000365
6	176488	176962	474	176725	57.9953367403164	92.2217256277767	150.217062368093	2.165232	148.051830368093	60.6912988798173	95.8503092633638	156.541608143181	4.906032	151.635576143181	170.107192862014	166.895886699668	5612.21347556765
6	181954	182246	292	182100	26.3520073900537	68.2708735821927	94.6228809722463	1.333856	93.2890249722464	31.0550157901646	79.0493220157285	110.104337805893	4.074656	106.029681805893	107.186342265466	116.700303527511	3536.31509836869
6	183991	184448	457	184219.5	95.1761937256073	12.8604964228682	108.036690148475	2.087576	105.949114148475	101.342335849634	15.516057631164	116.858393480798	4.828376	112.030017480798	121.73241188039	123.304501357796	4016.22218833894
6	191417	191787	370	191602	247.091595238889	205.66074029497	452.752335533859	1.69016	451.062175533859	252.284614933319	209.532729540838	461.817344474157	4.43096	457.386384474157	518.257155588898	503.416863923081	17098.4527077859
6	192321	192783	462	192552	1166.13797843089	628.936196413288	1795.07417484417	2.110416	1792.96375884417	1178.25755777628	639.224833557115	1817.4823913334	4.851216	1812.6311753334	2060.06255486348	1995.05086445595	67966.0315145842
6	194149	194847	698	194498	143.046197086102	164.595693782606	307.641890868709	3.188464	304.453426868709	166.475837118218	183.267524151492	349.74336126971	5.929264	343.81409726971	349.808021103789	378.414881805127	11540.9422545279
6	196280	196808	528	196544	205.632839651886	128.634464908646	334.267304560531	2.411904	331.855400560531	226.899629832259	136.489845968109	363.389475800369	5.152704	358.236771800369	381.292081868224	394.289026353515	12579.6712295635
6	199029	199930	901	199479.5	176.3162639312	150.896478028013	327.212741959213	4.115768	323.096973959213	187.432220143986	160.397997029474	347.830217173461	6.856568	340.973649173461	371.228907645155	375.288576516451	12247.6647986097
6	203285	204252	967	203768.5	822.601860232541	897.651990070489	1720.25385030303	4.417256	1715.83659430303	830.66024597108	904.97355882606	1735.63380479714	7.158056	1728.47574879714	1971.44571425515	1902.42619886233	65042.3654505177
6	204649	205167	518	204908	157.979841293161	166.538838570345	324.518679863506	2.366224	322.152455863506	170.853238013369	172.353272587816	343.206510601185	5.107024	338.099486601185	370.143684169913	372.12516379221	12211.8608698675
6	205723	205980	257	205851.5	80.9623661096731	255.516789432033	336.479155541706	1.173976	335.305179541706	95.0618910910345	276.904282394497	371.966173485531	3.914776	368.051397485531	385.255776319167	405.091376949683	12710.4422983017
6	206321	206569	248	206445	219.720664363566	318.90585049284	538.626514856407	1.132864	537.493650856406	237.283569172716	340.790554915581	578.074124088297	3.873664	574.200460088297	617.564375266538	631.986881754616	20374.8180814013
6	207113	207460	347	207286.5	322.549034464952	259.031170435352	581.580204900304	1.585096	579.995108900304	340.084538642541	275.72925531118	615.813793953722	4.325896	611.487897953722	666.397298861032	673.026855114382	21985.9245092799
6	209946	211219	1273	210582.5	805.70907086895	856.597543802452	1662.3066146714	5.815064	1656.4915506714	808.96274586323	859.04360018185	1668.00634604508	8.555864	1659.45048204508	1903.26000687584	1826.45436301565	62792.7677741532
6	212974	213234	260	213104	292.216635330451	136.781452689382	428.998088019833	1.18768	427.810408019833	309.904943030024	149.685550117214	459.590493147238	3.92848	455.662013147238	491.54155949625	501.518955207161	16217.0459555118
6	220157	220328	171	220242.5	60.9404046214805	48.5089180869041	109.449322708385	0.781128	108.668194708385	67.2581502398311	60.9865056840685	128.2446559239	3.521928	124.7227279239	124.856555364883	137.274581585034	4119.29460913601
6	221540	221855	315	221697.5	32.1030399461782	55.1528712240444	87.2559111702226	1.43892	85.8169911702226	37.8364720966292	83.6337276821532	121.470199778782	4.17972	117.290479778782	98.6011954836115	129.094366388172	3253.07206996874
6	223863	224171	308	224017	57.7207304108876	81.1983715493861	138.919101960274	1.406944	137.512157960274	59.4875711349762	86.5873957615441	146.07496689652	4.147744	141.92722289652	157.997419666223	156.210503594287	5212.68520652721
6	224907	225562	655	225234.5	54.359252931857	133.191669948121	187.550922879978	2.99204	184.558882879978	59.5116716904723	146.541177642258	206.052849332731	5.73284	200.320009332731	212.0527210397	220.479826908847	6996.08945704696
6	225971	226956	985	226463.5	490.539306489532	568.862811775838	1059.40211826537	4.49948	1054.90263826537	495.407818704357	572.694100083585	1068.10191878794	7.24028	1060.86163878794	1212.05206373948	1167.62469846782	39988.2850969513
6	228992	229637	645	229314.5	161.685326701265	119.839262187139	281.524588888403	2.94636	278.578228888403	167.527061347991	127.119729995369	294.64679134336	5.68716	288.95963134336	320.078180667266	318.039968720282	10560.0888977878
6	233604	234166	562	233885	311.890088785847	269.403009496908	581.293098282755	2.567216	578.725882282755	315.21796549041	272.004469458218	587.222434948629	5.308016	581.914418948629	664.938994857088	640.477158487196	21937.8118266549
6	237419	237580	161	237499.5	57.7656314458161	46.9593823715005	104.725013817317	0.735448	103.989565817317	64.7559925673486	53.2639276855959	118.019920252945	3.476248	114.543672252945	119.48094855797	126.071125475465	3941.94142110483
6	238248	238437	189	238342.5	44.5296263678114	35.9426284452375	80.4722548130489	0.863352	79.6089028130489	49.1782335140224	41.9799676004715	91.1582011144938	3.604152	87.5540491144938	91.4682847938037	96.3653189625636	3017.74153032582
6	239758	239877	119	239817.5	8.87300451476841	10.913751552151	19.7867560669194	0.543592	19.2431640669194	26.625013682603	46.7541776417161	73.3791913243192	3.284392	70.0947993243192	22.1098287881235	77.1490041045597	729.452276411698
6	241464	241978	514	241721	165.795921446774	164.385488937574	330.181410384348	2.347952	327.833458384348	173.262693549151	171.156244997407	344.418938546558	5.088752	339.330186546558	376.670988756825	373.479718995339	12427.21112135
6	244083	244286	203	244184.5	59.5045715268199	73.365991020064	132.870562546884	0.927304	131.943258546884	70.144016756457	90.8177932683993	160.961810024856	3.668104	157.293706024856	151.598918248257	173.123439808791	5001.58445718692
6	245183	245403	220	245293	153.144829850499	195.709310923479	348.854140773978	1.00496	347.849180773978	168.809090897618	209.231222591374	378.040313488992	3.74576	374.294553488992	399.668464305355	411.962832075873	13185.9488325894
6	245880	246117	237	245998.5	134.199493177539	134.090490665129	268.289983842668	1.082616	267.207367842668	143.476807011273	144.344727016048	287.821534027322	3.823416	283.998118027322	307.013396205602	312.579138318117	10129.0526895152
6	248103	248354	251	248228.5	258.308253772773	77.9671970737225	336.275450846496	1.146568	335.128882846496	261.65273085996	80.9741663816588	342.626897241619	3.887368	338.739529241619	385.053216608433	372.829619083757	12703.7594043037
6	251919	252057	138	251988	41.7515623359357	52.8353178065239	94.5868801424596	0.630384	93.9564961424596	103.446684352973	94.5284787963611	197.975163149334	3.371184	194.603979149334	107.953246982544	214.188546523832	3561.61698546262
6	253538	253622	84	253580	1.7973414271023	12.1574802189774	13.9548216460797	0.383712	13.5711096460797	12.247882302664	29.8760886169543	42.1239709196184	3.124512	38.9994589196184	15.5928053045857	42.9242888954439	514.441221326155
6	255290	256297	1007	255793.5	120.690081797765	297.233550965841	417.923632763606	4.599976	413.323656763606	126.636918867007	304.4642176262	431.101136493207	7.340776	423.760360493207	474.896708947897	466.406782046347	15667.8954288668
6	261111	261270	159	261190.5	29.8747885869898	39.1023012728525	68.9770898598423	0.726312	68.2507778598423	32.3680460543305	43.6228054664057	75.9908515207362	3.467112	72.5237395207362	78.4181337273677	79.8223881357497	2587.1881102088
6	261593	261750	157	261671.5	38.8318950402322	43.2889977724388	82.120892812671	0.717176	81.403716812671	44.389623140863	49.7287462028444	94.1183693437074	3.457976	90.6603933437074	93.5304732208301	99.7842796557947	3085.77769907681
6	262836	264117	1281	263476.5	374.920441578752	445.255262733079	820.175704311831	5.851608	814.324096311831	376.626480901423	447.718119499711	824.344600401134	8.592408	815.752192401134	935.634404242767	897.847912348951	30868.6536021754
6	268444	268575	131	268509.5	8.55229712275166	11.6097675946943	20.162064717446	0.598408	19.563656717446	18.3744235139251	22.5905206911706	40.9649442050957	3.339208	37.6257362050957	22.4780654048437	41.4123173888151	741.601218897812
7	20533	20665	132	20599	8.17338838924637	2.26365217514536	10.4370405643917	0.602976	9.83406456439173	14.6162368911058	7.5817747530845	22.1980116441903	3.343776	18.8542356441903	11.2990505643421	20.7516893852824	105.67447151968
7	23470	23575	105	23522.5	20.7173775169062	8.39039339101635	29.1077709079226	0.47964	28.6281309079226	32.2664437124879	13.3807084132864	45.6471521257743	3.22044	42.4267121257743	32.8928792945372	46.6964542232267	307.630947964807
7	38868	38984	116	38926	7.5280735153193	7.53507367666672	15.063147191986	0.529888	14.533259191986	9.51111922273813	9.08580941972995	18.5969286424681	3.270688	15.3262406424681	16.6982867968487	16.8686438028364	156.170876702664
7	41222	41435	213	41328.5	47.2530891411772	43.8772113302319	91.1303004714091	0.972984	90.1573164714091	49.5167413163225	45.8164560280769	95.3331973443994	3.713784	91.6194133443994	103.58810142903	100.839813571049	968.808645638377
7	43245	43325	80	43285	6.30474531870536	2.87526627229985	9.18001159100521	0.36544	8.81457159100521	9.38611634153422	4.60840621961582	13.99452256115	3.10624	10.88828256115	10.1276831627088	11.9840582197134	94.7192474131857
7	45237	45435	198	45336	11.4814646374266	11.9446753140158	23.4261399514425	0.904464	22.5216759514425	13.6808153304807	13.8500192304783	27.530834560959	3.645264	23.885570560959	25.876742388951	26.2893680987805	242.012464766992
7	53636	53796	160	53716	9.386716355364	16.0262693910859	25.4129857464499	0.73088	24.6821057464499	12.1604802881263	18.2899215662313	30.4504018543575	3.47168	26.9787218543575	28.3590125972318	29.6938081447003	265.227919104097
7	56151	56389	238	56270	26.9106202655777	41.0218455166197	67.9324657821974	1.087184	66.8452817821974	28.2586513364807	42.7583855423044	71.0170368787851	3.827984	67.1890528787851	76.8032601270055	73.9508289672562	718.303177660166
7	67258	67303	45	67280.5	4.85881199124349	5.45352569885921	10.3123376901027	0.20556	10.1067776901027	16.5864823034894	15.4578562896755	32.0443385931648	2.94636	29.0979785931648	11.6123899141899	32.0263427751852	108.604980593247
7	74490	74733	243	74611.5	25.0620776583343	46.0963624796687	71.158440138003	1.110024	70.048416138003	27.8966429925142	51.5628884781731	79.4595314706873	3.850824	75.6087074706873	80.483567167258	83.2178212823946	752.723282189673
7	75675	76836	1161	76255.5	258.03334743643	235.286923151822	493.320270588252	5.303448	488.016822588252	260.249698521328	236.462650251273	496.712348772601	8.044248	488.668100772601	560.71695671395	537.846711534743	5244.11035559607
7	79017	79200	183	79108.5	9.59602117965182	9.84592693975468	19.4419481194065	0.835944	18.6060041194065	10.9879532624336	12.9608987370512	23.9488519994848	3.576744	20.3721079994848	21.3777507732414	22.4223174732093	199.935605419008
7	80404	80660	256	80532	5.69313122155087	27.5994361421637	33.2925673637146	1.169408	32.1231593637146	7.64927630893461	30.4035007733298	38.0527770822645	3.910208	34.1425690822645	36.9085640591868	37.578611076128	345.187675663076
7	81224	81452	228	81338	55.1087702075557	60.7515002674051	115.860270474961	1.041504	114.818766474961	58.4060462067999	66.9783437905442	125.384389997344	3.782304	121.602085997344	131.923381185999	133.839884301905	1233.81460314152
7	82286	82447	161	82366.5	19.9092588904992	26.0793011044192	45.9885599949184	0.735448	45.2531119949184	22.0916091917095	28.6028592701638	50.6944684618733	3.476248	47.2182204618733	51.9944929460656	51.9701706736921	486.278960583547
7	84294	84656	362	84475	80.46905473929	68.1279702884003	148.59702502769	1.653616	146.94340902769	83.0739147789696	71.4287463683183	154.502661147288	4.394416	150.108245147288	168.833649385682	165.214848071881	1579.01821679385
7	87285	87481	196	87383	36.3950388728907	7.05546262206356	43.4505014949542	0.895328	42.5551734949542	38.7364928412974	8.75810186636578	47.4945947076631	3.636128	43.8584667076631	48.8946410658003	48.2722978119042	457.287568132388
7	91308	91446	138	91377	15.6209600490704	16.6988848942679	32.3198449433383	0.630384	31.6894609433383	17.8845122219108	19.4252477344777	37.3097599563884	3.371184	33.9385759563884	36.410257346899	37.3540884773444	340.527257676994
7	92369	92486	117	92427.5	11.7079698581681	5.48382639726304	17.1917962554312	0.534456	16.6573402554312	14.8398420450034	7.66977678145206	22.5096188264554	3.275256	19.2343628264554	19.1387933830603	21.1700718305924	178.995736390618
7	93548	93752	204	93650	37.7173693514181	7.85908114474726	45.5764504961654	0.931872	44.6445784961654	40.1836261964188	8.52459648427687	48.7082226806957	3.672672	45.0355506806957	51.2953058777395	49.5678412351292	479.739807269911
7	94679	94877	198	94778	9.21121231015371	16.8710888634144	26.0823011735681	0.904464	25.1778371735681	18.2898215639263	35.0393076245056	53.3291291884319	3.645264	49.6838651884319	28.9285934073502	54.6839531078143	270.554928727981
7	97092	97326	234	97209	20.1488644131909	32.9889603658466	53.1378247790374	1.068912	52.0689127790374	22.6759226596091	36.3335374553384	59.0094601149475	3.809712	55.1997481149475	59.8256473168735	60.7549438038441	559.519901918545
7	98658	98862	204	98760	33.1443639477593	24.7983715801465	57.9427355279058	0.931872	57.0108635279058	34.5058953298322	26.717315810084	61.2232111399162	3.672672	57.5505391399162	65.5038031833848	63.3423138824022	612.624905474646
7	107621	107950	329	107785.5	75.9906515161263	68.6517823617972	144.642433877924	1.502872	143.139561877924	80.2036486219179	71.3004434110506	151.504092032969	4.243672	147.260420032969	164.463141036584	162.08042335633	1538.14299834666
7	114789	114962	173	114875.5	90.1906788139756	80.5336562282962	170.724335042272	0.790264	169.934071042272	93.67735917882	83.6182273248839	177.295586503704	3.531064	173.764522503704	195.249242949209	191.251847342318	1826.07029199331
7	115330	115919	589	115624.5	316.130286518589	328.357668348735	644.487954867324	2.690552	641.797402867324	319.650767662511	332.526764442648	652.177532105159	5.431352	646.746180105159	737.40631450795	711.83346246103	6896.59915558046
7	120967	121214	247	121090.5	43.000991134145	53.6887374770793	96.6897286112243	1.128296	95.5614326112243	45.5076489103508	57.2362192433413	102.743868153692	3.869096	98.874772153692	109.797271718643	108.825337632089	1026.87996633865
7	121856	122583	727	122219.5	157.822937676674	124.082459989029	281.905397665703	3.320936	278.584461665703	164.323487508497	129.761990897105	294.085478405602	6.061736	288.023742405602	320.085341944824	317.009893733314	2993.60102502425
7	123337	123597	260	123467	160.539700295607	305.314137216082	465.853837511689	1.18768	464.666157511689	162.661349197705	306.182357227772	468.843706425476	3.92848	464.915226425476	533.887730234551	511.703393939629	4993.18977484925
7	124240	124510	270	124375	122.645226862099	14.7233393597213	137.36856622182	1.23336	136.13520622182	124.90877903494	17.1862961286582	142.095075163598	3.97416	138.120915163598	156.415342670941	152.021136426664	1462.87589211119
7	129558	129751	193	129654.5	25.6666915941414	20.2159659598211	45.8826575539625	0.881624	45.0010335539625	32.9949605041443	23.4660408711228	56.4610013752671	3.622424	52.8385773752671	51.7048622412953	58.1561494161988	483.57018682524
7	131286	131461	175	131373.5	19.2802443922811	17.8612116848543	37.1414560771355	0.7994	36.3420560771355	21.881504348982	19.5977517105391	41.4792560595211	3.5402	37.9390560595211	41.7559521334207	41.7571691462652	390.522916007255
7	141763	142182	419	141972.5	54.5181565944435	134.818807452176	189.336964046619	1.913992	187.422972046619	56.6871065867887	137.933779249472	194.620885836261	4.654792	189.966093836261	215.343475142723	209.083913419752	2014.00177840904
7	144445	144764	319	144604.5	96.2316180521882	117.09679897583	213.328417028018	1.457192	211.871225028018	117.468007531853	126.246109859211	243.714117391064	4.197992	239.516125391064	243.433797800041	263.620564136381	2276.71677244554
7	147776	148077	301	147926.5	42.3045750823818	42.862687946381	85.1672630287627	1.374968	83.7922950287628	49.0076295817553	53.2323269572276	102.239956538983	4.115768	98.1241885389828	96.2748792458048	107.999216736813	900.411669722784
7	150654	150730	76	150692	7.40337064103028	6.94376004741975	14.34713068845	0.347168	13.99996268845	14.4983341735543	17.3877007708539	31.8860349444082	3.087968	28.7980669444082	16.0855448202443	31.696248599241	150.440201882964
7	152935	153042	107	152988.5	4.46000279905054	9.49131876635543	13.951321565406	0.488776	13.462545565406	8.34529235147799	13.471310501583	21.8166028530609	3.229576	18.5870268530609	15.4680683731804	20.4575892191883	144.665247885922
7	159226	159559	333	159392.5	45.2657433346449	24.7413702663175	70.0071136009625	1.521144	68.4859696009625	49.4012386540901	26.7380162872114	76.1392549413015	4.261944	71.8773109413015	78.688362111352	79.1109042366752	735.933610838789
7	165175	165610	435	165392.5	58.8377561573258	116.749790977608	175.587547134934	1.98708	173.600467134934	60.9763054489623	120.574079124008	181.55038457297	4.72788	176.82250457297	199.461824081725	194.617578801537	1865.46849473409
7	165970	166846	876	166408	221.67660944634	135.614325788157	357.290935234497	4.001568	353.289367234497	223.801558424502	139.161907556724	362.963465981226	6.742368	356.221097981226	405.91907833116	392.070499027016	3796.36181271471
7	167528	167715	187	167621.5	22.5277192436537	22.8243260801744	45.3520453238281	0.854216	44.4978293238281	26.8219182210754	25.2871828468063	52.1091010678817	3.595016	48.5140850678817	51.1266954005907	53.3964485826327	478.16287627346
7	173170	173692	522	173431	4.70300840011094	231.716640860028	236.419649260139	2.384496	234.035153260139	6.57805161816959	233.86879046514	240.446842083309	5.125296	235.321546083309	268.899498595414	259.003850494994	2514.88496703014
7	174302	174429	127	174365.5	22.3015140298271	0.155403581912701	22.4569176117398	0.580136	21.8767816117398	30.5082031866262	2.70966245528091	33.2178656419071	3.320936	29.8969296419071	25.1357777852262	32.9056987093333	235.082586679667
7	180459	180671	212	180565	21.8429034592662	89.1721553379261	111.015058797192	0.968416	110.046642797192	26.2721055483881	96.6359273711541	122.908032919542	3.709216	119.198816919542	126.440351622654	131.194754880964	1182.53452008199
7	185785	185954	169	185869.5	22.8351263291104	21.7399010851542	44.5750274142646	0.771992	43.8030354142646	29.2779748309698	28.8451648550894	58.1231396860593	3.512792	54.6103476860593	50.3283976606734	60.1062272578828	470.696789516813
7	190239	190358	119	190298.5	23.818048984593	21.9529059947257	45.7709549793187	0.543592	45.2273629793187	26.8384186013943	27.2132272403961	54.0516458417905	3.284392	50.7672538417905	51.9649080854682	55.8763718959482	486.002267910051
7	190858	191115	257	190986.5	48.8099250248432	119.490754154342	168.300679179185	1.173976	167.126703179185	49.7727472170282	122.298418868487	172.071166085515	3.914776	168.156390085515	192.023659953489	185.079323344526	1795.90299815967
7	191801	191991	190	191896	28.5658584173274	46.2900669443823	74.8559253617097	0.86792	73.9880053617097	31.2787209463671	48.3206137466586	79.5993346930257	3.60872	75.9906146930257	85.0100391616131	83.6381629075617	795.057152024865
7	196530	198058	1528	197294	1535.84139976202	1421.13775594626	2956.97915570827	6.979904	2949.99925170827	1538.60506346198	1423.78981707388	2962.39488053586	9.720704	2952.67417653586	3389.46226065223	3249.82558422076	31699.9761254878
7	200205	200488	283	200346.5	249.965861488139	205.924146366243	455.890007854383	1.292744	454.597263854383	254.949276351367	209.25532314687	464.204599498237	4.033544	460.171055498237	522.318867958332	506.481778843125	4884.99188687967
7	202523	202636	113	202579.5	10.7282472764444	19.9429596672718	30.6712069437161	0.516184	30.1550229437161	14.9750451613135	24.8049717322741	39.7800168935876	3.256984	36.5230328935876	34.6472332756156	40.1986401527618	324.038559272784
7	205689	205767	78	205728	33.90178140555	24.1125557727094	58.0143371782594	0.356304	57.6580331782594	64.7918933948304	57.5089255289757	122.300818923806	3.097104	119.203714923806	66.247382052038	131.200145810886	619.579233498109
7	206082	206779	697	206430.5	152.434013466821	215.285962147671	367.719975614492	3.183896	364.536079614492	162.458844530154	227.844651614161	390.303496144315	5.924696	384.378800144315	418.841219632154	423.06193777419	3917.21625487418
7	208762	208863	101	208812.5	32.9892603727614	14.6377373866729	47.6269977594343	0.461368	47.1656297594343	45.3560454160266	22.7567245220193	68.1127699380459	3.202168	64.9106019380459	54.191919532496	71.44307913883	506.830412398193
7	210096	210340	244	210218	234.327201031091	140.24443250795	374.571633539041	1.114592	373.457041539041	239.239514255489	144.548731718173	383.788245973662	3.855392	379.932853973662	429.091142154834	418.168560195901	4013.07874699543
7	213821	213958	137	213889.5	28.1978499350631	13.3197070072589	41.5175569423219	0.625816	40.8917409423219	33.836679905019	16.2318741300901	50.0685540351091	3.366616	46.7019380351091	46.9834060520887	51.4019305839067	439.412725562761
7	216052	216253	201	216152.5	99.3295894576409	89.172355342536	188.501944800177	0.918168	187.583776800177	104.380605879024	97.270842005365	201.651447884389	3.658968	197.992479884389	215.528235068748	217.918059406913	2015.72974727062
7	217286	217478	192	217382	122.162515736042	61.6228203505489	183.785336086591	0.877056	182.908280086591	126.33171183226	66.5417337270752	192.873445559335	3.617856	189.255589559335	210.156227041516	208.301905369152	1965.48799412115
7	225469	226458	989	225963.5	1024.93682387135	1049.29318526356	2074.23000913492	4.517752	2069.71225713492	1027.74098850482	1054.14149701278	2081.88248551761	7.258552	2074.62393351761	2378.03842896089	2283.41006615646	22240.6256882314
7	229779	230152	373	229965.5	194.292578269067	188.079835070928	382.372413339994	1.703864	380.668549339994	201.776650770202	193.523160534681	395.299811304883	4.444664	390.855147304883	437.376952234134	430.190051963681	4090.57185991288
7	234520	234734	214	234627	35.7554241303465	99.039182764028	134.794606894375	0.977552	133.817054894375	42.8438875130479	107.421475968342	150.26536348139	3.718352	146.54701148139	153.751855066899	161.295218750504	1437.96560045848
7	235846	236143	297	235994.5	49.1311324283847	51.793793800333	100.924926228718	1.356696	99.5682302287177	53.6548366956968	60.0984852159959	113.753321911693	4.097496	109.655825911693	114.400964178124	120.691375749683	1069.93604126499
7	238139	238368	229	238253.5	68.931688813389	60.0552842202518	128.986973033641	1.046072	127.940901033641	76.6079657446637	66.0015212756644	142.609487020328	3.786872	138.822615020328	147.000327337795	152.793453997281	1374.82187695175
7	245046	245413	367	245229.5	118.797538176338	298.833187836031	417.630726012369	1.676456	415.954270012369	124.108360586015	310.429255114946	434.53761570096	4.417256	430.12035970096	477.919206097308	473.406839250501	4469.74365198611
7	249516	249994	478	249755	513.456534711017	571.94808288856	1085.40461759958	2.183504	1083.22111359958	517.804534928509	576.417785911192	1094.2223208397	4.924304	1089.2980168397	1244.5891578994	1198.92285850511	11640.0312372441
7	253923	254534	611	254228.5	442.784905793575	375.379052149313	818.163957942887	2.791048	815.372909942887	447.585716447939	380.071760312013	827.657476759952	5.531848	822.125628759952	936.83946021655	904.862758993016	8761.79943557325
7	255315	255547	232	255431	261.140219047024	136.18903903478	397.329258081805	1.059776	396.269482081805	264.46129559485	140.12152967515	404.58282527	3.800576	400.78224927	455.301964495991	441.116198234672	4258.21569750516
7	257223	257538	315	257380.5	159.233470188179	169.871215378631	329.10468556681	1.43892	327.66576556681	165.727219863264	173.63160205216	339.358821915424	4.17972	335.179101915424	376.478314648146	368.910877250548	3521.01680690011
7	265936	266038	102	265987	16.4926801414339	15.0665472703548	31.5592274117887	0.465936	31.0932914117887	21.2057887743462	20.5331732711642	41.7389620455103	3.206736	38.5322260455103	35.7252761127622	42.4100346102499	334.120964554743
7	269112	269345	233	269228.5	109.541024822036	280.755071151712	390.296095973748	1.064344	389.231751973748	118.599433610206	291.465618020178	410.065051630384	3.805144	406.259907630384	447.215819867954	447.145117518302	4182.58995750748
7	270836	270951	115	270893.5	24.4916645108246	70.8097321005965	95.3013966114212	0.52532	94.7760766114212	26.4139088168259	77.4591853645098	103.873094181336	3.26612	100.606974181336	108.894920804157	110.731865115281	1018.44072133567
7	271315	271670	355	271492.5	92.4926318719218	40.8886424464088	133.381274318331	1.62164	131.759634318331	173.542600000743	53.8368408907297	227.379440891472	4.36244	223.017000891472	151.387939417513	245.460999717755	1415.85705819261
7	271895	272401	506	272148	1302.83782923942	38.563988865236	1341.40181810465	2.311408	1339.09041010465	1347.07594888826	46.0273608892441	1393.10330977751	5.052208	1388.0511017775	1538.57544405231	1527.74187501266	14389.5406094106
7	272869	273191	322	273030	26.3380070673588	18.9541368757964	45.2921439431552	1.470896	43.8212479431552	29.689784322808	23.1233329720141	52.8131172948221	4.211696	48.6014212948221	50.3493233199968	53.4925741582196	470.892496932902
7	277094	277412	318	277253	101.09503014946	301.429347675179	402.524377824639	1.452624	401.071753824639	108.595703033219	310.13314828995	418.728851323169	4.193424	414.535427323169	460.819633298215	456.253469477369	4309.81974435629
7	280581	280760	179	280670.5	59.66697527008	56.8756109316442	116.542586201724	0.817672	115.724914201724	61.4170156069348	58.6559519669028	120.072967573838	3.558472	116.514495573838	132.964518237359	128.240288636478	1243.55184673164
7	281318	281457	139	281387.5	20.1690648787934	27.6165365363124	47.7856014151058	0.634952	47.1506494151058	28.7815633891329	35.6888225952411	64.4703859843739	3.375752	61.0946339843739	54.1747075580443	67.2430795645597	506.669437253102
7	284027	284330	303	284178.5	60.4666937028702	51.4457857790613	111.912479481931	1.384104	110.528375481931	72.8739796796454	62.5990428515989	135.473022531244	4.124904	131.348118531244	126.993848290051	144.566738664981	1187.71110261714
7	287123	287476	353	287299.5	92.2422261002941	119.745960036608	211.988186136902	1.612504	210.375682136902	109.416721956967	135.883531993118	245.300253950085	4.353304	240.946949950085	241.715463062942	265.195384106491	2260.64603143923
7	288166	288428	262	288297	210.021940816717	201.718349426409	411.740290243126	1.196816	410.543474243126	215.012255838987	208.502405792803	423.51466163179	3.937616	419.57704563179	471.702361110203	461.802466483349	4411.60055360885
7	289398	289594	196	289496	80.1994485251094	59.6495748690164	139.849023394126	0.895328	138.953695394126	83.6691284981101	62.9333505570907	146.602479055201	3.636128	142.966351055201	159.653703723424	157.354207597323	1493.16269283505
7	291695	291849	154	291772	45.1202399809236	16.9791913550796	62.0994313360031	0.703472	61.3959593360032	53.4559321111251	25.3145834783662	78.7705155894913	3.444272	75.3262435894913	70.5421491227214	82.9069307835296	659.746080961104
7	293015	293246	231	293130.5	81.4651776990277	65.4576087389699	146.922786437998	1.055208	145.867578437998	97.7642533780531	83.9092340323266	181.67348741038	3.796008	177.87747941038	167.597551722096	195.778724262342	1567.45760233315
7	295701	295862	161	295781.5	53.5811349969389	48.8371256517931	102.418260648732	0.735448	101.682812648732	55.8616875616231	52.6785141923418	108.540201753965	3.476248	105.063953753965	116.830557102775	115.637386475742	1092.65883083553
7	299766	299925	159	299845.5	39.4123084182382	40.9158430733588	80.328151491597	0.726312	79.601839491597	41.1960495318655	43.3956002295295	84.591649761395	3.467112	81.124537761395	91.4601692454753	89.2887540454508	855.382051357238
7	303470	303670	200	303570	45.4540476748905	49.1376325782073	94.5916802530978	0.9136	93.6780802530978	61.4090154225377	63.1427553836835	124.551770806221	3.6544	120.897370806221	107.633355325212	133.064247939485	1006.64191890392
7	304120	304272	152	304196	25.9872989838532	78.0719994893239	104.059298473177	0.694336	103.364962473177	29.206973194446	81.8660869396249	111.073060134071	3.435136	107.637924134071	118.763297710563	118.470396247281	1110.73480466621
7	306314	306549	235	306431.5	127.026727851754	151.633595017896	278.660322869649	1.07348	277.586842869649	130.621610710568	155.366881066779	285.988491777347	3.81428	282.174211777347	318.939107328736	310.571677677357	2982.88085551949
7	307145	307398	253	307271.5	193.120851261814	97.2536416089113	290.374492870725	1.155704	289.218788870725	195.752611921529	99.6251962711119	295.37780819264	3.896504	291.48130419264	332.303870714951	320.81541783883	3107.87492469206
7	310239	310382	143	310310.5	34.0029837381727	27.3670307854294	61.3700145236021	0.653224	60.7167905236021	83.8330322759447	86.2558881205914	170.088920396536	3.394024	166.694896396536	69.7618041592736	183.470747762647	652.447897707049
7	310601	310793	192	310697	65.0661997173443	66.5458338215787	131.612033538923	0.877056	130.734977538923	86.9414039211136	91.7899156749459	178.731319596059	3.617856	175.113463596059	150.210638954839	192.736543252345	1404.84634507964
7	313030	313136	106	313083	10.7822485211244	7.5112731280855	18.2935216492099	0.484208	17.8093136492099	17.3945009275914	10.9338520154485	28.32835294304	3.225008	25.10334494304	20.4623768860824	27.6296969349741	191.374562947553
7	320903	321119	216	321011	73.7404996521509	76.4438619622192	150.18436161437	0.986688	149.19767361437	79.1838251159039	82.8195089151434	162.003334031047	3.727488	158.275846031047	171.423733006094	174.204420482097	1603.24199703274
7	321491	321658	167	321574.5	59.4846710681322	82.0348908304027	141.519561898535	0.762856	140.756705898535	64.0423761191318	87.5218172991196	151.564193418251	3.503656	148.060537418251	161.725309693058	162.961063004868	1512.53740620512
7	324741	325051	310	324896	46.2755666101626	36.1796339080001	82.4552005181627	1.41608	81.0391205181627	57.3850226731264	50.9623746368695	108.347397309996	4.15688	104.190517309996	93.1115628160584	114.676049080524	870.826724504651
7	326385	326651	266	326518	34.7794016339064	12.9000973356336	47.67949896954	1.215088	46.46441096954	39.5503115990873	15.795364068926	55.3456756680133	3.955888	51.3897876680133	53.3862397942958	56.5615563201489	499.295285436543
7	330655	330908	253	330781.5	81.2939737529309	149.820853235829	231.11482698876	1.155704	229.95912298876	84.0644376096294	152.239808990582	236.304246600212	3.896504	232.407742600212	264.216259855569	255.796807475479	2471.08493480482
7	334603	334887	284	334745	114.139430811155	132.334650194587	246.474081005742	1.297312	245.176769005742	116.139376908113	133.743482666907	249.88285957502	4.038112	245.84474757502	281.700886958662	270.586086593863	2634.6100662587
7	337634	337757	123	337695.5	23.7405471982466	11.2989604308689	35.0395076291155	0.561864	34.4776436291155	27.116024999972	12.8630964827972	39.9791214827692	3.302664	36.6764574827692	39.6137971389086	40.3675050953055	370.488392250657
7	343123	343312	189	343217.5	84.0966383518275	49.5796427661444	133.676281117972	0.863352	132.812929117972	88.4819394290706	52.897419237906	141.379358666977	3.604152	137.775206666977	152.598144122025	151.640636496827	1427.17550852184
7	345721	345955	234	345838	118.284926361097	113.088706592908	231.373632954005	1.068912	230.304720954005	127.650742234724	121.332996616373	248.983738851097	3.809712	245.174026851097	264.613341739531	269.847865835949	2474.79864667811
7	346937	347187	250	347062	121.559801844029	105.072921836283	226.632723680313	1.142	225.490723680313	124.083360009774	108.650604298644	232.733964308418	3.8828	228.851164308418	259.082200647677	251.882302036035	2423.06860011765
7	352333	353000	667	352666.5	371.123354059302	320.903796543699	692.027150603001	3.046856	688.980294603001	375.491754747006	324.218072934787	699.709827681793	5.787656	693.922171681793	791.618067542771	763.7571544163	7403.61506098664
7	355564	355748	184	355656	128.165754105284	98.9535807909796	227.119334896263	0.840512	226.278822896263	131.229924731659	101.710344331898	232.940269063557	3.581312	229.358957063557	259.987703436726	252.441198070093	2431.53732305569
7	357047	357312	265	357179.5	109.425922169023	76.8583715162913	186.284293685315	1.21052	185.073773685315	119.456953375265	80.8854643371565	200.342417712421	3.95132	196.391097712421	212.644315411135	216.155517236182	1988.75786286423
7	357670	357776	106	357723	36.0370306211227	21.3454919943796	57.3825226155023	0.484208	56.8983146155023	49.6196436881296	31.9512364472442	81.5708801353738	3.225008	78.3458721353738	65.3744877976782	86.2304488950895	611.415482172565
7	358344	358570	226	358457	117.819515633798	40.4968334155633	158.316349049362	1.032368	157.283981049362	127.512739053874	45.2029418871281	172.715680941003	3.773168	168.942512941003	180.714662101437	185.944560080908	1690.13549454266
7	364127	364214	87	364170.5	14.8639426004995	20.9226822489955	35.786624849495	0.397416	35.389208849495	24.2299584787361	34.9990066956054	59.2289651743415	3.138216	56.0907491743415	40.6611587308854	61.7356134833493	380.283850912594
7	368279	368684	405	368481.5	122.62992650944	97.1292387415372	219.759165250977	1.85004	217.909125250977	125.89690181028	99.6393965984167	225.536298408697	4.59084	220.945458408697	250.371167335796	243.180981213572	2341.59858311212
7	371185	371607	422	371396	309.4410323373	80.8381632469089	390.279195584209	1.927696	388.351499584209	345.36456034229	85.5446717276936	430.909232069983	4.668496	426.240736069983	446.204435796428	469.136777814908	4173.13097892753
7	374926	375044	118	374985	32.3913465913869	36.8376490746575	69.2289956660444	0.539024	68.6899716660444	44.525226266393	45.0314379341163	89.5566642005093	3.279824	86.2768402005093	78.9227544761263	94.9595742183428	738.125767527948
7	375919	375983	64	375951	14.2561285909336	13.8676196361518	28.1237482270854	0.292352	27.8313962270854	21.8955046716768	23.9366517182793	45.8321563899561	3.033152	42.7990043899561	31.9774546106541	47.1062132594794	299.069430416536
7	377242	377415	173	377328.5	63.4243618744596	25.1663800624108	88.5907419368705	0.790264	87.8004779368705	64.7587926318876	28.3728539687486	93.1316466006362	3.531064	89.6005826006362	100.880163363404	98.6178116131522	943.482630645919
7	381347	381437	90	381392	13.7898178428905	25.697392301765	39.4872101446556	0.41112	39.0760901446556	19.7699556796856	36.62754423193	56.3974999116155	3.15192	53.2455799116155	44.8972767577679	58.6041118991503	419.902182668583
7	381980	382099	119	382039.5	12.3704851285488	17.2462975116361	29.6167826401849	0.543592	29.0731906401849	16.2557746809763	28.0853473419796	44.3411220229559	3.284392	41.0567300229559	33.4042398195833	45.1885997762158	312.413451851532
7	383038	383457	419	383247.5	91.0985997407358	142.94299470738	234.041594448116	1.913992	232.127602448116	98.1024611734384	156.634010272967	254.736471446405	4.654792	250.081679446405	266.707778891118	275.249415078817	2494.38688888172
7	383727	384226	499	383976.5	90.2930811742578	205.754542457026	296.047623631283	2.279432	293.768191631284	108.357497542797	225.018286468988	333.375784011785	5.020232	328.355552011785	337.531000503709	361.400618506703	3156.76170281969
7	384559	385220	661	384889.5	203.308886086847	30.7709092417644	234.079795328612	3.019448	231.060347328612	219.32925534194	38.44458611311	257.773841455051	5.760248	252.013593455051	265.481534190224	277.375753169793	2482.91842434279
7	391995	392185	190	392090	57.2270190312847	39.236604368418	96.4636233997026	0.86792	95.5957033997026	61.2069107642072	40.9596440829327	102.16655484714	3.60872	98.5578348471399	109.836647845305	108.47650436914	1027.24823191564
7	393679	393922	243	393800.5	253.467642201033	150.342865267737	403.81050746877	1.110024	402.70048346877	256.352808701524	152.048904590408	408.401713291932	3.850824	404.550889291932	462.690995692083	445.26410688586	4327.32167789201
7	395814	395946	132	395880	18.6720303734954	30.069593077058	48.7416234505533	0.602976	48.1386474505533	23.5641431322916	38.1075783453842	61.6717214776758	3.343776	58.3279454776758	55.3098882035339	64.1979568876019	517.286224398921
7	397582	398546	964	398064	2204.72451691588	1675.91992844603	3880.64444536191	4.403552	3876.24089336191	2208.07259408604	1680.05512375856	3888.1277178446	7.144352	3880.9833658446	4453.686628442	4271.55801154269	41653.1440491238
7	401371	401503	132	401437	6.63305288589931	42.3084751722753	48.9415280581746	0.602976	48.3385520581746	18.1409181318362	53.0226221237199	71.1635402555561	3.343776	67.8197642555561	55.5395727103589	74.6450139148463	519.434350804479
7	404328	404819	491	404573.5	23.5220421619021	32.5472501848244	56.0692923467265	2.242888	53.8264043467265	24.0017532188102	34.2228888067866	58.2246420255968	4.983688	53.2409540255968	61.8449533687809	58.5990204729263	578.405479840041
7	405529	405703	174	405616	99.5740950932758	6.58225171497804	106.156346808254	0.794832	105.361514808254	109.038513239596	8.62959890448816	117.668112144084	3.535632	114.132480144084	121.05727754369	125.618551789542	1132.18927158466
7	409803	409921	118	409862	18.1691187818358	39.9304203602521	58.099539142088	0.539024	57.560515142088	22.7370240679416	44.4543246321741	67.1913487001157	3.279824	63.9115247001157	66.135336700452	70.3434567036017	618.531328344693
7	411343	411486	143	411414.5	38.1898802423689	51.5133873372164	89.7032675795853	0.653224	89.0500435795853	42.1699719799014	55.1552712793635	97.3252432592649	3.394024	93.9312192592649	102.315877486293	103.384275153565	956.91015982863
7	413263	413636	373	413449.5	403.817007618593	166.624740550308	570.441748168901	1.703864	568.737884168901	414.656457458156	178.728119522301	593.384576980457	4.444664	588.939912980457	653.463079177866	648.209684624981	6111.51929593693
7	417250	417487	237	417368.5	109.56932547434	190.699995463266	300.269320937607	1.082616	299.186704937607	112.265287613841	192.15602902353	304.421316637371	3.823416	300.597900637371	343.756712713633	330.849490884391	3214.9877319777
7	418667	418780	113	418723.5	21.9908068683067	23.1057325663406	45.0965394346473	0.516184	44.5803554346473	25.5988900313764	27.3963314607836	52.99522149216	3.256984	49.73823749216	51.2215154714698	54.7437973348315	479.049681834914
7	420641	420951	310	420796	347.402207308218	260.589106344372	607.991313652591	1.41608	606.575233652591	365.689028802996	277.342092485625	643.031121288621	4.15688	638.874241288621	696.937079397971	703.169306975572	6518.11027204994
7	421906	422017	111	421961.5	20.7502782752391	22.0041071748668	42.7543854501059	0.507048	42.2473374501059	36.1172324697031	40.514033812017	76.6312662817201	3.247848	73.3834182817201	48.5409465162584	80.7685833014264	453.979636692539
7	423159	423398	239	423278.5	135.350819714579	33.5081723332151	168.858992047795	1.091752	167.767240047795	157.999241740324	42.0660695850447	200.065311325368	3.832552	196.232759325368	192.759617951258	215.98124398067	1802.78605191999
7	426950	427194	244	427072	32.9178587270178	62.4151386127717	95.3329973397895	1.114592	94.2184053397895	34.8705037337278	66.398530426368	101.269034160096	3.855392	97.4136421600958	108.254172936865	107.217162347192	1012.44812117268
7	428056	428608	552	428332	1146.54312678719	1070.52137455422	2217.06450134141	2.521536	2214.54296534141	1148.80327888166	1073.32553918769	2222.12881806935	5.262336	2216.86648206935	2544.44464732355	2439.96762916891	23796.941334659
7	433150	434081	931	433615.5	234.437503573465	382.651319768537	617.088823342002	4.252808	612.836015342002	237.613276772179	388.148346470055	625.761623242234	6.993608	618.768015242234	704.130533174663	681.039629300016	6585.3871128716
7	435417	435553	136	435485	19.5509506318163	26.5049109143423	46.0558615461586	0.621248	45.4346135461586	24.7371701695091	32.9042584135428	57.6414285830519	3.362048	54.2793805830519	52.2030328830918	59.7419522669487	488.229332210835
7	438552	438919	367	438735.5	46.4316702082101	25.7925944960899	72.2242647043	1.676456	70.5478087043	50.2529582854611	32.9391592179749	83.192117503436	4.417256	78.774861503436	81.0573545184696	86.7026109218943	758.089633526777
7	439850	439942	92	439896	16.0164691651995	11.2485592691675	27.265028434367	0.420256	26.844772434367	21.2703902633523	19.3846467986626	40.655037062015	3.161056	37.493981062015	30.8438529295879	41.2673026634387	288.467410549615
7	443160	443638	478	443399	218.307331787522	329.629897672476	547.937229459999	2.183504	545.753725459999	221.669109273468	335.458132008032	557.1272412815	4.924304	552.2029372815	627.054957721037	607.775570877478	5864.53710368223
7	446174	446347	173	446260.5	32.2324429288005	62.3099361879505	94.542379116751	0.790264	93.752115116751	34.0297843559028	67.610858369436	101.640642725339	3.531064	98.1095787253388	107.71841920317	107.983136619834	1007.43747958377
7	448446	448778	332	448612	71.3241439573269	288.419947820221	359.744091777548	1.516576	358.227515777548	75.6993448017687	302.094263000879	377.793607802648	4.257376	373.536231802648	411.592865575164	411.128194364427	3849.42595868972
7	449882	450166	284	450024	90.5905880315231	317.406415932223	407.997003963746	1.297312	406.699691963746	99.1589855253738	332.790670525446	431.94965605082	4.038112	427.91154405082	467.285968473298	470.975732673385	4370.29620194932
7	451736	452718	982	452227	724.325295046162	511.951700025932	1236.27699507209	4.485776	1231.79121907209	728.247885458341	515.320077664005	1243.56796312235	7.226576	1236.34138712235	1415.29183359282	1360.76438864482	13236.5295393073
7	454598	454767	169	454682.5	98.2369642736138	21.6392987663613	119.876263039975	0.771992	119.104271039975	104.588510671042	26.1292022545958	130.717712925638	3.512792	127.204920925638	136.847299720065	140.006577680683	1279.86559529616
7	457834	458321	487	458077.5	144.231624409135	151.142383695917	295.374008105052	2.224616	293.149392105052	159.32477229261	169.219100347967	328.543872640577	4.965416	323.578456640577	336.820018072152	356.142765513986	3150.11223326588
7	459602	459932	330	459767	164.121882861691	132.141545743703	296.263428605394	1.50744	294.755988605394	189.210161123926	156.645510538038	345.855671661964	4.24824	341.607431661964	338.665950135644	375.986141646506	3167.37632940917
7	461358	461651	293	461504.5	173.585700994182	127.225832440935	300.811533435117	1.338424	299.473109435117	191.250508152089	136.740051735127	327.990559887216	4.079224	323.911335887216	344.085783046457	356.509145082982	3218.06536521034
7	464981	465162	181	465071.5	22.692523042233	21.53429634615	44.226819388383	0.826808	43.400011388383	29.4259782423153	35.4311166553511	64.8570948976664	3.567608	61.2894868976664	49.8653349242775	67.4575420974764	466.365991130662
7	465499	465813	314	465656	214.978355057605	143.382004826168	358.360359883773	1.434352	356.926007883773	222.533029186044	155.592686271386	378.12571545743	4.175152	373.95056345743	410.097471335543	411.58422355409	3835.44027068119
7	472166	472866	700	472516	456.115513052074	350.735284132639	806.850797184714	3.1976	803.653197184714	460.358710853965	354.218564419115	814.57727527308	5.9384	808.63887527308	923.373855411223	890.018724768713	8635.86224612599
7	475230	475499	269	475364.5	96.5984265067929	95.5264017975882	192.124828304381	1.228792	190.896036304381	99.3281894253714	98.9960817705889	198.32427119596	3.969592	194.35467919596	219.333923690698	213.914157506223	2051.32248416501
7	478734	479194	460	478964	328.517272027456	348.299527990653	676.816800018109	2.10128	674.715520018109	332.463362981302	352.921534523743	685.384897505045	4.84208	680.542817505045	775.228261652413	749.031327960582	7250.32925472256
7	482764	484597	1833	483680.5	964.613833480715	1143.27255140337	2107.88638488409	8.373144	2099.51324088409	970.141160880637	1149.40479274601	2119.54595362665	11.113944	2108.43200962665	2412.27888162867	2320.6205215347	22560.8598282291
7	484969	485508	539	485238.5	229.117780958646	295.947721328625	525.065502287272	2.462152	522.603350287272	234.770111239772	301.873757918435	536.643869158208	5.202952	531.440917158208	600.455858442466	584.92410127986	5615.76878964061
7	492003	492143	140	492073	36.3683382574655	34.0848856259375	70.453223883403	0.63952	69.813703883403	41.7405620823897	39.0006989310099	80.7412610133997	3.38032	77.3609410133997	80.2138896991642	85.1463962135159	750.201121255947
7	494285	494418	133	494351.5	30.5936051550647	30.4892027486832	61.082807903748	0.607544	60.475263903748	35.6955227496736	36.006429915804	71.7019526654776	3.348344	68.3536086654776	69.4842971861907	75.2325833917439	649.852511257846
7	499939	500089	150	500014	19.2570438575297	10.4549409769801	29.7119848345098	0.6852	29.0267848345098	21.1015863725746	11.6170677629566	32.7186541355312	3.426	29.2926541355312	33.3509209155463	32.2406100869095	311.914786324368
7	516407	516525	118	516466	11.4209632429239	0.885220403533608	12.3061836464576	0.539024	11.7671596464576	18.9189360644493	2.26365217514536	21.1825882395947	3.279824	17.9027642395947	13.5201198826209	19.7044637422089	126.44704219552
7	523470	523579	109	523524.5	9.20431215111125	9.45751798727789	18.6618301383891	0.497912	18.1639181383891	18.4389250006263	14.0727243636312	32.5116493642575	3.238712	29.2729373642575	20.8698070007967	32.2189090579804	195.185056741564
7	524802	524925	123	524863.5	16.4089782121798	6.47714929246179	22.8861275046416	0.561864	22.3242635046416	22.2846136402884	8.83520364349235	31.1198172837807	3.302664	27.8171532837807	25.6499213015127	30.6166176885393	239.891118516873
7	527450	527547	97	527498.5	12.7964949476918	10.5765437798153	23.3730387275071	0.443096	22.9299427275071	16.4049781199813	17.7631094236855	34.1680875436668	3.183896	30.9841915436668	26.3458288909044	34.1023805420821	246.399600474427
7	528664	528984	320	528824	34.7119000780563	23.2830366530402	57.9949367310965	1.46176	56.5331767310965	41.8818653393026	32.7205541793255	74.6024195186281	4.20256	70.3998595186281	64.9549551220644	77.4847649657041	607.491799069434
7	532655	532850	195	532752.5	12.9077975131157	11.4038628487753	24.311660361891	0.89076	23.420900361891	14.2422282705437	13.1369027937863	27.37913106433	3.63156	23.74757106433	26.9099247537626	26.1374806002144	251.675312079975
7	544992	545139	147	545065.5	21.5649970537737	4.52440428344679	26.0894013372205	0.671496	25.4179053372205	26.9677215817117	6.98396097401492	33.9516825557266	3.412296	30.5393865557266	29.2044246572099	33.612811242061	273.134642960743
7	546216	546332	116	546274	21.8251030489828	28.1706493081131	49.9957523570959	0.529888	49.4658643570959	24.7846712643666	34.0425846509381	58.8272559153046	3.270688	55.5565679153046	56.8348213416764	61.1476732574941	531.548175220224
7	547225	548215	990	547720	259.214674664959	77.6401895364931	336.854864201452	4.52232	332.332544201452	267.442264303496	86.7224988755493	354.164763179045	7.26312	346.901643179045	381.840305859425	381.813152351993	3571.16487768875
7	557661	557931	270	557796	13.7012158006932	51.2906822040635	64.9918980047567	1.23336	63.7585380047567	16.289175450834	56.879011010013	73.168186460847	3.97416	69.194026460847	73.2566824335095	76.1575792055489	685.13377804296
7	559022	559169	147	559095.5	15.8878662010169	16.5231808444477	32.4110470454646	0.671496	31.7395510454646	22.4458173558889	22.4056164292938	44.8514337851827	3.412296	41.4391377851827	36.4678093990534	45.6094923146358	341.065513759808
7	560099	560285	186	560192	23.3798388842446	34.4665944239817	57.8464333082263	0.849648	56.9967853082263	35.8878271821177	45.7519545413757	81.6397817234934	3.590448	78.0493337234934	65.4876277235865	85.9040674320444	612.473624342127
7	576584	576851	267	576717.5	200.989432625533	83.4785241048504	284.467956730383	1.219656	283.248300730383	203.019879425504	85.3197665438315	288.339645969335	3.960456	284.379189969335	325.443955676788	312.998560601967	3043.71750790738
7	581631	582024	393	581827.5	361.337228497915	283.679538558054	645.016767055969	1.795224	643.221543055969	378.91373362054	304.587620470525	683.501354091064	4.536024	678.965330091064	739.042609642769	747.29508526998	6911.90262047227
7	582245	582432	187	582338.5	12.4715874588666	12.9582986771221	25.4298861359887	0.854216	24.5756701359887	54.1205474299101	56.0394916598475	110.160039089758	3.595016	106.565023089758	28.2367212154158	117.289520520844	264.08418786126
7	584163	584768	605	584465.5	338.39399967714	182.414204483242	520.808204160381	2.76364	518.044564160381	340.887157142176	185.339771914938	526.226929057113	5.50444	520.722489057113	595.217947442139	573.126991343933	5566.7811801353
7	589504	589742	238	589623	76.3423596226816	117.810015414827	194.152375037509	1.087184	193.065191037509	78.7410149095272	121.016289316555	199.757304226082	3.827984	195.929320226082	221.826218595923	215.64726735841	2074.63169457
7	591034	591160	126	591097	36.5071414567544	20.5372733656676	57.044414822422	0.575568	56.468846822422	45.2416427791488	27.2205274086584	72.4621701878073	3.316368	69.1458021878073	64.8810419515586	76.1045017351154	606.80052548082
7	592792	593235	443	593013.5	286.527404198794	48.0359071844285	334.563311383222	2.023624	332.539687383222	318.031830347463	93.8827639132142	411.914594260677	4.764424	407.150170260677	382.078307274765	448.124974454633	3573.39078805562
7	596002	596448	446	596225	100.193709374827	86.3859911193484	186.579700494176	2.037328	184.542372494176	104.859716922102	94.0726682903392	198.932385212441	4.778128	194.154257212441	212.033751092656	213.693565442643	1983.04755461164
7	598820	599367	547	599093.5	479.052541729942	269.288906866945	748.341448596887	2.498696	745.842752596887	481.57959997636	272.062670799707	753.642270776067	5.239496	748.402774776067	856.951357138215	823.720579838089	8014.64523660412
7	601390	601650	260	601520	99.3920908982429	117.007696922108	216.399787820351	1.18768	215.212107820351	113.154708114183	124.106360539915	237.261068654099	3.92848	233.332588654099	247.272373737074	256.814728244141	2312.61708824856
7	605597	606115	518	605856	115.667566033297	116.359981992862	232.027548026158	2.366224	229.661324026158	118.12702272156	120.248471619048	238.375494340608	5.107024	233.268470340608	263.874097617929	256.744157187823	2467.88485941524
7	609153	610682	1529	609917.5	2544.01003714176	1813.20059264179	4357.21062978355	6.984472	4350.22615778355	2548.3006360362	1814.53502339922	4362.83565943542	9.725272	4353.11038743542	4998.28173806182	4791.1989817387	46746.4746854954
7	616067	616362	295	616214.5	76.5531644815439	246.932291567083	323.485456048627	1.34756	322.137896048627	82.2224951545135	256.314807825638	338.537302980152	4.08836	334.448942980152	370.126955371413	368.10723653487	3461.61566242533
7	617317	617449	132	617383	40.9978449634286	67.1757483405414	108.17359330397	0.602976	107.57061730397	61.6669213670376	89.4591619531703	151.126083320208	3.343776	147.782307320208	123.59547125164	162.654832368889	1155.92775095288
7	617860	618012	152	617936	71.8782567291276	84.3915451491638	156.269801878291	0.694336	155.575465878291	74.526917778381	91.4868086886027	166.013726466984	3.435136	162.578590466984	178.751628486855	178.940184780573	1671.77620509484
7	619971	620259	288	620115	193.922569740703	178.74341987496	372.665989615663	1.315584	371.350405615663	205.414034608626	190.602893225147	396.016927833773	4.056384	391.960543833773	426.670679520789	431.406693457296	3990.44134854949
7	621956	622072	116	622014	21.5140958805475	31.8846349121387	53.3987307926862	0.529888	52.8688427926862	34.9210048977342	46.6906761780645	81.6116810757987	3.270688	78.3409930757987	60.7447433440523	86.2250788164131	568.115755737845
7	624899	626251	1352	625575	270.415932843879	1021.68664895775	1292.10258180163	6.175936	1285.92664580163	276.06836312731	1030.50875229929	1306.5771154266	8.916736	1297.6603794266	1477.49184457852	1428.25440551583	13818.255698687
7	627098	627720	622	627409	488.916769091505	250.797480656213	739.714249747718	2.841296	736.872953747718	491.379725860442	253.757148873902	745.136874734344	5.582096	739.554778734344	846.645322427429	813.982138619622	7918.25795474145
7	634159	634265	106	634212	14.4820337978453	21.4500944053711	35.9321282032164	0.484208	35.4479202032164	20.7766788837494	26.6836150333114	47.4602939170608	3.225008	44.2352859170608	40.7286163472204	48.6870393763673	380.914748873055
7	635501	635686	185	635593.5	66.1709251802719	58.7912550855179	124.96218026579	0.84508	124.11710026579	78.1012001623731	62.8018475260642	140.903047688437	3.58588	137.317167688437	142.606892869167	151.136501363037	1333.73224176648
7	639566	639923	357	639744.5	14.5565355150428	34.5367960420658	49.0933315571087	1.630776	47.4625555571087	18.1039172789999	40.3616302992532	58.465547578253	4.371576	54.093971578253	54.5330785293495	59.5378840591767	510.021104969342
7	640406	640820	414	640613	824.84301188907	892.399769011521	1717.24278090059	1.891152	1715.35162890059	826.859958377871	894.399715108478	1721.25967348635	4.631952	1716.62772148635	1970.88850329032	1889.38580904109	18432.7523647598
7	641816	641936	120	641876	64.3847840113255	19.8313570949329	84.2161411062584	0.54816	83.6679811062584	77.1130773870324	23.8487496922167	100.961827079249	3.28896	97.6728670792491	96.1320462099801	107.502475159904	899.075822477003
7	643798	644006	208	643902	93.937565176334	109.453522805193	203.391087981527	0.950144	202.440943981527	97.5625487289424	111.683374201261	209.245922930203	3.690944	205.554978930203	232.598682606057	226.241633702729	2175.38126062896
7	648187	648250	63	648218.5	9.01510779012101	14.2052274177074	23.2203352078284	0.287784	22.9325512078284	20.0539622257809	29.7380854361052	49.792047661886	3.028584	46.763463661886	26.348825957972	51.4696480305433	246.427630570998
7	650745	651549	804	651147	253.634646050322	286.416601644895	540.051247695216	3.672672	536.378575695216	255.107580000124	291.082509189864	546.190089189988	6.413472	539.776617189988	616.283186746081	594.098690010626	5763.79401924098
7	653258	653417	159	653337.5	40.3212293680481	38.7704936249848	79.0917229930329	0.726312	78.3654109930329	46.7642778745174	42.8721881653525	89.6364660398699	3.467112	86.1693540398699	90.0395493143173	94.8412708587742	842.09569073777
7	656510	656613	103	656561.5	7.82218029421586	9.63972218692071	17.4619024811366	0.470504	16.9913984811366	15.6237601136093	15.231251066629	30.8550111802384	3.211304	27.6437071802384	19.5226164461452	30.4257163052256	182.585445023003
7	661786	662013	227	661899.5	30.3144987219127	30.8292105855579	61.1437093074705	1.036936	60.1067733074705	34.2540895259351	33.2311659484672	67.4852554744023	3.777736	63.7075194744023	69.060912343376	70.1189207872765	645.892800726496
7	666178	666273	95	666225.5	13.9720220425333	15.7119621465868	29.6839841891201	0.43396	29.2500241891201	18.4622255376827	18.17141883485	36.6336443725327	3.17476	33.4588843725327	33.607416359437	36.8261216619952	314.313662258767
7	667839	668046	207	667942.5	76.4872629625732	22.1624108236234	98.6496737861966	0.945576	97.7040977861966	78.5480104609483	23.7434472650905	102.291457726039	3.686376	98.6050817260388	112.259130901684	108.52850608238	1049.90452637954
7	670145	670301	156	670223	36.198934352858	31.9271358917481	68.126070244606	0.712608	67.413462244606	38.6619911240998	33.9104816060818	72.5724727301816	3.453408	69.1190647301816	77.4560827449972	76.0750734715639	724.408707037128
7	671945	672214	269	672079.5	85.7820771996761	54.3699531784881	140.152030378164	1.228792	138.923238378164	87.9036260994688	56.83280994512	144.736436044589	3.969592	140.766844044589	159.618709509065	154.933346463181	1492.83540913208
7	676456	676551	95	676503.5	7.42387111354772	25.6735917531838	33.0974628667315	0.43396	32.6635028667315	14.7861408072382	34.4617943133435	49.2479351205817	3.17476	46.0731751205817	37.5294028306556	50.7098901880247	350.994075829205
7	677039	678575	1536	677807	721.025718993904	531.586052580087	1252.61177157399	7.016448	1245.59532357399	730.689141727101	538.46901122609	1269.15815295319	9.757248	1259.40090495319	1431.15234312488	1386.14457166739	13384.8650966436
7	687698	687808	110	687753	16.6210831010066	15.6448605999565	32.2659437009631	0.50248	31.7634637009631	20.2158659575162	18.7698326277493	38.9856985852655	3.24328	35.7424185852655	36.4952843359765	39.3394663330584	341.322473353259
7	693169	693289	120	693229	25.8190951069052	12.8972972710946	38.7163923779998	0.54816	38.1682323779998	31.9346360646203	14.8804429808184	46.8150790454387	3.28896	43.5261190454387	43.8541749209325	47.9065033249486	410.146563404727
7	695125	695351	226	695238	103.660389278679	87.7884234441513	191.44881272283	1.032368	190.41644472283	107.843085686067	91.7684151793788	199.611500865446	3.773168	195.838332865446	218.782887087806	215.547123206107	2046.16890940517
7	699856	700077	221	699966.5	30.9349130219039	123.827454111373	154.762367133277	1.009528	153.752839133277	32.4213472828758	125.378289856741	157.799637139617	3.750328	154.049309139617	176.657484034478	169.552533107739	1652.19070036322
7	701600	701717	117	701658.5	14.4483330210727	13.6782152705517	28.1265482916244	0.534456	27.5920922916244	20.5876745273691	18.3743235116202	38.9619980389892	3.275256	35.6867420389892	31.7025014364792	39.2781866070502	296.497928394473
7	702657	703221	564	702939	326.137917185469	433.316687559666	759.454604745134	2.576352	756.878252745134	333.631589907881	445.064858344429	778.69644825231	5.317152	773.37929625231	869.630821805281	851.210690038315	8133.23004337303
7	706800	707024	224	706912	27.5652353538663	146.494576568146	174.059811922012	1.023232	173.036579922012	33.2516664209847	165.480414174615	198.7320805956	3.764032	194.9680485956	198.813934280954	214.589255213707	1859.40909957434
7	712573	712701	128	712637	64.9743976013881	0	64.9743976013881	0.584704	64.3896936013881	71.7689542098029	2.19935069305407	73.9683049028569	3.325504	70.6428009028569	73.9818616260611	77.7521555000905	691.916022931022
7	713470	713646	176	713558	38.9562979076063	62.8226480054965	101.778945913103	0.803968	100.974977913103	50.5831658964493	72.2156645060732	122.798830402523	3.544768	119.254062402523	116.01727583777	131.255560162301	1085.05261052641
7	726616	726845	229	726730.5	17.7741096772315	27.6062362989012	45.3803459761327	1.046072	44.3342739761327	28.3806541485357	42.9535900415925	71.3342441901281	3.786872	67.5473721901281	50.9387751229091	74.345208839772	476.40535019472
7	729844	729933	89	729888.5	6.29834517118772	13.6035135487442	19.9018587199319	0.406552	19.4953067199319	13.6471145537081	21.9054048998682	35.5525194535763	3.147352	32.4051674535763	22.3995332706557	35.6663607141183	209.49183537014
7	730938	731096	158	731017	32.8640574869476	28.680861068035	61.5449185549826	0.721744	60.8231745549826	51.5593883974994	44.9361357374865	96.4955241349859	3.462544	93.0329801349859	69.8840362782449	102.39563898435	653.5910746936
7	732434	732686	252	732560	7.63297593322562	4.18979657104017	11.8227725042658	1.151136	10.6716365042658	15.4309556696404	8.8120031087409	24.2429587783813	3.891936	20.3510227783813	12.2613960561725	22.3991102763112	114.674816344178
7	733038	733883	845	733460.5	1135.60497467263	1191.14715486989	2326.75212954252	3.85996	2322.89216954252	1139.86507286406	1194.27552697606	2334.14059984011	6.60076	2327.53983984011	2668.93469199007	2561.77893921227	24961.2355914802
7	738304	738452	148	738378	41.8587648068561	68.1511708231518	110.009935630008	0.676064	109.333871630008	45.4672479791456	71.5094482284236	116.976696207569	3.416864	113.559832207569	125.621398543173	124.988273674325	1174.87525407723
7	739003	739368	365	739185.5	632.666982404548	84.7487533824921	717.41573578704	1.66732	715.74841578704	657.106945723706	107.840585628443	764.947531352149	4.40812	760.539411352149	822.373850443166	837.078624001842	7691.25879580007
7	739579	739867	288	739723	165.830022232766	186.442197324851	352.272219557618	1.315584	350.956635557618	206.687863969247	203.64099374163	410.328857710876	4.056384	406.272473710877	403.23883833502	447.158948224786	3771.294844165
7	742002	742241	239	742121.5	35.5839201773348	32.4310475064573	68.014967683792	1.091752	66.923215683792	57.445724072239	47.0104835493366	104.456207621576	3.832552	100.623655621576	76.8928038847292	110.750225343343	719.140636455616
7	745585	745670	85	745627.5	11.6502685282044	8.2985912750602	19.9488598032646	0.38828	19.5605798032646	21.6681994324957	14.1808268552963	35.849026287792	3.12908	32.719946287792	22.4745301210666	36.0128182802577	210.193244084764
7	746522	746739	217	746630.5	76.354859910802	38.8886963494512	115.243556260253	0.991256	114.252300260253	84.0478372270055	44.3248216472469	128.372658874252	3.732056	124.640602874252	131.272528188129	137.184191629525	1227.72749465438
7	754103	754527	424	754315	117.325204240366	86.6130963539196	203.938300594285	1.936832	202.001468594285	126.00510430425	96.2902194028966	222.295323707147	4.677632	217.617691707147	232.093738328976	239.518314519442	2170.65876475875
7	756548	756890	342	756719	60.5714961184715	74.4871168610056	135.058612979477	1.562256	133.496356979477	62.3214364530213	76.0208522122251	138.342288665246	4.303056	134.039232665246	153.383382607462	147.528681310817	1434.51945848409
7	761208	761296	88	761252	22.8556268016278	11.1873578585301	34.0429846601579	0.401984	33.6410006601579	32.8639574846426	15.9986687549161	48.8626262395587	3.142784	45.7198422395587	38.6525190073024	50.3209985705141	361.498029922207
7	762196	762388	192	762292	71.2576424245264	19.1686418199423	90.4262842444687	0.877056	89.5492282444687	73.8185014500222	21.3544922018263	95.1729936518485	3.617856	91.5551376518485	102.889425964903	100.769069297348	962.274277107592
7	765725	766957	1232	766341	773.080218803275	1794.23265544791	2567.31287425118	5.627776	2561.68509825118	780.638193007779	1801.94313316748	2582.58132617526	8.368576	2574.21275017526	2943.30073445599	2833.27653326169	27527.2464589801
7	767225	767452	227	767338.5	121.793907239948	104.027197733284	225.821104973232	1.036936	224.784168973232	131.940241103812	109.67992802363	241.620169127442	3.777736	237.842433127442	258.270390097776	261.778434726486	2415.4761346847
7	772040	772255	215	772147.5	40.1665258022701	37.2020574739431	77.3685832762132	0.98212	76.3864632762132	46.1298632518313	42.9998911087904	89.1297543606217	3.72292	85.4068343606217	87.7657966690988	94.0020126765525	820.830398775257
7	774440	774858	418	774649	118.306526858969	92.7754383903575	211.081965249326	1.909424	209.172541249326	121.526001064952	102.516862921426	224.042863986378	4.650224	219.392639986378	240.333089616466	241.47189015415	2247.71737141003
7	784042	784133	91	784087.5	7.10926386213372	10.829449609067	17.9387134712008	0.415688	17.5230254712008	16.1408720325737	20.5466735823342	36.6875456149078	3.156488	33.5310576149078	20.1334402009388	36.9055582796317	188.298179656051
7	785195	785888	693	785541.5	344.335436621914	471.422365861256	815.75780248317	3.165624	812.59217848317	346.70709128642	473.919023406965	820.626114693385	5.906424	814.719690693385	933.644481663839	896.711501670028	8731.91837006674
7	787020	787203	183	787111.5	70.564426446522	71.0106367312675	141.575063177789	0.835944	140.739119177789	72.1285624984503	72.8856799493261	145.014242447776	3.576744	141.437498447776	161.705103068862	155.671494225968	1512.3484235715
7	788383	788905	522	788644	257.128926590343	141.262655977085	398.391582567428	2.384496	396.007086567428	262.051840059068	149.192438751441	411.244278810509	5.125296	406.118982810509	455.000479777705	446.990010297627	4255.39605897936
7	793007	793303	296	793155	121.219994011765	184.936462619022	306.156456630786	1.352128	304.804328630786	127.200031846255	191.20700714943	318.407038995684	4.092928	314.314110995684	350.211196894112	345.946074075056	3275.35335303766
7	794327	794414	87	794370.5	0.233105372869051	58.0059369846425	58.2390423575115	0.397416	57.8416263575115	5.26722140471291	62.6651443751796	67.9323657798925	3.138216	64.7941497798925	66.45832520805	71.3149074611311	621.552081252469
7	795652	795874	222	795763	212.689102292389	241.779472799248	454.468575091637	1.014096	453.454479091637	217.476612640194	248.006316322387	465.482928962581	3.754896	461.728032962581	521.005841921755	508.195447502501	4872.71179912214
7	798037	798498	461	798267.5	643.138223757237	245.370055558949	888.508279316186	2.105848	886.402431316186	651.92952638885	251.751902654781	903.681429043631	4.846648	898.834781043631	1018.45028840492	989.291771722033	9525.06543655088
7	800150	800396	246	800273	190.067080875155	136.38044344648	326.447524321635	1.123728	325.323796321635	194.205776268359	138.934502315238	333.140278583597	3.864528	329.275750583597	373.787460958087	362.413424079699	3495.85057368303
7	801853	802343	490	802098	1078.8969676041	830.241236313285	1909.13820391739	2.23832	1906.89988391739	1104.89426681845	836.995291988189	1941.88955880664	4.97912	1936.91043880664	2190.97180707328	2131.83735218732	20491.083432944
7	807914	808029	115	807971.5	51.27288179378	56.5145026084224	107.787384402202	0.52532	107.262064402202	61.2678121679298	67.0094445073878	128.277256675318	3.26612	125.011136675318	123.24095305461	137.59201523434	1152.61211634253
7	809555	810139	584	809847	161.298117776447	230.316708592849	391.614826369297	2.667712	388.947114369297	164.180184205485	232.563460378456	396.743644583941	5.408512	391.335132583941	446.888779643218	430.718342031149	4179.53131087891
7	810857	811086	229	810971.5	44.1873184779226	22.4597176762788	66.6470361542014	1.046072	65.6009641542014	49.6273438656118	29.1701723462196	78.7975162118314	3.786872	75.0106442118313	75.3735758184706	82.5595700960436	704.932042370163
7	823714	823886	172	823800	78.3812066162698	33.2694668312681	111.650673447538	0.785696	110.864977447538	96.9954356574965	39.4797099717833	136.47514562928	3.526496	132.94864962928	127.380594035368	146.32834411135	1191.32814566125
7	832224	832372	148	832298	35.4289166046419	19.1518414327085	54.5807580373504	0.676064	53.9046940373504	41.2403505529642	22.3884160328401	63.6287665858043	3.416864	60.2119025858043	61.934905917621	66.27151178852	579.246761858065
7	834548	834668	120	834608	16.7227854451541	34.7976020534097	51.5203874985638	0.54816	50.9722274985638	27.582335748015	48.3434142721902	75.9257500202052	3.28896	72.6367900202052	58.565588227765	79.9468158184256	547.735188011225
7	836768	837031	263	836899.5	168.847191775809	195.039995496361	363.88718727217	1.201384	362.68580327217	177.391988725688	202.936077493945	380.328066219633	3.942184	376.385882219633	416.715306606771	414.264628077567	3897.33363427921
7	840457	840594	137	840525.5	61.6370206778536	13.9850223421785	75.6220430200322	0.625816	74.9962270200322	67.583657742486	17.4682026263492	85.0518603688353	3.366616	81.6852443688353	86.168456154186	89.9058890793742	805.891257314727
7	843636	843777	141	843706.5	41.240750562184	43.6733066304121	84.9140571925961	0.644088	84.2699691925961	43.7947094286373	48.0856083299952	91.8803177586326	3.384888	88.4954297586326	96.823712792208	97.4014383306008	905.544640377103
7	846350	846458	108	846404	42.6770836683694	28.6444602290284	71.3215438973978	0.493344	70.8281998973978	48.1265092727251	34.577096970966	82.7036062436911	3.234144	79.4694622436911	81.3795157416204	87.4671149347103	761.102649249358
7	848150	849584	1434	848867	2934.2615320875	4680.94389154388	7615.20542363137	6.550512	7608.65491163137	2941.03908830407	4688.17095812126	7629.21004642532	9.291312	7619.91873442532	8742.1204132058	8386.77259062543	81760.7593988779
7	856380	856854	474	856617	14.8443421487267	67.250150055434	82.0944922041607	2.165232	79.9292602041607	32.7998560071613	80.5231559862751	113.323011993436	4.906032	108.416979993436	91.8363660014398	119.327854778744	858.90043488403
7	866166	866308	142	866237	19.5941516275604	65.3297057909221	84.9238574184825	0.648656	84.2752014184825	23.3546383033938	70.6710289036127	94.0256672070065	3.389456	90.6362112070065	96.8297244656587	99.7576638757144	905.60086460685
7	867572	867691	119	867631.5	36.2358352033894	32.7996560025514	69.0354912059407	0.543592	68.4918992059407	41.7635626125312	37.3815616113519	79.1451242238832	3.284392	75.8607322238832	78.6951750528409	83.4952093183999	735.997328935034
7	871543	871665	122	871604	22.0310077949019	27.8189412015578	49.8499489964597	0.557296	49.2926529964597	30.6670068469077	34.3362914206148	65.0032982675225	3.298096	61.7052022675225	56.6358065895022	67.9150942566168	529.686887969506
7	875173	875316	143	875244.5	28.6166595882487	22.3788158115636	50.9954753998123	0.653224	50.3422513998123	30.8498110603803	25.4465865209175	56.2963975812978	3.394024	52.9023735812978	57.8417642435404	58.2263659487855	540.96561772117
7	875824	875921	97	875872.5	17.6415066208504	16.3846776520738	34.0261842729241	0.443096	33.5830882729241	24.7164696923817	24.0172535760795	48.7337232684613	3.183896	45.5498272684613	38.5859793799315	50.133873622166	360.875717461749
7	878492	878739	247	878615.5	57.2159187754338	96.8462322184916	154.062150993925	1.128296	152.933854993925	60.3444908862052	105.303127142308	165.647618028514	3.869096	161.778522028514	175.716495378024	178.05959900476	1643.3900955327
7	879436	879624	188	879530	95.3998988818098	105.520832160213	200.920731042023	0.858784	200.061947042023	102.400360236144	110.815154189571	213.215514425715	3.599584	209.615930425715	229.865285185706	230.711271487781	2149.8171367936
7	879966	880128	162	880047	111.839877808528	66.2865278448093	178.126405653338	0.740016	177.386389653338	119.424952637676	76.6088657654083	196.033818403085	3.480816	192.553002403085	203.81173755728	211.931163452049	1906.15109944216
7	882266	882489	223	882377.5	27.3565305434083	10.9742529466537	38.3307834900619	1.018664	37.3121194900619	34.8166024913527	15.2955525487203	50.112155040073	3.759464	46.352691040073	42.8705264258209	51.0175360480314	400.946982051397
7	887895	888654	759	888274.5	206.113850738758	200.569522946992	406.683373685751	3.467112	403.216261685751	216.720095203148	210.351048402351	427.071143605498	6.207912	420.863231605498	463.283609673362	463.218091721189	4332.86410545529
7	894331	894648	317	894489.5	649.981581490474	215.161759284907	865.143340775381	1.448056	863.695284775381	653.914072130844	216.898299310592	870.812371441435	4.188856	866.623515441435	992.360445771031	953.838826765892	9281.05994983605
7	897326	897414	88	897370	4.42950209603679	5.23722071322397	9.66672280926076	0.401984	9.26473880926076	17.759109331487	9.69362342929584	27.4527327607828	3.142784	24.3099487607828	10.644912038742	26.7564548983105	99.5566351050348
7	902333	902522	189	902427.5	82.440800186248	97.4843469264613	179.925147112709	0.863352	179.061795112709	96.074814438006	120.308673006636	216.383487444642	3.604152	212.779335444642	205.736729088224	234.193035458035	1924.15459996232
7	904693	905868	1175	905280.5	986.113129020128	771.666486218012	1757.77961523814	5.3674	1752.41221523814	990.96184077857	777.271815415805	1768.23365619437	8.1082	1760.12545619437	2013.47002553173	1937.2610714839	18830.9964325902
7	906201	906284	83	906242.5	6.79205655079068	7.81878021584712	14.6108367666378	0.379144	14.2316927666378	16.4793798348738	14.8162415010321	31.2956213359059	3.119944	28.1756773359059	16.3517958554677	31.0112229065529	152.930317072606
7	908830	909132	302	908981	586.226912002721	193.001148502773	779.228060505494	1.379536	777.848524505494	603.702114790417	200.735226766316	804.437341556734	4.120336	800.317005556734	893.725046468627	880.859358209527	8358.57149515931
7	910258	910409	151	910333.5	51.1551790808384	33.5636736124696	84.7188526933081	0.689768	84.0290846933081	56.6215050747329	36.0907318588879	92.7122369336208	3.430568	89.2816689336208	96.5469435967446	98.2668030926523	902.956153999688
7	911650	911855	205	911752.5	78.3437057519087	55.4299776110973	133.773683363006	0.93644	132.837243363006	84.8611559732706	61.3158132743121	146.176969247583	3.67724	142.499729247583	152.626080473497	156.840625875166	1427.436783499
7	913276	914002	726	913639	218.076426465362	290.047485333496	508.123911798858	3.316368	504.807543798858	229.081080112725	300.09911701456	529.180197127284	6.057168	523.123029127284	580.009000886343	575.769117115203	5424.53937136538
7	914822	915258	436	915040	481.142389899062	350.674182724307	831.816572623369	1.991648	829.824924623368	485.186383109466	353.559349224798	838.745732334264	4.732448	834.013284334264	953.444399462387	917.946765189435	8917.09727846971
7	916860	917064	204	916962	92.5623334784811	73.8659025425747	166.428236021056	0.931872	165.496364021056	98.6337734197075	78.7885160043847	177.422289424092	3.672672	173.749617424092	190.150448275437	191.235442244376	1778.38376917708
7	919723	920429	706	920076	95.890310185349	155.741089691951	251.6313998773	3.225008	248.4063918773	104.02309763878	160.741404944718	264.764502583498	5.965808	258.798694583498	285.411628523409	284.843693728214	2669.31480995091
7	921933	922056	123	921994.5	26.56531230654	20.3484690138973	46.9137813204373	0.561864	46.3519173204373	32.1332406422771	26.0822011712632	58.2154418135402	3.302664	54.9127778135402	53.2569879044942	60.43909336737	498.086455980482
7	924503	924712	209	924607.5	21.2326893943812	24.7575706397216	45.9902600341028	0.954712	45.0355480341028	26.3882082244503	27.487433560605	53.8756417850554	3.695512	50.1801297850554	51.7445183625007	55.2301608118225	483.941071053701
7	932067	932217	150	932142	50.2923591936166	1.40883247232055	51.7011916659371	0.6852	51.0159916659371	58.0972390890738	2.35475427496677	60.4519933640406	3.426	57.0259933640406	58.6158719671913	62.7649788360628	548.205467134206
7	936892	937084	192	936988	49.4072387923879	72.0935616917132	121.500800484101	0.877056	120.623744484101	51.5626884735632	73.8604024158017	125.423090889365	3.617856	121.805234889365	138.5931299578	134.063477704774	1296.19348821824
7	939180	939346	166	939263	47.4847944817768	30.8229104403452	78.307704922122	0.758288	77.549416922122	55.1678715697889	36.5090415005486	91.6769130703375	3.499088	88.1778250703375	89.1019961584421	97.0518705219033	833.327216457162
7	939667	939843	176	939755	69.7824084217103	68.0124676261679	137.794876047878	0.803968	136.990908047878	82.0877920497282	75.8985493932552	157.986341442983	3.544768	154.441573442983	157.398518868058	169.984274130499	1472.0710562933
7	942472	942641	169	942556.5	29.3252759212174	52.3674070216015	81.6926829428189	0.771992	80.9206909428189	45.1514407000721	72.2012641741585	117.352704874231	3.512792	113.839912874231	92.9754907218229	125.296541116562	869.554109025587
7	944850	945030	180	944940	34.384392529302	25.5580890909514	59.9424816202534	0.82224	59.1202416202534	38.4891871411235	28.6222597173266	67.1114468584502	3.56304	63.5484068584502	67.9274164888183	69.9437953859699	635.291770602943
7	947142	947270	128	947206	32.8095562307427	6.11214087934638	38.9216971100891	0.584704	38.3369931100891	37.9348743647129	10.1564340966652	48.0913084613781	3.325504	44.7658044613781	44.0480760319804	49.2709482789909	411.960025281049
7	951062	951546	484	951304	311.389077237982	430.576324396761	741.965401634743	2.210912	739.754489634743	318.852349259685	439.509630301422	758.361979561107	4.951712	753.410267561107	849.956122298354	829.23201699392	7949.22224016306
7	951813	951962	149	951887.5	24.9568752335131	25.1427795184395	50.0996547519526	0.680632	49.4190227519526	31.4876257614351	32.5756508394339	64.063276600869	3.421432	60.641844600869	56.7810017168851	66.7447223348757	531.044826697724
7	953584	953822	238	953703	51.0593768726838	30.4951028846761	81.5544797573598	1.087184	80.4672957573598	60.8104016250284	37.3878617565646	98.1982633815931	3.827984	94.3702793815931	92.4545530065387	103.867521435831	864.682034381453
7	958540	958748	208	958644	40.84474143453	43.2100959538229	84.0548373883529	0.950144	83.1046933883529	44.3180214905094	47.5481959431234	91.8662174336328	3.690944	88.1752734336328	95.4848452113277	97.0490620934248	893.02286934522
7	959111	959729	618	959420	183.391327005036	177.765497334726	361.156824339762	2.823024	358.333800339762	188.948955103362	183.417627611242	372.366582714604	5.563824	366.802758714604	411.714983406993	403.717077592356	3850.56806680475
7	962189	962293	104	962241	6.62245264157322	6.91655942046978	13.539012062043	0.475072	13.063940062043	13.3291072239254	13.416909247683	26.7460164716084	3.215872	23.5301444716084	15.0100823890298	25.8981726165122	140.381929870577
7	968656	969113	457	968884.5	190.489090602099	152.268709656717	342.757800258816	2.087576	340.670224258816	196.259623607692	164.171784011868	360.431407619559	4.828376	355.603031619559	391.420054694771	391.390231664348	3660.75956440174
7	969468	969641	173	969554.5	33.4685714204497	49.4983408922093	82.966912312659	0.790264	82.1766483126591	39.2395044352619	60.7663006085397	100.005805043802	3.531064	96.4747410438016	94.4185487509381	106.183772041876	883.050322157
7	970132	970430	298	970281	128.709366635063	74.5219176631328	203.231284298196	1.361264	201.870020298196	131.003219506307	77.6336893866705	208.636908892978	4.102064	204.534844892978	231.942708108015	225.118835352727	2169.24625326562
7	974106	974313	207	974209.5	21.5135958690227	12.3533847344001	33.8669806034228	0.945576	32.9214046034228	34.8734038005717	22.969129417761	57.8425332183327	3.686376	54.1561572183327	37.8257243307257	59.606327941576	353.76542531043
7	976954	977233	279	977093.5	48.8300254881407	25.1639800070917	73.9940054952325	1.274472	72.7195334952325	53.3606299144953	37.4698636466344	90.8304935611296	4.015272	86.8152215611296	83.5526023444227	95.5521372358662	781.426461149301
7	979469	979625	156	979547	10.9307519439947	9.8727275574848	20.8034795014795	0.712608	20.0908715014795	13.7788175893446	12.3221840152517	26.1010016045962	3.453408	22.6475936045962	23.0838196648506	24.9268035403761	215.891629995615
7	984316	984773	457	984544.5	22.1347101851487	18.6881307445944	40.8228409297431	2.087576	38.7352649297431	25.0131765312073	20.4855721740017	45.498748705209	4.828376	40.670372705209	44.5056786233766	44.7633602066614	416.239757612227
7	986763	987103	340	986933	11.9509754592285	23.3752387782163	35.3262142374448	1.55312	33.7730942374448	22.033507852526	34.51209547274	56.5456033252659	4.29392	52.2516833252659	38.8042906373559	57.510191486239	362.917475450506
7	987459	987803	344	987631	38.8983965730327	9.880327732662	48.7787243056947	1.571392	47.2073323056947	46.0211607463364	16.1109713433897	62.1321320897261	4.312192	57.8199400897261	54.2398345299797	63.6388268217786	507.278537840957
7	989735	989832	97	989783.5	18.3310225135711	4.27099844267023	22.6020209562413	0.443096	22.1589249562413	29.4912797474562	10.1057329280489	39.5970126755051	3.183896	36.4131166755051	25.4599521787378	40.0776621794778	238.114430596063
7	993759	994327	568	994043	75.8762488792485	103.668589467686	179.544838346935	2.594624	176.950214346935	82.3764987041567	109.696128397034	192.07262710119	5.335424	186.73720310119	203.310584975893	205.530073377775	1901.46406543987
7	1004135	1004382	247	1004258.5	23.0778319232559	23.3381379230749	46.4159698463308	1.128296	45.2876738463308	26.5169111909379	27.1356254517448	53.6525366426826	3.869096	49.7834406426826	52.0342034954675	54.7935496428319	486.650353852204
7	1007505	1007584	79	1007544.5	3.14207242194148	2.07104773578638	5.21312015772786	0.360872	4.85224815772786	5.59132887509841	5.00021525046136	10.5915441255598	3.101672	7.48987212555976	5.57509023109551	8.24363834303694	52.1410812785271
7	1010887	1011494	607	1011190.5	48.414415908714	25.423585990776	73.83800189949	2.772776	71.06522589949	54.4116541396577	30.2145964192545	84.6262505589122	5.513576	79.1126745589122	81.6518516374412	87.0744208286881	763.649673152191
7	1011755	1012424	669	1012089.5	86.8913027663271	66.1136238595281	153.004926625855	3.055992	149.948934625855	91.6958135059756	69.124193250443	160.820006756419	5.796792	155.023214756419	172.286909783123	170.624450698663	1611.31486556459
7	1016808	1016953	145	1016880.5	5.3551234307755	7.67007678836694	13.0252002191424	0.66236	12.3628402191424	11.6698689799772	12.3764852668466	24.0463542468238	3.40316	20.6431942468238	14.2045393174224	22.7206853151926	132.84808108446
7	1017817	1017960	143	1017888.5	6.52105030434061	7.7881795105284	14.309229814869	0.653224	13.656005814869	8.78460247718101	11.0889555904464	19.8735580676274	3.394024	16.4795340676274	15.6903485022725	18.1380024435495	146.744124782469
7	1021984	1022522	538	1022253	88.2594343005276	63.5118638913024	151.77129819183	2.457584	149.31371419183	94.1853708880327	69.0189908256218	163.204361713654	5.198384	158.005977713654	171.557060212118	173.90739314017	1604.48894092025
7	1043122	1043205	83	1043163.5	4.494003582738	2.54085856450315	7.03486214724116	0.379144	6.65571814724116	8.041485349	4.93951385134874	12.9809992003487	3.119944	9.86105520034874	7.6472241355819	10.8534526877952	71.5207321640315
7	1046599	1046673	74	1046636	4.01069244285121	3.57818247388568	7.58887491673688	0.338032	7.25084291673688	6.70665458235217	4.98691494390126	11.6935695262534	3.078832	8.61473752625343	8.33100496888789	9.48170801798762	77.9157985267692
7	1050166	1050580	414	1050373	39.9062198024511	49.488340661713	89.3945604641641	1.891152	87.5034084641641	44.0719158179951	52.5730117606057	96.6449275786008	4.631952	92.0129755786008	100.53883928817	101.272983145889	940.29039417774
7	1058853	1058956	103	1058904.5	5.07851705524749	5.41982492208664	10.4983419773341	0.470504	10.0278379773341	7.23416674103267	8.57869773126193	15.8128644722946	3.211304	12.6015604722946	11.5216905090491	13.8697570999909	107.756713594986
7	1065150	1065417	267	1065283.5	36.8720498675648	23.8864505611878	60.7585004287526	1.219656	59.5388444287526	39.770816681531	27.3123295246146	67.0831462061456	3.960456	63.1226902061456	68.4083787876355	69.475235434695	639.789974806825
7	1076241	1076412	171	1076326.5	16.5937824717517	0.155403581912701	16.7491860536644	0.781128	15.9680580536644	18.9487367513284	1.22292818739409	20.1716649387224	3.521928	16.6497369387224	18.3468284330777	18.3253342017869	171.588877108509
7	1085917	1086026	109	1085971.5	1.32113045086788	6.07524002881498	7.39637047968286	0.497912	6.89845847968286	2.12854906114018	7.67327686212576	9.80182592326594	3.238712	6.56311392326594	7.92612562868327	7.22361299105773	74.1291608741877
8	10675	10815	140	10745	2.34155397071164	2.37185466911547	4.71340863982711	0.63952	4.07388863982711	5.67273075133839	4.36860069231424	10.0413314436526	3.38032	6.66101144365263	4.68077806826485	7.33136272819863	148.268568027839
8	17483	17568	85	17525.5	2.27725248862035	1.78394111823724	4.06119360685759	0.38828	3.67291360685759	6.16244203874283	4.6692076210334	10.8316496597762	3.12908	7.70256965977623	4.22006956438067	8.4777413449497	133.675141645956
8	21148	21683	535	21415.5	23.237635606587	31.9996375628463	55.2372731694333	2.44388	52.7933931694333	25.0821781216319	33.9996836621089	59.0818617837408	5.18468	53.8971817837408	60.6580539489794	59.3212897210674	1921.40765214799
8	25567	26144	577	25855.5	24.2813596634872	25.9738986749881	50.2552583384752	2.635736	47.6195223384752	26.511211059555	27.6767379239002	54.1879489834552	5.376536	48.8114129834552	54.7134287383572	53.7236990034926	1733.1053967138
8	32847	33091	244	32969	8.52869657878036	25.8707962985711	34.3994928773515	1.114592	33.2849008773515	10.2010351246787	27.8404416971249	38.0414768218036	3.855392	34.1860848218036	38.2433708442478	37.6265061553733	1211.3989915647
8	34225	34381	156	34303	6.63925302880702	5.10551767758753	11.7447707063946	0.712608	11.0321627063946	9.72042404702596	7.07506307383633	16.7954871208623	3.453408	13.3420791208623	12.6756300446672	14.6848001104362	401.513912465871
8	48045	48588	543	48316.5	54.6235590238746	69.9377120013181	124.561271025193	2.480424	122.080847025193	56.8704108117862	71.1944409677897	128.064851779576	5.221224	122.843627779576	140.267297864816	135.206372443346	4443.11417722483
8	50582	50930	348	50756	34.6051976186606	13.9037204682435	48.5089180869041	1.589664	46.9192540869041	39.5346112372081	18.7252315997358	58.2598428369438	4.330464	53.9293788369438	53.9088411406963	59.3567270233161	1707.61923838322
8	54406	54746	340	54576	10.5424429938229	15.6371604224744	26.1796034162972	1.55312	24.6264834162972	11.7383705588769	17.8062104171246	29.5445809760015	4.29392	25.2506609760015	28.2951041780033	27.7918385680364	896.27718244421
8	65935	66140	205	66037.5	9.1738114480975	19.9936608358881	29.1674722839856	0.93644	28.2310322839856	10.940752174491	21.851703662103	32.792455836594	3.67724	29.115215836594	32.4366246704684	32.0453147413922	1027.46419962817
8	67523	67743	220	67633	15.4448559900303	38.474286797684	53.9191427877143	1.00496	52.9141827877143	17.7388088635795	42.1298710556112	59.8686799191907	3.74576	56.1229199191907	60.7968376630447	61.7710218296223	1925.8037722481
8	69567	69662	95	69614.5	7.14966479333883	7.60607531319054	14.7557401065294	0.43396	14.3217801065294	9.01130770253242	10.5790438374394	19.5903515399718	3.17476	16.4155915399718	16.4553035558673	18.0676248638131	521.23904596833
8	70082	70235	153	70158.5	17.7470090525865	8.61639860023302	26.3634076528195	0.698904	25.6645036528195	19.5307501662138	10.7549478918695	30.2856980580833	3.439704	26.8459940580833	29.4877588593386	29.5477228801977	934.055773775465
8	74558	74765	207	74661.5	11.4107630078177	9.78192546457828	21.192688472396	0.945576	20.247112472396	14.8806429854283	12.7753944613445	27.6560374467729	3.686376	23.9696614467729	23.2633359390268	26.3819217283985	736.890631627121
8	75094	75258	164	75176	5.70333145665711	6.87895855380364	12.5822900104607	0.749152	11.8331380104607	8.27779079562787	11.0006535551639	19.2784443507918	3.489952	15.7884923507918	13.5959270797511	17.3774156273737	430.665288916995
8	78388	78546	158	78467	4.00079221465986	12.0869785939784	16.0877708086382	0.721744	15.3660268086382	6.24424392420267	15.350653818755	21.5948977429577	3.462544	18.1323537429577	17.6551122627878	19.9571586883113	559.244248583796
8	81883	81977	94	81930	0.496611446446893	5.65973045169319	6.15634189814008	0.429392	5.72694989814008	2.34125396379675	8.77130217062091	11.1125561344177	3.170192	7.94236413441766	6.58009677024539	8.74166827086564	208.431485402714
8	98169	98357	188	98263	3.07507087761618	9.93382896581727	13.0088998434335	0.858784	12.1501158434335	4.54800482741809	12.8021950790747	17.3501999064928	3.599584	13.7506159064928	13.9601252746158	15.1344512465446	442.201649762005
8	98911	99018	107	98964.5	7.11276394280743	4.76070973007467	11.8734736728821	0.488776	11.3846976728821	12.6133907273043	6.77795622579088	19.3913469530952	3.229576	16.1617709530952	13.0806823387578	17.7882602649052	414.344369869604
8	113270	113446	176	113358	23.3147373837136	40.5174338903857	63.8321712740993	0.803968	63.0282032740993	27.6662376818791	44.8689341885513	72.5351718704304	3.544768	68.9904038704304	72.4175493368575	75.9334644321954	2293.90203587274
8	116975	117149	174	117062	29.8465879369902	36.9360513427412	66.7826392797314	0.794832	65.9878072797314	36.971952170223	44.061315573669	81.033267743892	3.535632	77.497635743892	75.8180471769015	85.2968476368095	2401.61638121704
8	117620	117702	82	117661	22.9234283643928	15.6210600513753	38.5444884157682	0.374576	38.1699124157682	35.5163186191797	24.8988738966345	60.4151925158141	3.115376	57.2998165158141	43.8561052348501	63.0663590192395	1389.18825622935
8	121738	122803	1065	122270.5	512.384910011032	1136.06248521783	1648.44739522887	4.86492	1643.58247522887	514.104449644873	1140.00207602186	1654.10652566673	7.60572	1646.50080566673	1888.42785937375	1812.20145629937	59817.9384815431
8	123727	123917	190	123822	15.2833522675148	21.1625877786021	36.4459400461169	0.86792	35.5780200461169	18.41542445896	24.683168924829	43.098593383789	3.60872	39.489873383789	40.8780972351809	43.4640577210051	1294.85672090619
8	125956	126101	145	126028.5	26.7492165453672	44.2049188835961	70.9541354289633	0.66236	70.2917754289633	37.4466631118829	55.0000677020608	92.4467308139437	3.40316	89.0435708139437	80.7631798254684	98.0047432395772	2558.25865859434
8	138449	138746	297	138597.5	108.525701419745	99.3481898863641	207.873891306109	1.356696	206.517195306109	113.161108261701	104.611911210403	217.773019472104	4.097496	213.675523472104	237.282175329522	235.179414112024	7516.16245024848
8	141432	141877	445	141654.5	938.037720925239	1002.60990925606	1940.6476301813	2.03276	1938.6148701813	943.419744976049	1015.58090822592	1959.00065320197	4.77356	1954.22709320197	2227.41139226178	2150.89672112624	70555.5983904988
8	143361	144079	718	143720	469.465520757737	711.423997682869	1180.88951844061	3.279824	1177.60969444061	474.344333209973	714.427466910132	1188.7718001201	6.020624	1182.7511761201	1353.0388574754	1301.78096264989	42858.9287845187
8	151231	151532	301	151381.5	186.424996928398	176.976379146262	363.401376074659	1.374968	362.026408074659	206.914269187683	198.57047687078	405.484746058463	4.115768	401.368978058463	415.957680944485	441.761974271492	13175.8970013893
8	159202	159439	237	159320.5	71.9941594005798	89.6052653207214	161.599424721301	1.082616	160.516808721301	77.4642854820629	97.4572463018163	174.921531783879	3.823416	171.098115783879	184.429085887438	188.317098616947	5841.9852572396
8	160469	160740	271	160604.5	311.886388700564	258.468257460714	570.354646161278	1.237928	569.116718161278	324.509779658364	267.915075201361	592.424854859725	3.978728	588.446126859725	653.898348278178	647.666204825876	20712.9178783976
8	161429	161561	132	161495	20.8144797550254	14.4316326361439	35.2461123911693	0.602976	34.6431363911693	37.4929641790809	29.1358715556172	66.6288357346981	3.343776	63.2850597346981	39.8039434486298	69.6539455179751	1260.83177004313
8	167448	167673	225	167560.5	56.5137025899827	85.3883681250362	141.902070715019	1.0278	140.874270715019	62.6833447946829	92.2878271513573	154.97117194604	3.7686	151.20257194604	161.860388204831	166.419305799166	5127.09802292691
8	170534	170721	187	170627.5	57.4337237956435	104.497108564306	161.930832359949	0.854216	161.076616359949	60.9676052484305	107.892786831634	168.860392080064	3.595016	165.265376080064	185.072288377514	181.897363291528	5862.35937256075
8	172977	173225	248	173101	164.84379950122	199.821005694343	364.664805195563	1.132864	363.531941195563	173.11499014472	206.476759103469	379.59174924819	3.873664	375.71808524819	417.687494161391	413.529625312918	13230.6906542576
8	175242	175507	265	175374.5	49.9054502757142	10.829649613677	60.7350998893912	1.21052	59.5245798893912	69.5716035628481	29.6741839632338	99.2457875260818	3.95132	95.2944675260818	68.3919892520101	104.884718084367	2166.38818655418
8	175746	175856	110	175801	10.2525363117348	16.0111690430365	26.2637053547712	0.50248	25.7612253547712	21.4704948755836	26.7627168565372	48.2332117321208	3.24328	44.9899317321208	29.5988892463588	49.5176312839663	937.575945658762
8	176109	176374	265	176241.5	30.0444924985122	7.5657743842904	37.6102668828026	1.21052	36.3997468828026	44.5608270869599	18.7237315651613	63.2845586521212	3.95132	59.3332386521212	41.8222371700973	65.3044208191515	1324.76334628479
8	176763	177066	303	176914.5	11.1400567682825	5.26722140471291	16.4072781729954	1.384104	15.0231741729954	22.6757226549992	15.9409674249524	38.6166900799515	4.124904	34.4917860799515	17.2611846816864	37.9629725957793	546.766178163716
8	180090	180199	109	180144.5	57.7377308027314	16.3234762414363	74.0612070441677	0.497912	73.5632950441677	64.2923818815396	19.8405573069895	84.1329391885291	3.238712	80.8942271885291	84.522059514776	89.035265462808	2677.32512591975
8	181707	181932	225	181819.5	217.519313624413	31.6701299679928	249.189443592406	1.0278	248.161643592406	241.891375378502	42.5903816699664	284.481757048468	3.7686	280.713157048468	285.130419952075	308.963585231671	9031.8059200662
8	186885	187144	259	187014.5	212.99700938937	241.699370952972	454.696380342343	1.183112	453.513268342343	216.483689754215	247.118395856619	463.602085610834	3.923912	459.678173610834	521.073389039432	505.939294277638	16505.5476041677
8	187580	187925	345	187752.5	370.494539565694	424.336480573977	794.831020139671	1.57596	793.255060139671	375.572556609417	430.377419812189	805.949976421606	4.31676	801.633216421606	911.426702178945	882.308029985398	28870.3993275422
8	189091	191136	2045	190113.5	2290.79110067317	2064.5904869526	4355.38158762578	9.34156	4346.04002762578	2294.9202958474	2069.57430182505	4364.49459767246	12.08236	4352.41223767246	4993.47199779502	4790.43057153641	158173.477101988
8	194941	195462	521	195201.5	329.495394572301	382.980727361085	712.476121933386	2.379928	710.096193933386	334.201603046171	386.636311619012	720.837914665183	5.120728	715.717186665183	815.879613995241	787.745577475086	25843.8448236499
8	198396	198581	185	198488.5	37.918473986699	31.8365338034515	69.7550077901504	0.84508	68.9099277901504	39.7462161145101	36.0666313033918	75.8128474179018	3.58588	72.2269674179018	79.175477584861	79.4957494635459	2507.96652035658
8	201248	201725	477	201486.5	175.782751634222	167.777367117313	343.560118751535	2.178936	341.381182751535	177.999102719119	169.605309249734	347.604411968854	4.919736	342.684675968854	392.236925064676	377.171797733049	12424.5171120751
8	204289	204463	174	204376	21.9766065410019	32.5360499266685	54.5126564676705	0.794832	53.7178244676705	23.6488450845954	34.1644874606881	57.8133325452835	3.535632	54.2777005452835	61.7201982854996	59.7401031534348	1955.05219105113
8	206133	206385	252	206259	62.642143845038	44.5183261073505	107.160469952389	1.151136	106.009333952389	65.6154123762018	49.0559306950525	114.671343071254	3.891936	110.779407071254	121.80160266157	121.928031939963	3858.19386152211
8	207291	207508	217	207399.5	45.4821483225852	30.4152010430105	75.8973493655957	0.991256	74.9060933655957	46.8336794741618	32.5234496362432	79.357129110405	3.732056	75.625073110405	86.0648952397382	83.2358339283816	2726.1960700889
8	209321	209548	227	209434.5	96.1160153876508	69.647705316925	165.763720704576	1.036936	164.726784704576	101.319135314882	72.6243739264575	173.94350924134	3.777736	170.16577324134	189.266224305456	187.290926927541	5995.20670378808
8	210605	210749	144	210677	30.2081962717369	14.0492238219649	44.2574200937017	0.657792	43.5996280937017	34.5936973535899	19.6849537204669	54.2786510740568	3.398592	50.8800590740568	50.0946886398358	56.0005296282053	1586.80194662214
8	217681	218122	441	217901.5	104.615611295687	89.4613620038795	194.076973299566	2.014488	192.062485299566	110.538647816348	108.322396733755	218.861044550103	4.755288	214.105756550103	220.674139233419	235.652945013324	6990.08544044128
8	218876	218978	102	218927	13.6984157361542	51.3339832021125	65.0323989382667	0.465936	64.5664629382667	18.5669279509791	57.3306214192265	75.8975493702056	3.206736	72.6908133702056	74.1849643881528	80.0062759736882	2349.88676639075
8	219907	220048	141	219977.5	40.0246225315274	39.8864193460684	79.9110418775958	0.644088	79.2669538775958	45.3864461167354	44.2412197202977	89.6276658370331	3.384888	86.2427778370331	91.0753955376056	94.9220838846095	2884.90893650413
8	222657	222880	223	222768.5	55.0224682183725	132.422952229869	187.445420448241	1.018664	186.426756448241	60.8811032546374	139.846223329587	200.727326584224	3.759464	196.967862584224	214.19885275944	216.790326607077	6784.97393140047
8	223809	223916	107	223862.5	17.7803098201392	26.4718101513995	44.2521199715387	0.488776	43.7633439715387	19.9797605154982	29.4142779726346	49.3940384881328	3.229576	46.1644624881328	50.2827933619223	50.8103645393572	1592.76036152161
8	225243	225432	189	225337.5	51.4933868762237	62.9192502320909	114.412637108315	0.863352	113.549285108315	54.0948468375345	70.1430167334074	124.237863570942	3.604152	120.633711570942	130.464784482844	132.774054549663	4132.60925667058
8	227189	227387	198	227288	68.4664780907005	77.1333778549399	145.59985594564	0.904464	144.69539194564	79.2180259042013	86.205386956585	165.423412860786	3.645264	161.778148860786	166.250743964097	178.059188282156	5266.16715888373
8	229075	229267	192	229171	55.9412893963737	88.247434023932	144.188723420306	0.877056	143.311667420306	58.1575404789666	91.2240026311595	149.381543110126	3.617856	145.763687110126	164.660885236152	160.433062132375	5215.80671164159
8	231823	232055	232	231939	128.225855490566	116.901794481152	245.127649971718	1.059776	244.067873971718	133.766783203963	122.199416586574	255.966199790537	3.800576	252.165623790537	280.426799222311	277.543083543651	8882.81378671203
8	236055	236588	533	236321.5	254.6154686574	76.3345594428945	330.950028100295	2.434744	328.515284100294	257.578336948848	79.0509220526079	336.629259001456	5.175544	331.453715001456	377.454386424199	364.810574616296	11956.2646540276
8	238806	239042	236	238924	129.488784599946	164.398089227999	293.886873827945	1.078048	292.808825827945	137.516769637776	171.368549890844	308.88531952862	3.818848	305.06647152862	336.428717449674	335.767770091318	10656.7334430783
8	241399	241622	223	241510.5	160.374096478588	150.625271776953	310.999368255541	1.018664	309.980704255541	163.891177544141	151.912401444133	315.803578988274	3.759464	312.044114988274	356.158700039038	343.447630068065	11281.7013913715
8	242306	242505	199	242405.5	37.723269487411	49.1922338367172	86.9155033241282	0.909032	86.0064713241282	42.0613694767114	52.604712491279	94.6660819679904	3.649832	91.0162499679904	98.8189026001246	100.175949001197	3130.19266645862
8	245729	245880	151	245804.5	30.4311014094997	21.6118981348014	52.0429995443011	0.689768	51.3532315443011	43.1287940798879	35.2591126908145	78.3879067707024	3.430568	74.9573387707024	59.003350655479	82.5009000986102	1868.99318509568
8	249694	249868	174	249781	29.3394762485222	63.214557038647	92.5540332871691	0.794832	91.7592012871691	32.6706530291489	68.1269702653507	100.7976232945	3.535632	97.2619912944996	105.4286199057	107.050249632338	3339.56241346945
8	255594	256291	697	255942.5	120.442776097591	146.72778194332	267.170558040911	3.183896	263.986662040911	122.520423985505	149.346042291864	271.866466277369	5.924696	265.941770277369	303.312900091442	292.70563471867	9607.75510076683
8	261849	262070	221	261959.5	45.1467405917388	63.1762561558461	108.322996747585	1.009528	107.313468747585	49.8396487590485	69.6702058355417	119.50985459459	3.750328	115.75952659459	123.30001513356	127.409341042074	3905.657652434
8	262542	262727	185	262634.5	51.7084918341994	84.0807379853384	135.789229819538	0.84508	134.944149819538	55.9518896406998	93.254249426521	149.206139067221	3.58588	145.620259067221	155.04685394217	160.275199769155	4911.27215944866
8	267034	267479	445	267256.5	132.967564782698	115.458561215924	248.426125998622	2.03276	246.393365998622	135.477622637273	118.23562522475	253.713247862023	4.77356	248.939687862023	283.098721073841	273.992495674236	8967.44972138594
8	272389	272571	182	272480	87.7679229716339	94.8277856951158	182.59570866675	0.831376	181.76433266675	95.9483115222276	101.808146586152	197.75645810838	3.572176	194.18428210838	208.841865146178	213.726611985929	6615.28571487375
8	273669	273780	111	273724.5	20.0035610640794	7.98768410892984	27.9912451730093	0.507048	27.4841971730093	25.206580989006	11.4878647849443	36.6944457739503	3.247848	33.4465977739503	31.5785331227778	36.8125985639393	1000.28324741096
8	276650	276720	70	276685	8.58279782576541	10.018730922731	18.6015287484964	0.31976	18.2817687484964	13.4648103517604	15.1610494485449	28.6258598003053	3.06056	25.5652998003053	21.0052138810263	28.1381420339377	665.362240601327
8	277725	277934	209	277829.5	59.8219788427729	42.2435736763543	102.065552519127	0.954712	101.110840519127	69.4852015713599	52.7990169698223	122.284218541182	3.695512	118.588706541182	116.173377970842	130.523244176346	3679.91392531005
8	280130	280459	329	280294.5	97.4975472307164	72.4885707963175	169.986118027034	1.502872	168.483246027034	104.437507190548	77.1813789613222	181.61888615187	4.243672	177.37521415187	193.582287734522	195.225912001463	6131.9225520535
8	281262	281432	170	281347	39.7909171448286	17.7360087990405	57.5269259438691	0.77656	56.7503659438691	42.5511807664208	22.307314163515	64.8584949299358	3.51736	61.3411349299358	65.2044991311644	67.5143878876343	2065.42108473304
8	286696	286942	246	286819	21.8822043651168	15.9820683722922	37.864272737409	1.123728	36.740544737409	29.879688699933	22.6852228739707	52.5649115739036	3.864528	48.7003835739036	42.2138038683026	53.6014958093072	1337.16663325622
8	290633	290733	100	290683	8.35269252204526	8.92380568568968	17.2764982077349	0.4568	16.8196982077349	17.2489975738701	15.2281509951752	32.4771485690453	3.1976	29.2795485690453	19.325337888701	32.2261856016073	612.150401839925
8	296724	297259	535	296991.5	81.4666777336022	84.0339369066156	165.500614640218	2.44388	163.056734640218	83.8653330204478	90.1357775485508	174.001110568999	5.18468	168.816430568999	187.347385965662	185.805789023297	5934.42548135691
8	298832	298924	92	298878	9.74192454259303	4.92011340418589	14.6620379467789	0.420256	14.2417819467789	15.5295579423341	8.16008808268627	23.6896460250203	3.161056	20.5285900250203	16.3633880263164	22.5945475465772	518.327524903394
8	302061	302247	186	302154	94.349774677392	87.3532134129518	181.702988090344	0.849648	180.853340090344	99.4748928067523	91.4412076375395	190.916100444292	3.590448	187.325652444292	207.795161505262	206.177743122519	6582.13027624266
8	314759	314859	100	314809	10.241036046664	22.8243260801744	33.0653621268384	0.4568	32.6085621268384	13.4438098677181	26.584512749093	40.028322616811	3.1976	36.830722616811	37.4662775385619	40.5372951735154	1186.78374384783
8	316002	316416	414	316209	115.648765599964	127.204831956893	242.853597556857	1.891152	240.962445556857	119.875263016925	130.86041621482	250.735679231746	4.631952	246.103727231746	276.858753430694	270.871129461412	8769.79218379359
8	319949	320176	227	320062.5	58.48724807843	39.5305111427046	98.0177592211346	1.036936	96.9808232211346	61.2304113058736	41.4529554533158	102.683366759189	3.777736	98.9056307591893	111.428109727374	108.859301787849	3529.60256315913
8	323127	323328	201	323227.5	94.0502677740275	69.1163930706559	163.166660844683	0.918168	162.248492844683	100.060506304616	73.3936916585388	173.454197963155	3.658968	169.795229963155	186.418739945884	186.883092891847	5905.00964203509
8	324520	324601	81	324560.5	16.2326741485298	12.1505800599349	28.3832542084647	0.370008	28.0132462084647	25.7404932952042	19.945059715676	45.6855530108802	3.110808	42.5747450108802	32.1863948836486	46.8593848510441	1019.53790796712
8	325438	325613	175	325525.5	58.7609543871141	41.88886550065	100.649819887764	0.7994	99.8504198877641	64.6768907441228	45.6221515495335	110.299042293656	3.5402	106.758842293656	114.725191785684	117.502845313857	3634.04110485591
8	328029	328390	361	328209.5	254.750171762185	214.96475474413	469.714926506315	1.649048	468.065878506315	259.040970661238	218.498636196917	477.539606858155	4.389848	473.149758858155	537.793909533193	520.766633760154	17035.1876755691
8	330174	330264	90	330219	14.4078320875626	11.5829669769642	25.9907990645269	0.41112	25.5796790645269	20.6212753018367	15.2959525579402	35.9172278597769	3.15192	32.7653078597769	29.3902979055344	36.0627449529493	930.968595565255
8	332093	332278	185	332185.5	99.1495853087073	61.8519256312194	161.001510939927	0.84508	160.156430939927	106.53185546339	65.3655066160989	171.897362079489	3.58588	168.311482079489	184.015022430019	185.25002349625	5828.86936176051
8	332861	333024	163	332942.5	64.4277850024597	27.4504327077687	91.8782177102283	0.744584	91.1336337102283	70.5164253401397	29.9605905646481	100.477015904788	3.485384	96.9916319047878	104.709861183202	106.752681797525	3316.79497502479
8	335739	336343	604	336041	229.836997535941	314.225342611346	544.062340147287	2.759072	541.303268147287	234.452003907685	318.566642674405	553.01864658209	5.499872	547.51877458209	621.941513337841	602.620003120573	19700.6515230602
8	337823	337991	168	337907	43.9536130912237	10.322437922904	54.2760510141277	0.767424	53.5086270141277	51.1096780320802	13.9002203875698	65.00989841965	3.508224	61.50167441965	61.4798365723916	67.6910837605135	1947.43848100304
8	341521	342319	798	341920	240.649846762384	222.39472599828	463.044572760665	3.645264	459.399308760665	249.451349629104	227.695648179766	477.14699780887	6.386064	470.76093380887	527.836276132038	518.137401986772	16719.7691652694
8	345701	345904	203	345802.5	16.6040827091629	24.3151604425647	40.9192431517276	0.927304	39.9919391517276	22.2562129856789	28.9164664985281	51.172679484207	3.668104	47.504575484207	45.9495602944938	52.285343910599	1455.50064690398
8	349358	349550	192	349454	30.7321083474387	15.0462468024473	45.7783551498859	0.877056	44.9012991498859	32.8875580286139	16.9347903316759	49.8223483602899	3.617856	46.2044923602899	51.5902703482599	50.8544229402817	1634.17607012099
8	352555	352665	110	352610	14.7321395625581	10.6064444689993	25.3385840315573	0.50248	24.8361040315573	19.269644147955	13.9814222591999	33.2510664071549	3.24328	30.0077864071549	28.5359520914621	33.0277118846268	903.906293399744
8	353403	353566	163	353484.5	29.0831703409017	30.9313129389252	60.0144832798269	0.744584	59.2698992798269	32.0733392616042	33.5359729739949	65.609312235599	3.485384	62.123928235599	68.0993687321444	68.3759599947489	2157.11912384211
8	354594	354789	195	354691.5	25.0409771719871	47.3941923934802	72.4351695654672	0.89076	71.5444095654672	27.3956314446489	50.1678563239375	77.5634877685864	3.63156	73.9319277685864	82.2024195573518	81.3722937201957	2603.84809073211
8	356306	356390	84	356348	11.9608756874199	9.53851985429803	21.4993955417179	0.383712	21.1156835417179	19.258843899019	17.3131990536564	36.5720429526754	3.124512	33.4475309526754	24.2612985176465	36.8136256559631	768.502145849619
8	359904	359974	70	359939	7.67657693818955	5.97063761782355	13.6472145560131	0.31976	13.3274545560131	16.7650864201535	14.6405374512118	31.4056238713653	3.06056	28.3450638713653	15.3128527819136	31.1976561747181	485.050716202204
8	360512	360864	352	360688	94.0307673245597	63.3517602010564	157.382527525616	1.607936	155.774591525616	108.012789597589	75.7382456983993	183.751035295989	4.348736	179.402299295989	178.98041799124	197.456999066572	5669.39297133189
8	361795	361997	202	361896	61.2847125574685	19.6309524757868	80.9156650332554	0.922736	79.9929290332554	63.1935565546047	20.715377470807	83.9089340254117	3.663536	80.2453980254117	91.9095196109777	88.3211393899606	2911.33069376601
8	364297	364445	148	364371	11.035754364206	12.2144815328064	23.2502358970123	0.676064	22.5741718970123	14.0728243659362	16.5488814368232	30.6217058027594	3.416864	27.2048418027594	25.9370586843681	29.9426843665533	821.583611506462
8	368007	368307	300	368157	29.7755863004664	32.8431570052103	62.6187433056767	1.3704	61.2483433056767	35.1780108214894	38.2187809085032	73.3967917299927	4.1112	69.2855917299927	70.3725426512725	76.258359425954	2229.12429839898
8	369825	370060	235	369942.5	98.735475763855	124.967080378733	223.702556142588	1.07348	222.629076142588	100.840224276414	127.990650069293	228.830874345707	3.81428	225.016594345707	255.794251904371	247.661828382581	8102.55194467543
8	371610	371771	161	371690.5	19.9221591878394	27.60963637727	47.5317955651094	0.735448	46.7963475651094	24.9697755308533	33.0794624518382	58.0492379826915	3.476248	54.5729899826915	53.767625166838	60.0651099476367	1703.14607389619
8	374447	374624	177	374535.5	52.8145173270916	21.5850975170713	74.3996148441629	0.808536	73.5910788441629	55.1388709013496	22.7473243053528	77.8861952067024	3.549336	74.3368592067024	84.553982282718	81.8179766736019	2678.33631316709
8	375049	375641	592	375345	139.834523059906	149.329541911545	289.164064971452	2.704256	286.459808971452	144.574832319768	151.948102267005	296.522934586773	5.445056	291.077878586773	329.133884064591	320.371392261713	10425.6619237211
8	377816	377999	183	377907.5	31.9313359885565	25.713792679779	57.6451286683355	0.835944	56.8091846683355	37.1814569991207	30.3154987449623	67.496955744083	3.576744	63.920211744083	65.2720801133233	70.3530179948408	2067.56178341699
8	379589	379789	200	379689	29.1807725905457	35.2458123842544	64.4265849748001	0.9136	63.5129849748001	38.8137946230339	42.3813768525934	81.1951714756273	3.6544	77.5407714756273	72.9745492337994	85.3443244650019	2311.54559339818
8	380330	380454	124	380392	17.3507999203225	11.6167677560417	28.9675676763643	0.566432	28.4011356763643	23.655345234418	14.14382600246	37.799171236878	3.307232	34.491939236878	32.6320684586465	37.963141166122	1033.65508716449
8	384816	384994	178	384905	32.1343406676317	31.1773186091345	63.3116592767662	0.813104	62.4985552767662	34.1175863796604	32.6671529484752	66.7847393281356	3.553904	63.2308353281356	71.8089993864292	69.5942640722077	2274.62557618858
8	387003	387092	89	387047.5	9.8735275759245	11.3431614496626	21.2166890255871	0.406552	20.8101370255871	18.7799328605506	20.0201614467033	38.8000943072539	3.147352	35.6527423072539	23.9102345691729	39.2407652081948	757.381826072168
8	389796	390231	435	390013.5	51.7491927723194	40.7156384588226	92.464831231142	1.98708	90.477751231142	59.7195764824906	44.7126305858939	104.432207068385	4.72788	99.7043270683845	103.956271530934	109.738377345955	3292.92423024842
8	393380	393476	96	393428	9.43421745022148	5.92993667970356	15.364154129925	0.438528	14.925626129925	12.9514985203846	8.54819702824817	21.4996955486328	3.179328	18.3203675486328	17.1491048530573	20.1640938390723	543.215931718939
8	396885	397173	288	397029	57.7673314850004	52.6924145127316	110.459745997732	1.315584	109.144161997732	60.9028037548144	53.993144493387	114.895948248201	4.056384	110.839564248201	125.403427762771	121.994243218631	3972.2854595969
8	401043	401294	251	401168.5	51.2383809985678	47.9719057092521	99.2102867078199	1.146568	98.0637187078199	54.383753496573	49.6307439439805	104.014497440554	3.887368	100.127129440554	112.672324749539	110.203729729589	3569.01438251152
8	402677	402900	223	402788.5	34.5261957977398	35.526318849676	70.0525146474157	1.018664	69.0338506474157	36.5869432961149	37.1952573172056	73.7822006133206	3.759464	70.0227366133206	79.3178612982432	77.0696891419632	2512.47667422113
8	406832	406936	104	406884	5.54452779637566	6.03443908839002	11.5789668847657	0.475072	11.1038948847657	10.7947488092448	10.8998512317611	21.6946000410059	3.215872	18.4787280410059	12.7580482050524	20.3383914245403	404.124594374215
8	412474	412909	435	412691.5	25.4634869104563	20.2699672045012	45.7334541149575	1.98708	43.7463741149575	30.666206828468	25.4119857234003	56.0781925518683	4.72788	51.3503125518683	50.2632954964848	56.5181085048065	1592.14274612821
8	417292	417487	195	417389.5	19.41884758696	20.4428711897825	39.8617187767425	0.89076	38.9709587767425	23.9222513863646	23.0745318471921	46.9967832335567	3.63156	43.3652232335567	44.7764839122287	47.7294152703291	1418.34221878602
8	420133	420272	139	420202.5	35.9897295308751	43.1870954236814	79.1768249545565	0.634952	78.5418729545565	42.5446806165982	46.4272701067917	88.9719507233899	3.375752	85.5961987233899	90.2422989111786	94.2104343018554	2858.51972470479
8	422409	422930	521	422669.5	801.282868848977	473.183906463181	1274.46677531216	2.379928	1272.08684731216	804.238836981382	474.937346878405	1279.17618385979	5.120728	1274.05545585979	1461.59032370596	1402.27392818088	46297.4106395864
8	423506	423633	127	423569.5	15.4991572416253	7.05826268660253	22.5574199282278	0.580136	21.9772839282278	22.2365125316011	11.3016604931029	33.5381730247041	3.320936	30.2172370247041	25.2512519870067	33.2582412064704	799.859963113244
8	429299	429462	163	429380.5	10.8227494546345	8.36599282860535	19.1887422832399	0.744584	18.4441582832399	14.1371258480275	12.8862970175487	27.0234228655761	3.485384	23.5380388655761	21.1917946739601	25.9068614869917	671.272383442184
8	439144	439274	130	439209	23.0377309989657	16.0464698566885	39.0842008556542	0.59384	38.4903608556542	24.7269699344029	18.6344295068292	43.3613994412321	3.33464	40.0267594412321	44.2242910548463	44.054974950937	1400.85092929414
8	443542	443674	132	443608	20.9053818502369	15.36425413223	36.2696359824669	0.602976	35.6666599824669	30.6598066809503	25.1221790436171	55.7819857245675	3.343776	52.4382097245675	40.9799419115384	57.7154895409312	1298.08275813858
8	445496	445676	180	445586	37.4422630104646	21.3755926881735	58.8178556986381	0.82224	57.9956156986381	40.8511415820477	23.0952323243195	63.9463739063672	3.56304	60.3833339063672	66.6352544259096	66.4601956249992	2110.74176340148
8	452752	452900	148	452826	16.2124736829273	13.9142207102646	30.1266943931919	0.676064	29.4506303931919	18.9693372261508	16.7319856572107	35.7013228833615	3.416864	32.2844588833615	33.8379069799211	35.5335042672959	1071.8512904911
8	453988	454077	89	454032.5	15.5094574790365	11.5018651076391	27.0113225866756	0.406552	26.6047705866756	20.080762843511	17.4820029444342	37.5627657879451	3.147352	34.4154137879451	30.5680978748143	37.8789143442931	968.276648269641
8	455505	456486	981	455995.5	98.2595647945355	79.9156419836241	178.17520677816	4.481208	173.69399877816	102.996573978334	83.1859173605283	186.182491338862	7.222008	178.960483338862	199.569289185218	196.970719607634	6321.56711945859
8	459094	459200	106	459147	11.7688712618907	9.04210841246106	20.8109796743517	0.484208	20.3267716743517	14.5123344962491	11.738070551962	26.2504050482111	3.225008	23.0253970482111	23.3548620160542	25.342628390481	739.789816373791
8	461515	461706	191	461610.5	70.4995249506009	27.5415348075901	98.041059758191	0.872488	97.168571758191	75.4694395026585	31.0687161059446	106.538155608603	3.613288	102.924867608603	111.643827267125	113.283026845651	3536.43564309817
8	461993	462445	452	462219	664.945226389021	424.265178930538	1089.21040531956	2.064736	1087.14566931956	666.634365322153	426.386827832636	1093.02119315479	4.805536	1088.21565715479	1249.09835684072	1197.73157223881	39566.5041139952
8	464698	464931	233	464814.5	36.6993458868935	22.236912540821	58.9362584277144	1.064344	57.8719144277145	37.7061690932623	24.449963549655	62.1561326429172	3.805144	58.3509886429172	66.4931253087081	64.2233190723421	2106.23967413871
8	466901	467156	255	467028.5	27.4909336412787	9.92352872840607	37.4144623696848	1.16484	36.2496223696848	32.4472478798613	12.0754783289076	44.5227262087689	3.90564	40.6170862087689	41.6497485257979	44.7047110604736	1319.29958707246
8	470648	470863	215	470755.5	15.9923686097034	8.16708824403369	24.1594568537371	0.98212	23.1773368537371	19.1648417323537	9.68392320571441	28.8487649380681	3.72292	25.1258449380681	26.630077456011	27.6544612859033	843.535709937398
8	475552	475680	128	475616	4.67630778468579	6.79115653004601	11.4674643147318	0.584704	10.8827603147318	6.9365598814624	11.7575710014298	18.6941308828922	3.325504	15.3686268828922	12.5039710966526	16.9152957123644	396.076434755948
8	483899	483996	97	483947.5	7.80917999457066	10.5255426042841	18.3347225988548	0.443096	17.8916265988548	12.6983926865229	15.3809545171588	28.0793472036818	3.183896	24.8954512036818	20.5569520410498	27.4008811725258	651.16307538872
8	484591	484788	197	484689.5	54.1312476765411	9.77242524560678	63.9036729221479	0.899896	63.0037769221479	57.020114262316	11.3569617677475	68.3770760300635	3.640696	64.7363800300635	72.3894841778387	71.2513238756207	2293.01304244505
8	488290	488437	147	488363.5	14.2557285817137	9.13621058143136	23.3919391631451	0.671496	22.7204431631451	29.5177803582714	17.4481021630517	46.9658825213231	3.412296	43.5535865213231	26.1051200613626	47.9367350743819	826.907132370803
8	498556	498659	103	498607.5	7.17016526585627	12.0967788198648	19.266944085721	0.470504	18.796440085721	23.8250491459404	29.0017684646617	52.8268176106021	3.211304	49.6155136106021	21.5965560900632	54.6087227596376	684.09362697975
8	498867	499010	143	498938.5	10.1910348941824	7.72427803765696	17.9153129318394	0.653224	17.2620889318394	21.1961885530697	24.0850551388445	45.2812436919142	3.394024	41.8872196919142	19.8336318019779	46.1026683162057	628.251146109299
8	501231	501310	79	501270.5	6.30184525186143	7.82578037719454	14.127625629056	0.360872	13.766753629056	11.3662619821091	11.5288657299792	22.8951277120883	3.101672	19.7934557120883	15.817594479172	21.7854307408726	501.038940293373
8	502010	502283	273	502146.5	10.1166331792899	10.3392383101378	20.4558714894277	1.247064	19.2088074894277	16.5189807476392	16.5795821444469	33.0985628920861	3.987864	29.1106988920861	22.0703540924109	32.0403432203416	699.101676991528
8	508822	508885	63	508853.5	6.63295288359435	5.0649167417725	11.6978696253668	0.287784	11.4100856253668	11.5622664998368	8.93330590466118	20.495572404498	3.028584	17.466988404498	13.1098523484696	19.2248322714775	415.26836060496
8	512054	512412	358	512233	31.6136286656887	26.4775102827824	58.0911389484711	1.635344	56.4557949484711	35.1037091089018	28.4168549829323	63.5205640918342	4.376144	59.1444200918342	64.8660457327758	65.0965999248338	2054.70021739189
8	516516	516716	200	516616	27.9005430824077	35.9728291413364	63.8733722237441	0.9136	62.9597722237441	32.3432454826996	39.8783191593664	72.221564642066	3.6544	68.567164642066	72.3389240753421	75.4676312280055	2291.41149802504
8	517250	517481	231	517365.5	71.7736543181361	79.5264330127076	151.300087330844	1.055208	150.244879330844	75.6454435593936	82.3035970238386	157.949040583232	3.796008	154.153032583232	172.626941533375	169.666695077732	5468.13992265755
8	531454	532168	714	531811	49.0506305728894	140.912447905104	189.963078477993	3.261552	186.701526477993	50.6451673255265	145.075043849194	195.72021117472	6.002352	189.71785917472	214.514555431453	208.810696902882	6794.97414555704
8	540660	540986	326	540823	15.8946663577544	42.4034773619903	58.2981437197447	1.489168	56.8089757197447	22.4189167358539	48.5422188544569	70.9611355903107	4.229968	66.7311675903107	65.2718400375462	73.446862990601	2067.55417876427
8	541319	541422	103	541370.5	11.6739690744807	6.17694237296248	17.8509114474431	0.470504	17.3804074474431	17.0797936738725	12.9344981285409	30.0142918024133	3.211304	26.8029878024133	19.9695762918428	29.500388558291	632.557330796884
8	554026	554096	70	554061	3.47348006058928	1.45613356256811	4.92961362315739	0.31976	4.60985362315739	11.2508593221817	12.4873878230507	23.7382471452324	3.06056	20.6776871452324	5.29658604956421	22.7586495120596	167.774933473022
9	5292	5642	350	5467	7.68677717329579	4.42250193468937	12.1092791079852	1.5988	10.5104791079852	9.02120793072377	6.69955441869979	15.7207623494236	4.3396	11.3811623494236	12.0762309540451	12.5265404748181	449.147666701269
9	6657	6808	151	6732.5	52.0711001919957	38.4537863251666	90.5248865171623	0.689768	89.8351185171623	59.4873711303662	45.2247423896101	104.712113519976	3.430568	101.281545519976	103.217905468558	111.474324006315	3838.95286363881
9	21765	22440	675	22102.5	60.9513048727215	69.7974087674548	130.748713640176	3.0834	127.665313640176	64.640989916641	74.2166106260804	138.857600542721	5.8242	133.033400542721	146.683685538948	146.421624192497	5455.5626961484
9	32961	33177	216	33069	19.5576507862488	19.9936608358881	39.5513116221369	0.986688	38.5646236221369	21.6656993748716	22.1456104363896	43.8113098112612	3.727488	40.0838218112612	44.3096167864441	44.1177799673152	1647.99440055363
9	36001	36228	227	36114.5	20.7875791349904	27.1975268785169	47.9851060135073	1.036936	46.9481700135073	23.2031348113747	32.9479594208117	56.1510942321864	3.777736	52.3733582321864	53.9420646887689	57.6441115200206	2006.25117093293
9	36555	37405	850	36980	246.947191910522	209.837736570975	456.784928481498	3.8828	452.902128481498	249.673554750732	217.355309844273	467.028864595006	6.6236	460.405264595006	520.371207337821	506.739558289562	19354.0115689834
9	39216	39408	192	39312	18.0500160366247	17.715808333438	35.7658243700627	0.877056	34.8887683700627	20.438571090669	20.9996840238171	41.4382551144862	3.617856	37.8203991144862	40.086167358343	41.6265707962053	1490.91290192371
9	41564	41784	220	41674	10.0764322526947	16.6781844171405	26.7546166698352	1.00496	25.7496566698352	12.7691943184368	18.1682187610911	30.937413079528	3.74576	27.191653079528	29.5855971680732	29.9281683557718	1100.36831744698
9	45959	46173	214	46066	28.1937498405596	5.81823410505974	34.0119839456193	0.977552	33.0344319456193	30.9032122912306	7.76747903340103	38.6706913246316	3.718352	34.9523393246316	37.9555894181745	38.4698750265829	1411.67095017623
9	47571	47681	110	47626	8.62309875466555	12.546289180674	21.1693879353396	0.50248	20.6669079353396	15.5659587813406	22.7707248447141	38.3366836260548	3.24328	35.0934036260548	23.7456685626762	38.6251357659589	883.16558947684
9	47930	48131	201	48030.5	8.41709400644151	11.7623711120681	20.1794651185096	0.918168	19.2612971185096	16.7996872176707	24.601767048589	41.4014542662598	3.658968	37.7424862662598	22.1306631303694	41.5408169499063	823.099172695742
9	53661	54124	463	53892.5	45.7638548156663	169.552008021189	215.315862836855	2.114984	213.200878836855	55.0418686655354	190.147882737565	245.1897514031	4.855784	240.3339674031	244.961530867151	264.520712183764	9110.78137203875
9	54848	55416	568	55132	66.3669296979997	31.6988306295172	98.0657603275169	2.594624	95.4711363275169	76.5001632599134	42.531880321563	119.032043581476	5.335424	113.696619581476	109.693523947952	125.138827064487	4079.79861605407
9	56395	56535	140	56465	13.2220047553099	6.14674167686362	19.3687464321735	0.63952	18.7292264321735	20.5300731997103	13.1710035797787	33.701076779489	3.38032	30.320756779489	21.5193295816266	33.3721789887851	800.362025812834
9	60929	61030	101	60979.5	3.01726954534749	7.42017102826409	10.4374405736116	0.461368	9.97607257361158	7.22696657507533	15.3366534960602	22.5636200711355	3.202168	19.3614520711355	11.4622135846996	21.3099510905944	426.310701276787
9	68407	68530	123	68468.5	3.71348559250079	7.83568060538588	11.5491661978867	0.561864	10.9873021978867	7.29476813784033	15.0321464774475	22.3269146152878	3.302664	19.0242506152878	12.6240866415653	20.9388143336305	469.523900368472
9	73678	73849	171	73763.5	7.43697141549789	6.98386097170996	14.4208323872079	0.781128	13.6397043872079	8.67679999243075	10.8690505218324	19.5458505142632	3.521928	16.0239225142632	15.6716186419784	17.6365390263002	582.86985179916
9	76154	76263	109	76208.5	4.426202019973	10.5355428347804	14.9617448547534	0.497912	14.4638328547534	8.91970559118619	16.961790954016	25.8814965452022	3.238712	22.6427845452022	16.618517980023	24.9215105065632	618.087597294602
9	77411	77534	123	77472.5	11.1471569319349	13.5560124538867	24.7031693858216	0.561864	24.1413053858216	19.6919538818143	17.8904123579036	37.5823662397179	3.302664	34.2797022397179	27.7376489098224	37.7295450488226	1031.63812741198
9	83097	83300	203	83198.5	21.686299849694	42.534380379187	64.220680228881	0.927304	63.293376228881	24.051154357462	45.1019395591153	69.1530939165774	3.668104	65.4849899165774	72.722225252371	72.0752724105206	2704.73609801952
9	84878	85124	246	85001	68.9015881195951	27.3257298334797	96.2273179530748	1.123728	95.1035899530748	71.8747566484539	28.3020523368347	100.176808985289	3.864528	96.3122809852885	109.271223988218	106.004962317876	4064.09213923326
9	88694	88881	187	88787.5	24.8868736200389	28.751362693034	53.6382363130729	0.854216	52.7840203130729	27.9343438614853	32.1296405592984	60.0639844207836	3.595016	56.4689684207836	60.6472848130585	62.1518959818722	2255.63642904894
9	89741	89880	139	89810.5	13.6104137077867	14.4551331778102	28.0655468855969	0.634952	27.4305948855969	16.5530815336317	17.8339110555994	34.3869925892311	3.375752	31.0112405892311	31.5169456731662	34.1321517511786	1172.20038806161
9	92853	92989	136	92921	12.0360774207521	14.8742428379107	26.9103202586628	0.621248	26.2890722586628	18.4825260055903	23.0274307615545	41.5099567671448	3.362048	38.1479087671448	30.2053697934662	41.9870403856871	1123.41933639817
9	93262	93548	286	93405	29.1371715855818	44.9068350621323	74.044006647714	1.306448	72.737558647714	36.5467423695197	52.813517304042	89.3602596735617	4.047248	85.3130116735617	83.5733127137706	93.8987478560684	3108.31736712622
9	96456	96848	392	96652	69.0222909016856	109.17621641353	178.198507315216	1.790656	176.407851315216	72.9244808436518	116.14617706485	189.070657908502	4.531456	184.539201908502	202.687425825423	203.110869604155	7538.49315449547
9	99707	99769	62	99738	1.54733566469448	1.32113045086788	2.86846611556236	0.283216	2.58525011556236	10.6735460156295	11.2278587920401	21.9014048076697	3.024016	18.8773888076697	2.97037624534014	20.7771726382701	110.476320376476
9	102354	102668	314	102511	77.2708810242642	68.1102698804219	145.381150904686	1.434352	143.946798904686	78.635712482401	70.0022134880193	148.63792597042	4.175152	144.46277397042	165.390632606634	159.001227615089	6151.32461545329
9	113343	113700	357	113521.5	31.8356337827068	31.9674368206482	63.803070603355	1.630776	62.172294603355	33.0451616612358	33.592574278604	66.6377359398398	4.371576	62.2661599398398	71.4341354812869	68.5325056220999	2656.82855820965
9	114593	114740	147	114666.5	7.86238122081104	6.02093877722	13.883319998031	0.671496	13.211823998031	10.4941418805257	8.94670621352624	19.4408480940519	3.412296	16.0285520940519	15.1799966761938	17.6416345180281	564.585102221951
9	122271	122487	216	122379	27.4811334153924	33.245466278077	60.7265996934693	0.986688	59.7399116934693	34.9719060709604	37.1139554432706	72.085861514231	3.727488	68.358373514231	68.6393991532222	75.237827765643	2552.88476104543
9	127272	127418	146	127345	13.0225001569084	14.2656288099051	27.2881289668135	0.666928	26.6212009668135	14.4483330210727	16.3399766217552	30.788309642828	3.407728	27.380581642828	30.5869758977065	30.1361103235926	1137.61229875295
9	129965	130266	301	130115.5	49.0631308610098	65.3580064432267	114.421137304236	1.374968	113.046169304236	54.1041470518961	69.1824945942365	123.286641646133	4.115768	119.170873646133	129.886719241074	131.163999450665	4830.83812363411
9	131884	132141	257	132012.5	45.4705480552094	48.0148066980813	93.4853547532907	1.173976	92.3113787532908	47.9504052136851	50.6499674361647	98.6003726498498	3.914776	94.6855966498498	106.063055552258	104.21457162297	3944.77168462455
9	134061	134222	161	134141.5	14.4788337240865	19.3747465704713	33.8535802945578	0.735448	33.1181322945578	17.0801936830923	22.1316101136948	39.2118037967871	3.476248	35.7355557967871	38.0517586540703	39.3319128868457	1415.24774396855
9	136036	136268	232	136152	62.3148363008937	46.2842668106944	108.599103111588	1.059776	107.539327111588	64.5748883930604	49.784147479794	114.359035872854	3.800576	110.558459872854	123.559519742112	121.684849043649	4595.51247422189
9	138174	138318	144	138246	12.7485938436144	27.1333253987306	39.881919242345	0.657792	39.224127242345	18.3500229515141	32.2721438438709	50.622166795385	3.398592	47.223574795385	45.067367023216	51.9760638569532	1676.1771797737
9	141767	142208	441	141987.5	77.4617854244389	88.2159332978687	165.677718722308	2.014488	163.663230722308	85.4795702271626	92.1350236293736	177.614593856536	4.755288	172.859305856536	188.044232102245	190.255531445831	6993.87320487311
9	142570	142814	244	142692	27.1840265673469	23.8581499088832	51.0421764762301	1.114592	49.9275844762301	30.991614328818	26.7534166421757	57.7450309709937	3.855392	53.8896389709937	57.3653241605781	59.3129878142612	2133.57144247519
9	148945	149108	163	149026.5	7.24066689085527	24.5981669656103	31.8388338564656	0.744584	31.0942498564656	8.64939936087086	26.5170111932428	35.1664105541137	3.485384	31.6810265541137	35.7263773374691	34.8693436777126	1328.76052817111
9	150063	150477	414	150270	48.4158159409835	100.912325938292	149.328141879276	1.891152	147.436989879276	50.9092734129341	104.412606616612	155.321880029546	4.631952	150.689928029546	169.40075924785	165.855070392273	6300.47206310749
9	151383	151473	90	151428	5.55832811446057	5.13231829531765	10.6906464097782	0.41112	10.2795264097782	11.5013650961143	9.57532070252446	21.0766857986388	3.15192	17.9247657986388	11.8108731055254	19.7286794955224	439.278291152138
9	154932	155226	294	155079	33.9274819979255	15.548758384887	49.4762403828125	1.342992	48.1332483828125	37.7520701512403	17.0520930353977	54.804163186638	4.083792	50.720371186638	55.303684833706	55.8247710612264	2056.8935040714
9	160243	160864	621	160553.5	242.218982929561	235.828035623977	478.047018553538	2.836728	475.210290553538	244.215628950455	238.199590286178	482.415219236632	5.577528	476.837691236632	546.002628567473	524.825712507039	20307.3133966269
9	165980	166306	326	166143	63.8432715299502	74.0310063480688	137.874277878019	1.489168	136.385109878019	66.5357335887774	76.1222545494578	142.657988138235	4.229968	138.428020138235	156.702474612074	152.359147850867	5828.188538805
9	169792	169987	195	169889.5	54.2118495343414	46.8996809954375	101.111530529779	0.89076	100.220770529779	56.1171934508039	49.3456373725306	105.462830823335	3.63156	101.831270823335	115.150713766271	112.079372598992	4282.76625413346
9	173234	173406	172	173320	28.5254574861223	39.6458138003271	68.1712712864494	0.785696	67.3855752864494	35.624021101625	49.640344165257	85.2643652668819	3.526496	81.7378692668819	77.4240414513658	89.9638100451882	2879.60934970484
9	173652	173810	158	173731	23.4565406521513	32.9790601376552	56.4356007898065	0.721744	55.7138567898065	31.2310198468997	42.5510807641159	73.7821006110156	3.462544	70.3195566110156	64.0135806390728	77.3963805290736	2380.83806865273
9	177359	177912	553	177635.5	199.904307614378	212.610100471468	412.514408085846	2.526104	409.988304085846	205.965747325108	218.127427640894	424.093174966001	5.266904	418.826270966001	471.064486949641	460.976135309983	17520.1613801855
9	180237	180357	120	180297	11.6472684590555	14.1509261661124	25.7981946251679	0.54816	25.2500346251679	16.4920801276042	18.3944239749177	34.8865041025219	3.28896	31.5975441025219	29.0115461529724	34.7774597139578	1079.01780875092
9	183198	183760	562	183479	97.5303479867443	73.7508998918671	171.281247878611	2.567216	168.714031878611	100.425714722342	76.5684648342032	176.994179556545	5.308016	171.686163556545	193.847453881178	188.964326377985	7209.71070676229
9	187732	187952	220	187842	51.7793934684183	162.014234282288	213.793627750707	1.00496	212.788667750707	54.4280545176717	165.622317445358	220.05037196303	3.74576	216.30461196303	244.487912469074	238.073088974252	9093.16622380146
9	188829	189001	172	188915	26.9339208026341	33.1509640998868	60.0848849025209	0.785696	59.2991889025209	29.8021869135866	39.5466115138037	69.3487984273902	3.526496	65.8223024273902	68.1330216460198	72.446531398806	2534.0512130042
9	193195	193441	246	193318	54.3948537524239	80.4199536075531	134.814807359977	1.123728	133.691079359977	56.827409820652	82.5416025096509	139.369012330303	3.864528	135.504484330303	153.607112887944	149.141393064204	5713.0636706835
9	197654	197789	135	197721.5	66.9821438781328	38.3681843521182	105.350328230251	0.61668	104.733648230251	77.4697856088359	52.6876144020934	130.157400010929	3.35748	126.799920010929	120.335877336679	139.560818258695	4475.61650086819
9	199485	199611	126	199548	14.26592881682	23.9231514071092	38.1890802239292	0.575568	37.6135122239292	19.0668394734898	29.5789817689089	48.6458212423987	3.316368	45.3294532423987	43.2168178008056	49.8913215811425	1607.35025285218
9	202130	202252	122	202191	7.68027702347318	25.507787931555	33.1880649550281	0.557296	32.6307689550281	11.3493615925703	30.9001122197767	42.2494738123471	3.298096	38.9513778123471	37.4917925301452	42.8713689987043	1394.42109044149
9	203337	203470	133	203403.5	17.3238993002875	27.5995361444687	44.9234354447562	0.607544	44.3158914447562	21.3073911161887	31.9949374545131	53.3023285707017	3.348344	49.9539845707017	50.917654135736	54.9812567813013	1893.7651686189
9	204796	205012	216	204904	45.9887599995284	63.7314689530014	109.72022895253	0.986688	108.73354095253	56.0235912933584	76.5235637992748	132.547155092633	3.727488	128.819667092633	124.931636274913	141.783828773007	4646.54519639284
9	212060	212456	396	212258	110.970257764569	90.0197748747936	200.990032639362	1.808928	199.181104639362	112.906102384045	91.8610173137747	204.76711969782	4.549728	200.21739169782	228.85322320648	220.366882034003	8511.66987542785
9	216001	216176	175	216088.5	54.6926606166041	72.2000641464989	126.892724763103	0.7994	126.093324763103	62.3153363124185	79.4339308806167	141.749267193035	3.5402	138.209067193035	144.877516615373	152.11815990553	5388.38639248386
9	220749	220944	195	220846.5	26.2206043613321	36.9326512643725	63.1532556257046	0.89076	62.2624956257046	27.3659307600748	38.699491988461	66.0654227485358	3.63156	62.4338627485358	71.5377737994828	68.7170857165028	2660.68314735883
9	222680	222821	141	222750.5	8.58559789030438	33.3098677624732	41.8954656527776	0.644088	41.2513776527776	12.9945995138237	38.8711959460827	51.8657954599064	3.384888	48.4809074599064	47.3966180408473	53.3599320444795	1762.80832021079
9	231192	231298	106	231245	10.403639794534	12.4479869148953	22.8516267094293	0.484208	22.3674187094293	12.4646872998241	15.9480675886047	28.4127548884289	3.225008	25.1877468884289	25.6995053608625	27.7225929286	955.834060489023
9	232688	232792	104	232740	10.3056375356702	2.50055763560301	12.8061951712732	0.475072	12.3311231712732	18.0632163408799	9.08190932983638	27.1451256707162	3.215872	23.9292536707162	14.1680973635101	26.3374473920583	526.949831999146
9	237828	238026	198	237927	31.224819703992	42.4599786642945	73.6847983682865	0.904464	72.7803343682865	33.4849717984637	48.6024202420447	82.0873920405083	3.645264	78.4421280405083	83.6224607569332	86.3363918080003	3110.14531568015
9	240919	241121	202	241020	41.6364596829231	32.7498548546797	74.3863145376028	0.922736	73.4635785376028	42.3796768134091	34.1450870135253	76.5247638269343	3.663536	72.8612278269343	84.4074881854545	80.1938406111274	3139.34260738139
9	241875	241976	101	241925.5	21.0241845885331	14.4765336710723	35.5007182596054	0.461368	35.0393502596054	30.0252920559593	22.4205167727333	52.4458088286926	3.202168	49.2436408286926	40.2591815146847	54.1994254215402	1497.3477659904
9	244547	244636	89	244591.5	9.73872446883421	43.589604701158	53.3283291699922	0.406552	52.9217771699922	14.908543628513	62.8529487039003	77.7614923324134	3.147352	74.6141403324134	60.8055633846221	82.1231628345126	2261.52323689297
9	248566	248769	203	248667.5	73.930304026971	63.1779561950305	137.108260222001	0.927304	136.180956222001	85.104261576636	85.9247804888584	171.029042065494	3.668104	167.360938065494	156.467908073779	184.20381857457	5819.46437530049
9	249053	249902	849	249477.5	242.824296881503	154.377858270694	397.202155152196	3.878232	393.323923152196	252.839227716645	181.801390358428	434.640618075072	6.619032	428.021586075072	451.917604034661	471.096849113729	16808.0370577383
9	254071	254316	245	254193.5	42.1996726644754	92.0861225022467	134.285795166722	1.11916	133.166635166722	63.31475934822	105.476831146029	168.791590494249	3.85996	164.931630494249	153.004541955146	181.530030196661	5690.65242916964
9	254554	254997	443	254775.5	200.923731111172	108.318096634642	309.241827745814	2.023624	307.218203745814	225.702402237241	148.187115579647	373.889517816887	4.764424	369.125093816887	352.984668310952	406.273127999309	13128.4537995756
9	258360	258711	351	258535.5	65.2115030664557	43.5825045375056	108.794007603961	1.603368	107.190639603961	72.5400719833736	54.8206635669569	127.36073555033	4.344168	123.01656755033	123.158888064942	135.396716537521	4580.61189939087
9	260938	261137	199	261037.5	45.0005372218827	34.8816039895787	79.8821412114614	0.909032	78.9731092114614	48.6563214844198	38.1045782762354	86.7608997606551	3.649832	83.1110677606551	90.7377766701501	91.4752045745071	3374.78314452138
9	267579	268635	1056	268107	1391.25016706423	1124.59122081551	2515.84138787975	4.823808	2511.01757987975	1396.70369276309	1128.03390016617	2524.73759292927	7.564608	2517.17298492927	2885.0852480414	2770.49639656816	107304.117677378
9	268856	268980	124	268918	6.86275818039961	2.15914976645889	9.02190794685851	0.566432	8.45547594685851	76.5327640113314	59.0074600688482	135.54022408018	3.307232	132.23299208018	9.71509284320446	145.540664173248	361.330559088874
9	270674	271054	380	270864	317.269212769814	306.810871714465	624.080084484279	1.73584	622.344244484279	324.641382691696	311.767085950743	636.408468642438	4.47664	631.931828642438	715.055208435079	695.528223373095	26594.8357275849
9	273872	274045	173	273958.5	49.762246975007	135.611925732838	185.374172707845	0.790264	184.583908707845	55.3975768642892	142.842292386282	198.239869250571	3.531064	194.708805250571	212.081474978892	214.303922120775	7887.88323110246
9	274943	275106	163	275024.5	18.236520335381	112.788499673408	131.025020008789	0.744584	130.280436008789	26.6938152684177	124.205262819524	150.899078087942	3.485384	147.413694087942	149.688384123284	162.249122615194	5567.31555707255
9	276280	276537	257	276408.5	274.760932992222	114.930849052634	389.691782044856	1.173976	388.517806044856	282.1572034696	124.316465382643	406.473668852243	3.914776	402.558892852243	446.395517021869	443.071639784402	16602.6557176036
9	277544	277802	258	277673	236.817458429282	112.861801362946	349.679259792229	1.178544	348.500715792229	274.985838176084	141.471060780628	416.456898956712	3.919344	412.537554956712	400.417058853159	454.054535107259	14892.5925957916
9	282919	283057	138	282988	16.0293694625398	26.8661192398691	42.8954887024089	0.630384	42.2651047024089	19.2490436731326	35.9109277145642	55.1599713876968	3.371184	51.7887873876968	48.5613605658964	57.0007105984735	1806.12824257931
9	285243	285528	285	285385.5	175.834352823583	202.912576952279	378.746929775861	1.30188	377.445049775861	179.50343739268	205.899145790002	385.402583182682	4.04268	381.359903182682	433.673246169283	419.739224872101	16129.4800810723
9	289104	289225	121	289164.5	22.5652201080149	32.3778462802169	54.9430663882318	0.552728	54.3903383882318	30.7857095828989	37.5371651978746	68.3228747807735	3.293528	65.0293467807735	62.4928969742148	71.573774232436	2324.27973331939
9	291820	292188	368	292004	254.865874429028	256.738217584852	511.60409201388	1.681024	509.92306801388	292.507142026369	277.423294357255	569.930436383624	4.421824	565.508612383624	585.886587553604	622.420303339271	21790.7056226947
9	300095	300419	324	300257	118.38492866606	119.410652308067	237.795580974127	1.480032	236.315548974127	124.550470776257	121.981511564059	246.531982340316	4.220832	242.311150340316	271.519606111522	266.696874980563	10098.5479668876
9	301349	301579	230	301464	213.739426501417	184.510952811403	398.25037931282	1.05064	397.19973931282	223.662455218298	193.84936805347	417.511823271768	3.79144	413.720383271768	456.370802657696	455.356400971958	16973.6635498536
9	307992	308172	180	308082	79.1732248715778	66.0772230205215	145.250447892099	0.82224	144.428207892099	98.9293802331785	82.427399877383	181.356780110561	3.56304	177.793740110561	165.943757355337	195.686557601653	6171.89681974618
9	310858	311052	194	310955	130.286602988942	137.625972154796	267.912575143737	0.886192	267.026383143737	149.62804879186	149.918055476253	299.546104268114	3.626992	295.919112268114	306.805450116657	325.699838319811	11410.923869833
9	312624	312797	173	312710.5	67.1002466002943	14.0121229668236	81.1123695671178	0.790264	80.3221055671178	74.3782143509008	17.2959986572027	91.6742130081035	3.531064	88.1431490081035	92.2877337539043	97.0137047279584	3432.43023741853
9	314915	314981	66	314948	10.3126376970176	8.79210265005324	19.1047403470708	0.301488	18.8032523470708	24.6524682172053	19.0166383163983	43.6691065336036	3.042288	40.6268185336036	21.6043831777282	44.7154228276212	803.525398919804
9	321129	321399	270	321264	63.3333597769432	66.0330220017278	129.366381778671	1.23336	128.133021778671	85.8298783014484	82.8494096043274	168.679287905776	3.97416	164.705127905776	147.221068415743	181.280732826581	5475.54941768068
9	325816	325903	87	325859.5	28.0934475286816	24.1496566278507	52.2431041565323	0.397416	51.8456881565323	59.5751731541239	54.4248544439129	114.000027598037	3.138216	110.861811598037	59.5691687997378	122.018729498644	2215.53838077055
9	332357	333785	1428	333071	1757.04919840269	1880.65014729332	3637.69934569601	6.523104	3631.17624169601	1760.70128257994	1884.92034571755	3645.62162829749	9.263904	3636.35772429749	4172.11456100489	4002.31371944511	155172.21618373
9	334613	334839	226	334726	87.61551945887	28.1854496492477	115.800969108118	1.032368	114.768601108118	90.9670967097093	29.8272874921323	120.794384201842	3.773168	117.021216201842	131.865742656901	128.798004646604	4904.44335302632
9	337164	339371	2207	338267.5	2913.95166396331	2456.26501469796	5370.21667866128	10.081576	5360.13510266128	2928.61890202995	2458.17045861673	5386.78936064668	12.822376	5373.96698464668	6158.63737319493	5914.79260876395	229056.368394742
9	342321	342473	152	342397	41.6326595953345	53.5783349324	95.2109945277345	0.694336	94.5166585277345	50.7247691602771	62.2079338368881	112.932702997165	3.435136	109.497566997165	108.596857066047	120.517189964659	4039.01061083699
9	343698	344046	348	343872	101.137831135984	94.6683820210046	195.806213156989	1.589664	194.216549156989	105.104122555432	99.6889977416784	204.79312029711	4.330464	200.46265629711	223.149095166896	220.636829587313	8299.51793751828
9	345407	345554	147	345480.5	47.7902015211341	25.312283425352	73.1024849464862	0.671496	72.4309889464862	51.5707886602652	28.1162480542132	79.6870367144784	3.412296	76.2747407144784	83.2210731557539	83.950882821258	3095.21662599224
9	348527	348667	140	348597	50.792870729957	36.773747601786	87.5666183317431	0.63952	86.9270983317431	56.4962021866141	42.6458829492209	99.1420851358351	3.38032	95.7617651358351	99.8766759187588	105.399043620076	3714.68350659219
9	348972	349044	72	349008	18.3818236844924	20.4497713488249	38.8315950333173	0.328896	38.5026990333173	26.3152065418272	26.8794195464292	53.1946260882565	3.069696	50.1249300882565	44.2384672576132	55.169405924499	1645.34815728593
9	353755	353851	96	353803	4.11889493682131	3.9363907302636	8.05528566708491	0.438528	7.61675766708491	8.28459095236536	7.436671408583	15.7212623609484	3.179328	12.5419343609484	8.75143024059006	13.8041303323372	325.48934247927
9	370440	370578	138	370509	12.5831900312054	10.6542455707716	23.2374356019771	0.630384	22.6070516019771	19.4892492096541	15.2593517143237	34.7486009239777	3.371184	31.3774169239777	25.974836497042	34.5351793627088	966.074369560274
9	378299	378398	99	378348.5	4.07489392263753	3.01056939091496	7.0854633135525	0.452232	6.6332313135525	8.27499073108891	7.95708340361112	16.2320741347	3.193032	13.0390421347	7.62138742592676	14.3512660691859	283.459996120294
9	394042	395428	1386	394735	49.1979339681001	192.83304462813	242.03097859623	6.331248	235.69973059623	56.9048116046935	217.239307170516	274.14411877521	9.072048	265.07207077521	270.812048931605	291.748410343843	10072.232003105
9	407983	408167	184	408075	18.6719303711904	11.822272492741	30.4942028639314	0.840512	29.6536908639314	23.9932530228884	16.3223762160817	40.3156292389701	3.581312	36.7343172389701	34.0712174805266	40.4311877452547	1267.20065981547
9	410483	410628	145	410555.5	12.3940856725201	7.37627001638528	19.7703556889054	0.66236	19.1079956889054	18.2190199320124	13.4206093329667	31.6396292649791	3.40316	28.2364692649791	21.9545243025896	31.0781328175705	816.548093653459
10	5297	5620	323	5458.5	9.27491377841522	6.10244065576495	15.3773544341802	1.475464	13.9018904341802	11.0417545025038	9.12271027026134	20.1644647727651	4.216264	15.9482007727651	15.9728626883854	17.5531967954649	169.113393620534
10	6624	6801	177	6712.5	56.2638968321848	40.7311388160919	96.9950356482767	0.808536	96.1864996482767	62.6463439418465	46.1097627885337	108.75610673038	3.549336	105.20677073038	110.51545533555	115.794576275926	1170.08729517869
10	21673	21872	199	21772.5	21.1623877739922	16.4930801506538	37.6554679246459	0.909032	36.7464359246459	22.1995116787648	17.9356133997469	40.1351250785117	3.649832	36.4852930785117	42.2205726689383	40.1571022758257	447.012189608216
10	31184	31689	505	31436.5	72.5012710890479	33.0628620692143	105.564133158262	2.30684	103.257293158262	77.6199890708905	35.6644220328301	113.284411103721	5.04764	108.236771103721	118.639588838663	119.129510015561	1256.10191971664
10	36439	36720	281	36579.5	35.2568126378004	31.9116355344788	67.1684481722791	1.283608	65.8848401722791	37.6453676918447	34.6074976716748	72.2528653635194	4.024408	68.2284573635195	75.6997410028928	75.0948371052643	801.474372311704
10	54170	54317	147	54243.5	21.5616969777099	10.6198447778643	32.1815417555743	0.671496	31.5100457555743	24.007753357108	13.0048997512349	37.012653108343	3.412296	33.600357108343	36.2041145800621	36.9818319398035	383.312672193257
10	58895	59140	245	59017.5	21.4432942486336	34.5805970516397	56.0238913002733	1.11916	54.9047313002733	22.6054210346101	38.1246787395329	60.730099774143	3.85996	56.870139774143	63.083919280916	62.5934404428778	667.903799125313
10	60181	60323	142	60252	11.5696666704041	23.1731341198858	34.7428007902899	0.648656	34.0941447902899	26.4336092709036	42.6596832673058	69.0932925382094	3.389456	65.7038365382094	39.1731682674095	72.3161433320912	414.747660066406
10	60542	60771	229	60656.5	39.9942218308186	38.0315765936123	78.0257984244309	1.046072	76.9797264244309	48.8941269656221	58.9270582156578	107.82118518128	3.786872	104.03431318128	88.4474385543824	114.504124870973	936.441186704227
10	63608	63719	111	63663.5	7.34266924191766	4.55460497954566	11.8972742214633	0.507048	11.3902262214633	9.4035167425978	5.9634374518662	15.366954194464	3.247848	12.119106194464	13.087034478258	13.3387495584984	138.559559186373
10	68899	69162	263	69030.5	56.0309914639257	33.2684668082185	89.2994582721442	1.201384	88.0980742721441	64.1806793068958	37.5628657902501	101.743545097146	3.942184	97.8013610971459	101.222092788212	107.643900566777	1071.6934061691
10	73604	73675	71	73639.5	3.15927281839514	5.20682001251518	8.36609283091031	0.324328	8.04176483091032	7.47697233748315	11.2241587067565	18.7011310442397	3.065128	15.6360030442397	9.23975095506442	17.209580092491	97.8262738936416
10	75649	75766	117	75707.5	2.68296183985576	4.94321393663237	7.62617577648813	0.534456	7.09171977648813	8.40639375981046	8.78800255554975	17.1943963153602	3.275256	13.9191403153602	8.14817716703089	15.3199356253681	86.2691878982926
10	79489	79628	139	79558.5	20.801979466905	21.62919853356	42.4311780004651	0.634952	41.7962260004651	29.4045777490532	30.6071054662348	60.0116832152879	3.375752	56.6359312152879	48.0226327461717	62.335661588489	508.441758546078
10	79869	80046	177	79957.5	30.2867980834379	34.0602850589165	64.3470831423544	0.808536	63.5385471423544	37.4632634945068	41.6695604458659	79.1328239403727	3.549336	75.5834879403727	73.0039194114955	83.1900637074174	772.932241398112
10	83072	83373	301	83222.5	22.9979300815904	32.6105516438661	55.6084817254564	1.374968	54.2335137254564	26.9848219758604	35.086908721668	62.0717306975284	4.115768	57.9559626975284	62.3127100552829	63.788538481257	659.738587172848
10	85451	85597	146	85524	8.55199711583677	11.2484592668626	19.8004563826993	0.666928	19.1335283826993	10.2378359729052	12.3497846514215	22.5876206243267	3.407728	19.1798926243267	21.9838606158029	21.1101198528692	232.755101333376
10	94552	94978	426	94765	108.030790012483	92.2014251598692	200.232215172352	1.945968	198.286247172352	109.331419990833	94.4784776438796	203.809897634713	4.686768	199.123129634713	227.825058331069	219.162495557233	2412.10793067037
10	96552	96699	147	96625.5	15.7124621581116	19.2970447795149	35.0095069376265	0.671496	34.3380109376265	17.2461975093311	21.6552991351554	38.9014966444865	3.412296	35.4892006444865	39.4533632886691	39.0607650293837	417.714237307144
10	97318	97644	326	97481	54.1176473630661	42.3893770369905	96.5070244000566	1.489168	95.0178564000566	57.6009276495418	45.1023395683352	102.703267217877	4.229968	98.473299217877	109.172718660714	108.383461237954	1155.87101095649
10	100942	101123	181	101032.5	17.8439112860957	28.035346189498	45.8792574755937	0.826808	45.0524494755937	24.0745548968234	33.5155725037824	57.5901274006058	3.567608	54.0225194006058	51.7639376210144	59.4592410728251	548.052990189217
10	104542	104911	369	104726.5	30.0554927520582	33.8805809168978	63.936073668956	1.685592	62.250481668956	34.0524848791294	39.5769122122075	73.6293970913369	4.426392	69.2030050913369	71.5239701169982	76.1674614280133	757.26321246689
10	106149	106330	181	106239.5	30.8298105993877	32.3836464139047	63.2134570132924	0.826808	62.3866490132924	34.0665852041292	36.4751407191661	70.5417259232954	3.567608	66.9741179232954	71.6804223854163	73.7142633743286	758.919657812223
10	109631	109820	189	109725.5	13.9111206388108	19.3922469738398	33.3033676126506	0.863352	32.4400156126506	16.0800706311561	24.270859421466	40.3509300526221	3.604152	36.7467780526221	37.272622557574	40.4449025910471	394.625547894558
10	111372	111565	193	111468.5	33.1203633945681	49.0090296140247	82.1293930085928	0.881624	81.2477690085928	34.9210048977342	51.2691817084964	86.1901866062306	3.622424	82.5677626062306	93.3512937867172	90.877222242112	988.360971926384
10	123164	123718	554	123441	84.0379369988141	62.8244480469858	146.8623850458	2.530672	144.3317130458	87.4199149503622	68.1728713233288	155.592786273691	5.271472	150.321314273691	165.832887618781	165.449360062298	1755.76306803772
10	129041	129191	150	129116	6.61905256320447	25.2443818602821	31.8634344234865	0.6852	31.1782344234865	8.2912911067979	29.3321760802599	37.6234671870577	3.426	34.1974671870577	35.8228731315713	37.6390340198108	379.276261413242
10	134031	134256	225	134143.5	11.4201632244842	49.7564468413192	61.1766100658034	1.0278	60.1488100658034	14.4674334613207	61.3527141248435	75.8201475861641	3.7686	72.0515475861641	69.1092113406883	79.3026757198558	731.696846599758
10	136032	136474	442	136253	50.9195736503453	200.999032846809	251.918606497154	2.019056	249.899550497154	53.5245336923298	203.68149467514	257.20602836747	4.759856	252.44617236747	287.127223803046	277.851865985743	3039.97224326507
10	136950	137308	358	137129	111.404067763499	59.352368018666	170.756435782165	1.635344	169.121091782165	123.284241590814	64.4137846797648	187.698026270578	4.376144	183.321882270578	194.31515372216	201.771041276689	2057.32032628974
10	140120	140380	260	140250	42.8964887254585	66.029721925664	108.926210651123	1.18768	107.738530651123	44.3255216633816	68.5096790864446	112.835200749826	3.92848	108.906720749826	123.788398742352	119.866882095879	1310.61517340866
10	142638	143179	541	142908.5	170.45812890646	170.779036303087	341.237165209547	2.471288	338.765877209546	175.02913426402	175.671249064188	350.700383328207	5.212088	345.488295328207	389.232016019526	380.257567912112	4121.01126886217
10	144920	145124	204	145022	63.6613673372222	48.9624285399119	112.623795877134	0.931872	111.691923877134	69.0702920080679	51.4252853065438	120.495577314612	3.672672	116.822905314612	128.330731128818	128.579736135953	1358.70731943245
10	146027	146343	316	146185	250.456372793984	266.661246301734	517.117619095717	1.443488	515.674131095717	263.163965692563	278.445917927808	541.609883620372	4.184288	537.425595620371	592.494389661767	591.511066185853	6273.06068371124
10	146821	147071	250	146946	209.815736063883	159.235370231973	369.051106295856	1.142	367.909106295856	214.650347497326	163.590070603897	378.240418101223	3.8828	374.357618101223	422.716727951025	412.032243388478	4475.53214465104
10	150534	150865	331	150699.5	183.0682195577	171.019341841913	354.087561399613	1.512008	352.575553399613	186.770904901265	173.624101879288	360.395006780553	4.252808	356.142198780553	405.0989272572	391.983659563671	4289.00289678932
10	154748	154988	240	154868	57.0170141908621	298.974691097554	355.991705288416	1.09632	354.895385288416	58.8312560075032	302.63367543385	361.464931441353	3.83712	357.627811441353	407.764345776748	393.61878140396	4317.22313382845
10	156198	156367	169	156282.5	46.0871622676121	56.4268005869697	102.513962854582	0.771992	101.741970854582	55.7571851529366	67.9753667710266	123.732551923963	3.512792	120.219759923963	116.898528139046	132.318443611053	1237.66836217872
10	157441	157572	131	157506.5	37.2823593248285	36.9341512989469	74.2165106237754	0.598408	73.6181026237754	67.1758483428464	69.2173953986687	136.393243741515	3.339208	133.054035741515	84.5850318096234	146.444336077712	895.547783631027
10	157975	158093	118	158034	35.1149093670577	54.9246659641186	90.0395753311763	0.539024	89.5005513311763	54.7226613080931	74.6007194794438	129.323380787537	3.279824	126.043556787537	102.8334976251	138.728336106117	1088.75422649788
10	159886	160472	586	160179	588.187657196133	463.370280267929	1051.55793746406	2.676848	1048.88108946406	601.639267243638	488.306455024315	1089.94572226795	5.417648	1084.52807426795	1205.13348150564	1193.67287815573	12759.4042970985
10	161666	161925	259	161795.5	116.777691620693	87.7330221672017	204.510713787894	1.183112	203.327601787894	120.916687020811	91.9764199737021	212.893106994514	3.923912	208.969194994514	233.617426312874	229.999449855973	2473.43488411713
10	165393	165579	186	165486	16.8683888011804	16.1848730467574	33.0532618479378	0.849648	32.2036138479378	23.4435403525061	23.1246330019787	46.5681733544847	3.590448	42.9777253544847	37.0010038921179	47.3029203555678	391.749773202062
10	172497	172803	306	172650	377.914010577823	354.619573662017	732.533584239841	1.397808	731.135776239841	464.888015250355	463.740488800903	928.628504051258	4.138608	924.489896051258	840.053474434805	1017.52876779172	8894.10349640658
10	173025	173530	505	173277.5	244.878144220835	323.167448718844	568.045592939679	2.30684	565.738752939679	263.17176587235	337.757685010659	600.92945088301	5.04764	595.88181088301	650.017165722022	655.850201681026	6882.0856318251
10	177552	177867	315	177709.5	242.310785045517	245.113149637499	487.423934683016	1.43892	485.985014683016	245.283853572071	250.600176108521	495.884029680591	4.17972	491.704309680591	558.382469269011	541.188478623925	5911.89921046279
10	180151	180763	612	180457	377.664604829245	402.507977446625	780.17258227587	2.795616	777.37696627587	398.925094864406	433.107982749208	832.033077613614	5.536416	826.496661613614	893.183239950512	909.673684123253	9456.61725013451
10	181769	182002	233	181885.5	39.1655027295892	211.711079749849	250.876582479439	1.064344	249.812238479439	41.6890608953337	222.672632403773	264.361693299106	3.805144	260.556549299107	287.026904866091	286.778455536179	3038.91011206142
10	184250	184439	189	184344.5	39.5815123182358	46.3736688713314	85.9551811895672	0.863352	85.0918291895672	45.1525407254267	53.2559275011989	98.4084682266255	3.604152	94.8043162266255	97.7680057243707	104.345238907907	1035.12310586522
10	186703	186919	216	186811	66.6110353244147	90.9776969540354	157.58873227845	0.986688	156.60204427845	69.7293071977749	94.0621680483181	163.791475246093	3.727488	160.063987246093	179.931136835179	176.172516764117	1905.02890820716
10	187820	187972	152	187896	31.430924454521	64.2392806576042	95.6702051121252	0.694336	94.9758691121252	33.5222726582149	70.5003249690406	104.022597627256	3.435136	100.587461627256	109.124476503436	110.710388855568	1155.36024497221
10	189389	189720	331	189554.5	322.490333111939	338.428300467742	660.918633579681	1.512008	659.406625579681	328.467070870365	345.510163698316	673.977234568681	4.252808	669.724426568681	757.638792800408	737.124195123343	8021.53439171607
10	190204	190276	72	190240	5.21052009779882	9.72812422450812	14.9386443223069	0.328896	14.6097483223069	19.3171452428125	34.6810993681276	53.9982446109402	3.069696	50.9285486109402	16.7861705549285	56.0538990581218	177.72432680469
10	191131	191663	532	191397	297.079847423113	442.592501358826	739.672348781938	2.430176	737.242172781938	305.884850370506	454.489175566459	760.374025936965	5.170976	755.203049936965	847.069544223987	831.205221514183	8968.38644712585
10	192243	192489	246	192366	275.170242426436	65.4273080405661	340.597550467002	1.123728	339.473822467002	278.133210720189	68.4205770327225	346.553787752911	3.864528	342.689259752911	390.045424270855	377.176842820252	4129.62326487471
10	195159	196138	979	195648.5	430.831930288247	340.703152901043	771.53508318929	4.472072	767.06301118929	433.497591729344	343.507417536819	777.005009266163	7.212872	769.792137266163	881.33280930929	847.262526322695	9331.1502890331
10	204681	205244	563	204962.5	116.483984851016	88.9957512719711	205.479736122987	2.571784	202.907952122987	119.288249486792	90.6849902074083	209.9732396942	5.312584	204.6606556942	233.135261206875	225.257307509199	2468.32993962773
10	207574	207812	238	207693	130.190900783092	72.5265716722035	202.717472455295	1.087184	201.630288455295	132.83986183926	74.6178198735925	207.457681712853	3.827984	203.629697712853	231.667263280794	224.122595914311	2452.78744634079
10	211664	211911	247	211787.5	129.296580169807	145.637056803087	274.933636972893	1.128296	273.805340972893	130.272902673162	147.606702201641	277.879604874802	3.869096	274.010508874802	314.594273017264	301.586395533631	3330.7808475822
10	220268	220423	155	220345.5	12.5088883186178	44.5857276608957	57.0946159795135	0.70804	56.3865759795135	34.0924858011147	76.2125566308395	110.305042431954	3.44884	106.856202431954	64.7865151759911	117.610003587817	685.930108835588
10	220795	220926	131	220860.5	25.9940991405906	21.9937069351506	47.9878060757413	0.598408	47.3893980757413	42.6747836153553	37.9652750654217	80.640058680777	3.339208	77.300850680777	54.4490227377978	85.080258506256	576.481448200656
10	224027	224090	63	224058.5	11.6575686964667	8.78810255785471	20.4456712543214	0.287784	20.1578872543214	30.5757047424763	32.9733600062723	63.5490647487486	3.028584	60.5204807487486	23.1608187912048	66.6111446598465	245.216198324861
10	224392	224724	332	224558	35.2427123128006	12.9000973356336	48.1428096484341	1.516576	46.6262336484341	42.3313757001119	21.3100911784227	63.6414668785346	4.257376	59.3840908785346	53.5721692865531	65.360390715094	567.197723314214
10	227097	227259	162	227178	32.6071515654973	22.8312262392168	55.4383778047142	0.740016	54.6983618047142	34.4651943917122	24.1791573078148	58.6443516995271	3.480816	55.1635356995271	62.8468068082459	60.7150870411052	665.393360282553
10	228537	228646	109	228591.5	17.2904985304298	17.7057081006367	34.9962066310665	0.497912	34.4982946310665	27.4877335675199	32.5014491291513	59.9891826966712	3.238712	56.7504706966712	39.6375245319637	62.4617281013338	419.664052655495
10	231019	231300	281	231159.5	70.1406166780883	97.536548129652	167.67716480774	1.283608	166.39355680774	72.9581816204244	99.9995048985889	172.957686519013	4.024408	168.933278519013	191.181296364376	185.934396324583	2024.14047223122
10	236435	237237	802	236836	1033.72742648683	1784.08812162553	2817.81554811237	3.663536	2814.15201211237	1035.81857468592	1792.2679101623	2828.08648484821	6.404336	2821.68214884821	3233.37778315364	3105.65077269187	34233.530985273
10	239137	239320	183	239228.5	56.1587944096685	37.4288627015995	93.587657111268	0.835944	92.751713111268	60.6050968929391	39.9999219622015	100.605018855141	3.576744	97.0282748551407	106.568986761416	106.793012423398	1128.30388375088
10	241592	241969	377	241780.5	525.495212191698	159.03966572116	684.534877912858	1.722136	682.812741912858	528.329877528183	162.570147095578	690.900024623761	4.462936	686.437088623761	784.531731140578	755.518787103267	8306.26457163811
10	246250	246449	199	246349.5	94.1515701089551	78.0912999341817	172.242870043137	0.909032	171.333838043137	98.9999818604824	83.6759286548476	182.67591051533	3.649832	179.02607851533	196.857534009077	197.042916155557	2084.23789057251
10	246951	247156	205	247053.5	77.6587899652162	75.76364628386	153.422436249076	0.93644	152.485996249076	81.1249698575432	79.5102326393036	160.635202496847	3.67724	156.957962496847	175.201918869948	172.753907702698	1854.95810281216
10	254477	254706	229	254591.5	103.180878226381	135.125014509973	238.305892736354	1.046072	237.259820736354	109.630826891893	153.201631159718	262.83245805161	3.786872	259.04558605161	272.604546556851	285.115431875271	2886.21275246661
10	256774	257237	463	257005.5	313.655529477666	349.882464475914	663.53799395358	2.114984	661.42300995358	315.932481959372	352.284619843433	668.217101802805	4.855784	663.361317802805	759.955559062074	730.120715421162	8046.06325747918
10	262598	262709	111	262653.5	5.54132772261684	18.8345341190605	24.3758618416773	0.507048	23.8688138416773	10.9572525548099	22.6860228924104	33.6432754472203	3.247848	30.3954274472203	27.4245641506689	33.4543643678264	290.35879181858
10	265160	265620	460	265390	121.519800922044	132.660057694937	254.179858616981	2.10128	252.078578616981	143.239601543901	146.895385806438	290.134987350339	4.84208	285.292907350339	289.63086293881	314.00423272967	3066.47963388817
10	268433	268800	367	268616.5	221.688709725241	25.5511889319089	247.239898657149	1.676456	245.563442657149	230.297508150296	27.4735332402152	257.771041390512	4.417256	253.353785390512	282.145163596318	278.850819424728	2987.22445940073
10	270927	271097	170	271012	13.2961064632876	38.0034759459176	51.2995824092052	0.77656	50.5230224092052	17.1338949208575	43.7200077068299	60.8539026276874	3.51736	57.3365426276874	58.049464809499	63.106781175847	614.601288654945
10	272536	272784	248	272660	47.7279000851421	52.9384201829409	100.666320268083	1.132864	99.533456268083	54.9581667362812	59.5975736704356	114.555740406717	3.873664	110.682076406717	114.361009921473	121.820906105946	1210.80227527122
10	278205	278758	553	278481.5	239.822627695729	296.009322748483	535.831950444212	2.526104	533.305846444212	244.360032278821	300.20531946243	544.565351741252	5.266904	539.298447741252	612.752711330723	593.572398515125	6487.54656475401
10	280728	281141	413	280934.5	907.453815993755	224.930584447535	1132.38440044129	1.886584	1130.49781644129	912.048821904506	227.515144019307	1139.56396592381	4.627384	1134.93658192381	1298.90869713225	1249.15440034475	13752.2535603457
10	285370	285434	64	285402	6.36594672934279	9.30251441458504	15.6684611439278	0.292352	15.3761091439278	8.49109571211422	16.3508768729962	24.8419725851104	3.033152	21.8088205851104	17.6666965691037	24.0036180295125	187.046935114383
10	289462	289698	236	289580	44.8768343706433	92.4495308784827	137.326365249126	1.078048	136.248317249126	45.9443589761247	95.6085036899629	141.552862666088	3.818848	137.734014666088	156.545303910115	151.595299012787	1657.43036273942
10	290767	291469	702	291118	213.427119303017	909.33985946536	1122.76697876838	3.206736	1119.56024276838	228.581068587909	920.736422145873	1149.31749073378	5.947536	1143.36995473378	1286.34174710134	1258.43649145283	13619.2004183606
10	294370	294573	203	294471.5	150.085359332457	39.2805053802968	189.365864712753	0.927304	188.438560712753	189.026856898928	42.3819768664232	231.408833765352	3.668104	227.740729765352	216.510356610308	250.66011551226	2292.3130233246
10	294922	295164	242	295043	91.1536010084655	42.6179823061362	133.771583314602	1.105456	132.666127314602	109.879032612811	44.1686180468945	154.047650659706	3.846256	150.201394659706	152.429473173369	165.317371970731	1613.85382188773
10	302788	303211	423	302999.5	346.391084002736	299.774409530344	646.165493533081	1.932264	644.23322953308	353.046937414167	308.160402819942	661.207340234109	4.673064	656.534276234109	740.205007610089	722.606613617855	7836.95341617622
10	305876	306083	207	305979.5	78.524409916977	99.52199389239	178.046403809367	0.945576	177.100827809367	93.5265557029356	116.196478224247	209.723033927182	3.686376	206.036657927182	203.483635408556	226.771787940608	2154.39203363382
10	310679	310895	216	310787	41.2757513689211	89.3317590166472	130.607510385568	0.986688	129.620822385568	49.7629469911418	115.459861245888	165.22280823703	3.727488	161.49532023703	148.93050749629	177.747896333746	1576.80836727158
10	312699	312934	235	312816.5	136.331842326268	183.889738492972	320.22158081924	1.07348	319.14810081924	143.815514818183	197.016341049348	340.831855867531	3.81428	337.017575867531	366.691768704428	370.934371658756	3882.36539862163
10	313955	314145	190	314050	104.489008377604	158.049042888195	262.538051265799	0.86792	261.670131265799	116.952995661293	177.271385945903	294.224381607196	3.60872	290.615661607196	300.651274454305	319.862658660955	3183.15873060609
10	314892	315792	900	315342	420.923801914805	556.668330704024	977.592132618829	4.1112	973.480932618829	432.756374644957	576.238381776089	1008.99475642105	6.852	1002.14275642105	1118.50092187832	1102.99646156	11842.178221696
10	316035	317249	1214	316642	1136.66349907066	1089.23300584048	2225.89650491114	5.545552	2220.35095291114	1148.12396322405	1107.11031789643	2255.23428112048	8.286352	2246.94792912048	2551.11785399184	2473.07641476198	27010.073662513
10	319783	319914	131	319848.5	77.6908907051094	32.7388546011338	110.429745306243	0.598408	109.831337306243	94.1288695857285	41.0233455511942	135.152215136923	3.339208	131.813007136923	126.192971954452	145.078412759113	1336.07369916203
10	322508	322728	220	322618	164.432890030126	134.071290222576	298.504180252703	1.00496	297.499220252703	176.3424645351	142.014373303492	318.356837838593	3.74576	314.611077838593	341.817842508293	346.272927085597	3619.01159950872
10	323099	323371	272	323235	655.289303828696	604.031522382966	1259.32082621166	1.242496	1258.07833021166	665.087129659764	610.518271896704	1275.60540155647	3.983296	1271.62210555647	1445.49495011821	1399.59569021817	15304.2420287998
10	324735	324911	176	324823	94.57237980824	36.763047355155	131.335427163395	0.803968	130.531459163395	99.8261009017828	39.0537001526404	138.879801054423	3.544768	135.335033054423	149.976802335117	148.954888540268	1587.8860603798
10	327959	328051	92	328005	9.78562554986192	24.3185605209334	34.1041860707954	0.420256	33.6839300707953	14.694438693587	36.5662428189876	51.2606815125745	3.161056	48.0996255125745	38.7018436358234	52.9402786207839	409.75748958166
10	330198	330359	161	330278.5	62.7579465141853	118.789837998856	181.547784513041	0.735448	180.812336513041	67.2007489167822	128.500261815385	195.701010732168	3.476248	192.224762732168	207.748049602525	211.569890376686	2199.54170844259
10	332780	333473	693	333126.5	668.594810508651	357.493739908962	1026.08855041761	3.165624	1022.92292641761	674.385943989065	362.865563724667	1037.25150771373	5.906424	1031.34508371373	1175.3083166515	1135.13765448562	12443.6290386382
10	334124	334237	113	334180.5	44.2308194805815	18.7902330979618	63.0210525785433	0.516184	62.5048685785433	51.2143804453766	21.9154051303645	73.1297855757411	3.256984	69.8728015757411	71.81625318424	76.9046649327331	760.357772431712
10	335576	335851	275	335713.5	135.677827251809	32.5519502931577	168.229777544967	1.2562	166.973577544967	149.291541035659	39.1099014480297	188.401442483689	3.997	184.404442483689	191.847723109429	202.962548251954	2031.19629501353
10	337188	338146	958	337667	541.884789956715	583.961959797611	1125.84674975433	4.376144	1121.47060575433	547.152011361428	586.391015785165	1133.54302714659	7.116944	1126.42608314659	1288.53669791065	1239.78742146151	13642.4395576079
10	339360	339663	303	339511.5	133.622879887122	130.920217593188	264.54309748031	1.384104	263.15899348031	135.835830893651	132.173546481291	268.009377374942	4.124904	263.884473374942	302.361933290735	290.441295442437	3201.27040706631
10	341701	341840	139	341770.5	58.8620567174318	7.81168005219473	66.6737367696265	0.634952	66.0387847696265	72.9349810856729	14.2650287960753	87.2000098817482	3.375752	83.8242578817482	75.8766188114679	92.2601687674277	803.347073971254
10	342208	342459	251	342333.5	105.215625125466	23.7428472512607	128.958472376726	1.146568	127.811904376726	115.047951751745	29.7433855582682	144.791337310014	3.887368	140.903969310014	146.852113978043	155.084271749608	1554.8032835238
10	345788	345859	71	345823.5	19.6079519456453	15.1002480471273	34.7081999927726	0.324328	34.3838719927726	27.5347346508526	23.3478381466564	50.8825727975089	3.065128	47.8174447975089	39.5060562903915	52.62969978534	418.272126804799
10	348735	349547	812	349141	305.666945347992	504.35022481877	810.017170166761	3.709216	806.307954166761	313.309221495579	511.719294669198	825.028516164776	6.450016	818.578500164776	926.424092999128	900.958654249347	9808.55625916265
10	352216	352329	113	352272.5	19.5743511711777	19.351046024195	38.9253971953727	0.516184	38.4092131953727	21.8345032656493	22.7462242799982	44.5807275456475	3.256984	41.3237435456475	44.1310547830388	45.482485022435	467.23950390184
10	355684	355881	197	355782.5	69.4894016681684	47.6203976073067	117.109799275475	0.899896	116.209903275475	93.6181578142818	65.3660066276237	158.984164441906	3.640696	155.343468441906	133.521756399829	170.976934094497	1413.66753020224
10	359696	360059	363	359877.5	360.684813460336	448.121828804847	808.806642265183	1.658184	807.148458265183	364.577103174111	458.849676072071	823.426779246182	4.398984	819.027795246182	927.389807454775	901.453165517139	9818.78080388259
10	360399	361167	768	360783	554.910290182773	179.360234091973	734.270524274745	3.508224	730.762300274745	558.572674597437	186.715603626621	745.288278224058	6.249024	739.039254224058	839.624361550042	813.414732721561	8889.5602446674
10	361685	361877	192	361781	25.4987877241083	7.33246900681142	32.8312567309197	0.877056	31.9542007309197	33.2394661397792	9.79872585181208	43.0381919915913	3.617856	39.4203359915913	36.7144355660565	43.3875222204003	388.715718313476
10	365530	365690	160	365610	53.5980353864777	15.3132529566988	68.9112883431765	0.73088	68.1804083431765	58.0610382546772	18.9857376041647	77.0467758588419	3.47168	73.5750958588419	78.3372812251507	80.9795509384932	829.39944663924
10	374004	374701	697	374352.5	236.26854577734	331.609743306136	567.878289083476	3.183896	564.694393083476	247.709109472036	343.695921881675	591.405031353711	5.924696	585.480335353711	648.817227004379	644.401941809556	6869.38122732128
10	376208	376301	93	376254.5	14.0257232802985	22.1764111463183	36.2021344266168	0.424824	35.7773104266168	32.3729461672737	51.826194547141	84.1991407144147	3.165624	81.0335167144147	41.1070760131329	89.1885728166753	435.22299427598
10	378466	378716	250	378591	99.4917931962911	155.324880098695	254.816673294986	1.142	253.674673294986	116.362582052791	173.459298080708	289.821880133499	3.8828	285.939080133499	291.464728717723	314.715435089629	3085.89576932781
10	380576	381451	875	381013.5	325.245696620588	243.649515902058	568.895212522646	3.997	564.898212522646	333.547487969407	250.576175555329	584.123663524736	6.7378	577.385863524736	649.051409537359	635.492858020494	6871.86064529736
10	383586	383795	209	383690.5	71.5712496528908	44.6461290530934	116.217378705984	0.954712	115.262666705984	75.693144658861	45.4839483640745	121.177093022935	3.695512	117.481581022935	132.433409478269	129.304699691237	1402.1446087991
10	387481	387661	180	387571	50.1276553973423	60.3670914071269	110.494746804469	0.82224	109.672506804469	59.4498702660051	73.8788028399149	133.32867310592	3.56304	129.76563310592	126.010480385584	142.824994972858	1334.14156156588
10	390195	390348	153	390271.5	16.4995803004764	34.4156932507555	50.9152735512319	0.698904	50.2163695512319	19.1619416655097	40.1595256409227	59.3214673064324	3.439704	55.8817633064324	57.6971297068308	61.5055956826489	610.870925096059
10	390931	392452	1521	391691.5	1313.01916391002	777.572622349134	2090.59178625915	6.947928	2083.64385825915	1314.83000564829	779.711071638466	2094.54107728676	9.688728	2084.85234928676	2394.04542835715	2294.66784986886	25347.0623750869
10	393656	393926	270	393791	222.982339542244	128.389959273011	351.372298815255	1.23336	350.138938815255	227.121334942362	130.5759096572	357.697244599562	3.97416	353.723084599562	402.299328859791	389.32109041906	4259.36202432977
10	396646	396977	331	396811.5	64.6536902093714	58.0444378720533	122.698128081425	1.512008	121.186120081425	69.3635987685248	61.5175179234227	130.881116691947	4.252808	126.628308691947	139.239282956767	139.371936309105	1474.20209673692
10	402533	402771	238	402652	75.9068495845672	99.6723973590545	175.579246943622	1.087184	174.492062943622	82.7654076681583	104.230302414664	186.995710082822	3.827984	183.167726082822	200.486241407781	201.601371108908	2122.65699143269
10	407333	407510	177	407421.5	35.4022159892167	23.2400356619061	58.6422516511228	0.808536	57.8337156511229	38.4395859978618	25.6556913405954	64.0952773384573	3.549336	60.5459413384573	66.4492360393853	66.639167553968	703.534239875713
10	411032	411212	180	411122	16.4386788967538	29.066069946753	45.5047488435068	0.82224	44.6825088435068	17.4454021008177	31.3431224307634	48.788524531581	3.56304	45.225484531581	51.3388867297593	49.77688966073	543.552744986843
10	413450	413680	230	413565	105.816838982904	106.427953068534	212.244792051438	1.05064	211.194152051438	109.114114982148	108.735306250948	217.849421233096	3.79144	214.057981233096	242.655860890227	235.600361680988	2569.12971191432
10	421799	421884	85	421841.5	16.6282832669639	16.1111713479996	32.7394546149635	0.38828	32.3511746149635	25.3183835659548	22.0272077073133	47.3455912732681	3.12908	44.2165112732681	37.1705468676617	48.6663752888032	393.544816990899
10	424248	424673	425	424460.5	60.052284151103	86.8431016553348	146.895385806438	1.9414	144.953985806438	80.5183558756369	112.191985924303	192.71034179994	4.6822	188.02814179994	166.547860694382	206.950929645695	1763.33287725232
10	448953	449053	100	449003	20.8245799878267	26.4711101352648	47.2956901230915	0.4568	46.8388901230915	35.2923134560623	40.3613302923383	75.6536437484005	3.1976	72.4560437484005	53.816505313051	79.7478795920613	569.784641854175
10	454828	455404	576	455116	393.537070675298	193.232253829543	586.769324504841	2.631168	584.138156504841	396.847946988017	197.165144479133	594.01309146715	5.371968	588.64112346715	671.157538542968	647.880825514024	7105.91026864196
10	455735	456010	275	455872.5	146.325472670453	141.806568513779	288.132041184232	1.2562	286.875841184232	149.821953261184	145.458652691033	295.280605952216	3.997	291.283605952216	329.611892824634	320.597823630573	3489.78056474461
10	458427	458586	159	458506.5	48.8033248727156	56.8461102516801	105.649435124396	0.726312	104.923123124396	52.756515990213	60.2076877330157	112.964203723229	3.467112	109.497091723229	120.553578409882	120.516666860074	1276.36636936839
10	459475	459594	119	459534.5	34.0197841254065	32.4853487580522	66.5051328834587	0.543592	65.9615408834587	43.5986049086046	45.0204376805704	88.619042589175	3.284392	85.334650589175	75.7878678611481	93.922564470219	802.407419340243
10	460193	460368	175	460280.5	45.3541453722323	57.535326137486	102.889471509718	0.7994	102.090071509718	50.0673540074495	61.440916157821	111.50827016527	3.5402	107.96807016527	117.298485539988	118.833767535331	1241.90292893713
10	461587	461790	203	461688.5	117.388405697102	41.5885585788458	158.976964275948	0.927304	158.049660275948	121.848108489238	45.1022395660302	166.950348055268	3.668104	163.282244055268	181.594404982991	179.714652702502	1922.63883364539
10	462478	462662	184	462570	60.1982875163491	22.5477197046464	82.7460072209955	0.840512	81.9054952209955	71.1891408456267	29.9605905646481	101.149731410275	3.581312	97.5684194102748	94.1070018342666	107.387516079914	996.362064466943
10	466059	466696	637	466377.5	335.59993527647	853.281367367569	1188.88130264404	2.909816	1185.97148664404	345.932473432175	863.043092366545	1208.97556579872	5.650616	1203.32494979872	1362.64631045646	1324.4252410454	14427.0783742076
10	466952	467249	297	467100.5	96.7743305612231	116.10747617283	212.881806734053	1.356696	211.525110734053	116.555686503674	131.026520043364	247.582206547038	4.097496	243.484710547038	243.036122669585	267.988540012465	2573.15575040385
10	468097	468525	428	468311	122.975434473087	138.207785565071	261.183220038158	1.955104	259.228116038158	138.880801077473	169.058996657721	307.939797735194	4.695904	303.243893735194	297.845470876819	333.761771600398	3153.45216052668
10	469547	469773	226	469660	95.5389020857086	96.826031752889	192.364933838598	1.032368	191.332565838598	101.890748490052	103.032674810426	204.923423300477	3.773168	201.150255300477	219.835483269409	221.393627222007	2327.5179496117
10	471733	472074	341	471903.5	156.120398434676	180.00494895207	336.125347386746	1.557688	334.567659386746	158.968564082331	183.91063897471	342.879203057041	4.298488	338.580715057041	384.408387381607	372.654822147379	4069.94088627403
10	486283	486500	217	486391.5	47.3828921330193	81.2851735500941	128.668065683113	0.991256	127.676809683113	49.4572399448695	82.89661069227	132.353850637139	3.732056	128.621794637139	146.696894153716	141.566042817013	1553.15988673505
10	490870	491108	238	490989	75.213033592733	71.9654587390554	147.178492331788	1.087184	146.091308331788	78.3887067891421	75.7559461063778	154.14465289552	3.827984	150.31666889552	167.854610781058	165.444247182269	1777.16815187298
10	496468	496657	189	496562.5	51.9013962804733	57.3309214261414	109.232317706615	0.863352	108.368965706615	63.2264573129376	83.2234182248895	146.449875537827	3.604152	142.845723537827	124.512750054355	157.221440360342	1318.28427511799
10	497186	497254	68	497220	17.4073012226267	23.8508497406209	41.2581509632476	0.310624	40.9475269632476	38.5509885655908	61.015106343288	99.5660949088787	3.051424	96.5146709088787	47.0475025471946	106.227720371202	498.117524225151
10	503499	504133	634	503816	266.356639280816	284.831765115839	551.188404396655	2.896112	548.292292396655	275.428448377851	293.396862533626	568.825310911477	5.636912	563.188398911477	629.971696368666	619.8665880792	6669.85333413388
10	507534	507679	145	507606.5	23.1224329512695	29.532480697101	52.6549136483705	0.66236	51.9925536483705	34.0464847408316	37.2088576306806	71.2553423715123	3.40316	67.8521823715123	59.7379129245674	74.6806945271752	632.477808115609
10	513826	514052	226	513939	46.1157629268315	40.1078244492567	86.2235873760883	1.032368	85.1912193760883	51.5182874501595	46.4055696066147	97.9238570567742	3.773168	94.1506890567742	97.8822021215722	103.625831966226	1036.332165296
10	517606	517711	105	517658.5	17.5418043228021	24.6056671384826	42.1474714612847	0.47964	41.6678314612847	55.612481817655	44.8455336491899	100.458015466845	3.22044	97.2375754668448	47.8751112019633	107.023376643099	506.879867640237
10	517907	517994	87	517950.5	28.6603605955176	9.01580780625576	37.6761684017733	0.397416	37.2787524017733	57.207018570292	44.7374311575247	101.944449727817	3.138216	98.8062337278168	42.8321886240616	108.749901631842	453.487700716101
10	519325	519408	83	519366.5	6.42324805008667	14.8200415886207	21.2432896387073	0.379144	20.8641456387073	11.9675758418524	24.3144604264299	36.2820362682824	3.119944	33.1620922682824	23.9722888750562	36.4994609754716	253.807673903088
10	521741	521955	214	521848	60.5908965656344	59.0738615993437	119.664758164978	0.977552	118.687206164978	62.9761515436149	62.4861402492956	125.46229179291	3.718352	121.74393979291	136.368104461548	133.996013988585	1443.80336681046
10	524580	524710	130	524645	36.6185440244833	33.6722761156596	70.2908201401429	0.59384	69.6969801401429	42.3523761841541	40.3150292251403	82.6674054092945	3.33464	79.3327654092945	80.0797775557549	87.3166611957795	847.848203984038
10	525660	526289	629	525974.5	536.253360157327	602.14967900817	1138.4030391655	2.873272	1135.5297671655	541.196174084739	608.281720346204	1149.47789443094	5.614072	1143.86382243094	1304.69026031986	1258.98006103806	13813.4661175537
10	528471	528737	266	528604	244.393533050984	218.913045748684	463.306578799668	1.215088	462.091490799668	253.627245879754	227.08603412871	480.713280008465	3.955888	476.757392008465	530.929514008191	524.737332120145	5621.23982650365
10	529648	529837	189	529742.5	38.1686797537167	45.0558384965273	83.2245182502441	0.863352	82.3611662502441	43.4868023316559	50.7216690888233	94.2084714204791	3.604152	90.6043194204791	94.6305544270397	99.7225625615881	1001.90520081201
10	538450	538656	206	538553	61.6553210996619	64.8026936437664	126.458014743428	0.941008	125.517006743428	75.2485344109949	73.3138898191782	148.562424230173	3.681808	144.880616230173	144.215344183739	159.461120710204	1526.88636613647
10	542728	542841	113	542784.5	36.8012482356509	56.6625060197678	93.4637542554187	0.516184	92.9475702554187	45.4575477555642	100.368413401598	145.825961157162	3.256984	142.568977157162	106.794020851914	156.916842760183	1130.68644218558
10	545185	545771	586	545478	922.347659283439	1272.84323789108	2195.19089717452	2.676848	2192.51404917452	933.244010434526	1281.61744012855	2214.86145056307	5.417648	2209.44380256307	2519.13407141492	2431.79794558015	26671.4439429739
10	548402	548881	479	548641.5	289.480672268965	208.954616215846	498.435288484811	2.188072	496.247216484811	291.700423432231	211.431073295953	503.131496728184	4.928872	498.202624728184	570.173436910185	548.340771506023	6036.73660440839
10	549995	550270	275	550132.5	403.029689471618	133.363273903437	536.392963375055	1.2562	535.136763375055	406.407967337882	135.407221014579	541.815188352461	3.997	537.818188352461	614.856380962465	591.943168689767	6509.81926047681
10	554890	555161	271	555025.5	377.618903775877	404.429321731882	782.048225507759	1.237928	780.810297507759	381.118884447282	407.773998823679	788.89288327096	3.978728	784.91415527096	897.128036421923	863.90639491733	9498.38295810042
10	555649	555861	212	555755	103.689289944813	105.946041960916	209.63533190573	0.968416	208.66691590573	105.71963674248	108.239994834466	213.959631576945	3.709216	210.250415576945	239.752140987697	231.40960999518	2538.38644839166
10	559016	559605	589	559310.5	616.324605727473	435.693942353249	1052.01854808072	2.690552	1049.32799608072	618.419254007231	437.119575212803	1055.53882922003	5.431352	1050.10747722003	1205.64696404647	1155.78825891822	12764.840816321
10	567403	567652	249	567527.5	94.4275764706533	77.9771973042188	172.404773774872	1.137432	171.267341774872	107.124569124907	88.4479386453831	195.57250777029	3.878232	191.69427577029	196.781131755203	210.986016234898	2083.42897831396
10	569403	569600	197	569501.5	99.2279871157984	173.936709084602	273.164696200401	0.899896	272.264800200401	125.597394906916	195.940216245639	321.537611152555	3.640696	317.896915152555	312.824237039683	349.88944469982	3312.04051300105
10	570472	571116	644	570794	1035.39796499124	1606.51612875091	2641.91409374215	2.941792	2638.97230174215	1078.69526295499	1654.29593003233	2732.99119298732	5.682592	2727.30860098732	3032.10145510441	3001.77965384332	32102.5089164089
10	571324	571390	66	571357	22.1560106761058	28.2869519887852	50.442962664891	0.301488	50.141474664891	54.8162634655385	78.6572129779681	133.473476443507	3.042288	130.431188443507	57.6110776881325	143.557530509963	609.959845523544
10	572038	572369	331	572203.5	530.194720511135	771.219175907912	1301.41389641905	1.512008	1299.90188841905	552.809741767022	798.892113744223	1351.70185551125	4.252808	1347.44904751125	1493.54898676518	1483.05370868026	15813.0162775413
10	572658	573967	1309	573312.5	3535.86569852209	2813.4701479548	6349.33584647689	5.979512	6343.35633447689	3548.47238909496	2834.79063937294	6383.2630284679	8.720312	6374.5427164679	7288.32961199167	7016.06434340484	77165.513693747
10	576649	577056	407	576852.5	418.321541935055	528.612284037399	946.933825972453	1.859176	945.074649972453	420.27428694407	534.217313228277	954.491600172347	4.599976	949.891624172347	1085.86293970271	1045.4868766096	11496.6221348302
10	578142	579862	1720	579002	3211.4098201061	2127.25763137388	5338.66745147999	7.85696	5330.81049147999	3216.54863855124	2130.04479561551	5346.59343416675	10.59776	5335.99567416675	6124.94425857813	5872.9999391749	64848.1195583019
10	580240	580367	127	580303.5	23.5246422218312	6.17654236374263	29.7011845855738	0.580136	29.1210485855738	46.2477659693829	12.4911879106393	58.7389538800222	3.320936	55.4180178800222	33.4592271893848	60.9951798151313	354.25105494908
10	581596	581803	207	581699.5	110.592149049503	109.757629814586	220.349778864089	0.945576	219.404202864089	123.924956358712	121.904709793847	245.829666152559	3.686376	242.143290152559	252.088967482171	266.512121668776	2669.00314720704
10	582401	582550	149	582475.5	81.8431864117884	111.947780295583	193.790966707372	0.680632	193.110334707372	102.605564965928	132.210347329517	234.815912295445	3.421432	231.394480295445	221.878087343083	254.681572415774	2349.14411102441
10	583590	583705	115	583647.5	44.1234170050511	41.6733605334545	85.7967775385056	0.52532	85.2714575385056	51.8672954944809	49.681045103377	101.548340597858	3.26612	98.2822205978578	97.9743934071192	108.173152835872	1037.30824462913
10	585471	585978	507	585724.5	289.322368620208	188.362841593973	477.685210214181	2.315976	475.369234214181	303.685699682062	206.670063558963	510.355763241025	5.056776	505.298987241025	546.18525015255	556.151298191428	5782.76061096692
10	587416	587598	182	587507	94.4597772128515	67.4111537664246	161.870930979276	0.831376	161.039554979276	100.237310379791	73.6041965104862	173.841506890277	3.572176	170.269330890277	185.029705942605	187.404906417602	1959.01023523583
10	594615	594773	158	594694	20.6622762468716	27.3223297551109	47.9846060019825	0.721744	47.2628620019825	22.9394287331869	32.9477594162017	55.8871881493887	3.462544	52.4246441493887	54.3036365156257	57.7005587525527	574.942165111778
10	598346	598713	367	598529.5	1178.360760155	593.688983996764	1772.04974415177	1.676456	1770.37328815177	1181.92154222783	596.337645046018	1778.25918727384	4.417256	1773.84193127384	2034.10676934321	1952.35794603675	21536.1958254525
10	604280	604484	204	604382	13.0489007654187	84.6929520963226	97.7418528617413	0.931872	96.8099808617413	16.440878947463	88.7673460074353	105.208224954898	3.672672	101.535552954898	111.231816887859	111.753894257294	1177.67180495215
10	605915	606402	487	606158.5	96.2738190248826	317.708722900127	413.982541925009	2.224616	411.757925925009	100.470115745745	329.05088432674	429.521000072485	4.965416	424.555584072485	473.097730326228	467.282035385726	5008.94324646124
10	606806	606912	106	606859	13.6508146389918	5.09591745631107	18.7467320953028	0.484208	18.2625240953028	28.6660607269005	24.3792619200461	53.0453226469465	3.225008	49.8203146469465	20.9831023412755	54.8341345754336	222.159528623531
10	609247	609471	224	609359	107.587079785361	78.9744202893111	186.561500074672	1.023232	185.538268074672	145.768559834113	118.541432273327	264.309992107441	3.764032	260.545960107441	213.178005784819	286.766800668783	2257.03161085478
10	615217	615433	216	615325	91.4403076167948	88.0378291927293	179.478136809524	0.986688	178.491448809524	97.9477576076604	92.098922797282	190.046680404942	3.727488	186.319192404942	205.081417982966	205.069994895042	2171.30862765317
10	617410	617508	98	617459	25.3462842090395	23.6089441649151	48.9552283739546	0.447664	48.5075643739546	50.4309623882955	38.5329881506974	88.9639505389929	3.188464	85.7754865389929	55.733762883658	94.407765295812	590.083691594693
10	617795	618106	311	617950.5	180.196253361464	118.035220605604	298.231473967068	1.420648	296.810825967068	198.019664175043	135.453022070252	333.472686245294	4.161448	329.311238245294	341.026897747797	362.452483150905	3610.63743670375
10	620309	620638	329	620473.5	227.324439623743	229.196882781872	456.521322405615	1.502872	455.018450405615	257.90964458519	257.440933781828	515.350578367019	4.243672	511.106906367019	522.802798901457	562.543715044168	5535.19786912263
10	621896	621978	82	621937	26.6070132677097	6.16304205257261	32.7700553202823	0.374576	32.3954793202823	51.8273945748006	12.9539985780087	64.7813931528093	3.115376	61.6660171528093	37.221451669268	67.8719656278885	394.083773840349
10	622884	623895	1011	623389.5	467.892084491447	768.839921068229	1236.73200555968	4.618248	1232.11375755968	475.301855279995	772.498905404525	1247.80076068452	7.359048	1240.44171268452	1415.66242081607	1365.27736302631	14988.388798919
10	624155	624311	156	624233	22.5090188126256	12.7555940049618	35.2646128175875	0.712608	34.5520048175875	44.633528762668	17.0396927495822	61.6732215122503	3.453408	58.2198135122503	39.6992359544734	64.0789427307048	420.317425084055
10	624615	624729	114	624672	13.5531123870428	3.97359158770989	17.5267039747527	0.520752	17.0059519747527	32.6196518536177	9.14961089029642	41.7692627439141	3.261552	38.5077107439141	19.5393379816995	42.3830521362047	206.873609299011
10	628747	628863	116	628805	32.293344332523	14.3802314513928	46.6735757839159	0.529888	46.1436877839159	46.4640709550181	23.4787411638531	69.9428121188712	3.270688	66.6721241188712	53.017738299538	73.3818774986052	561.327660597736
10	633000	633512	512	633256	1061.51796703378	1188.69229828766	2250.21026532144	2.338816	2247.87144932144	1068.44042659024	1194.40572997712	2262.84615656736	5.079616	2257.76654056736	2582.73809386922	2484.98379030149	27344.8543575632
10	636771	637039	268	636905	173.83430672432	167.569662329905	341.403969054225	1.224224	340.179745054225	183.210222830748	175.820652507803	359.030875338551	3.965024	355.065851338551	390.856508533655	390.798990600761	4138.21065555541
10	637626	637812	186	637719	160.123990713875	101.926149306009	262.050140019884	0.849648	261.200492019884	173.162891248798	115.796469004394	288.959360253192	3.590448	285.368912253192	300.111672791956	314.087886618671	3177.4456740236
10	638569	638704	135	638636.5	0.932521493781167	1.70993941256452	2.64246090634569	0.61668	2.02578090634569	4.86831221021499	5.07531698148867	9.94362919170366	3.35748	6.58614919170366	2.32756260071336	7.24896648427523	24.6431724826067
10	638999	640006	1007	639502.5	1154.85051826509	811.94761466177	1966.79813292686	4.599976	1962.19815692686	1165.70286840199	817.850450716828	1983.55331911882	7.340776	1976.21254311882	2254.50789418798	2175.09474412119	23869.7025303831
10	640385	640779	394	640582	535.920452484104	128.184154529397	664.104607013501	1.799792	662.304815013501	544.046239776188	137.756175155858	681.802414932046	4.540592	677.261822932046	760.968727106142	745.42014045139	8056.79021917558
10	641706	641977	271	641841.5	333.450885742812	141.77736784073	475.228253583542	1.237928	473.990325583542	344.617743128825	144.740336134482	489.358079263307	3.978728	485.379351263307	544.600924745778	534.226988647494	5765.98649530803
10	647075	647351	276	647213	72.8107782229087	40.1941264384399	113.004904661349	1.260768	111.744136661349	97.8583555470234	63.3492601434323	161.207615690456	4.001568	157.206047690456	128.390722080177	173.026959709473	1359.34247629624
10	649481	649609	128	649545	38.1455792212702	21.2540898876433	59.3996691089136	0.584704	58.8149651089136	45.7814552213398	27.59593606149	73.3773912828298	3.325504	70.0518872828298	67.5766627678975	77.1017734783661	715.47092047185
10	654268	654514	246	654391	37.0781546180938	34.9196048654647	71.9977594835585	1.123728	70.8740314835585	40.2405275079428	39.6699143558232	79.910441863766	3.864528	76.045913863766	81.4321748843465	83.6990272796913	862.16677080724
10	656049	656133	84	656091	23.980652732463	15.9321672221156	39.9128199545786	0.383712	39.5291079545786	29.5383808330938	23.899250856223	53.4376316893169	3.124512	50.3131196893169	45.4177808796751	55.3765345623523	480.862773637985
10	662859	663227	368	663043	84.776154014052	126.597517958852	211.373671972904	1.681024	209.692647972904	119.055144113923	144.354927251154	263.410071365077	4.421824	258.988247365077	240.930676924347	285.052322734432	2550.86425000048
10	663515	663764	249	663639.5	88.3110354898886	86.7003983661525	175.011433856041	1.137432	173.874001856041	138.372689365955	113.831123704954	252.203813070909	3.878232	248.325581070909	199.776107420486	273.316586365629	2115.13841628059
10	667221	667619	398	667420	80.7552613360945	72.8277786147525	153.583039950847	1.818064	151.764975950847	89.0197518251623	79.1758249315069	168.195576756669	4.558864	163.636712756669	174.37348778184	180.104794447153	1846.18705184753
10	669321	669424	103	669372.5	25.781494240239	6.29804516427283	32.0795394045119	0.470504	31.6090354045119	33.0761623757744	8.9940073037738	42.0701696795482	3.211304	38.8588656795482	36.3178507713764	42.7695466241227	384.516859173754
10	676809	676951	142	676880	24.1697570911483	19.6347525633754	43.8045096545237	0.648656	43.1558536545237	27.7002384655666	22.3138143133376	50.0140527789042	3.389456	46.6245967789042	49.5848048786908	51.3168058535426	524.981325429216
10	683473	683603	130	683538	35.8940273250254	25.5817896372277	61.4758169622531	0.59384	60.8819769622531	56.0890928031092	43.5473037261586	99.6363965292678	3.33464	96.3017565292678	69.9515985124263	105.993378700995	740.615658220082
10	696975	697084	109	697029.5	12.5019881595754	15.9759682316895	28.4779563912648	0.497912	27.9800443912648	23.5400425767955	25.8890967203794	49.4291392971748	3.238712	46.1904272971748	32.1482469735028	50.8389423964689	340.370993647458
10	700661	700860	199	700760.5	36.6290442665044	40.9033427852384	77.5323870517428	0.909032	76.6233550517428	39.3115060948353	43.5520038344918	82.8635099293272	3.649832	79.2136779293272	88.0379783425523	87.1855889825859	932.106008513187
10	703595	704033	438	703814	20.3811697676202	116.135176811304	136.516346578925	2.000784	134.515562578925	30.088393510391	133.739582577014	163.827976087405	4.741584	159.086392087405	154.554419824902	175.096538322959	1636.35178900321
10	705190	705654	464	705422	971.561593620333	135.985834351095	1107.54742797143	2.119552	1105.42787597143	980.569701249106	137.519569702315	1118.08927095142	4.860352	1113.22891895142	1270.10407385982	1225.26212023408	13447.2833312394
10	706748	706819	71	706783.5	6.13984151782116	1.03722390707756	7.17706542489872	0.324328	6.85273742489872	23.7333470322892	3.99659211785141	27.7299391501406	3.065128	24.6648111501406	7.87359348325363	27.147029950911	83.3620209425429
10	707048	707167	119	707107.5	9.31221463816647	2.24335170723785	11.5555663454043	0.543592	11.0119743454043	19.6041518580567	5.00011524815639	24.6042671062131	3.284392	21.3198751062131	12.6524342124509	23.4654660250561	133.958209556513
10	715974	716147	173	716060.5	7.21376627082019	35.8148254994946	43.0285917703148	0.790264	42.2383277703148	10.3590387665205	40.0786237762075	50.437662542728	3.531064	46.906598542728	48.5305946595198	51.6271877284386	513.819827879807
10	716937	717039	102	716988	13.4651103586752	11.6882694040904	25.1533797627656	0.465936	24.6874437627656	19.0905400197661	16.4016780439175	35.4922180636836	3.206736	32.2854820636836	28.3651458207703	35.5346304185029	300.317242054541
10	717927	718191	264	718059	50.1077549386546	61.6172202214709	111.724975160126	1.205952	110.519023160126	71.4559469952683	83.3235205321576	154.779467527426	3.946752	150.832715527426	126.983102747729	166.012227747258	1344.43924405289
10	719194	719449	255	719321.5	48.0626077998537	14.5898362825955	62.6524440824492	1.16484	61.4876040824492	51.1132781150589	16.7417858830971	67.855063998156	3.90564	63.949423998156	70.6474462373855	70.3851701135587	747.98297693475
10	721439	721589	150	721514	19.6152521139076	18.0367157300646	37.6519678439722	0.6852	36.9667678439722	27.1734263230208	25.1421795046098	52.3156058276306	3.426	48.8896058276306	42.4737275553136	53.8097610239903	449.692478219079
10	724263	724363	100	724313	7.20396604493381	5.46702601002924	12.670992054963	0.4568	12.214192054963	11.711069929622	8.36569282169046	20.0767627513124	3.1976	16.8791627513124	14.0337469545736	18.5778489835941	148.582919605608
11	2586	2794	208	2690	24.6090672168513	0.527012147155684	25.136079364007	0.950144	24.185935364007	33.4040699337485	1.6587382324234	35.0628081661719	3.690944	31.3718641661719	27.788927440373	34.529067786117	527.497082556466
11	13650	13740	90	13695	7.3897703275553	7.44377157223539	14.8335418997907	0.41112	14.4224218997907	12.0252771718161	13.3935087083216	25.4187858801378	3.15192	22.2668658801378	16.5709380123527	24.5077601154701	314.554114241941
11	14334	14543	209	14438.5	15.9184669063357	13.2724059170113	29.190872823347	0.954712	28.2361608233469	17.2359972742249	15.4412559070516	32.6772531812765	3.695512	28.9817411812765	32.4425172111555	31.8984074553994	615.832806659872
11	20108	20350	242	20229	64.8656950958932	53.9570436612954	118.822738757189	1.105456	117.717282757189	82.8111087215265	69.8883108626663	152.699419584193	3.846256	148.853163584193	135.253691030927	163.833457532266	2567.42285490851
11	20569	20690	121	20629.5	12.9551986056683	13.0193000831496	25.9744986888179	0.552728	25.4217706888179	46.7311771115746	41.6053589660796	88.3365360776542	3.293528	85.0430080776542	29.2088658323579	93.6015716214588	554.450744614461
11	20993	21075	82	21034	9.91722858319339	2.04394711114137	11.9611756943348	0.374576	11.5865996943348	32.6774531858864	15.8024642325784	48.4799174184648	3.115376	45.3645414184648	13.3126618152498	49.9299409632571	252.704617105974
11	21711	22028	317	21869.5	38.6874917118654	3.08817117956635	41.7756628914318	1.448056	40.3276068914318	58.8568565975737	14.9144437645059	73.7713003620796	4.188856	69.5824443620796	46.335232641762	76.5850867317183	879.548161423265
11	24905	25134	229	25019.5	75.2117335627685	60.1532864791157	135.365020041884	1.046072	134.318948041884	78.7185143909105	64.0623765801244	142.780890971035	3.786872	138.994018971035	154.32851551228	152.982107709455	2929.50643246939
11	30742	30977	235	30859.5	39.3053059519276	43.5865046297041	82.8918105816317	1.07348	81.8183305816317	44.3903231569977	48.8232253314033	93.213548488401	3.81428	89.399268488401	94.0068522306978	98.3962376387511	1784.46398834256
11	31773	31909	136	31841	28.4346553932158	41.8528646708633	70.2875200640791	0.621248	69.6662720640791	31.3773232190608	47.508495028053	78.8858182471138	3.362048	75.5237702471138	80.0444948807322	83.1243361412248	1519.42667146442
11	34134	34403	269	34268.5	93.8686635882144	66.2777276419726	160.146391230187	1.228792	158.917599230187	100.318512251421	72.8220784833696	173.140590734791	3.969592	169.170998734791	182.591641279996	186.196040242242	3466.00487842009
11	38243	38658	415	38450.5	92.0470216010061	136.871154756934	228.91817635794	1.89572	227.02245635794	102.845870504754	145.53415443128	248.380024936034	4.63652	243.743504936034	260.842116383662	268.273378967299	4951.37697183425
11	38926	39082	156	39004	51.7406925763975	67.0750460194436	118.815738595841	0.712608	118.103130595841	58.0789386672656	76.0488528576148	134.12779152488	3.453408	130.67438352488	135.697018834048	143.825200273083	2575.83822550041
11	45307	45403	96	45355	9.93732904649098	14.4823338047602	24.4196628512512	0.438528	23.9811348512512	13.1300026347438	18.0300155756321	31.1600182103759	3.179328	27.9806902103759	27.5536176827362	30.7966126545391	523.030367858073
11	46416	47101	685	46758.5	118.200924424928	153.972348924068	272.173273348996	3.12908	269.044193348996	122.184116233914	158.327349302908	280.511465536822	5.86988	274.641585536822	309.123854616565	302.280982528069	5867.87423907349
11	47979	48152	173	48065.5	40.9778445024359	19.7867560669194	60.7646005693553	0.790264	59.9743365693553	44.9578362376635	22.1888114321337	67.1466476697972	3.531064	63.6155836697972	68.9087464316371	70.0177327414413	1308.0448240871
11	49830	50007	177	49918.5	40.5721351512005	49.2120342930999	89.7841694443004	0.808536	88.9756334443004	45.4675479860605	53.8101402753045	99.2776882613651	3.549336	95.7283522613651	102.230382432282	105.362268138664	1940.56530599717
11	53455	53676	221	53565.5	34.7295004837298	28.4440556098823	63.1735560936121	1.009528	62.1640280936121	39.0507000834915	31.4340245259749	70.4847246094664	3.750328	66.7343966094664	71.4246375050469	73.4504169719876	1355.80216211683
11	63558	63725	167	63641.5	15.8572654956982	25.9541982209104	41.8114637166086	0.762856	41.0486077166086	16.3538769421451	28.3597536667984	44.7136306089435	3.503656	41.2099746089435	47.1636413559068	45.3572666003929	895.273244041635
11	67559	68071	512	67815	63.6784677313709	119.432352808244	183.110820539615	2.338816	180.772004539615	65.1988027737254	143.957118082011	209.155920855737	5.079616	204.076304855737	207.701709352864	224.614148734657	3942.65111385515
11	68406	68496	90	68451	1.08802507799883	12.9798991749941	14.067924252993	0.41112	13.656804252993	3.41587873293052	37.9371744177271	41.3530531506576	3.15192	38.2011331506576	15.6912658841624	42.0456211680229	297.855935363958
11	68781	69183	402	68982	5.90293605736351	28.8622652492381	34.7652013066016	1.836336	32.9288653066016	7.28466790503905	34.9239049645781	42.2085728696172	4.577136	37.6314368696172	37.8342964589551	41.4185917571677	718.181046947502
11	69555	69741	186	69648	5.35922352527899	17.9633140382217	23.3225375635007	0.849648	22.4728895635007	6.95736036089473	20.7271777427926	27.6845381036874	3.590448	24.0940901036874	25.8206882659994	26.5188726442375	490.135423871251
11	70323	71055	732	70689	28.3113525511962	286.266698189755	314.578050740951	3.343776	311.234274740951	30.541303949569	289.939082834916	320.480386784485	6.084576	314.395810784485	357.599015608239	346.03599597229	6788.04311044968
11	73940	74185	245	74062.5	33.8849810183162	31.8338337412175	65.7188147595336	1.11916	64.5996547595336	39.125201800689	38.1182785920153	77.2434803927044	3.85996	73.3835203927044	74.223100813266	80.7686956886623	1408.92336421771
11	74478	74661	183	74569.5	78.9466196485314	93.9251648905186	172.87178453905	0.835944	172.03584053905	89.9377729847238	105.210024996388	195.147797981112	3.576744	191.571053981112	197.664114202412	210.850393643625	3752.11471517236
11	75594	75771	177	75682.5	27.9251436494286	51.8712955866794	79.796439236108	0.808536	78.987903236108	29.7561858533035	55.7735855309506	85.5297713842541	3.549336	81.9804353842541	90.7547745687746	90.2307875465886	1722.73215351041
11	78709	78828	119	78768.5	6.47044913802926	29.7621859916013	36.2326351296306	0.543592	35.6890431296306	10.2611365099616	33.9010813894152	44.1622178993768	3.284392	40.8778258993768	41.0056594884299	44.991691088305	778.380734372103
11	79902	80072	170	79987	29.2256736254741	61.2352114165118	90.4608850419859	0.77656	89.6843250419859	32.431747522592	65.9584202822253	98.3901678048173	3.51736	94.8728078048173	103.044648206555	104.420623345811	1956.02192343143
11	80537	81019	482	80778	536.053655554315	450.441382268466	986.495037822782	2.201776	984.293261822782	540.638361227655	455.485598533112	996.123959760766	4.942576	991.181383760766	1130.92396970293	1090.9319575952	21467.5106080117
11	81610	81925	315	81767.5	48.3237138181124	27.2207274132684	75.5444412313808	1.43892	74.1055212313808	53.0979238593571	31.170518452397	84.2684423117541	4.17972	80.0887223117541	85.1450614349399	88.1486961360735	1616.24703210996
11	82650	82929	279	82789.5	119.105645277929	88.9967512950208	208.10239657295	1.274472	206.82792457295	135.53782402486	93.6052575169415	229.143081541802	4.015272	225.127809541802	237.639194105926	247.784236060508	4510.93270371514
11	84306	84547	241	84426.5	52.7638161584753	45.7123536286103	98.4761697870856	1.100888	97.3752817870856	73.493493958892	49.1212322001934	122.614726159085	3.841688	118.773038159085	111.881331002569	130.726126571093	2123.76227269018
11	88893	89163	270	89028	66.5734344577485	73.5307948186433	140.104229276392	1.23336	138.870869276392	71.4047458151272	77.8686948033338	149.273440618461	3.97416	145.299280618461	159.558538953435	159.921918671276	3028.78417943645
11	91930	92635	705	92282.5	134.972010983379	82.3662984690505	217.33830945243	3.22044	214.11786945243	140.452037293054	89.3234588253353	229.775496118389	5.96124	223.814256118389	246.015126078425	246.338489165855	4669.92695380504
11	93432	93994	562	93713	162.682849693272	159.042265781089	321.725115474361	2.567216	319.157899474361	167.348857240546	165.333410786319	332.682268026866	5.308016	327.374252026866	366.703027070585	360.320562392781	6960.85796615984
11	94411	94557	146	94484	21.1020863840994	27.9275437047478	49.0296300888471	0.666928	48.3627020888472	24.3892621505424	31.0863165116181	55.4755786621604	3.407728	52.0678506621604	55.5673203843662	57.3078582601339	1054.79419639811
11	96302	96584	282	96443	128.516762195704	86.7141986842374	215.230960879942	1.288176	213.942784879942	130.685612185745	88.4979397978647	219.183551983609	4.028976	215.154575983609	245.813959061001	236.807315602305	4666.10834601509
11	98381	98532	151	98456.5	23.7716479150901	14.5733359022766	38.3449838173667	0.689768	37.6552158173667	29.4341784313222	16.1679726572187	45.6021510885409	3.430568	42.1715830885409	43.264734001465	46.4156494940536	821.263109644076
11	99645	100347	702	99996	439.343626475183	75.8952493171915	515.238875792375	3.206736	512.032139792375	444.600747647095	78.5913114589974	523.192059106092	5.947536	517.244523106092	588.309848913442	569.299009638908	11167.4597591777
11	112559	112754	195	112656.5	36.9587518659678	43.1492945524053	80.1080464183731	0.89076	79.2172864183731	38.647990801405	46.1830644780717	84.8310552794767	3.63156	81.1994952794767	91.0183290897005	89.371255142906	1727.73501809312
11	114850	115008	158	114929	13.3633080122228	15.2861523320538	28.6494603442766	0.721744	27.9277163442766	19.1239407896238	22.6078210899292	41.731761879553	3.462544	38.269217879553	32.0881235886113	42.1205578121055	609.105609204346
11	118317	118769	452	118543	133.869385568856	250.205567013136	384.074952581992	2.064736	382.010216581992	137.136360869696	253.131234447137	390.267595316833	4.805536	385.462059316833	438.918488382142	424.254214050783	8331.67176381551
11	122349	122431	82	122390	2.3549542795767	3.53088138363812	5.88583566321482	0.374576	5.51125966321482	7.30776843748553	11.1026559062263	18.4104243437118	3.115376	15.2950483437118	6.33227504254595	16.8343123715751	120.200990774305
11	125521	125721	200	125621	33.94228233906	16.782786828132	50.725069167192	0.9136	49.811469167192	36.2195348276804	18.4719257612642	54.6914605889446	3.6544	51.0370605889446	57.2319110901712	56.1733314713272	1086.39191613187
11	127135	127352	217	127243.5	24.5946668849366	38.9422975849115	63.5369644698481	0.991256	62.5457084698481	37.6941688166667	44.5137260013222	82.2078948179889	3.732056	78.4758388179889	71.8631770165856	86.3734951728046	1364.12664003771
11	130405	130487	82	130446	7.5988751472332	3.17267312726019	10.7715482744934	0.374576	10.3969722744934	15.0318464705326	6.67275380096967	21.7046002715022	3.115376	18.5892242715022	11.9458149452195	20.4600077815636	226.758752955962
11	134138	134348	210	134243	37.4256626278407	58.6043507775418	96.0300134053825	0.95928	95.0707334053825	40.446032244642	64.307482229589	104.753514474231	3.70008	101.053434474231	109.233472782568	111.22325630694	2073.49989789827
11	135913	136063	150	135988	12.1672804448638	24.8855735900744	37.0528540349381	0.6852	36.3676540349381	15.0965479618437	30.4435016953151	45.5400496571588	3.426	42.1140496571588	41.7853634330581	46.3523260096206	793.181289626768
11	140787	141171	384	140979	24.8754733572731	21.7461012280619	46.621574585335	1.754112	44.867462585335	29.0546696839872	25.7563936616933	54.8110633456805	4.494912	50.3161513456805	51.5513931321017	55.3798713187378	978.562758035689
11	143224	143484	260	143354	85.1269620998626	121.019489390314	206.146451490176	1.18768	204.958771490176	94.1549701873239	132.034243270477	226.189213457801	3.92848	222.260733457801	235.491592261697	244.62862299499	4470.16633337737
11	146943	147142	199	147042.5	24.8924737491168	46.0000602599892	70.892534009106	0.909032	69.983502009106	34.7213002947228	54.5380570531311	89.2593573478539	3.649832	85.6095253478539	80.4089827449223	94.2251020919823	1526.34548059802
11	151015	151154	139	151084.5	22.0412080300081	25.1498796820919	47.1910877121	0.634952	46.5561357121	27.2512281162821	29.3460764006497	56.5973045169319	3.375752	53.2215525169319	53.4916288221389	58.5776664340239	1015.39284686019
11	153030	153236	206	153133	44.9873369176276	35.6582218899224	80.6455588075499	0.941008	79.7045508075499	46.6765758530648	38.3542840317283	85.030859884793	3.681808	81.349051884793	91.5781815225844	89.5358628351832	1738.36229133503
11	155372	155460	88	155416	9.04520848391492	6.18004244441634	15.2252509283313	0.401984	14.8232669283313	16.3936778595204	13.9950225726749	30.3887004321953	3.142784	27.2459164321953	17.0314971449768	29.9878926671047	323.296574681453
11	158350	158493	143	158421.5	17.4996033501077	5.65573035949466	23.1553337096023	0.653224	22.5021097096023	26.787917437388	12.0006766047952	38.7885940421831	3.394024	35.3945700421831	25.8542613533163	38.9566109866316	490.772717471375
11	164602	164838	236	164720	47.4789943480889	57.8016322756028	105.280626623692	1.078048	104.202578623692	50.762970040773	62.1739330532007	112.936903093974	3.818848	109.118055093974	119.725693999117	120.099484718916	2272.66613391592
11	166017	166475	458	166246	231.395933468011	195.649009533587	427.044943001598	2.092144	424.952799001598	234.554806277187	199.426096592044	433.980902869231	4.832944	429.147958869231	488.258250892901	472.336577883302	9268.25273961243
11	171290	171654	364	171472	215.084157496256	144.668634481824	359.75279197808	1.662752	358.09003997808	225.031686777853	152.440313612033	377.472000389886	4.403552	373.068448389886	411.434909930335	410.613334135437	7809.97089994995
11	178202	178418	216	178310	51.2964823377513	65.1709021306407	116.467384468392	0.986688	115.480696468392	53.8844419878921	68.8265863908728	122.711028378765	3.727488	118.983540378765	132.683919254145	130.957813326268	2518.64273851153
11	179381	179636	255	179508.5	76.392860786688	76.3391595489228	152.732020335611	1.16484	151.567180335611	81.7480842197684	80.2547497997541	162.002834019522	3.90564	158.097194019522	174.146226445154	174.007789278309	3305.69168547957
11	188778	188955	177	188866.5	17.3299994408902	42.7173845972696	60.0473840381598	0.808536	59.2388480381598	18.4144244359104	45.9403588839262	64.3547833198366	3.549336	60.8054473198366	68.0636917699499	66.9247897144646	1292.00376350291
11	191466	191689	223	191577.5	52.5089102831243	117.430906676712	169.939816959836	1.018664	168.921152959836	55.00226775277	121.27249522187	176.27476297464	3.759464	172.51529897464	194.085429903643	189.876904377929	3684.18314310857
11	193102	193293	191	193197.5	48.704722600022	56.1824949559448	104.887217555967	0.872488	104.014729555967	51.0459765638187	59.3750685418927	110.421045105711	3.613288	106.807757105711	119.509860952589	117.556682817814	2268.56913151785
11	194752	195247	495	194999.5	152.686919296072	160.938209480885	313.625128776957	2.26116	311.363968776957	160.525099959082	167.816968030079	328.342067989161	5.00196	323.340107989161	357.748030236029	355.880429916144	6790.87174720029
11	196056	196314	258	196185	128.484761458116	253.882551764325	382.367313222441	1.178544	381.188769222441	131.454329903996	257.105826057897	388.560155961893	3.919344	384.640811961893	437.974669558223	423.350317953385	8313.75593467287
11	200211	200460	249	200335.5	104.209001923707	126.404913519493	230.6139154432	1.137432	229.4764834432	108.965711561583	131.482530553996	240.448242115579	3.878232	236.570010115579	263.661721231795	260.377957528303	5004.89948847487
11	201845	202010	165	201927.5	34.3779923817844	21.8414034246918	56.2193958064762	0.75372	55.4656758064762	45.1260401146115	28.7609629143105	73.8870030289219	3.49452	70.3924830289219	63.7284279983314	77.4766461203674	1209.71059128356
11	202983	203475	492	203229	235.57762985235	200.864429744329	436.442059596678	2.247456	434.194603596678	237.206067386369	205.003525146753	442.209592533122	4.988256	437.221336533122	498.876812194978	481.22244463138	9469.8171979677
11	204762	205594	832	205178	1033.36911822815	514.774265083516	1548.14338331166	3.800576	1544.34280731166	1051.78724274934	521.90992955416	1573.6971723035	6.541376	1567.1557963035	1774.40440361517	1724.87131894186	33682.2336231118
11	207901	208105	204	208003	73.1961871062366	78.2538036797468	151.449990785983	0.931872	150.518118785983	76.0171521269415	79.4632315559709	155.480383682912	3.672672	151.807711682912	172.940885620235	167.085345626568	3282.81157360786
11	210195	210493	298	210344	179.617840029558	148.125914169009	327.743754198567	1.361264	326.382490198567	189.94347802622	152.200608087037	342.144086113257	4.102064	338.042022113257	375.0038690434	372.061916189566	7118.42683717214
11	213716	213926	210	213821	47.4210930135152	58.9173579920764	106.338451005592	0.95928	105.379171005592	51.6948915207244	63.5018636608061	115.19675518153	3.70008	111.49667518153	121.077563994444	122.717484522996	2298.32770290093
11	216790	217151	361	216970.5	77.6993909010313	54.8959653025942	132.595356203625	1.649048	130.946308203625	86.1937866892092	59.5854733915351	145.779260080744	4.389848	141.389412080744	150.453451664745	155.618568540136	2855.948902094
11	219319	219399	80	219359	21.0042841298455	21.2573899637071	42.2616740935526	0.36544	41.8962340935526	25.9337977506979	27.061823750682	52.9956215013798	3.10624	49.8893815013798	48.1375390998203	54.9101521842652	913.76003953689
11	220020	220253	233	220136.5	156.659710865343	127.287133853878	283.94684471922	1.064344	282.88250071922	166.74164324481	142.860092796566	309.601736041376	3.805144	305.796592041376	325.023662237031	336.571368517712	6169.68877117448
11	223117	223267	150	223192	22.3489151223797	24.7987715893664	47.147686711746	0.6852	46.462486711746	26.8422186889829	32.9140586394292	59.7562773284121	3.426	56.3302773284121	53.3840288787613	61.9992472867082	1013.35035506785
11	225904	226441	537	226172.5	672.316796297073	692.89637063774	1365.21316693481	2.453016	1362.76015093481	675.060259531432	696.119344924397	1371.17960445583	5.193816	1365.98578845583	1565.77127917559	1503.45595131458	29721.9021312735
11	229982	231262	1280	230622	194.834190752747	281.256682713407	476.090873466154	5.84704	470.243833466154	212.729603225899	304.612421042156	517.342024268054	8.58784	508.754184268054	540.296315639737	559.954219552069	10256.0536324227
11	231525	231834	309	231679.5	183.037418847772	51.8007939616804	234.838212809452	1.411512	233.426700809452	199.161890502331	80.8563636664122	280.018254168744	4.152312	275.865942168744	268.200404648929	303.628556038973	5091.05402849167
11	234210	234357	147	234283.5	29.033469195335	13.2046043542463	42.2380735495813	0.671496	41.5665775495813	37.5682659147181	16.3667772394854	53.9350431542035	3.412296	50.5227471542035	47.7587734394152	55.6072585291068	906.570205338901
11	237086	237513	427	237299.5	191.963524586476	165.403812409014	357.367336995489	1.950536	355.416800995489	211.385572247194	178.027103364509	389.412675611704	4.691336	384.721339611704	408.363437068113	423.438949749833	7751.66735522159
11	242761	242955	194	242858	28.3832542084647	57.2417193701142	85.624973578579	0.886192	84.738781578579	31.0659160414056	61.1304090009104	92.196325042316	3.626992	88.569333042316	97.3623644168466	97.4827790975507	1848.15924583222
11	245489	246062	573	245775.5	210.106342762106	259.159373390315	469.265716152421	2.617464	466.648252152421	212.599700231752	268.268883356321	480.868583588073	5.358264	475.510319588073	536.165098602665	523.364756747836	10177.6337315777
11	247786	248551	765	248168.5	417.958933577258	510.721671674885	928.680605252144	3.49452	925.186085252144	422.976249221868	513.512235994882	936.48848521675	6.23532	930.25316521675	1063.01156457135	1023.87204119845	20178.3786091905
11	255490	255701	211	255595.5	83.661328318323	118.60253368166	202.263861999983	0.963848	201.300013999983	85.8470786979021	122.339119806607	208.186198504509	3.704648	204.481550504509	231.287787658456	225.060177520272	4390.36855533771
11	256548	256679	131	256613.5	27.2689285242606	19.6016518004326	46.8705803246932	0.598408	46.2721723246932	31.5769278197672	25.0379771028382	56.6149049226054	3.339208	53.2756969226054	53.1653632529307	58.637259827768	1009.19958386847
11	258473	259025	552	258749	146.585778670272	103.382082863967	249.967861534239	2.521536	247.446325534239	148.646526168647	106.851962841577	255.498489010224	5.262336	250.236153010224	284.308540569863	275.419434562773	5396.82310583184
11	260588	260869	281	260728.5	78.5632108113027	150.417366984934	228.980577796237	1.283608	227.696969796237	99.1945863459407	174.221615651442	273.416201997383	4.024408	269.391793997383	261.617112459368	296.502862140702	4966.088161023
11	261945	262106	161	262025.5	43.5323033804141	10.0496316349646	53.5819350153787	0.735448	52.8464870153787	45.9376588216922	11.8468730597619	57.7845318814541	3.476248	54.3082838814541	60.7190572143194	59.7737643372958	1152.58588532637
11	263201	263297	96	263249	31.7531318811122	14.0530239095535	45.8061557906657	0.438528	45.3676277906657	39.6261133462493	17.4924031841503	57.1185165303997	3.179328	53.9391885303997	52.1260682228082	59.3675239453129	989.471399055247
11	264337	264721	384	264529	344.364737297268	343.083807772996	687.448545070264	1.754112	685.694433070264	347.013398346522	345.141155193002	692.154553539524	4.494912	687.659641539524	787.842709412599	756.864375375513	14955.0475318003
11	269513	269708	195	269610.5	63.6913680287112	60.6944989535762	124.385866982287	0.89076	123.495106982287	69.1410936399818	67.9924671651753	137.133560805157	3.63156	133.502000805157	141.892240904563	146.93738347733	2693.43763897178
11	270614	270903	289	270758.5	140.558739752449	208.904215054144	349.462954806594	1.320152	348.142802806594	150.454467840076	224.683378749666	375.137846589742	4.060952	371.076894589742	400.005827373454	408.42135421991	7593.02090366141
11	271692	271885	193	271788.5	38.4834870097406	70.8281325247098	109.31161953445	0.881624	108.42999553445	48.1637101301714	83.8600328982847	132.023743028456	3.622424	128.401319028456	124.582871529167	141.323378970291	2364.86641699836
11	273188	273376	188	273282	97.1004380777078	71.3814452780708	168.481883355779	0.858784	167.623099355779	104.083999042503	76.5235637992748	180.607562841778	3.599584	177.007978841778	192.594004541176	194.821718841361	3655.8724956667
11	275067	275225	158	275146	48.8373256564031	24.9229744521306	73.7603001085336	0.721744	73.0385561085336	52.3373063278076	27.5244344134414	79.861740741249	3.462544	76.399196741249	83.9191499316646	84.0878638614025	1592.97644194999
11	277977	279081	1104	278529	546.481995918175	426.251324709411	972.733320627586	5.043072	967.690248627586	548.201535552016	427.923563253004	976.12509880502	7.783872	968.34122680502	1111.84759651211	1065.79321150115	21105.3976324206
11	280322	280422	100	280372	18.0673164353834	3.04757024375132	21.1148866791347	0.4568	20.6580866791347	29.2983753011823	5.70973160417475	35.0081069053571	3.1976	31.8105069053571	23.735533199089	35.011854680609	450.554435478188
11	282434	282806	372	282620	129.188377675837	133.561878481094	262.750256156931	1.699296	261.050960156931	135.290318320077	137.204162432461	272.494480752538	4.440096	268.054384752538	299.939865085242	295.030858620974	5693.54121760668
11	284683	284959	276	284821	209.311324437649	208.067895777738	417.379220215387	1.260768	416.118452215387	211.990586192221	209.912538295088	421.903124487309	4.001568	417.901556487309	478.107846613294	459.958359357988	9075.5749669366
11	288627	288764	137	288695.5	38.8952965015788	15.8201646405569	54.7154611421357	0.625816	54.0896451421357	46.0685618388889	22.526919225214	68.595481064103	3.366616	65.228865064103	62.1474092900787	71.7933716491901	1179.69925824957
11	291135	291384	249	291259.5	113.907625468251	138.080882640073	251.988508108324	1.137432	250.851076108324	116.434583712364	140.189131233305	256.62371494567	3.878232	252.74548294567	288.220498707179	278.181298600554	5471.08097378823
11	294426	294585	159	294505.5	55.2668738517024	93.7176601077201	148.984533959422	0.726312	148.258221959422	60.1762870092572	99.6332964578139	159.809583467071	3.467112	156.342471467071	170.344330722074	172.076474848332	3233.52305261629
11	296170	296402	232	296286	79.9743433366374	78.3126050350651	158.286948371703	1.059776	157.227172371703	88.6475432460895	85.7421762799958	174.389719526085	3.800576	170.589143526085	180.649390603862	187.756904377372	3429.13654057393
11	299158	299412	254	299285	128.341558157409	94.9506885279155	223.292246685324	1.160272	222.131974685324	132.649157443696	97.4608463847949	230.110003828491	3.901072	226.208931828491	255.223096969964	248.974160399221	4844.71519606354
11	307027	307299	272	307163	66.9353427994101	138.194185251596	205.129528051006	1.242496	203.887032051006	68.5636803311247	140.146930260611	208.710610591736	3.983296	204.727314591736	234.260195209574	225.330674829016	4446.7916150167
11	308708	309117	409	308912.5	436.562462371854	515.789888492722	952.352350864576	1.868312	950.484038864576	437.785390559248	520.665100861979	958.450491421227	4.609112	953.841379421227	1092.07816822944	1049.83412757323	20730.1288939889
11	309859	310126	267	309992.5	110.532147666525	140.042727858839	250.574875525365	1.219656	249.355219525365	114.485038777108	143.543008537159	258.028047314267	3.960456	254.067591314267	286.501803547391	279.636461393498	5438.45622839145
11	314532	314651	119	314591.5	18.3885238389249	11.5798669055104	29.9683907444353	0.543592	29.4247987444353	24.7236698583391	14.9753451682284	39.6990150265675	3.284392	36.4146230265675	33.80822717626	40.0793201267922	641.757089767118
11	317135	317536	401	317335.5	156.725412379703	183.33922580415	340.064638183854	1.831768	338.232870183854	158.505953419572	186.065488642055	344.571442061627	4.572568	339.998874061627	388.619606644438	374.215701926199	7376.88452240713
11	321866	321959	93	321912.5	23.6292446328226	25.7722940281824	49.401538661005	0.424824	48.976714661005	40.0742236747891	50.9451742404159	91.019397915205	3.165624	87.853773915205	56.2728027466718	96.695207486437	1068.18585711297
11	322888	323115	227	323001.5	24.6055671361776	4.23019750224527	28.8357646384229	1.036936	27.7988286384229	54.7723624536597	11.8394728891946	66.6118353428544	3.777736	62.8340993428544	31.9400354104193	69.1576013461291	606.294558575458
11	327603	328073	470	327838	247.516205025763	266.404840391808	513.921045417571	2.14696	511.774085417571	249.066940768826	271.824065300065	520.891006068891	4.88776	516.003246068891	588.013352036675	567.932812885924	11161.8315737137
11	329549	329893	344	329721	37.9283742148903	72.0102597716789	109.938633986569	1.571392	108.367241986569	49.5448419640172	99.1571854838845	148.702027447902	4.312192	144.389835447902	124.510769550787	158.920948700998	2363.49775736502
11	334014	334255	241	334134.5	156.014095984501	183.503129581985	339.517225566486	1.100888	338.416337566486	157.348526741929	186.523599201091	343.87212594302	3.841688	340.03043794302	388.830405263838	374.250442335453	7380.88595992138
11	335021	335262	241	335141.5	52.884018929041	118.341027654181	171.225046583222	1.100888	170.124158583222	61.0472070831811	133.759183028786	194.806390111967	3.841688	190.964702111967	195.467647935549	210.183019697307	3710.42078689139
11	338911	339050	139	338980.5	26.0688008623981	23.5282423048098	49.5970431672079	0.634952	48.9620911672079	34.3131908881683	31.4107239889185	65.7239148770868	3.375752	62.3481628770868	56.2560007829712	68.6227611760531	1067.86691760541
11	340620	341178	558	340899	296.248528261954	438.709711864022	734.958240125977	2.548944	732.409296125977	298.559481527347	441.388873616289	739.948355143637	5.289744	734.658611143637	841.516711277916	808.593230209965	15973.9022340494
11	342167	342352	185	342259.5	24.8996739150742	11.4543640127816	36.3540379278558	0.84508	35.5089579278558	34.3232911209696	18.8130336234934	53.136324744463	3.58588	49.550444744463	40.798746895227	54.5371054888951	774.45306247858
11	346835	347002	167	346918.5	27.8995430593581	30.9040123096703	58.8035553690284	0.762856	58.0406993690284	30.5178034079027	32.7181541240064	63.2359575319091	3.503656	59.7323015319091	66.6870542354421	65.7436446138911	1265.87205026033
11	349238	349398	160	349318	28.227850626552	29.7583859040127	57.9862365305647	0.73088	57.2553565305647	30.1332945453195	32.6231519342914	62.7564464796109	3.47168	59.2847664796109	65.7847184429484	65.2510705011251	1248.74366345778
11	352888	353379	491	353133.5	117.863716652592	206.974770582186	324.838487234778	2.242888	322.595599234778	120.914386967797	209.285523842969	330.199910810766	4.983688	325.216222810766	370.652842852619	357.945353298019	7035.83445836628
11	355175	356488	1313	355831.5	354.112261968939	250.90118304646	605.013445015399	5.997784	599.015661015399	362.434453787971	255.13108054179	617.565534329761	8.738584	608.826950329761	688.251353072588	670.098114877704	13064.5769467113
11	358129	358337	208	358233	39.7754167875593	31.9794370972438	71.7548538848031	0.950144	70.8047098848031	45.0560385011373	36.7163462787372	81.7723847798745	3.690944	78.0814407798745	81.3525264089465	85.9394056803654	1544.25608657968
11	361886	362461	575	362173.5	195.927715957519	255.153381055797	451.081097013316	2.6266	448.454497013316	197.353348817073	256.038501457025	453.391850274099	5.3674	448.024450274099	515.261009766767	493.112762805891	9780.82655367931
11	364386	364905	519	364645.5	173.616401701805	123.929356460131	297.545758161936	2.370792	295.174966161936	187.087912207998	136.725151391688	323.813063599686	5.111592	318.701471599686	339.147343008926	350.774970148789	6437.78837372732
11	365200	365348	148	365274	34.0737853700866	35.0369075691864	69.110692939273	0.676064	68.434628939273	50.177156538299	50.4780634739331	100.655220012232	3.416864	97.2383560122321	78.6293732030895	107.024235741061	1492.56444160612
11	369253	369803	550	369528	471.249661880584	200.396518959406	671.646180839991	2.5124	669.133780839991	475.493059687085	202.599369733134	678.092429420219	5.2532	672.839229420219	768.815007722914	740.552465698259	14593.8584520634
11	371505	371830	325	371667.5	127.398036410082	50.4109619273028	177.808998337385	1.4846	176.324398337385	133.537177911768	52.9346200953523	186.47179800712	4.2254	182.24639800712	202.591540811644	200.587322360939	3845.64848564471
11	374253	374414	161	374333.5	25.5992900405962	28.1071478444615	53.7064378850578	0.735448	52.9709898850578	29.7212850488714	31.3639229101957	61.0852079590671	3.476248	57.6089599590671	60.8621073448832	63.4066140595895	1155.30130234611
11	382028	382509	481	382268.5	82.915611130213	114.020428068249	196.936039198462	2.197208	194.738831198462	85.4393693005674	118.382428608436	203.821797909003	4.938008	198.883789909003	223.749181850974	218.8990691453	4247.26866137734
11	383456	383578	122	383517	1.58453652214076	15.1990503244309	16.7835868465717	0.557296	16.2262908465717	7.35876961301673	25.8356954895291	33.1944651025458	3.298096	29.8963691025458	18.6435303069901	32.9050817583768	353.896632627946
11	384939	385178	239	385058.5	72.0590608965009	67.2472499885901	139.306310885091	1.091752	138.214558885091	89.6939673652237	80.4787549628715	170.172722328095	3.832552	166.340170328095	158.804457642635	183.080322750036	3014.4700000817
11	392396	392480	84	392438	8.9373059968597	13.7900178475004	22.7273238443601	0.383712	22.3436118443601	15.8942663485346	20.8073795913731	36.7016459399076	3.124512	33.5771339399076	25.672151974027	36.9562716366967	487.315867023031
11	393579	393741	162	393660	50.6314670097465	61.6544210789172	112.285888088664	0.740016	111.545872088664	65.6510131967686	72.7467767477323	138.397789944501	3.480816	134.916973944501	128.162921925193	148.494756771603	2432.82392069696
11	398653	398733	80	398693	5.39262429513667	10.0084306853198	15.4010549804564	0.36544	15.0356149804564	9.54532001103552	21.5476966550151	31.0930166660506	3.10624	27.9867766660506	17.2754788030685	30.803311639319	327.927901785273
11	402076	402646	570	402361	845.51028825119	764.22601472184	1609.73630297303	2.60376	1607.13254297303	852.48044890712	768.787319855818	1621.26776876294	5.34456	1615.92320876294	1846.54796068803	1778.54658929386	35051.6825146834
11	403724	404052	328	403888	72.9535815143961	49.5435419340527	122.497123448449	1.498304	120.998819448449	84.3335438122852	55.2838742435461	139.617418055831	4.239104	135.378314055831	139.024080045613	149.002525257792	2638.99341874611
11	408082	408416	334	408249	31.528526704165	53.8109402937442	85.3394669979093	1.525712	83.8137549979093	34.704399905184	58.7268536011217	93.4312535063057	4.266512	89.1647415063057	96.2995361183429	98.1381083156243	1827.98434603005
11	417049	417128	79	417088.5	12.9757990804907	8.75490179260696	21.7307008730976	0.360872	21.3698288730976	18.9867376272143	16.25927476165	35.2460123888643	3.101672	32.1443403888643	24.5533040186424	35.3792845190223	466.077586648373
11	418072	418223	151	418147.5	19.6560530543326	15.9086666804493	35.5647197347818	0.689768	34.8749517347818	21.3316916762947	17.7871099768767	39.1188016531714	3.430568	35.6882336531714	40.070292451315	39.2798283343933	760.625339376874
11	426098	426165	67	426131.5	8.58939797789298	8.36299275945646	16.9523907373494	0.306056	16.6463347373494	16.6916847283106	12.7314934494657	29.4231781777763	3.046856	26.3763221777763	19.1261483669046	29.030784131947	363.05782170731
11	428729	429200	471	428964.5	226.507820801414	175.098535863664	401.606356665078	2.151528	399.454828665078	232.9713697804	180.149552285047	413.120922065447	4.892328	408.228594065447	458.961833909466	449.311928741437	8712.14007490888
11	434993	435220	227	435106.5	28.7146618471125	49.331137038311	78.0457988854235	1.036936	77.0088628854235	31.2891211860833	51.1756795533559	82.4648007394392	3.777736	78.6870647394392	88.4809154899736	86.6059784616939	1679.56913353471
11	442815	442968	153	442891.5	7.86938138215846	10.8395498418683	18.7089312240268	0.698904	18.0100272240268	9.37281603497412	13.5185115895256	22.8913276244997	3.439704	19.4516236244997	20.6929908723905	21.4091973343623	392.800058151759
11	445100	445221	121	445160.5	9.78172545996835	11.2649596471815	21.0466851071498	0.552728	20.4939571071498	14.3021296512166	15.1502491996089	29.4523788508255	3.293528	26.1588508508255	23.5469531546102	28.7914269120494	446.974757079142
11	451310	451398	88	451354	8.2581903438551	14.4992341942989	22.757424538154	0.401984	22.355440538154	17.7932101174794	22.7267238305304	40.5199339480098	3.142784	37.3771499480098	25.6857427948328	41.1387138925054	487.573851730789
11	457200	457439	239	457319.5	70.2962202646109	86.3469902204128	156.643210485024	1.091752	155.551458485024	72.2049642594421	90.1579780602526	162.362942319695	3.832552	158.530390319695	178.724044699025	174.48458161472	3392.58909375746
11	461405	461515	110	461460	6.12584119512632	7.10916385982876	13.2350050549551	0.50248	12.7325250549551	8.07868620644629	14.2925294299402	22.3712156363864	3.24328	19.1279356363864	14.6292963062917	21.0529340143405	277.697336033613
11	462804	463814	1010	463309	221.727610621871	215.882475896776	437.610086518648	4.61368	432.996406518648	222.41002635094	216.781096609175	439.191122960115	7.35448	431.836642960115	497.500119040071	475.295845931188	9443.68442892337
11	468835	469016	181	468925.5	38.8553955818985	28.6908612985313	67.5462568804298	0.826808	66.7194488804298	55.6550827995693	39.0129992145204	94.6680820140897	3.567608	91.1004740140897	76.6586818287423	100.268649192093	1455.15623458489
11	469383	469680	297	469531.5	140.543939411315	166.810244826015	307.35418423733	1.356696	305.99748823733	152.718020012916	175.212938500542	327.930958513458	4.097496	323.833462513458	351.582102142638	356.423434683785	6673.82840007953
11	473528	473630	102	473579	4.15259571359389	28.1306483861279	32.2832440997218	0.465936	31.8173080997218	7.66617669847338	33.2085654275456	40.874742126019	3.206736	37.668006126019	36.5571499643946	41.458841272673	693.93790005659
11	475941	476124	183	476032.5	45.7448543777233	77.3911837971349	123.136038174858	0.835944	122.300094174858	51.6469904166471	90.311581600676	141.958572017323	3.576744	138.381828017323	140.519206382798	152.308307044413	2667.3743191105
11	477906	478516	610	478211	298.016569013703	314.377846126415	612.394415140117	2.78648	609.607935140117	316.7087998528	331.968751580954	648.677551433754	5.52728	643.150271433754	700.421564091939	707.875668508782	13295.5952478163
11	478876	479164	288	479020	109.532524626114	82.39469912366	191.927223749774	1.315584	190.611639749774	117.868016751706	89.6624666391603	207.530483390866	4.056384	203.474099390866	219.007160425133	223.951338478705	4157.25430321549
11	483200	483389	189	483294.5	44.5157260474215	50.7329693492841	95.2486953967056	0.863352	94.3853433967056	47.8673032982607	56.6624060174628	104.529709315724	3.604152	100.925557315724	108.445979847818	111.08250983899	2058.55148988555
11	487479	487760	281	487619.5	136.182538884958	165.996026059005	302.178564943963	1.283608	300.894956943963	138.5508934734	169.560308212501	308.1112016859	4.024408	304.0867936859	345.719443959708	334.689499368843	6562.54180601587
11	489802	489936	134	489869	42.2209731554326	50.0945546343995	92.3155277898321	0.612112	91.7034157898321	46.670475712462	58.9570589071468	105.627534619609	3.352912	102.274622619609	105.364524012182	112.567342460954	2000.05844560335
11	491041	491283	242	491162	153.329234100851	115.334858364685	268.664092465535	1.105456	267.558636465535	187.112612777324	121.835108189593	308.947720966917	3.846256	305.101464966917	307.416993508167	335.806285201437	5835.47413090303
11	493676	493986	310	493831	124.933179597351	41.5370573917898	166.47023698914	1.41608	165.05415698914	127.845446722487	43.2735974174745	171.119044139961	4.15688	166.962164139961	189.642365419075	183.764912813882	3599.84366803351
11	499847	500223	376	500035	252.144611706371	262.527551023778	514.672162730149	1.717568	512.954594730149	256.590914189642	267.751171423527	524.342085613168	4.458368	519.883717613168	589.369722469995	572.203807567169	11187.5785712535
11	506284	506870	586	506577	439.102420915612	442.617801941981	881.720222857594	2.676848	879.043374857594	448.414135542254	450.429581996481	898.843717538735	5.417648	893.426069538735	1009.99494926341	983.338737971827	19172.0025998262
11	507711	507921	210	507816	73.2112874542861	43.369799634849	116.581087089135	0.95928	115.621807089135	76.045752786161	45.8327564037859	121.878509189947	3.70008	118.178429189947	132.846051201572	130.071677307483	2521.72037184013
11	513181	513293	112	513237	51.2478812175393	40.0453230086548	91.293204226194	0.511616	90.781588226194	55.7854858052412	46.1777643559087	101.96325016115	3.252416	98.7108341611499	104.305371290034	108.644901237643	1979.953316605
11	513972	514987	1015	514479.5	873.622536213204	503.492205042186	1377.11474125539	4.63652	1372.47822125539	875.669783400409	505.134042885071	1380.80382628548	7.37732	1373.42650628548	1576.9370557699	1511.64548856862	29933.8539811826
11	517080	517400	320	517240	57.413323325431	53.480532678146	110.893856003577	1.46176	109.432096003577	62.3868379604672	59.6772755074912	122.064113467958	4.20256	117.861553467958	125.734255455627	129.722911826849	2386.7223041467
11	518094	519825	1731	518959.5	304.636421595347	128.62406466893	433.260486264276	7.907208	425.353278264276	313.827033430678	136.949356559415	450.776389990093	10.648008	440.128381990093	488.718389771321	484.422049510115	9276.98722267077
11	521144	521395	251	521269.5	15.1287487040418	22.3998162956059	37.5285649996477	1.146568	36.3819969996477	31.5637275155121	33.6310751660148	65.1948026815269	3.887368	61.3074346815268	41.801843077099	67.4772961115269	793.494110773673
11	521708	521942	234	521825	150.172661344689	93.6005574086083	243.773218753298	1.068912	242.704306753298	157.592232359124	100.689120793615	258.281353152738	3.809712	254.471641152738	278.860100646363	280.08117402478	5293.39931697574
11	522401	522539	138	522470	27.8155411231891	50.0833543762436	77.8988954994327	0.630384	77.2685114994327	32.6941535708152	56.9720131536287	89.6661667244439	3.371184	86.2949827244439	88.7792441006351	94.9795425707312	1685.2320894766
11	523899	524194	295	524046.5	80.6728594368049	121.63820365112	202.311063087925	1.34756	200.963503087925	91.5154093478221	134.365997015303	225.881406363125	4.08836	221.793046363125	230.901146530986	244.113868777349	4383.02922685249
11	525010	525365	355	525187.5	204.641016791261	259.332677384816	463.973694176077	1.62164	462.352054176077	213.273715767203	269.395109314816	482.668825082019	4.36244	478.306385082019	531.228893653909	526.442212855114	10083.9333282442
11	526374	527822	1448	527098	759.677909892117	467.404673257057	1227.08258314917	6.614464	1220.46811914917	765.97555504717	470.864152994951	1236.83970804212	9.355264	1227.48444404212	1402.28192525468	1351.01609997524	26618.5021383314
11	530643	530823	180	530733	67.7565617277673	54.7373616469226	122.49392337469	0.82224	121.67168337469	84.1541396771813	59.3356676337372	143.489807310918	3.56304	139.926767310918	139.797180880547	154.008726034864	2653.66863195196
11	533511	534102	591	533806.5	364.391598898404	501.5561604181	865.947759316504	2.699688	863.248071316504	374.79143860535	517.247622092169	892.039060697519	5.440488	886.598572697519	991.846610677534	975.824135078255	18827.5058329813
11	534976	535315	339	535145.5	27.3123295246146	26.2216043843818	53.5339339089964	1.548552	51.9853819089964	35.9514286480742	49.9247507205721	85.8761793686463	4.289352	81.5868273686464	59.7296728072394	89.7975675829904	1133.80511772095
11	538178	538281	103	538229.5	0.77371783349972	3.73708613647209	4.51080396997181	0.470504	4.04029996997181	2.63176065971464	6.9129593374911	9.54471999720574	3.211304	6.33341599720574	4.64218567581116	6.970798710808	88.1192484283564
11	552461	552621	160	552541	20.9868837287819	21.3586922986348	42.3455760274166	0.73088	41.6146960274166	28.3864542822236	25.2474819317359	53.6339362139595	3.47168	50.1622562139595	47.8140601533249	55.2104884791654	907.619672985828
11	554733	554836	103	554784.5	15.5060574006677	4.70670848539458	20.2127658860623	0.470504	19.7422618860623	21.1823882349848	7.29476813784033	28.4771563728251	3.211304	25.2658523728251	22.6832774835356	27.8085587975997	430.580227360627
11	556287	556436	149	556361.5	37.0372536753639	21.5173959566113	58.5546496319752	0.680632	57.8740176319751	40.2772283538643	23.5174420558738	63.7946704097381	3.421432	60.3732384097381	66.4955418284628	66.4490841371516	1262.2367089478
11	557353	557652	299	557502.5	70.6319280023721	52.1525020682357	122.784430070608	1.365832	121.418598070608	79.2441265057967	58.9843595364017	138.228486042198	4.106632	134.121854042198	139.506393319697	147.619617543048	2648.1488222968
11	559305	559832	527	559568.5	376.945488254255	451.283401676256	828.228889930512	2.407336	825.821553930512	380.094260830629	454.749681570888	834.843942401517	5.148136	829.695806401517	948.844644438388	913.19478464358	18011.2306534512
11	562290	562530	240	562410	133.427475383224	57.7330306943981	191.160506077622	1.09632	190.064186077622	137.441167895224	59.5606728199042	197.001840715128	3.83712	193.164720715128	218.378152278727	212.60444390968	4145.31429715209
11	565956	566082	126	566019	22.2126119807149	38.148879297334	60.3614912780489	0.575568	59.7859232780489	26.3412071411177	42.067869626534	68.4090767676517	3.316368	65.0927087676517	68.6922651088305	71.6435128468962	1303.93551592997
11	567198	567826	628	567512	320.30438272775	303.854403570535	624.158786298285	2.868704	621.290082298285	325.8081095837	310.544457770263	636.352567353964	5.609504	630.743063353964	713.844007129192	694.219823049477	13550.3837623469
11	568333	568430	97	568381.5	3.37857787317928	3.63248372548066	7.01106159865993	0.443096	6.56796559865993	10.5141423415183	8.66009960750191	19.1742419490202	3.183896	15.9903459490202	7.54639904163658	17.599583380593	143.247827279827
11	568663	568754	91	568708.5	2.74696331503216	0.790518220733526	3.53748153576569	0.415688	3.12179353576569	7.35516953003806	4.68270793220343	12.0378774622415	3.156488	8.88138946224148	3.58684883357125	9.775195288118	68.0865535145137
11	570998	571465	467	571231.5	175.632548172167	174.63362514789	350.266173320057	2.133256	348.132917320057	180.281855334513	182.2017995875	362.483654922013	4.874056	357.609598922013	399.994469240559	393.598736011964	7592.80530045116
11	573416	573640	224	573528	39.8853193207138	16.8573885476345	56.7427078683482	1.023232	55.7194758683482	56.323098196723	21.195488536935	77.5185867336579	3.764032	73.7545547336579	64.0200367948314	81.1770702067305	1215.24598986027
11	575943	576303	360	576123	367.164962821947	495.001509339292	862.166472161238	1.64448	860.521992161238	368.637996774053	497.788673580919	866.426670354972	4.38528	862.041390354972	988.71442601309	948.795565489581	18768.0498400839
11	578146	579129	983	578637.5	296.843941985705	379.189539977628	676.033481963333	4.490344	671.543137963333	301.192042205502	382.642419563395	683.834461768897	7.231144	676.603317768897	771.583288100366	744.695364604616	14646.4067134505
11	580854	581451	597	581152.5	161.339018719177	198.261869757663	359.600888476841	2.727096	356.873792476841	168.001572285041	204.505613670341	372.507185955382	5.467896	367.039289955382	410.037477370759	403.977412878876	7783.44444980798
11	581715	581980	265	581847.5	146.839184511049	165.142506386145	311.981690897193	1.21052	310.771170897193	198.807482333542	190.322986773555	389.130469107098	3.95132	385.179149107098	357.066922930497	423.942832305739	6777.94278053371
11	583408	583536	128	583472	21.1315870640635	9.56202039596436	30.6936074600279	0.584704	30.1089034600279	26.8142180435933	15.342653634358	42.1568716779512	3.325504	38.8313676779512	34.5942433471091	42.7392812769284	656.677465440297
11	584783	584955	172	584869	30.4108009415922	16.1745728093462	46.5853737509384	0.785696	45.7996777509384	34.4243934512873	19.1644417231338	53.5888351744211	3.526496	50.0623391744211	52.6224809029852	55.1005159823786	998.894441419845
11	589629	590235	606	589932	212.217291417573	124.603772004802	336.821063422375	2.768208	334.052855422375	215.856075288266	127.515939127633	343.372014415899	5.509008	337.863006415899	383.816892787885	371.864884699308	7285.71808379155
11	592576	592749	173	592662.5	35.3407145716644	27.1870266364958	62.5277412081602	0.790264	61.7374772081602	37.6008666661361	29.4978798995838	67.0987465657198	3.531064	63.5676825657198	70.9345430998874	69.9650109630683	1346.49905499067
11	598929	599101	172	599015	36.0837316975405	38.4087852879332	74.4925169854737	0.785696	73.7068209854737	42.5872815985125	43.676206697256	86.2634882957686	3.526496	82.7369922957686	84.6869665943963	91.0634828796861	1607.55134954216
11	599697	599822	125	599759.5	16.4283786593426	9.94082912716469	26.3692077865073	0.571	25.7982077865073	19.0770397085961	12.6199908794318	31.6970305880279	3.3118	28.3852305880279	29.6413809712648	31.2418651919139	562.660866233024
11	608433	608759	326	608596	84.8842565057171	53.9891444011885	138.873400906906	1.489168	137.384232906906	86.0632836812324	56.2492964956602	142.312580176893	4.229968	138.082612176893	157.850437547386	151.978978701597	2996.36052759401
11	611250	611419	169	611334.5	24.8867736177339	23.1528336519783	48.0396072697122	0.771992	47.2676152697122	27.5016338879098	25.6628915065528	53.1645253944626	3.512792	49.6517333944626	54.30909788026	54.6485876323621	1030.91026991167
11	614001	614108	107	614054.5	14.2520284964301	13.812918375337	28.0649468717671	0.488776	27.5761708717671	17.0830937499362	18.0399158038235	35.1230095537597	3.229576	31.8934335537597	31.6842081939602	35.1031269062187	601.438375816686
11	614911	615288	377	615099.5	28.9512673006553	13.4520100567251	42.4032773573804	1.722136	40.6811413573804	36.6417445592347	27.1536258666381	63.7953704258728	4.462936	59.3324344258728	46.7414333312973	65.3035356571319	887.258774908512
11	618864	619081	217	618972.5	28.5692584956962	31.8570342759689	60.4262927716651	0.991256	59.4350367716651	31.9783370718892	34.8469031897565	66.8252402616457	3.732056	63.0931842616457	68.2891068468508	69.4427600691147	1296.28265464344
11	625672	625831	159	625751.5	16.1172714886024	18.0332156493909	34.1504871379933	0.726312	33.4241751379933	26.1619030083188	24.9391748255346	51.1010778338534	3.467112	47.6339658338534	38.4033928679999	52.4277558543121	728.983791893619
11	626351	626585	234	626468	16.8301879206845	21.2328893989912	38.0630773196757	1.068912	36.9941653196757	24.4793642273141	26.6994153974956	51.1787796248097	3.809712	47.3690676248097	42.5052064480218	52.1361988028076	806.84554820986
11	630326	630860	534	630593	82.2447956685203	37.0094530345841	119.254248703104	2.439312	116.814936703104	91.3370052357679	40.2256271645033	131.562632400271	5.180112	126.382520400271	134.216921989513	139.101412360022	2547.7426191094
11	635309	635559	250	635434	48.9579284361886	35.6073207166961	84.5652491528847	1.142	83.4232491528847	49.8092480583397	37.2357582507157	87.0450063090554	3.8828	83.1622063090554	95.8508564030825	91.5314896073264	1819.4673839663
11	640399	640493	94	640446	3.00346922726258	5.48032631658933	8.48379554385192	0.429392	8.05440354385192	4.95611423397262	8.76430200927349	13.7204162432461	3.170192	10.5502242432461	9.2542724640153	11.6119783677564	175.667151473378
12	22703	22894	191	22798.5	10.2211355879763	9.04540848852484	19.2665440765012	0.872488	18.3940560765012	14.3566309074215	11.6637688393744	26.0203997467959	3.613288	22.4071117467959	21.1342287139627	24.6621200543922	656.368920939654
12	23278	23418	140	23348	3.27067538612406	5.04801635223373	8.31869173835779	0.63952	7.67917173835779	6.01393861587258	7.99418425875244	14.008122874625	3.38032	10.627802874625	8.82314217034413	11.697364362272	274.021653878471
12	29570	29832	262	29701	10.0854324601414	4.47670318397938	14.5621356441208	1.196816	13.3653196441208	15.8021642256635	8.98360706405763	24.7857712897212	3.937616	20.8481552897212	15.3563586529957	22.946273240291	476.924741141367
12	35265	35392	127	35328.5	0.804118534208511	1.76364065032972	2.56775918453823	0.580136	1.98762318453823	1.82774212781109	3.82458815331483	5.65233028112591	3.320936	2.33139428112591	2.28372050212844	2.56602128400026	70.9258512339035
12	36655	37051	396	36853	9.69652349613977	6.99016111692264	16.6866846130624	1.808928	14.8777566130624	13.5955133643472	10.8720505909813	24.4675639553285	4.549728	19.9178359553285	17.0941041879732	21.922328370779	530.89416567529
12	39546	39716	170	39631	4.58150559958074	5.94333698856862	10.5248425881494	0.77656	9.74828258814936	6.02423885328379	8.27789079793284	14.3021296512166	3.51736	10.7847696512166	11.2004895999794	11.8701279711028	347.85529068668
12	40462	40583	121	40522.5	6.17304228306892	6.37944704051282	12.5524893235817	0.552728	11.9997613235817	8.24749009722404	9.25801338887645	17.5055034861005	3.293528	14.2119754861005	13.7873723593529	15.6422411602605	428.196497756406
12	46518	46645	127	46581.5	2.73676307992592	7.01086159405001	9.74762467397593	0.580136	9.16748867397593	4.53070442865947	9.75082474773475	14.2815291763942	3.320936	10.9605931763942	10.5331744973849	12.0636460351584	327.130385143887
12	53967	54245	278	54106	9.27501378072018	13.4378097294203	22.7128235101405	1.269904	21.4429195101405	10.6229448493182	14.583036125858	25.2059809751762	4.010704	21.1952769751762	24.6372830080338	23.3283285795473	765.163805205924
12	65382	65458	76	65420	1.18922741062152	7.10236370309127	8.29159111371279	0.347168	7.94442311371279	4.40880161890942	17.9816144600299	22.3904160789394	3.087968	19.3024480789394	9.12790818878675	21.2450090509565	283.4868179671
12	73223	73405	182	73314	8.14968784297011	4.75390957333717	12.9035974163073	0.831376	12.0722214163073	10.2104353413453	6.10184064193517	16.3122759832805	3.572176	12.7400999832805	13.8706268718937	14.0222389589123	430.78214567852
12	81087	81314	227	81200.5	9.88662787787468	18.6952309082468	28.5818587861215	1.036936	27.5449227861215	11.1602572338851	20.3202683638977	31.4805255977827	3.777736	27.7027895977827	31.6483050638316	30.4907446627867	982.906172042708
12	86548	87241	693	86894.5	233.031071156463	161.883131260482	394.914202416945	3.165624	391.748578416945	236.558252454818	164.548692699274	401.106945154092	5.906424	395.200521154092	450.107579328872	434.972735816978	13979.0588125729
12	88285	88466	181	88375.5	8.37249297842795	5.39912444495927	13.7716174233872	0.826808	12.9448094233872	11.3117607259042	7.11866407880026	18.4304248047045	3.567608	14.8628168047045	14.8732047936957	16.3585818880237	461.919359039723
12	92515	92617	102	92566	4.01079244515617	10.7217471266218	14.7325395717779	0.465936	14.2666035717779	14.5454352591919	20.698977092793	35.2444123519849	3.206736	32.0376763519849	16.3919073424258	35.2618860201558	509.085932593443
12	94062	94230	168	94146	3.68618496324586	2.92226735563252	6.60845231887838	0.767424	5.84102831887838	6.132141340339	5.95603728129893	12.0881786216379	3.508224	8.57995462163793	6.71116951598367	9.44342462925098	208.429801393181
12	97616	97848	232	97732	37.9185739890039	53.8947422253033	91.8133162143073	1.059776	90.7535402143073	39.0164992951941	55.2426732939013	94.2591725890954	3.800576	90.4585965890954	104.27314495041	99.5621744668233	3238.42675123828
12	98925	99038	113	98981.5	0.777117911868467	11.2248587228913	12.0019766347597	0.516184	11.4857926347597	1.56763613260199	13.6405144015806	15.2081505341826	3.256984	11.9511665341826	13.1968374726372	13.1539087762255	409.856166930197
12	100238	100311	73	100274.5	4.7370091837984	3.02056962141128	7.75757880520968	0.333464	7.42411480520968	10.7917487400959	6.97026065823498	17.7620093983309	3.074264	14.6877453983309	8.5300892657637	16.1658916345512	264.920265729368
12	100584	100780	196	100682	17.9385134665908	24.9362747586907	42.8747882252815	0.895328	41.9794602252815	23.7904483484232	28.3925544228263	52.1830027712495	3.636128	48.5468747712495	48.2331634741085	53.4325381782102	1497.98461498103
12	108367	108495	128	108431	0.621614327650803	14.2421282682387	14.8637425958895	0.584704	14.2790385958895	4.35520038344918	22.7772249945367	27.1324253779859	3.325504	23.8069213779859	16.4061948189098	26.2028038144327	509.529660900243
12	111623	112190	567	111906.5	57.1181165211798	80.8698639775823	137.987980498762	2.590056	135.397924498762	58.3884458011264	81.9678892860774	140.356335087204	5.330856	135.025479087204	155.568227684614	148.614181661615	4831.50585336401
12	114316	114541	225	114428.5	56.4800018132101	14.6268371354319	71.106838948642	1.0278	70.079038948642	58.0881388793222	16.9814914080937	75.0696302874159	3.7686	71.3010302874159	80.5187518748188	78.4766278144503	2500.68299150024
12	116113	116347	234	116230	21.7262007693743	8.70390061707576	30.43010138645	1.068912	29.36118938645	24.837772488302	10.8862509182861	35.7240234065881	3.809712	31.9143114065881	33.7351418972755	35.1261058657004	1047.71737755596
12	124954	125460	506	125207	105.213325072452	122.96743428869	228.180759361142	2.311408	225.869351361142	111.913579507286	127.120030002284	239.03360950957	5.052208	233.98140150957	259.517232702097	257.528836368172	8059.86574193659
12	125698	125926	228	125812	29.3814772166067	31.5781278474267	60.9596050640334	1.041504	59.9181010640334	32.9896603819813	37.636267482093	70.6259278640743	3.782304	66.8436238640743	68.8441334921976	73.5706366458479	2138.10261187557
12	130875	131053	178	130964	35.754024098077	36.909450729621	72.6634748276981	0.813104	71.8503708276981	43.1399943380437	43.6432059366182	86.7832002746619	3.553904	83.2292962746619	82.5539600368799	91.6053313770704	2563.89075759852
12	131470	131607	137	131538.5	10.7587479794581	18.3818236844924	29.1405716639505	0.625816	28.5147556639505	14.5833361327729	23.8350493764367	38.4183855092097	3.366616	35.0517695092097	32.7626144781942	38.5793116722695	1017.51344717903
12	136427	136506	79	136466.5	1.46953387143316	3.02396969978002	4.49350357121319	0.360872	4.13263157121319	4.05739351926899	5.98343791285883	10.0408314321278	3.101672	6.93915943212782	4.74827196640666	7.63750299126237	147.467796866384
12	140691	141053	362	140872	11.1672573952325	14.1067251473187	25.2739825425512	1.653616	23.6203665425512	13.3023066061953	16.9716911822073	30.2739977884026	4.394416	25.8795817884026	27.1391055209213	28.4840527523281	842.863283402714
12	143034	143132	98	143083	4.04439321962378	5.50732693892938	9.55172015855316	0.447664	9.10405615855316	6.27414461338664	7.47367226141936	13.747816874806	3.188464	10.559352874806	10.4602924052965	11.6220256871078	324.866875044354
12	147605	147804	199	147704.5	6.84525777703107	8.74770162664961	15.5929594036807	0.909032	14.6839274036807	8.84190379792488	11.2071583149128	20.0490621128377	3.649832	16.3992301128377	16.8714001348006	18.049616854356	523.977612388763
12	159601	159980	379	159790.5	32.5461501594698	31.0926166568308	63.6387668163006	1.731272	61.9074948163006	34.2015883158294	32.1297405616034	66.3313288774328	4.472072	61.8592568774328	71.1298883245021	68.0846526239545	2209.09164360782
12	164156	164358	202	164257	12.8870970359884	14.7825407242595	27.6696377602479	0.922736	26.7469017602479	16.4989802866466	18.1884192266937	34.6873995133403	3.663536	31.0238635133403	30.7314024073854	34.1460450219106	954.429788288012
12	168804	168943	139	168873.5	11.9176746916758	15.2833522675148	27.2010269591906	0.634952	26.5660749591906	16.5158806761854	19.4832490713563	35.9991297475417	3.375752	32.6233777475417	30.5236377384476	35.9065312692389	947.977209705383
12	175045	175154	109	175099.5	7.59907515184312	8.35939267647779	15.9584678283209	0.497912	15.4605558283209	10.3727390823004	11.11965629807	21.4923953803705	3.238712	18.2536833803705	17.7637233224569	20.090698705331	551.690627883122
12	177445	177603	158	177524	14.9956456361359	17.3610001554288	32.3566457915647	0.721744	31.6349017915647	17.566604894433	19.1278408795173	36.6944457739503	3.462544	33.2319017739503	36.3475704883167	36.576295974519	1128.85196536331
12	179700	180011	311	179855.5	35.5569195549947	29.7211850465664	65.2781046015611	1.420648	63.8574566015611	38.4219855921883	31.873134647068	70.2951202392563	4.161448	66.1336722392563	73.3703369880153	72.7892368651923	2278.67359483935
12	182048	182280	232	182164	11.2985604216491	54.2838511939148	65.5824116155639	1.059776	64.5226356155639	12.5687896992907	57.3177211218862	69.886510821177	3.800576	66.0859348211769	74.1346080851129	72.736695245859	2302.40967729103
12	183459	183559	100	183509	6.61265241568683	3.98009173753249	10.5927441532193	0.4568	10.1359441532193	10.8222494431097	8.03788526602133	18.860134709131	3.1976	15.662534709131	11.645901321338	17.2387818527262	361.688509531751
12	184986	185112	126	185049	3.54458169941807	12.2790830218125	15.8236647212306	0.575568	15.2480967212306	8.03468519226251	20.205365715495	28.2400509077575	3.316368	24.9236829077575	17.5196140654808	27.4319540605947	544.10928996153
12	187372	187607	235	187489.5	4.51410404603559	22.5612200158164	27.075324061852	1.07348	26.001844061852	6.66635365345203	37.0564541179168	43.7228077713688	3.81428	39.9085277713688	29.8753530544037	43.924844674918	927.843334734756
12	196588	196753	165	196670.5	4.89231276340614	21.7136004789489	26.6059132423551	0.75372	25.8521932423551	6.10174063963021	24.6395679198651	30.7413085594953	3.49452	27.2467885594953	29.7034086701241	29.9888525636062	922.503232122129
12	198252	198360	108	198306	23.3696386491383	21.943805784974	45.3134444341124	0.493344	44.8201004341124	34.8342028970262	38.2502816345666	73.0844845315928	3.234144	69.8503405315928	51.4969754151956	76.8799434526249	1599.34931349525
12	204810	204927	117	204868.5	9.69382343390576	4.81511098397461	14.5089344178804	0.534456	13.9744784178804	12.7918948416635	6.79835669600336	19.5902515376668	3.275256	16.3149955376668	16.0562641438895	17.9569050747626	498.661811276991
12	208597	208691	94	208644	7.72777811833067	8.33899220626531	16.066770324596	0.429392	15.637378324596	13.0999019409499	10.8931510773286	23.9930530182785	3.170192	20.8228610182785	17.9668871631296	22.9184334023834	558.000317850099
12	212136	212381	245	212258.5	4.90281300542727	66.0765230043867	70.979336009814	1.11916	69.860176009814	8.51099617080189	70.2898201170932	78.8008162878951	3.85996	74.9408562878951	80.2672848037735	82.4827588506716	2492.87314084008
12	222178	222332	154	222255	18.2127197867997	13.9346211804771	32.1473409672769	0.703472	31.4438689672769	22.966429355527	22.4997185982641	45.4661479537911	3.444272	42.0218759537911	36.1280793992615	46.2508761233523	1122.03519758678
12	224626	224814	188	224720	14.5087344132704	26.4878105201936	40.9965449334641	0.858784	40.1377609334641	18.3163221747415	30.1126940704971	48.4290162452386	3.599584	44.8294322452386	46.1171052271546	49.3409794397266	1432.26587563187
12	225236	225488	252	225362	41.9772675382374	91.0147978091767	132.992065347414	1.151136	131.840929347414	43.0312918325488	93.1838478038269	136.215139636376	3.891936	132.323203636376	151.481345011734	145.639954445656	4704.57892329661
12	228528	228681	153	228604.5	28.4811564650236	17.6513068467367	46.1324633117604	0.698904	45.4335593117604	32.1839418108934	20.9284823826834	53.1124241935768	3.439704	49.6727201935768	52.2018215988161	54.6716865022728	1621.23982746824
12	230608	230808	200	230708	61.5171179142029	70.0631148917418	131.580232805945	0.9136	130.666632805945	64.209879979945	73.9079035106592	138.117783490604	3.6544	134.463383490604	150.132112869447	147.995517853355	4662.67561765365
12	231203	231373	170	231288	40.8446414322251	44.4062235234869	85.2508649557119	0.77656	84.4743049557119	48.6328209427535	55.0594690712089	103.692290013962	3.51736	100.174930013962	97.0584885661956	110.256340860082	3014.36008242586
12	232075	232233	158	232154	27.1905267171695	42.9535900415925	70.144116758762	0.721744	69.422372758762	29.714284887524	44.348922202743	74.063207090267	3.462544	70.600663090267	79.7642617619295	77.7057770196925	2477.25067854673
12	234313	234912	599	234612.5	62.9790516104588	114.857247356181	177.836298966639	2.736232	175.100066966639	65.5331104792171	120.986188622761	186.519299101978	5.477032	181.042267101978	201.184820124081	199.262010054766	6248.22722804354
12	237819	237896	77	237857.5	6.45354874849049	8.34259228924398	14.7961410377345	0.351736	14.4444050377345	10.7274472580047	13.1741036512325	23.9015509092372	3.092536	20.8090149092372	16.5961959904312	22.9031938477581	515.430555870986
12	239099	239197	98	239148	5.58142864690706	29.0725700965756	34.6539987434826	0.447664	34.2063347434826	7.28416789351423	33.1437639339295	40.4279318274437	3.188464	37.2394678274437	39.3020712195546	40.9871757101143	1220.61033909553
12	245387	245533	146	245460	25.1837804634744	21.5409965005826	46.724776964057	0.666928	46.057848964057	28.3901543675072	23.804548673423	52.1947030409302	3.407728	48.7869750409302	52.9191120235339	53.6968016737856	1643.5168241093
12	246097	246320	223	246208.5	60.2437885651073	49.0288300704074	109.272618635515	1.018664	108.253954635515	65.2949049887949	55.4382778024092	120.733182791204	3.759464	116.973718791204	124.380605720818	128.745727188597	3862.90718567162
12	246997	247159	162	247078	26.2107041331408	38.2199809361628	64.4306850693036	0.740016	63.6906690693036	27.9168434581167	40.8550416719412	68.7718851300579	3.480816	65.2910691300579	73.1787030254619	71.861835811809	2272.72199003186
12	248397	248828	431	248612.5	9.13891064366537	42.9996911041805	52.1386017478458	1.968808	50.1697937478458	11.909074493449	47.6753988750365	59.5844733684854	4.709608	54.8748653684854	57.6436154804305	60.3973654873084	1790.24643879972
12	251146	251263	117	251204.5	11.22825880126	28.518057315555	39.746316116815	0.534456	39.211860116815	17.3267993671314	34.9480055200742	52.2748048872056	3.275256	48.9995488872056	45.0532724572576	53.9307685400427	1399.22626123722
12	253127	253734	607	253430.5	500.121127341879	328.816378921601	828.93750626348	2.772776	826.16473026348	504.469527568591	331.096931486285	835.566459054876	5.513576	830.052883054876	949.238943938184	913.58779679942	29480.6567005198
12	255079	255176	97	255127.5	12.3128838008901	5.61542943059452	17.9283132314846	0.443096	17.4852172314846	16.7931870678481	8.52439647966695	25.3175835475151	3.183896	22.1336875475151	20.0899996469843	24.3611789735139	623.938141696046
12	259519	259977	458	259748	74.0787074475362	240.179135912923	314.257843360459	2.092144	312.165699360459	76.2813582166541	246.446680374182	322.728038590836	4.832944	317.895094590836	358.669195064941	349.887440920297	11139.2431550405
12	260545	260955	410	260750	116.887094142322	85.7630767617331	202.650170904055	1.87288	200.777290904055	120.620380191206	86.8037007471794	207.424080938385	4.61368	202.810400938385	230.687194215799	223.220846700025	7164.48689901728
12	262948	263115	167	263031.5	21.6756996053679	19.4084473472439	41.0841469526117	0.762856	40.3212909526117	25.3920852647126	22.5200190661716	47.9121043308842	3.503656	44.4084483308842	46.3279758140667	48.8776285199785	1438.81491517633
12	265235	265429	194	265332	54.7459618451495	42.8320872410623	97.5780490862117	0.886192	96.6918570862117	57.4724246876642	45.3692457202818	102.841670407946	3.626992	99.214678407946	111.096096148604	109.19945139313	3450.32817315408
12	266940	267126	186	267033	40.7399390189287	35.2764130895731	76.0163521085018	0.849648	75.1667041085018	43.6959071513338	37.9384744476916	81.6343815990254	3.590448	78.0439335990254	86.364329308167	85.8981238495139	2682.22996934955
12	270797	270983	186	270890	36.3777384741321	29.8731885501104	66.2509270242424	0.849648	65.4012790242424	40.229127245177	31.9036353500817	72.1327625952587	3.590448	68.5423145952587	75.1441434850158	75.4402803206399	2333.76297009641
12	273933	274124	191	274028.5	29.7577858901829	37.3611611411395	67.1189470313224	0.872488	66.2464590313224	34.446993972209	42.9155891657065	77.3625831379154	3.613288	73.7492951379154	76.1152304220028	81.1712812954641	2363.9221632042
12	278646	278871	225	278758.5	68.0187677713806	31.0798163617955	99.0985841331761	1.0278	98.0707841331761	70.6371281222302	33.9920834869317	104.629211609162	3.7686	100.860611609162	112.680442715191	111.011028122366	3499.53346284692
12	281030	281234	204	281132	24.9238744728752	13.2452052900613	38.1690797629366	0.931872	37.2372077629366	29.0322691676754	16.7218854244094	45.7541545920849	3.672672	42.0814825920849	42.7844550575571	46.3164814582233	1328.76325789768
12	281760	281964	204	281862	15.2573516682244	77.8716948724827	93.1290465407071	0.931872	92.1971745407071	18.2304201947782	81.7571844295201	99.9876046242983	3.672672	96.3149326242983	105.931838275394	106.007880812697	3289.94103939254
12	282480	282828	348	282654	175.277439987243	135.555024421314	310.832464408557	1.589664	309.242800408557	178.247108435428	137.768075430148	316.015183865576	4.330464	311.684719865576	355.310870250643	343.052066116625	11034.943156003
12	286628	286783	155	286705.5	11.0558548275036	21.0030841021859	32.0589389296895	0.70804	31.3508989296895	15.944567507931	24.658668360113	40.6032358680441	3.44884	37.1543958680441	36.0212595641069	40.8935422735659	1118.71767789471
12	289780	290009	229	289894.5	26.7954176102602	15.2398512648559	42.0352688751161	1.046072	40.9891968751161	34.2833902012893	45.5046488412019	79.7880390424911	3.786872	76.0011670424911	47.0953800487232	83.6497772250299	1462.64830395257
12	293691	293770	79	293730.5	4.55140490578684	3.54458169941807	8.09598660520491	0.360872	7.73511460520491	12.1028789604675	8.15988807807635	20.2627670385439	3.101672	17.1610950385439	8.88741887679454	18.888154389908	276.017905221514
12	296278	296444	166	296361	15.1711496813462	14.4244324701865	29.5955821515327	0.758288	28.8372941515327	16.4717796596966	15.8331649402021	32.3049445998988	3.499088	28.8058565998988	33.13320170144	31.704822190566	1029.02283032842
12	300374	300604	230	300489	31.0082147114419	60.510594714749	91.5188094261909	1.05064	90.4681694261909	32.0454386185194	62.4463393319202	94.4917779504397	3.79144	90.7003379504397	103.945262319236	99.8282442103473	3228.24365103
12	301998	302185	187	302091.5	26.2307045941334	37.3709613670258	63.6016659611593	0.854216	62.7474499611593	27.4064316935849	38.6242902551287	66.0307219487136	3.595016	62.4357059487136	72.0949720486727	68.7191144127749	2239.06439403196
12	315948	316020	72	315984	4.61210630489946	7.34566931106656	11.957775615966	0.328896	11.628879615966	8.26419048215289	11.4304634618954	19.6946539440483	3.069696	16.6249579440483	13.3612402000306	18.2980614971034	414.96204717022
12	320183	320644	461	320413.5	49.146732787959	54.0834465747687	103.230179362728	2.105848	101.124331362728	53.6030355017259	56.4517011609055	110.054736662631	4.846648	105.208088662631	116.188878552825	115.796026842325	3608.49548252128
12	322137	322225	88	322181	8.03538520839725	5.44682554442669	13.4822107528239	0.401984	13.0802267528239	10.8667504688183	7.66317662932449	18.5299270981428	3.142784	15.3871430981428	15.0287953170826	16.9356753636386	466.751557334065
12	322936	323364	428	323150	59.8050784532341	26.0677008370435	85.8727792902776	1.955104	83.9176752902776	62.0651305454008	30.6017053417668	92.6668358871676	4.695904	87.9709318871676	96.4189374737482	96.8241560096791	2994.49744792346
12	327595	327676	81	327635.5	1.20612780016029	19.6889538126654	20.8950816128257	0.370008	20.5250736128257	4.11509484923271	26.6118133783479	30.7269082275806	3.110808	27.6161002275806	23.5827051032287	30.3953310423468	732.411620548891
12	329396	329513	117	329454.5	9.79902585872697	13.1067020976874	22.9057279564144	0.534456	22.3712719564144	11.4712644023204	17.1306948470987	28.6019592494191	3.275256	25.3267032494191	25.7039326281675	27.8755335885025	798.290902942182
12	340995	341800	805	341397.5	100.745522093614	74.1897100060453	174.935232099659	3.67724	171.257992099659	102.279257444833	75.8011471482211	178.080404593054	6.41804	171.662364593054	196.770389253738	188.938132332924	6111.12758432597
12	368305	368590	285	368447.5	17.3228992772378	15.9076666573996	33.2305659346375	1.30188	31.9286859346375	19.3364456876704	18.8166337064721	38.1530793941425	4.04268	34.1103993941425	36.6851198165569	37.5432038929292	1139.33528563676
12	370341	370467	126	370404	0.807418610272295	11.7182700955793	12.5256887058516	0.575568	11.9501207058516	1.92224430600124	18.6516299032829	20.5738742092841	3.316368	17.2575062092841	13.7303367515323	18.9942681940542	426.425134302974
12	371201	371345	144	371273	19.2294432213599	16.1883731274311	35.417816348791	0.657792	34.760024348791	24.8311723361744	18.9923377562923	43.8235100924667	3.398592	40.4249180924667	39.9382442695042	44.4932035173138	1240.36806122382
12	388368	388593	225	388480.5	14.9041435270947	16.4826799109376	31.3868234380323	1.0278	30.3590234380323	18.8571346399821	23.2941369088912	42.1512715488733	3.7686	38.3826715488733	34.8816238356262	42.2454292388653	1083.32383961033
12	390455	390848	393	390651.5	13.5862131499856	20.2261661949274	33.8123793449129	1.795224	32.017155344913	16.015169135235	22.9223283390382	38.9374974742732	4.536024	34.4014734742732	36.7867685634769	37.8635711044656	1142.49220606351
12	395667	395756	89	395711.5	0.402009265951774	2.64906105847326	3.05107032442503	0.406552	2.64451832442503	1.94934493064625	5.54782787243944	7.4971728030857	3.147352	4.3498208030857	3.03847367183275	4.7875783399943	94.3663339825031
12	447754	447863	109	447808.5	7.62287570042435	8.25829034616006	15.8811660465844	0.497912	15.3832540465844	10.7514478111958	11.035654361901	21.7871021730968	3.238712	18.5483901730968	17.6749058518337	20.4150642186195	548.932210334862
12	500503	500590	87	500546.5	14.6108367666378	15.5465583341778	30.1573951008156	0.397416	29.7599791008156	19.2090427511474	21.4321939927827	40.6412367439301	3.138216	37.5030207439301	34.1933395344429	41.2772520814254	1061.94769051202
12	514830	515164	334	514997	32.2223426959992	32.0969398055755	64.3192825015747	1.525712	62.7935705015747	33.600674465306	33.4618712660172	67.0625457313232	4.266512	62.7960337313232	72.1479631913275	69.1157048852137	2240.71014792223
12	534487	534698	211	534592.5	52.5750118067049	30.8194103596715	83.3944221663764	0.963848	82.4305741663764	58.0621382800317	34.181187845617	92.2433261256487	3.704648	88.5386781256487	94.7103020785637	97.4490391294705	2941.43210138088
12	540636	540728	92	540682	10.5358428416953	16.1885731320411	26.7244159737364	0.420256	26.3041599737364	16.8271878515356	21.2092888550199	38.0364767065555	3.161056	34.8754207065555	30.2227051337419	38.3852154678299	938.631100523942
12	543730	543790	60	543760	5.98073785062483	6.56515132082934	12.5458891714542	0.27408	12.2718091714542	18.6142290412267	19.1241407942337	37.7383698354604	3.01488	34.7234898354604	14.0999473245572	38.2179945682666	437.904185479513
12	545810	545905	95	545857.5	8.97460685661095	7.79177959350707	16.766386450118	0.43396	16.332426450118	12.1977811478775	12.9646988246398	25.1624799725173	3.17476	21.9877199725173	18.7654769896964	24.2005215046119	582.802242246364
12	552081	552206	125	552143.5	16.5244808744122	20.4362710376549	36.9607519120671	0.571	36.3897519120671	18.5415273655185	22.7744249299978	41.3159522955163	3.3118	38.0041522955163	41.8107532430812	41.828816541313	1298.52285414629
12	553833	554361	528	554097	106.312650410911	50.64926742003	156.961917830941	2.411904	154.550013830941	110.654450485495	55.5179796394648	166.17243012496	5.152704	161.01972612496	177.573414284736	177.224439351803	5514.9242444149
12	556555	556687	132	556621	24.336060924302	13.8840200141658	38.2200809384678	0.602976	37.6171049384678	26.3192066340258	15.6204600375455	41.9396666715713	3.343776	38.5958906715713	43.2209457240024	42.4801063209137	1342.31941419809
12	561815	561897	82	561856	9.82962656404569	9.6975235191894	19.5271500832351	0.374576	19.1525740832351	12.8160953994645	11.8362728154358	24.6523682149004	3.115376	21.5369922149004	22.0057435648092	23.7044333788505	683.435688786974
12	566441	566542	101	566491.5	3.63898387530326	21.8520036690179	25.4909875443212	0.461368	25.0296195443212	13.9951225749798	34.7322005459638	48.7273231209436	3.202168	45.5251551209436	28.7582957164592	50.1067185175297	893.150716922308
12	567970	568403	433	568186.5	283.031323617283	198.443673948086	481.474997565369	1.977944	479.497053565369	289.592674850524	204.734818953317	494.32749380384	4.718744	489.60874980384	550.92799301987	538.882025661776	17110.2535696037
12	573338	573447	109	573392.5	11.7084698696929	20.9801835743493	32.6886534440423	0.497912	32.1907414440423	29.4039777352234	37.6617680698586	67.065745805082	3.238712	63.827033805082	36.9862138791433	70.2504628086111	1148.6864092399
12	573761	573986	225	573873.5	87.9919281347512	61.0497071408052	149.041635275556	1.0278	148.013835275556	100.32131231596	72.2809660112141	172.602278327174	3.7686	168.833678327174	170.063537619672	185.824772562434	5281.68887492249
12	576508	576616	108	576562	12.7521939265931	6.9940612068162	19.7462551334093	0.493344	19.2529111334093	26.3046062975012	12.619690872517	38.9242971700181	3.234144	35.6901531700181	22.1210278804624	39.281941027696	687.016091123425
12	585884	586308	424	586096	46.5274724163647	44.2573200913968	90.7847925077615	1.936832	88.8479605077615	49.5782427338749	46.6427750739872	96.2210178078621	4.677632	91.5433858078621	102.083689988257	100.756134770554	3170.42851906219
12	588989	589302	313	589145.5	40.0208224439388	37.7332697179073	77.7540921618461	1.429784	76.3243081618461	43.8622109844874	40.8011404295661	84.6633514140535	4.170584	80.4927674140535	87.694382273203	88.5934035545439	2723.53762439903
12	602580	602991	411	602785.5	364.130692884755	393.768476008983	757.899168893738	1.877448	756.021720893738	386.036397791538	413.562032232639	799.598430024178	4.618248	794.980182024178	868.646691933495	874.985447097899	26977.6910044276
12	605129	605238	109	605183.5	30.7522088107363	31.2119194066518	61.964128217388	0.497912	61.466216217388	53.3134288265527	98.0214593064182	151.334888132971	3.238712	148.096176132971	70.6228722103179	163.00028833078	2193.34516786602
12	607157	607676	519	607416.5	156.580809046727	275.427348352496	432.008157399223	2.370792	429.637365399223	160.837607162092	280.059355116084	440.896962278176	5.111592	435.785370278176	493.640679719985	479.64196551503	15331.0728612329
12	609588	609709	121	609648.5	20.9361825601656	25.0620776583343	45.9982602184999	0.552728	45.4455322184998	23.9702524927469	29.7111848160701	53.681437308817	3.293528	50.387909308817	52.2155781160492	55.4588508642379	1621.6670656937
12	611262	612200	938	611731	638.418514972197	95.3348973835838	733.753412355781	4.284784	729.468628355781	651.512016765629	102.187355326572	753.699372092201	7.025584	746.673788092201	838.137970614703	821.817591284642	26030.1770562118
12	617358	617483	125	617420.5	13.8034181563655	20.0675625392558	33.8709806956213	0.571	33.2999806956213	17.9084127727969	23.7873482769693	41.6957610497662	3.3118	38.3839610497662	38.2606971113286	42.2468485126295	1188.26822673544
12	620297	620422	125	620359.5	19.6824536628428	14.7556401042244	34.4380937670672	0.571	33.8670937670672	26.237204743956	18.3470228823652	44.5842276263212	3.3118	41.2724276263212	38.9122933285396	45.4260047684233	1208.50494848988
12	623989	624097	108	624043	15.6650610655591	16.0637702554471	31.7288313210062	0.493344	31.2354873210062	26.3692077865073	26.3184066155861	52.6876144020934	3.234144	49.4534704020934	35.8886550246831	54.4303718366182	1114.59935876268
12	626348	626531	183	626439.5	73.3724911698866	91.5314097166162	164.903900886503	0.835944	164.067956886503	77.6634900735495	95.9438114185043	173.607301492054	3.576744	170.030557492054	188.509250545434	187.142103327256	5854.56015652485
12	626935	627120	185	627027.5	79.6607361082731	68.5905809511598	148.251317059433	0.84508	147.406237059433	82.0458910839486	71.2866430929657	153.332534176914	3.58588	149.746654176914	169.365425163542	164.816867286909	5260.00749133732
12	633422	633581	159	633501.5	41.0819469019026	40.3115291444666	81.3934760463692	0.726312	80.6671640463692	47.1704872372776	43.5481037445983	90.7185909818759	3.467112	87.2514789818759	92.6841957843483	96.0322987580937	2878.50701336172
12	636234	636551	317	636392.5	228.245960863978	200.030010511716	428.275971375694	1.448056	426.827915375694	239.855428451757	208.202998891743	448.0584273435	4.188856	443.8695713435	490.412704383236	488.539744910689	15230.8211455315
12	640054	640172	118	640113	23.774647984239	12.3299841950388	36.1046321792778	0.539024	35.5656081792778	29.6605836497588	20.1251638669146	49.7857475166734	3.279824	46.5059235166734	40.863836365721	51.1861895441559	1269.11431421685
12	641230	641305	75	641267.5	10.6643458035729	10.1470338799987	20.8113796835716	0.3426	20.4687796835716	14.3977318547614	13.6336142425381	28.0313460972995	3.0834	24.9479460972995	23.5180250364117	27.458659050517	730.402841982254
12	645924	646135	211	646029.5	125.070282757455	62.9805516450333	188.050834402488	0.963848	187.086986402488	154.731866430263	143.678011648859	298.409878079122	3.704648	294.705230079122	214.957437532631	324.363793379478	6675.9654790729
12	658138	658490	352	658314	187.236615635478	263.059163276962	450.29577891244	1.607936	448.68784291244	192.237130892855	266.701247223719	458.938378116574	4.348736	454.589642116574	515.529117332659	500.33866283392	16010.8653614151
12	660213	660524	311	660368.5	76.9635739411125	48.9029271684589	125.866501109571	1.420648	124.445853109571	85.8196780663422	61.4012152427506	147.220893309093	4.161448	143.059445309093	142.984620204668	157.456670676536	4440.69486258092
12	669088	669161	73	669124.5	16.0228693127172	16.7222854336293	32.7451547463464	0.333464	32.4116907463464	23.983452797002	26.6018131478516	50.5852659448536	3.074264	47.5110019448536	37.2400781203779	52.2924171177924	1156.5707091753
12	674060	674223	163	674141.5	39.7500162020987	42.7945863767011	82.5446025787998	0.744584	81.8000185787998	45.3991464094658	46.7444774181347	92.1436238276005	3.485384	88.6582398276005	93.9858122787453	97.5806332894301	2918.93151266413
12	677644	678140	496	677892	1539.31527983182	1193.74661478511	2733.06189461693	2.265728	2730.79616661693	1548.47829103099	1201.35209008447	2749.83038111545	5.006528	2744.82385311545	3137.60437156788	3021.05760700606	97445.0510389791
12	679981	680125	144	680053	59.5686730043013	29.5454809967462	89.1141540010475	0.657792	88.4563620010475	62.3862379466374	30.8326106639266	93.218848610564	3.398592	89.820256610564	101.633754836895	98.8595931897735	3156.45481537093
12	680881	681090	209	680985.5	89.0673529223247	69.2964972218945	158.363850144219	0.954712	157.409138144219	91.8849178646609	71.4789475254098	163.363865390071	3.695512	159.668353390071	180.858463917463	175.73706708345	5616.94852511371
12	691290	691525	235	691407.5	52.5599114586555	36.1349328776816	88.6948443363371	1.07348	87.6213643363371	55.4450779591467	38.4895871503434	93.9346651094901	3.81428	90.1203851094901	100.674367111413	99.189926039268	3126.65896643507
12	699694	699860	166	699777	13.4923109856252	30.79640982953	44.2887208151552	0.758288	43.5304328151552	15.6614609825804	33.972183028244	49.6336440108244	3.499088	46.1345560108244	50.0151853026357	50.7774483321228	1553.32913502536
12	704196	704584	388	704390	32.011337832527	176.345464604249	208.356802436776	1.772384	206.584418436776	56.776008635901	197.528652857674	254.304661493575	4.513184	249.791477493575	237.35941272689	274.930007763782	7371.70699319109
12	707123	707315	192	707219	32.9345591119466	53.9151426955158	86.8497018074624	0.877056	85.9726458074624	36.5260418923924	56.6584059252643	93.1844478176567	3.617856	89.5665918176567	98.780038077661	98.5804000636382	3067.82650462078
12	710645	710772	127	710708.5	35.3417145947141	29.3397762554371	64.6814908501511	0.580136	64.1013548501511	39.2577048547652	35.6784223555249	74.9361272102901	3.320936	71.6151912102901	73.6505688926695	78.8224052838482	2287.37679926475
12	713210	713423	213	713316.5	40.7503392586448	43.0653926185412	83.8157318771861	0.972984	82.8427478771861	43.8653110559413	48.6437211939944	92.5090322499357	3.713784	88.7952482499357	95.1838775334772	97.7314299739059	2956.14000553637
12	718035	718129	94	718082	6.96086044156844	10.1167331815948	17.0775936231633	0.429392	16.6482016231633	9.16031113692748	13.4616102780015	22.621921414929	3.170192	19.451729414929	19.1282933637236	21.4093137713355	594.070284962403
12	720417	720580	163	720498.5	27.0252229070655	28.81656419587	55.8417871029354	0.744584	55.0972031029354	27.9542443201729	30.7085078034674	58.6627521236403	3.485384	55.1773681236403	63.3050637137444	60.7303115335778	1966.07488838023
12	721509	721729	220	721619	34.3231911186646	40.5314342130805	74.8546253317452	1.00496	73.8496653317452	36.0731314532144	42.8658880201398	78.9390194733542	3.74576	75.1932594733542	84.8510905413954	82.7605634036298	2635.23308529417
12	723540	723731	191	723635.5	49.1106319558673	5.16001893379244	54.2706508896597	0.872488	53.3981628896597	68.4784783672961	12.2283818531962	80.7068602204923	3.613288	77.0935722204923	61.3529165466243	84.852119943375	1905.44676009886
12	725645	725854	209	725749.5	38.493387237932	31.2621205637433	69.7555078016753	0.954712	68.8007958016752	53.3468295964103	46.3079673569707	99.654796953381	3.695512	95.959284953381	79.0500881441171	105.616441449323	2455.07048104667
12	728242	728748	506	728495	160.958209941878	134.324196051828	295.282405993706	2.311408	292.970997993706	163.61047107411	136.756652117751	300.367123191861	5.052208	295.314915191861	336.615048492048	325.034836020566	10454.3042067489
12	730582	730726	144	730654	18.2737211928272	7.90338216584592	26.1771033586732	0.657792	25.5193113586732	21.6824997621054	10.4136400250304	32.0961397871357	3.398592	28.6975477871357	29.32093718938	31.5856133887582	910.624757799558
12	732233	732341	108	732287	14.5631356671704	17.8441112907056	32.407246957876	0.493344	31.913902957876	17.428201704364	22.7834251374445	40.2116268418085	3.234144	36.9774828418085	36.6681346116271	40.698825063177	1138.80777357173
12	737743	737852	109	737797.5	4.27449852334394	14.8470422109607	19.1215407343046	0.497912	18.6236287343046	16.1950732818637	26.4166088790599	42.6116821609235	3.238712	39.3729701609235	21.3980009367021	43.3353895843156	664.560934547366
12	743914	744133	219	744023.5	40.5648349829382	35.0840086548241	75.6488436377623	1.000392	74.6484516377623	42.2237732199716	36.7562471984175	78.9800204183891	3.741192	75.2388284183891	85.7688724821885	82.8107183189933	2663.73677711512
12	745331	745523	192	745427	22.8386264097841	24.7680708817427	47.6066972915268	0.877056	46.7296412915268	25.767993929069	28.8863658047342	54.6543597338032	3.617856	51.0365037338032	53.6909816230385	56.1727185753635	1667.48889439348
12	747288	747812	524	747550	256.359008844432	321.674414305745	578.033423150177	2.393632	575.639791150177	259.098871995812	325.944812734585	585.043684730397	5.134432	579.909252730397	661.393167033318	638.270196226203	20540.9870990803
12	757183	757378	195	757280.5	27.4367323919887	60.3955920640414	87.8323244560301	0.89076	86.9415644560301	30.1631952345034	65.0717998464222	95.2349950809256	3.63156	91.6034350809256	99.8932970695271	100.8222272861	3102.40115662758
12	758960	759436	476	759198	104.574910357567	201.066734407269	305.641644764836	2.174368	303.467276764836	106.652558245481	203.252584789153	309.905143034634	4.915168	304.989975034634	348.674963677257	335.683575138405	10828.8508071418
12	764223	764727	504	764475	117.74641394887	148.913232315984	266.659646264854	2.302272	264.357374264854	125.419390804081	159.184769065662	284.604159869743	5.043072	279.561087869743	303.738837519017	307.695574043181	9433.2627761385
12	766360	766526	166	766443	23.6501451145599	31.4886257844847	55.1387708990446	0.758288	54.3804828990446	27.2013269661055	34.2354890972119	61.4368160633175	3.499088	57.9377280633175	62.4815733073898	63.7684687487927	1940.49962293106
12	771772	771847	75	771809.5	7.54177383109925	11.1913579507286	18.7331317818279	0.3426	18.3905317818279	11.0890555927513	14.1070251542336	25.1960807469849	3.0834	22.1126807469849	21.130179403176	24.3380580892836	656.24316088531
12	777869	778054	185	777961.5	36.0916318796326	67.5713574589756	103.662989338608	0.84508	102.817909338608	37.9800754065563	69.5410028575293	107.521078264086	3.58588	103.935198264086	118.134749770044	114.395035220568	3668.92869768234
12	778956	779159	203	779057.5	88.5008398647086	130.675611955248	219.176451819957	0.927304	218.249147819957	95.0893917248993	134.114791225235	229.204182950135	3.668104	225.536078950135	250.761843253649	248.233592910985	7787.94829453586
12	781527	781735	208	781631	52.3047055763896	29.1302714265393	81.4349770029289	0.950144	80.4848330029289	71.8818568121062	42.2909747689068	114.172831581013	3.690944	110.481887581013	92.4747027852134	121.600570664732	2872.00075776812
12	783582	783949	367	783765.5	47.4337933062456	88.9333498336741	136.36714313992	1.676456	134.69068713992	66.4233309979989	100.070006523588	166.493337521587	4.417256	162.076081521587	154.755632787944	178.38710430863	4806.2689713984
12	784442	784631	189	784536.5	74.2251108220023	33.9622828000527	108.187393622055	0.863352	107.324041622055	86.1658860461245	46.8864806911824	133.052366737307	3.604152	129.448214737307	123.312163054948	142.475632234695	3829.72440104414
12	789793	790239	446	790016	420.115583286093	378.732329439337	798.84791272543	2.037328	796.81058472543	426.325626421998	380.171562612366	806.497189034364	4.778128	801.719061034364	915.511895215273	882.402513833642	28433.1906738977
12	793619	793753	134	793686	0	25.1299792234043	25.1299792234043	0.612112	24.5178672234043	4.39550131234932	29.1136710439154	33.5091723562647	3.352912	30.1562603562647	28.1703073711928	33.1911279642748	874.889474417035
12	795237	795455	218	795346	30.1203942479792	40.1862262563478	70.306620504327	0.995824	69.310796504327	32.3064446344732	43.2267963387517	75.5332409732249	3.736624	71.7966169732249	79.6360639315833	79.0220893840134	2473.26921924154
12	796417	796605	188	796511	163.884377387404	126.612718309206	290.49709569661	0.858784	289.63831169661	173.179391629117	136.873954821473	310.053346450589	3.599584	306.453762450589	332.785890086649	337.294675283499	10335.3814580329
12	797181	797320	139	797250.5	22.5717202578375	31.7152310075312	54.2869512653687	0.634952	53.6519992653687	29.3998776407199	39.2565048271056	68.6563824678255	3.375752	65.2806304678255	61.6445670666535	71.8503466228367	1914.50459417995
12	805200	805362	162	805281	40.2244271368437	18.3821236914073	58.606550828251	0.740016	57.866534828251	58.0920389692157	28.1740493864819	86.2660883556976	3.480816	82.7852723556976	66.4869443073576	91.1166217512934	2064.89503270889
12	805604	805765	161	805684.5	20.9600831110518	28.1403486097093	49.1004317207611	0.735448	48.3649837207611	48.5191183220104	46.3869691778915	94.9060874999019	3.476248	91.4298394999019	55.5699419122396	100.631161382181	1725.84404679592
12	808883	809673	790	809278	438.407104889204	68.009667561629	506.416772450833	3.60872	502.808052450833	442.836606985241	70.5975272094648	513.434134194705	6.34952	507.084614194705	577.711644213894	558.116627181689	17942.0774544957
12	818500	818783	283	818641.5	40.3082290684028	28.3729539710535	68.6811830394564	1.292744	67.3884390394564	58.8009553090993	44.0168145479604	102.81776985706	4.033544	98.7842258570598	77.4273318192313	108.725678931617	2404.67229371137
12	819090	819187	97	819138.5	21.3722926121098	23.9063510198754	45.2786436319852	0.443096	44.8355476319852	38.9523978177128	39.5198108960735	78.4722087137863	3.183896	75.2883127137863	51.5147237906206	82.8651826179929	1599.90052746117
12	820264	820373	109	820318.5	15.9048665928607	14.0595240593761	29.9643906522367	0.497912	29.4664786522367	21.7939023298343	18.6611301222544	40.4550324520887	3.238712	37.2163204520887	33.8561161628212	40.9616988277566	1051.47449352231
12	822757	823066	309	822911.5	120.13386897756	119.045743897256	239.179612874816	1.411512	237.768100874816	123.721851677332	124.10646054222	247.828312219553	4.152312	243.676000219553	273.188545466736	268.199080706956	8484.4577593981
12	826576	826884	308	826730	368.842001476178	393.168062169984	762.010063646162	1.406944	760.603119646162	373.004497417963	399.273202887983	772.277700305946	4.147744	768.129956305946	873.910584174603	845.433066691475	27141.1724977436
12	827923	828655	732	828289	660.670127851847	396.014627780759	1056.68475563261	3.343776	1053.34097963261	664.055305877154	400.636334306935	1064.69164018409	6.084576	1058.60706418409	1210.25776396239	1165.14322784456	37587.1574658417
12	830424	830911	487	830667.5	167.71746573664	194.196276049387	361.913741786028	2.224616	359.689125786028	172.50507608675	198.348671758371	370.853747845121	4.965416	365.888331845121	413.272212429461	402.710624574628	12835.0572806784
12	833660	833847	187	833753.5	43.5089028410527	31.8471340477776	75.3560368888303	0.854216	74.5018208888303	47.3502913816013	33.9078815461527	81.2581729277541	3.595016	77.6631569277541	85.6003980700446	85.4790265518826	2658.50444194919
12	837389	837823	434	837606	170.302625322242	319.387561595848	489.69018691809	1.982512	487.70767491809	171.248547124888	324.570481057477	495.819028182365	4.723312	491.095716182365	560.361755145551	540.518637455318	17403.2393393065
12	839405	840204	799	839804.5	463.592185382643	287.913336143278	751.50552152592	3.649832	747.85568952592	466.7849589732	291.572320479574	758.357279452774	6.390632	751.966647452774	859.264162387261	827.643113755209	26686.296372653
12	841054	841313	259	841183.5	68.269973561448	44.5792275110731	112.849201072521	1.183112	111.666089072521	70.5334257319834	46.532072522393	117.065498254376	3.923912	113.141586254376	128.30104769917	124.527936258844	3984.66494204706
12	843013	843146	133	843079.5	17.9020126252793	2.75366346946469	20.655676094744	0.607544	20.048132094744	22.9939299893918	5.07801704372267	28.0719470331145	3.348344	24.7236030331145	23.0347133452172	27.2117385350654	715.392558071716
12	843937	844142	205	844039.5	154.073851263606	16.9448905644772	171.018741828083	0.93644	170.082301828083	157.945640504863	19.1915423477788	177.137182852642	3.67724	173.459942852642	195.419555756605	190.916615385362	6069.17454516462
12	845851	845991	140	845921	25.5384886391786	12.6274910523041	38.1659796914827	0.63952	37.5264596914827	28.5015569352361	14.7524400304656	43.2539969657017	3.38032	39.8736769657017	43.1167970047831	43.8864865516995	1339.0848517555
12	849174	849316	142	849245	21.4365940942011	18.553727646724	39.9903217409251	0.648656	39.3416657409251	29.2681746050835	26.9163203969606	56.1844950020441	3.389456	52.7950390020441	45.2024152964927	58.1082294254595	1403.85821283477
12	849682	849837	155	849759.5	32.7558549929775	31.5731277321786	64.3289827251561	0.70804	63.6209427251561	40.6043358933987	39.8443183756789	80.4486542690776	3.44884	76.9998142690775	73.0985895095265	84.748926373406	2270.2338925139
12	853287	853437	150	853362	45.9311586718696	66.938242866254	112.869401538124	0.6852	112.184201538124	53.2090264201711	72.8104782159939	126.019504636165	3.426	122.593504636165	128.89634366337	134.93107739145	4003.15313837302
12	853855	853955	100	853905	23.5545429110151	31.1539180697732	54.7084609807883	0.4568	54.2516609807883	37.4452630796135	44.6589293481287	82.1041924277421	3.1976	78.9065924277421	62.3335607172097	86.8475989911656	1935.90277364846
12	854377	854536	159	854456.5	55.6017815710239	48.1170090537536	103.718790624778	0.726312	102.992478624778	61.0582073367271	53.4045309263741	114.462738263101	3.467112	110.995626263101	118.335324738664	122.166011012306	3675.15798466047
12	855578	855846	268	855712	264.020885443792	260.641407549868	524.66229299366	1.224224	523.43806899366	266.949952956162	264.668800377648	531.61875333381	3.965024	527.65372933381	601.414925653051	580.755778211307	18678.233832451
12	857343	857479	136	857411	55.5241797823725	26.6470141896949	82.1711939720674	0.621248	81.5499459720674	59.9701822587282	29.0354692414343	89.0056515001625	3.362048	85.6436035001625	93.6984862184247	94.2626098035055	2910.00798397885
12	859282	859505	223	859393.5	75.1596323618827	18.2289201602038	93.3885525220865	1.018664	92.3698885220865	80.2882505719167	20.5195729576892	100.807823529606	3.759464	97.0483595296059	106.13028155345	106.815118380583	3296.1041221361
12	862281	862533	252	862407	87.0869072748349	143.054797284329	230.141704559164	1.151136	228.990568559164	89.6882672338408	146.521077178961	236.209344412802	3.891936	232.317408412802	263.103419340574	255.697382230489	8171.24247993084
12	866862	867125	263	866993.5	118.10102212227	71.779554454129	189.880576576399	1.201384	188.679192576399	121.34099680077	75.4351387120561	196.776135512826	3.942184	192.833951512826	216.786835534858	212.240386735796	6732.78136807186
12	871321	871633	312	871477	32.7195541562759	106.189947582721	138.909501738997	1.425216	137.484285738997	33.9764831273574	108.034590100071	142.011073227429	4.166016	137.845057227429	157.965395304833	151.717516682333	4905.95504881324
12	873630	873724	94	873677	6.1831425158702	9.22761268816766	15.4107552040379	0.429392	14.9813632040379	12.6127907134745	20.4284708578678	33.0412615713423	3.170192	29.8710695713423	17.2131451097167	32.8772361313762	534.591237492292
12	875021	875326	305	875173.5	169.715511789804	112.022582019696	281.7380938095	1.39324	280.3448538095	182.260800947428	124.767075768807	307.027876716235	4.13404	302.893836716235	322.107980673255	333.376485521361	10003.7560188263
12	877400	878229	829	877814.5	181.706388168713	160.547300470784	342.253688639497	3.786872	338.466816639497	183.905738861767	161.523622974139	345.429361835906	6.527672	338.901689835906	388.888404232084	373.008099206031	12077.7656808038
12	884834	885236	402	885035	93.0180439821981	72.7263762775199	165.744420259718	1.836336	163.908084259718	99.0893839211195	78.9836205013677	178.073004422487	4.577136	173.495868422487	188.32556160562	190.956156434943	5848.85530148395
12	892846	893091	245	892968.5	121.054590199356	166.137929329748	287.192519529103	1.11916	286.073359529103	125.913002181379	171.776959304314	297.689961485693	3.85996	293.830001485693	328.689865036542	323.400483476349	10208.1705917804
12	893401	893650	249	893525.5	121.620903252362	130.805114940175	252.426018192537	1.137432	251.288586192537	126.806922785445	137.03185846101	263.838781246454	3.878232	259.960549246454	288.723184908959	286.122475193106	8966.91939383392
12	897883	898018	135	897950.5	19.3581461878474	29.505380072456	48.8635262603034	0.61668	48.2468462603034	24.8042717161394	36.7086461012551	61.5129178173944	3.35748	58.1554378173944	55.4342054494053	64.0080883906604	1721.62845904732
12	899044	899184	140	899114	16.1580724290273	18.4964263259801	34.6544987550074	0.63952	34.0149787550074	25.3925852762374	25.9126972643507	51.3052825405881	3.38032	47.9249625405881	39.0822088243656	52.7480379057439	1213.78203960854
12	902739	903132	393	902935.5	72.6215738619185	68.2121722291793	140.833746091098	1.795224	139.038522091098	79.9671431706801	73.6819983037475	153.649141474428	4.536024	149.113117474428	159.751167100039	164.119572678298	4961.4160321369
12	903431	903495	64	903463	20.8822813177904	21.0440850472208	41.9263663650112	0.292352	41.6340143650112	37.3241602883031	36.6172439945188	73.9414042828218	3.033152	70.9082522828218	47.8362563542824	78.0443213925659	1485.65781084356
12	907847	907993	146	907920	7.78187936531572	10.6740460271543	18.4559253924701	0.666928	17.7889973924701	12.1537801336937	14.225127876395	26.3789080100888	3.407728	22.9711800100888	20.4390341054164	25.2829550546991	634.778157385877
12	910042	910233	191	910137.5	17.4183014761727	29.1034708088092	46.5217722849818	0.872488	45.6492842849818	20.3915700073364	31.843233957884	52.2348039652204	3.613288	48.6215159652204	52.4496832397948	53.514691117309	1628.93770374437
12	914982	915079	97	915030.5	2.84816564765485	9.49481884702914	12.342984494684	0.443096	11.899888494684	6.41244780115065	12.3125837939752	18.7250315951258	3.183896	15.5411355951258	13.6726214202747	17.1051653671244	424.632660576495
12	924763	924907	144	924835	31.9617366892653	10.1035328773397	42.065269566605	0.657792	41.407477566605	41.3516531183881	18.8851352853718	60.2367884037599	3.398592	56.8381964037599	47.5759722445823	62.5582823535965	1477.57412808732
12	928569	928677	108	928623	5.73053208360708	7.57197452719812	13.3025066108052	0.493344	12.8091626108052	10.0044305931212	10.8998512317611	20.9042818248823	3.234144	17.6701378248823	14.7173506009334	19.4484262558836	457.078971925914
12	929625	929735	110	929680	7.63297593322562	5.94333698856862	13.5763129217942	0.50248	13.0738329217942	10.9472523243136	9.16651127983519	20.1137636041488	3.24328	16.8704836041488	15.0214489935323	18.5682963838776	466.523401458266
12	932364	932730	366	932547	24.5174651055051	13.9820222730296	38.4994873785348	1.671888	36.8275993785347	32.8052561316293	19.475748898484	52.2810050301133	4.412688	47.8683170301133	42.3138270871355	52.6856917008578	1314.14689421153
12	940969	941174	205	941071.5	1.44263325139808	11.8735736751871	13.3162069265851	0.93644	12.3797669265851	6.41614788643428	13.5120114397029	19.9281593261372	3.67724	16.2509193261372	14.2239876057706	17.8863803574661	441.756523155753
12	950058	950418	360	950238	15.8366650208758	16.6207830940917	32.4574481149675	1.64448	30.8129681149675	24.8102718544371	23.9695524766121	48.7798243310493	4.38528	44.3945443310493	35.4031929004336	48.8623252485421	1099.52228852921
12	950760	950985	225	950872.5	7.34566931106656	6.08504025470137	13.4307095657679	1.0278	12.4029095657679	13.349207687223	9.78462552681228	23.1338332140353	3.7686	19.3652332140353	14.2505778166245	21.3141127603888	442.582339334899
12	954337	955050	713	954693.5	48.1752103952422	57.0381146772093	105.213325072452	3.256984	101.956341072452	51.4557860095576	60.5652959755638	112.021081985121	5.997784	106.023297985121	117.144833206024	116.693277251387	3638.18471001474
12	958186	958361	175	958273.5	9.3528155739815	9.08910949579373	18.4419250697752	0.7994	17.6425250697752	10.7785484358408	10.9304519370798	21.7090003729206	3.5402	18.1688003729206	20.2707417203533	19.9972732364905	629.551475462385
12	965599	965770	171	965684.5	10.7282472764444	12.850096183152	23.5783434595964	0.781128	22.7972154595964	12.7890947771245	14.954844695711	27.7439394728355	3.521928	24.2220114728355	26.1933291689868	26.6596677721015	813.490164943019
12	973219	973425	206	973322	10.8695505333573	9.23111276884137	20.1006633021986	0.941008	19.1596553021986	13.5183115849156	11.6026674310419	25.1209790159576	3.681808	21.4391710159576	22.0138796768514	23.5967676439957	683.688373242795
12	982504	982699	195	982601.5	7.49757281230555	7.05166253447496	14.5492353467805	0.89076	13.6584753467805	9.16981135589897	8.75440178108214	17.9242131369811	3.63156	14.2926531369811	15.6931859217093	15.7310380535955	487.385636303468
12	986907	987066	159	986986.5	16.2056735261898	9.93722904418602	26.1429025703758	0.726312	25.4165905703758	18.6685302928217	13.0048997512349	31.6734300440566	3.467112	28.2063180440566	29.2029140288261	31.0449472361989	906.959294744949
12	988183	988330	147	988256.5	10.2888371484364	9.1567110539488	19.4455482023852	0.671496	18.7740522023852	12.0862785778436	11.1398567636726	23.2261353415162	3.412296	19.8138393415162	21.5708330714493	21.8078657392685	669.92860815983
12	990567	990756	189	990661.5	8.78210241955693	7.23416674103267	16.0162691605896	0.863352	15.1529171605896	10.5659435354892	9.55842031298569	20.1243638484749	3.604152	16.5202118484749	17.4102555534095	18.1827739574396	540.712926198495
12	992947	993124	177	993035.5	17.9695141811294	14.5256348028092	32.4951489839386	0.808536	31.6866129839386	20.8681809927906	16.6608840183819	37.5290650111726	3.549336	33.9797290111726	36.4069851254233	37.3993830958191	1130.69721468721
12	1001867	1002319	452	1002093	99.3007887938115	79.9558429102193	179.256631704031	2.064736	177.191895704031	105.358628421563	83.6756286479327	189.034257069496	4.805536	184.228721069496	203.58826973751	202.769142575134	6322.87152430108
12	1011336	1011539	203	1011437.5	11.3467615326413	29.6087824557879	40.9555439884292	0.927304	40.0282399884292	12.8839969645345	40.6380366701712	53.5220336347057	3.668104	49.8539296347058	45.9912688867787	54.8711325104247	1428.35775747599
12	1012135	1012407	272	1012271	5.56182819513428	23.0291308007389	28.5909589958731	1.242496	27.3484629958731	9.53501977362432	34.6697991076668	44.2048188812911	3.983296	40.2215228812911	31.4225785507158	44.2693390062075	975.895749762975
12	1014245	1014411	166	1014328	22.261213100927	12.5533893443264	34.8146024452534	0.758288	34.0563144452534	25.7243929241051	18.8212338125004	44.5456267366055	3.499088	41.0465387366055	39.129702315093	45.1773828585549	1215.25705209574
12	1018990	1019118	128	1019054	7.22096643677754	6.20044291462882	13.4214093514064	0.584704	12.8367053514064	8.70750070005443	9.07880925838253	17.786309958437	3.325504	14.460805958437	14.748996398731	15.9161134491704	458.061800229412
12	1022319	1022451	132	1022385	8.33579213250649	9.0691090348011	17.4049011673076	0.602976	16.8019251673076	10.474341424143	11.6399682907932	22.1143097149362	3.343776	18.7705337149362	19.3049171886786	20.6595638560586	599.555717668131
12	1024028	1024217	189	1024122.5	45.2312425394327	17.0433928348659	62.2746353742985	0.863352	61.4112833742985	47.9576053796424	20.2833675133663	68.2409728930087	3.604152	64.6368208930087	70.559755991419	71.1417452999299	2191.38495795947
12	1024908	1025125	217	1025016.5	38.854095551934	11.8429729698683	50.6970685218024	0.991256	49.7058125218024	41.1480484254832	13.3126068436065	54.4606552690897	3.732056	50.7285992690897	57.1105147162812	55.8338272019523	1773.68984815936
12	1028005	1028171	166	1028088	16.1920732127148	22.0621085117454	38.2541817244602	0.758288	37.4958937244602	21.3615923654787	29.1573720511843	50.518964416663	3.499088	47.019876416663	43.0816776088635	51.7518656681061	1337.99414339251
12	1028450	1028710	260	1028580	6.36254665097405	6.7510556057558	13.1136022567298	1.18768	11.9259222567298	11.9779760815686	14.623737063978	26.6017131455466	3.92848	22.6732331455466	13.7025334461528	24.9550233950456	425.561642864631
12	1032105	1032431	326	1032268	18.3547230598474	14.4513330902216	32.806056150069	1.489168	31.316888150069	27.2004269453609	17.9176129848535	45.1180399302144	4.229968	40.8880719302144	35.9821821799644	45.0029682598322	1117.50404569597
12	1043158	1043829	671	1043493.5	50.9845751485713	44.0201146240242	95.0046897725956	3.065128	91.9395617725956	56.0018907931814	50.5544652349249	106.556356028106	5.805928	100.750428028106	105.635848791711	110.889755879218	3280.74844946444
12	1053168	1053365	197	1053266.5	14.1210254769284	9.34281534348519	23.4638408204136	0.899896	22.5639448204136	15.8101644100606	11.545466112603	27.3556305226636	3.640696	23.7149345226636	25.9253080745507	26.1015595802351	805.166193487755
12	1054939	1055035	96	1054987	7.11616402117618	2.57105926060202	9.6872232817782	0.438528	9.2486952817782	10.9269518564061	4.0608935999427	14.9878454563488	3.179328	11.8085174563488	10.6264784981578	12.9969037716118	330.028141534031
12	1056812	1057251	439	1057031.5	16.313576013245	17.6111059201416	33.9246819333865	2.005352	31.9193299333865	20.4962724206328	21.43939415874	41.9356665793728	4.746152	37.1895145793728	36.6743700466604	40.9321952639527	1139.00142841572
12	1065286	1065498	212	1065392	10.0087306922347	31.7325314062898	41.7412620985245	0.968416	40.7728460985245	21.4093934672511	36.2700359916868	57.6794294589379	3.709216	53.9702134589379	46.8467993781025	59.4016711625417	1454.92809666467
12	1066476	1066772	296	1066624	4.59500591075076	7.10846384369402	11.7034697544448	1.352128	10.3513417544448	6.6558534114309	9.24701313533051	15.9028665467614	4.092928	11.8099385467614	11.8933868215346	12.9984678778099	369.37470394702
13	13291	13443	152	13367	14.5597355888016	8.9948073222135	23.5545429110151	0.694336	22.8602069110151	17.4990033362779	11.6267679865381	29.125771322816	3.435136	25.690635322816	26.2657044915242	28.2760910805693	307.444968120343
13	14773	14909	136	14841	17.5066035114551	11.0528547583547	28.5594582698098	0.621248	27.9382102698098	21.1893883963322	18.4629255538175	39.6523139501497	3.362048	36.2902659501497	32.1001807999954	39.9424479951723	375.738601106112
13	16814	16997	183	16905.5	24.1802573331694	17.2435974494021	41.4238547825715	0.835944	40.5879107825715	26.5045109051224	19.926159280038	46.4306701851604	3.576744	42.8539261851604	46.6343141465482	47.1666622777303	545.863341709574
13	20489	20723	234	20606	29.2757747802606	62.8172478810285	92.0930226612891	1.068912	91.0241106612891	31.086616518533	64.3982843224955	95.4849008410285	3.809712	91.6751888410285	104.584022425502	100.901202205582	1224.17548141081
13	21721	21875	154	21798	12.2585825492951	17.5338041384051	29.7923866877002	0.703472	29.0889146877002	13.4207093352716	19.7196545202891	33.1403638555607	3.444272	29.6960918555607	33.422306287094	32.6846489973354	391.214326433155
13	23714	23941	227	23827.5	64.3982843224955	69.1499938451235	133.548278167619	1.036936	132.511342167619	65.4828093198207	70.7175299754205	136.200339295241	3.777736	132.422603295241	152.251629598018	145.749357493581	1782.13371063921
13	26122	26258	136	26190	14.4023319607897	8.0791862179711	22.4815181787608	0.621248	21.8602701787608	26.5390117003347	12.5660896370567	39.1051013373915	3.362048	35.7430533373915	25.1168066350066	39.3401649654083	293.996904506266
13	26568	26799	231	26683.5	51.961897674976	35.6260211477242	87.5879188227002	1.055208	86.5327108227002	63.9871748467921	39.6905148306456	103.677689677438	3.796008	99.8816816774377	99.4235362858592	109.933580579201	1163.77102901168
13	29890	30201	311	30045.5	57.9304352443953	84.7890543113922	142.719489555788	1.420648	141.298841555788	66.8435406834539	101.646342856722	168.489883540176	4.161448	164.328435540176	162.348207596963	180.866130871229	1900.31603854942
13	33904	34051	147	33977.5	18.5573277297027	6.14604166072888	24.7033693904316	0.671496	24.0318733904316	21.6891999165379	7.82178028499601	29.5109802015339	3.412296	26.0986842015339	27.6119147699687	28.7252052077589	323.202610420522
13	37772	38028	256	37900	64.2683813283484	22.7398241324805	87.008205460829	1.169408	85.838797460829	67.8258633251067	24.658768362418	92.4846316875247	3.910208	88.5744236875247	98.6262502693075	97.488382055429	1154.43864753984
13	41921	42054	133	41987.5	7.27816775521645	21.5238961064339	28.8020638616503	0.607544	28.1945198616503	11.0890555927513	27.4535327792225	38.5425883719739	3.348344	35.1942443719739	32.3946729725218	38.7361249291466	379.185686891428
13	43585	43968	383	43776.5	47.5905969204277	93.4877548086099	141.078351729038	1.749544	139.328807729038	48.5366187253789	95.315496936421	143.8521156618	4.490344	139.3617716618	160.084696748914	153.386870318418	1873.8212220581
13	46006	46141	135	46073.5	14.1272256198361	9.96752974258984	24.094755362426	0.61668	23.478075362426	17.938213459676	12.8966972572648	30.8349107169408	3.35748	27.4774307169408	26.9756171455331	30.2427061008582	315.754628093501
13	46453	46683	230	46568	39.3521070306504	26.5485119193062	65.9006189499566	1.05064	64.8499789499566	42.3082751676654	28.7647630018991	71.0730381695645	3.79144	67.2815981695645	74.5107159358378	74.0526878367731	872.161822002903
13	51029	51565	536	51297	84.2353415488114	87.5387176886584	171.77405923747	2.448448	169.32561123747	85.5967729285794	89.5826647997997	175.179437728379	5.189248	169.990189728379	194.550140553063	187.097673030067	2277.24566761368
13	54575	54684	109	54629.5	7.24766705220269	6.72735505947954	13.9750221116822	0.497912	13.4771101116822	12.2987834758903	9.71392389720335	22.0127073730936	3.238712	18.7739953730936	15.4848026079156	20.6633738887853	181.252501552992
13	56269	56484	215	56376.5	17.7562092646431	16.6749843433817	34.4311936080248	0.98212	33.4490736080248	19.6446527915668	18.8911354236696	38.5357882152364	3.72292	34.8128682152364	38.4320004767886	38.3163678149934	449.853730944096
13	68042	68203	161	68122.5	12.5931902617017	19.426947773662	32.0201380353638	0.735448	31.2846900353638	13.5527123778229	21.3930930915421	34.945805469365	3.476248	31.469557469365	35.9451874944253	34.6365927540417	420.745121337579
13	71399	71893	494	71646	38.3037828677219	3.50368075668815	41.8074636244101	2.256592	39.5508716244101	48.7579238262623	6.03093900771632	54.7888628339786	4.997392	49.7914708339787	45.442786695356	54.8023879770198	531.916290741857
13	76886	77272	386	77079	83.9793356481057	95.1895940344724	179.168929682578	1.763248	177.405681682578	87.1213080677423	98.5985726083605	185.719880676103	4.504048	181.215832676103	203.833903530713	199.45304293195	2385.91384415627
13	79685	79875	190	79780	29.8896889304293	40.1006242832994	69.9903132137287	0.86792	69.1223932137287	32.258043518871	42.1714720144758	74.4295155333469	3.60872	70.8207955333469	79.4195940992957	77.94806316529	929.621156130337
13	82852	83072	220	82962	69.441500564091	57.8103324761346	127.251833040226	1.00496	126.246873040226	72.769377268654	60.5366953163443	133.306072584998	3.74576	129.560312584998	145.053939063681	142.599011392564	1697.88340097844
13	91064	91229	165	91146.5	3.76098668735828	47.028583966535	50.7895706538932	0.75372	50.0358506538932	10.170534421665	51.1302785069026	61.3008129285676	3.49452	57.8062929285676	57.4897188101977	63.6238062367654	672.927877207798
13	95324	95707	383	95515.5	110.836054671308	122.605125937809	233.441180609117	1.749544	231.691636609117	113.187408867906	125.980303732619	239.167712600526	4.490344	234.677368600526	266.20686698161	258.294844238576	3116.00101032843
13	97537	97714	177	97625.5	22.3485151131598	41.406254376898	63.7547694900578	0.808536	62.9462334900578	25.2779826347497	44.9368357536212	70.2148183883709	3.549336	66.6654823883709	72.3233684690619	73.3745673572172	846.558512089474
13	99456	99681	225	99568.5	52.6005123944705	68.1278702860954	120.728382680566	1.0278	119.700582680566	54.3977538192679	70.4184230812758	124.816176900544	3.7686	121.047576900544	137.532444233305	133.229570484083	1609.8429016616
13	101193	101725	532	101459	86.9329037251917	150.610071426598	237.54297515179	2.430176	235.11279915179	93.4540540318373	157.435628749551	250.889682781389	5.170976	245.718706781389	270.137681987489	270.447361298992	3162.01193284373
13	104209	104632	423	104420.5	123.941056729811	142.14247625615	266.083532985962	1.932264	264.151268985962	126.822823151934	145.474053045997	272.296876197931	4.673064	267.623812197931	303.502028623515	294.556954078798	3552.54783075499
13	110868	110942	74	110905	6.8896588004347	7.59907515184312	14.4887339522778	0.338032	14.1507019522778	15.2283509997851	15.0927478742551	30.3210988740402	3.078832	27.2422668740402	16.2587397950047	29.9838758244887	190.311580622755
13	111711	111827	116	111769	8.12608729899881	9.93032888514356	18.0564161841424	0.529888	17.5265281841424	12.8895970936124	13.1500030957364	26.0396001893489	3.270688	22.7689121893489	20.1374647149513	25.0603313924174	235.71277897041
13	115215	115602	387	115408.5	63.1362552338609	86.7689999473572	149.905255181218	1.767816	148.137439181218	65.7850162854192	90.8467939368386	156.631810222258	4.508616	152.123194222258	170.205554867055	167.432577717358	1992.28775329035
13	119031	119556	525	119293.5	135.919932832125	161.856630649666	297.776563481791	2.3982	295.378363481791	143.248401746737	170.360926666036	313.609328412773	5.139	308.470328412773	339.381040539245	339.514184536587	3972.51835460599
13	119818	120052	234	119935	54.641459436463	106.485754400802	161.127213837265	1.068912	160.058301837265	60.5168948599617	117.297603604196	177.814498464158	3.809712	174.004786464158	183.902274981032	191.516291002188	2152.61041587699
13	121388	121547	159	121467.5	21.3615923654787	38.7431929957299	60.1047853612086	0.726312	59.3784733612086	24.2433587876012	42.550780757201	66.7941395448021	3.467112	63.3270275448021	68.2241171540687	69.7001368871664	798.576011172278
13	123038	123121	83	123079.5	6.95726035858977	12.2385820883025	19.1958424468923	0.379144	18.8166984468923	9.12641035554498	15.833364944812	24.959775300357	3.119944	21.839831300357	21.6198323504259	24.0377496030516	253.064168520161
13	129563	129770	207	129666.5	29.8256874552529	58.2604428507736	88.0861303060265	0.945576	87.1405543060265	32.2276428181623	59.699576021498	91.9272188396603	3.686376	88.2408428396603	100.121930546781	97.1212302774201	1171.94586404623
13	131688	131943	255	131815.5	32.7252542876588	45.7544545989998	78.4797088866585	1.16484	77.3148688866585	51.1637792790653	65.6695136231868	116.833292902252	3.90564	112.927652902252	88.8325073732998	124.292473068704	1039.80106097087
13	135328	135416	88	135372	23.2949369273309	32.735454522765	56.0303914500959	0.401984	55.6284074500959	31.1607182265106	35.678222350915	66.8389405774256	3.142784	63.6961565774256	63.9154018642887	70.1064143503662	748.141695377188
13	137305	137405	100	137355	9.90692834578219	6.34154616693179	16.248474512714	0.4568	15.791674512714	17.0897939043688	13.1059020792477	30.1956959836165	3.1976	26.9980959836165	18.1441689391455	29.7151320487863	212.380880279293
13	140140	140438	298	140289	35.5190186814137	98.1129614154595	133.631980096873	1.361264	132.270716096873	38.1810800395321	102.322558442882	140.503638482415	4.102064	136.401574482415	151.975157329339	150.128764630919	1778.8975511881
13	140862	141003	141	140932.5	14.2656288099051	35.3443146546431	49.6099434645482	0.644088	48.9658554645482	18.6475298087794	41.3208524084595	59.9683822172389	3.384888	56.5834942172389	56.2603258497539	62.2779474325643	658.537603394545
13	141946	142181	235	142063.5	59.6158740922439	63.038352977302	122.654227069546	1.07348	121.580747069546	73.580195957295	77.8917953357803	151.471991293075	3.81428	147.657711293075	139.692697744074	162.517697239017	1635.1290717685
13	146070	146373	303	146221.5	23.1636339009143	52.8305176958857	75.9941515968	1.384104	74.6100475968	32.6382522823409	70.1813176162083	102.819569898549	4.124904	98.6946658985491	85.7247473701489	108.627105832424	1003.42415071504
13	151688	151801	113	151744.5	6.33564603093897	7.36896984812297	13.7046158790619	0.516184	13.1884318790619	11.5285657230643	11.5954672650846	23.1240329881489	3.256984	19.8670489881489	15.1531198204127	21.8664303016331	177.370092685458
13	158362	158532	170	158447	20.4260708025486	27.3526304535147	47.7787012560634	0.77656	47.0021412560634	22.4600176831937	31.6602297398015	54.1202474229952	3.51736	50.6028874229952	54.0040760569747	55.6954639592606	632.127778908916
13	159036	159352	316	159194	85.0551604448991	108.307696394926	193.362856839825	1.443488	191.919368839825	87.7209218883012	111.672773956935	199.393695845236	4.184288	195.209407845236	220.509702636057	214.854904390541	2581.10718176418
13	159920	160088	168	160004	60.1033853289391	36.066031289562	96.1694166185011	0.767424	95.4019926185011	61.6371206801586	38.2652819803111	99.9024026604697	3.508224	96.3941786604697	109.614079862624	106.095102016393	1283.05324152947
13	164295	164793	498	164544	223.786858085672	187.693926176075	411.480784261747	2.274864	409.205920261747	228.249860953871	195.248400299904	423.498261253776	5.015664	418.482597253776	470.165550977508	460.597874941301	5503.37543309408
13	165321	165534	213	165427.5	17.2222969584449	57.2485195268517	74.4708164852967	0.972984	73.4978324852967	23.8409495124295	70.4628241046795	94.303773617109	3.713784	90.589989617109	84.4468449625518	99.7067906345738	988.466064778628
13	167100	167863	763	167481.5	270.312830467462	356.691521418548	627.00435188601	3.485384	623.518967886011	281.151680293196	365.557025760444	646.70870605364	6.226184	640.48252205364	716.404931027235	704.939442000392	8385.65328609403
13	168780	168878	98	168829	7.03156207117737	12.6746921402467	19.7062542114241	0.447664	19.2585902114241	23.6221444691702	22.7636246810618	46.385769150232	3.188464	43.197305150232	22.1275529738485	47.544598236476	259.007133078092
13	169841	170362	521	170101.5	228.419164856174	680.860893230818	909.280058086992	2.379928	906.900130086992	230.821120219083	685.060590030049	915.881710249133	5.120728	910.760982249133	1042.00154062088	1002.41820270727	12196.8223064762
13	171348	171699	351	171523.5	51.2934822686024	50.4857636514153	101.779245920018	1.603368	100.175877920018	55.3072747829075	53.3203289855951	108.627603768503	4.344168	104.283435768503	115.099133479774	114.778318672645	1347.25681676604
13	178116	178536	420	178326	211.464174058895	141.283756463432	352.747930522327	1.91856	350.829370522327	213.366317901599	143.374904662516	356.741222564115	4.65936	352.081862564115	403.092614557517	387.514698978186	4718.27420704335
13	181226	181357	131	181291.5	14.9692450276256	16.2460744573949	31.2153194850205	0.598408	30.6169114850205	18.36122320967	19.1447412690561	37.5059644787261	3.339208	34.1667564787261	35.1779296066307	37.6052326453013	411.764224711363
13	192378	192684	306	192531	163.52826917943	178.931324205986	342.459593385416	1.397808	341.061785385416	185.988186860319	203.469989800143	389.458176660462	4.138608	385.319568660462	391.869946897483	424.097383410861	4586.91078969897
13	195817	196060	243	195938.5	80.1567475408902	179.875445967143	260.032193508033	1.110024	258.922169508033	91.4385075753055	206.383856962159	297.822364537464	3.850824	293.971540537464	297.493947324046	323.556266744028	3482.22211898222
13	204223	204472	249	204347.5	87.8755254517742	148.106413719541	235.981939171315	1.137432	234.844507171315	101.292234694847	164.253385892718	265.545620587565	3.878232	261.667388587565	269.829422403312	288.001087538138	3158.40369693821
13	205461	205598	137	205529.5	29.9313898915989	31.0261151240303	60.9575050156292	0.625816	60.3316890156292	35.7832247711263	35.9993297521516	71.7825545232779	3.366616	68.4159385232779	69.319333868124	75.3011860056557	811.395727005381
13	209055	209411	356	209233	349.722860797193	483.121235509672	832.844096306865	1.626208	831.217888306865	359.879694903078	492.784658242869	852.664353145947	4.367008	848.297345145947	955.044873710961	933.668346202764	11178.9783078658
13	209647	209754	107	209700.5	7.724178035352	7.79187959581204	15.516057631164	0.488776	15.027281631164	23.0032302037534	33.4954720404848	56.4987022442382	3.229576	53.2691262442382	17.2659040301546	58.630027889062	202.100625773535
13	213982	214172	190	214077	64.3578833912904	78.8913183738868	143.249201765177	0.86792	142.381281765177	71.99375939136	82.7463072279104	154.74006661927	3.60872	151.13134661927	163.591899518923	166.340912493524	1914.87368437317
13	216157	216385	228	216271	136.988357458351	81.391175993355	218.379533451706	1.041504	217.338029451706	141.529262122116	84.1345392254085	225.663801347525	3.782304	221.881497347525	249.714995081608	244.211221297427	2922.96057495092
13	217086	217279	193	217182.5	68.9392889885662	89.2883580162932	158.227647004859	0.881624	157.346023004859	71.7265532324985	92.8492400914203	164.575793323919	3.622424	160.953369323919	180.785946481124	177.151404530886	2116.13320976908
13	219887	220088	201	219987.5	63.0909541897126	6.62945280292064	69.7204069926332	0.918168	68.8022389926332	70.6424282443932	8.48759563144051	79.1300238758337	3.658968	75.4710558758337	79.0517463280248	83.0663166977645	925.315429385105
13	220860	221193	333	221026.5	271.77096407613	347.618012282329	619.388976358458	1.521144	617.867832358458	284.721862582684	353.952958297133	638.674820879817	4.261944	634.412876879817	709.911942736009	698.25895949752	8309.65164757541
13	225555	225795	240	225675	30.2734977768778	39.4840100708967	69.7575078477745	1.09632	68.6611878477745	43.1544946722634	62.8765492478716	106.031043920135	3.83712	102.193923920135	78.8896827166379	112.478522400736	923.418444598256
13	228681	228927	246	228804	93.9397652270432	88.7701460719743	182.709911299018	1.123728	181.586183299018	104.011497371405	97.5647487796516	201.576246151056	3.864528	197.711718151056	208.637176769278	217.609042356775	2442.13705294858
13	230565	231004	439	230784.5	208.262700267806	256.692716536094	464.9554168039	2.005352	462.9500648039	215.881375871422	264.375693621801	480.257069493223	4.746152	475.510917493223	531.915990253443	523.365414825002	6226.17583773328
13	233302	233444	142	233373	18.0811167534683	17.219396891601	35.3005136450693	0.648656	34.6518576450692	22.2806135480899	22.7842251558842	45.064838703974	3.389456	41.675382703974	39.8139639125137	45.8695124642789	466.029870616158
13	235697	236653	956	236175	656.49953172336	783.601961319971	1440.10149304333	4.367008	1435.73448504333	660.388221354156	787.149243081623	1447.53746443578	7.107808	1440.42965643578	1649.61663992062	1585.39170591702	19309.0703291374
13	241750	242014	264	241882	44.5147260243719	118.693035767651	163.207761792023	1.205952	162.001809792023	47.0215838051875	120.645780776666	167.667364581854	3.946752	163.720612581854	186.135308383368	180.19713778817	2178.74848818395
13	243095	243201	106	243148	21.8018025119264	35.7365236947085	57.5383262066349	0.484208	57.0541182066349	30.5730046802423	51.8942961168209	82.4673007970632	3.225008	79.2422927970632	65.5535015353637	87.2170835951634	767.315957438734
13	243874	244120	246	243997	97.7883539335492	135.071013265293	232.859367198842	1.123728	231.735639198842	103.788692235947	141.466860683819	245.255552919766	3.864528	241.391024919766	266.257424661296	265.68414992063	3116.59279739526
13	245868	246058	190	245963	128.668465692333	25.7304930647078	154.398958757041	0.86792	153.531038757041	133.949287410521	28.162949130631	162.112236541152	3.60872	158.503516541152	176.40264193436	174.455003311178	2064.82581281438
13	247445	247678	233	247561.5	76.8734718643408	93.2951503692509	170.168622233592	1.064344	169.104278233592	78.9173189731772	95.9573117296743	174.874630702852	3.805144	171.069486702851	194.29583545002	188.28558836068	2274.26897896925
13	251560	251689	129	251624.5	13.4852108219728	30.0226919960303	43.5079028180031	0.589272	42.9186308180031	17.9449136141085	41.2201500873616	59.1650637014701	3.330072	55.8349917014701	49.3122428259086	61.4541170739932	577.208996181556
13	253039	253472	433	253255.5	161.803029414206	364.441000037056	526.244029451262	1.977944	524.266085451262	176.73777364662	375.952865375191	552.690639021811	4.718744	547.971895021811	602.366292177167	603.118724723329	7050.80975669011
13	258683	259342	659	259012.5	203.818797839854	142.114075601541	345.932873441395	3.010312	342.922561441395	204.889722523705	146.144768505385	351.034491029089	5.751112	345.283379029089	394.007923784635	380.03202923372	4611.93620777312
13	262686	262937	251	262811.5	48.4474166693518	43.8351103598424	92.2825270291943	1.146568	91.1359590291943	66.7035374565056	55.2487734345041	121.95231089101	3.887368	118.06494289101	104.712532906211	129.946769967325	1225.67972054734
13	263288	263432	144	263360	30.2283967373394	21.3655924576772	51.5939891950166	0.657792	50.9361971950166	43.0811929827254	30.3293990653522	73.4105920480776	3.398592	70.0120000480776	58.5241904701072	77.0578720695985	685.036560856657
13	272914	273038	124	272976	15.6107598139641	5.07841705294252	20.6891768669066	0.566432	20.1227448669066	19.6988540408568	7.54147382418436	27.2403278650411	3.307232	23.9330958650411	23.1204412230333	26.3416762573749	270.629075151498
13	279901	280122	221	280011.5	39.8213178455374	37.492564169861	77.3138820153984	1.009528	76.3043540153984	45.4129467275507	42.2665742064958	87.6795209340465	3.750328	83.9291929340465	87.6714555465983	92.3756642800549	1026.21073286977
13	282885	283132	247	283008.5	44.823433139793	92.4340305212134	137.257463661006	1.128296	136.129167661006	63.0665536273016	109.460422964236	172.526976591537	3.869096	168.657880591537	156.408404542405	185.631282883328	1830.78953636332
13	287126	287899	773	287512.5	124.694274090794	146.737482166901	271.431756257695	3.531064	267.900692257695	133.728982332687	155.589986209152	289.318968541839	6.271864	283.047104541839	307.810005539574	311.53241667825	3602.97350374801
13	296826	297075	249	296950.5	57.3416216727724	46.1570638787813	103.498685551554	1.137432	102.361253551554	59.6322744702578	47.8902038260973	107.522478296355	3.878232	103.644246296355	117.610065719554	114.074802410587	1376.64774677747
13	302582	303086	504	302834	141.092952065562	511.635492737638	652.728444803201	2.302272	650.426172803201	144.126821993534	518.532051697116	662.658873690649	5.043072	657.615801690649	747.320517040906	723.796981700653	8747.52598436725
13	305886	306829	943	306357.5	42.0552693361087	103.675789633643	145.731058969752	4.307624	141.423434969752	48.0015063915212	108.429599204676	156.431105596197	7.048424	149.382681596197	162.491361760244	164.416265210943	1901.99168472067
13	312037	312217	180	312127	34.8206025835512	31.1277174658728	65.948320049424	0.82224	65.126080049424	36.9287511744789	33.201965275418	70.1307164498969	3.56304	66.5676764498969	74.8279479677536	73.2669184186152	875.875082082051
13	318502	318635	133	318568.5	35.3103138709556	31.1138171454829	66.4241310164386	0.607544	65.8165870164386	38.3745844996358	34.7999021064238	73.1744866060596	3.348344	69.8261426060596	75.6213201369356	76.8533102947547	885.161651240722
13	325575	325820	245	325697.5	194.10887403485	175.38054236366	369.48941639851	1.11916	368.37025639851	197.064842167255	177.488590952283	374.553433119537	3.85996	370.693473119537	423.246575837778	407.999345955905	4954.18008138637
13	330278	330672	394	330475	188.965355481376	181.874892052575	370.840247533951	1.799792	369.040455533951	199.155590357119	193.403357773335	392.558948130453	4.540592	388.018356130453	424.016614906563	427.067771622351	4963.19353225461
13	334869	335204	335	335036.5	429.107790548377	257.740440685193	686.84823123357	1.53028	685.31795123357	434.652118340143	265.714024469123	700.366142809266	4.27108	696.095062809266	787.410142869893	766.148721096398	9216.78252911086
13	337510	337778	268	337644	118.681835509495	104.671612586466	223.353448095962	1.224224	222.129224095962	128.838269606161	110.47964645642	239.31791606258	3.965024	235.35289206258	255.219936623794	259.038351072879	2987.39694205799
13	340892	341131	239	341011.5	75.0925308152524	93.8672635559449	168.959794371197	1.091752	167.868042371197	79.7077371916057	97.6006496071334	177.308386798739	3.832552	173.475834798739	192.875436852148	190.93410666612	2257.6429485583
13	343596	343703	107	343649.5	24.4507635680947	38.8925964393448	63.3433600074395	0.488776	62.8545840074395	31.5662275731361	47.3056903535878	78.8719179267239	3.229576	75.6423419267239	72.2180659126754	83.2548406449127	845.325926034084
13	347004	347384	380	347194	181.991994751687	565.730839586698	747.722834338385	1.73584	745.986994338385	186.783005180166	575.830572376449	762.613577556615	4.47664	758.136937556615	857.117086651175	834.434369898835	10032.7153024168
13	348313	348459	146	348386	32.3844464323444	24.0517543712918	56.4362008036363	0.666928	55.7692728036363	38.0271764921939	28.1468487595319	66.1740252517258	3.407728	62.7662972517258	64.0772520069225	69.0829757839305	750.036181472483
13	349850	350103	253	349976.5	162.401043197886	144.523531137322	306.924574335208	1.155704	305.768870335208	179.717342322996	166.02312668365	345.740469006646	3.896504	341.843965006646	351.319426906058	376.246479248664	4112.25939285371
13	353150	353399	249	353274.5	221.518905811413	50.676368044675	272.195273856088	1.137432	271.057841856088	254.653669537896	70.8963340966946	325.550003634591	3.878232	321.671771634591	311.437477447843	354.04419542361	3645.43373874971
13	353656	353800	144	353728	35.4291166092518	52.1926029925259	87.6217196017778	0.657792	86.9639276017778	67.4793553384095	59.574973149514	127.054328487923	3.398592	123.655736487923	99.9189916653807	136.100210198466	1169.57042660298
13	355113	355354	241	355233.5	113.269110751061	122.283918534267	235.553029285329	1.100888	234.452141285329	117.002596804555	124.669173512248	241.671770316803	3.841688	237.830082316803	269.378605555765	261.764840954197	3153.1268016862
13	361922	362016	94	361969	4.20369689143004	5.16321900755126	9.3669158989813	0.429392	8.9375238989813	5.05501651358115	7.40987079085289	12.464887304434	3.170192	9.29469530443404	10.268951743541	10.2300954293998	120.199994728529
13	366773	366982	209	366877.5	84.3066431922501	61.2230111353063	145.529654327556	0.954712	144.574942327556	87.6987213765994	63.5000636193167	151.198784995916	3.695512	147.503272995916	166.112350900245	162.347716570889	1944.37603771112
13	370575	370751	176	370663	82.9406117064537	52.7328154439367	135.67342715039	0.803968	134.86945915039	86.1299852186428	56.9763132527421	143.106298471385	3.544768	139.561530471385	154.961036563013	153.606732467524	1813.84782431343
13	379181	379607	426	379394	218.191929127595	196.719134198997	414.911063326592	1.945968	412.965095326592	222.911637912635	201.364641273754	424.276279186389	4.686768	419.589511186389	474.484732416655	461.816186547208	5553.93225711886
13	382855	383182	327	383018.5	261.673431337088	271.257752247059	532.931183584147	1.493736	531.437447584147	265.403217305297	274.217320462443	539.62053776774	4.234536	535.38600176774	610.605976066173	589.266211560045	7147.25679283928
13	387058	387274	216	387166	65.9542201854168	107.621980589793	173.57620077521	0.986688	172.58951277521	69.9849130892607	118.944141555414	188.929054644674	3.727488	185.201566644674	198.300267295722	203.839893443901	2321.14160032
13	387766	389069	1303	388417.5	2256.24840449511	2474.66213873512	4730.91054323023	5.952104	4724.95843923023	2259.76898564134	2478.30422268187	4738.07320832321	8.692904	4729.38030432321	5428.83809331381	5205.33597395814	63545.5620490959
13	389533	389659	126	389596	4.27049843114541	6.4299482045192	10.7004466356646	0.575568	10.1248786356646	5.54072770878706	9.29481423710288	14.8355419458899	3.316368	11.5191739458899	11.6331873675549	12.6784412909257	136.168627059291
13	390910	391060	150	390985	26.2518050804806	32.9082585057413	59.1600635862219	0.6852	58.4748635862219	43.4401012552381	39.8583186983737	83.2984199536118	3.426	79.8724199536118	67.1858961345548	87.9106255277401	786.423440570209
13	392531	392735	204	392633	79.370629421575	62.4418392281969	141.812468649772	0.931872	140.880596649772	83.4148226365889	65.5229102441109	148.9377328807	3.672672	145.2650608807	161.867656517559	159.884255125415	1894.69109856979
13	396402	397064	662	396733	1211.981335079	986.344434351507	2198.3257694305	3.024016	2195.3017534305	1217.89727143601	993.037588622689	2210.93486005869	5.764816	2205.1700440587	2522.33706150519	2427.09408430122	29524.4255760764
13	397742	397944	202	397843	274.185919738684	95.4424998637241	369.628419602408	0.922736	368.705683602408	289.606775175523	100.588418472517	390.19519364804	3.663536	386.53165764804	423.631971816489	425.431454685466	4958.69121317143
13	405647	405737	90	405692	21.3452919897697	14.7155391799342	36.0608311697039	0.41112	35.6497111697039	29.2516742247645	25.4293861244639	54.6810603492284	3.15192	51.5291403492284	40.9604682248282	56.7149331851756	479.449917349079
13	406067	406273	206	406170	111.995281390441	110.873955544889	222.86923693533	0.941008	221.92822893533	119.682058563737	118.989842608782	238.671901172519	3.681808	234.990093172519	254.988999103677	258.639040805523	2984.69377532843
13	407558	407782	224	407670	131.292626176871	46.1776643536037	177.470290530474	1.023232	176.447058530474	139.040304753889	58.8929574296654	197.933262183554	3.764032	194.169230183555	202.732473761075	213.710045264556	2373.02140334919
13	408116	408327	211	408221.5	43.6037050261578	35.3612150441819	78.9649200703396	0.963848	78.0010720703396	124.281564578211	56.396099879346	180.677664457557	3.704648	176.973016457557	89.6209346221812	194.783237910539	1049.02974891548
13	408563	409010	447	408786.5	523.735471631262	33.014860962832	556.750332594094	2.041896	554.708436594094	572.87070415415	49.2519352127802	622.12263936693	4.782696	617.33994336693	637.343657091548	679.467839038379	7460.22633428489
13	410415	410574	159	410494.5	26.836618559905	2.17265007762892	29.0092686375339	0.726312	28.2829566375339	31.5228265727821	3.45977974480934	34.9826063175915	3.467112	31.5154943175915	32.4962842234865	34.6871525976611	380.37506552864
13	411329	411523	194	411426	139.67381935583	94.4117761064692	234.0855954623	0.886192	233.1994034623	142.650387963058	97.8545554594348	240.504943422493	3.626992	236.877951422493	267.939246691118	260.716889451642	3136.27883781766
13	413515	413800	285	413657.5	109.849831939762	105.483931309682	215.333763249444	1.30188	214.031883249444	124.405567436365	116.130276698361	240.535844134726	4.04268	236.493164134726	245.916330463549	260.293377916843	2878.49649736351
13	420259	420329	70	420294	19.1519414350134	37.3852616966356	56.537203131649	0.31976	56.217443131649	66.9505431497645	99.8954024991223	166.845945648887	3.06056	163.785385648887	64.5921865148766	180.268429491157	756.06358589383
13	422222	422347	125	422284.5	19.7433550665654	28.7418624740625	48.4852175406279	0.571	47.9142175406279	22.4697179067751	33.931682094734	56.4014000015091	3.3118	53.0896000015091	55.0520248466488	58.4324344731354	644.394214874382
13	424747	424954	207	424850.5	56.1867950550582	50.7700702044254	106.956865259484	0.945576	106.011289259484	58.7880550117591	53.4491319543876	112.237186966147	3.686376	108.550810966147	121.803849251837	119.475154241222	1425.73676492288
13	429717	429916	199	429816.5	47.2656894316025	62.4712399058561	109.736929337459	0.909032	108.827897337459	52.9214197910972	73.6855983867262	126.607018177823	3.649832	122.957186177823	125.040048982334	135.331359138749	1463.61708613394
13	431316	432211	895	431763.5	178.679618404394	620.765708090886	799.445326495279	4.08836	795.356966495279	191.181306557054	634.2477188391	825.429025396154	6.82916	818.599865396154	913.841730678913	900.98216963621	10696.6878366533
13	433700	434012	312	433856	54.2776510510071	62.1905334358246	116.468184486832	1.425216	115.042968486832	73.5643955931109	82.5449025857146	156.109298178825	4.166016	151.943282178825	132.180982694731	167.234559674493	1547.20304661201
13	434291	434711	420	434501	694.270402307934	405.445845161832	1099.71624746977	1.91856	1097.79768746977	707.515607597995	415.213970308325	1122.72957790632	4.65936	1118.07021790632	1261.33721198585	1230.59063813474	14764.1872333228
13	436102	436353	251	436227.5	133.010865780747	120.149569339439	253.160435120187	1.146568	252.013867120187	137.983980406564	124.224163255162	262.208143661726	3.887368	258.320775661726	289.556511334793	284.317677972225	3389.31295085157
13	438890	439311	421	439100.5	82.3627983883768	87.8095239304985	170.172322318875	1.923128	168.249194318875	89.1169540655864	92.6577356774159	181.774689743002	4.663928	177.110761743002	193.313369214836	194.934845614601	2262.76902851283
13	445236	445475	239	445355.5	58.1826410575123	68.5293795405223	126.712020598035	1.091752	125.620268598035	63.040853034926	82.2842965789807	145.325149613907	3.832552	141.492597613907	144.333989013547	155.732138465411	1689.45625141223
13	448328	448475	147	448401.5	35.4728176165207	35.976429224315	71.4492468408358	0.671496	70.7777508408358	42.7805860540062	47.0755850498676	89.8561711038739	3.412296	86.4438751038739	81.3215512613909	95.1434191907159	951.88391931856
13	449034	449173	139	449103.5	27.1936267886234	29.7681861298991	56.9618129185225	0.634952	56.3268609185225	36.8534494388417	39.5633118987325	76.4167613375742	3.375752	73.0410093375742	64.7179043295631	80.3917149846327	757.535136353896
13	451428	451570	142	451499	25.2073810074457	49.539841848769	74.7472228562147	0.648656	74.0985668562147	27.5318345840087	54.7734624790143	82.305297063023	3.389456	78.915841063023	85.1370710626853	86.8577783911799	996.545289968262
13	453548	453970	422	453759	279.610444769104	232.809266044055	512.419710813159	1.927696	510.492014813159	281.590190400459	235.21132140927	516.801511809729	4.668496	512.133015809729	586.540290670091	563.673090152884	6865.56345840843
13	457392	457486	94	457439	13.2626056911249	9.57612072096416	22.8387264120891	0.429392	22.4093344120891	31.0252151032856	24.8277722578057	55.8529873610913	3.170192	52.6827953610913	25.7476652687716	57.9846898019775	301.381222433427
13	457970	458351	381	458160.5	140.582240294116	65.4115076763819	205.993747970497	1.740408	204.253339970497	145.36975064192	69.9152114827014	215.284962124622	4.481208	210.803754124622	234.681072221042	232.018635462082	2746.98570490387
13	464936	465026	90	464981	35.3307143411681	20.0983632491845	55.4290775903526	0.41112	55.0179575903526	49.6501443911434	29.8054869896503	79.4556313807937	3.15192	76.3037113807937	63.214012953623	83.9827690392944	739.931807409052
13	465361	465981	620	465671	253.225936629937	206.723864799033	459.949801428971	2.83216	457.117641428971	261.081417691706	214.683948271793	475.765365963499	5.57296	470.192405963499	525.214707564635	517.511658600688	6147.736074456
13	469585	469767	182	469676	37.4150623835146	59.859479707134	97.2745420906486	0.831376	96.4431660906486	40.9458437648477	66.4715321089911	107.417375873839	3.572176	103.845199873839	110.810357518828	114.295979566718	1297.05589453248
13	472508	473098	590	472803	17.6648071579068	98.7356757684649	116.400482926372	2.69512	113.705362926372	21.7393010713244	107.203370941218	128.942672012542	5.43592	123.506752012542	130.64411329919	135.936232214172	1529.21370379924
13	475607	475690	83	475648.5	7.40677071939903	15.0434467379083	22.4502174573073	0.379144	22.0710734573073	16.0328695432135	26.1228021070782	42.1556716502917	3.119944	39.0357276502917	25.3590133937512	42.9642076408937	296.831979775036
13	477699	478093	394	477896	174.829529663313	492.073341847666	666.902871510979	1.799792	665.103079510979	178.346610728866	497.310462558585	675.657073287452	4.540592	671.116481287452	764.18385060288	738.656343531605	8944.91444775443
13	478793	478904	111	478848.5	15.8882662102368	30.6379061761634	46.5261723864002	0.507048	46.0191243864002	19.8987586484781	34.1887880207942	54.0875466692722	3.247848	50.8396986692722	52.8746186242725	55.9561074304903	618.907269080122
13	482524	482691	167	482607.5	20.0694625830501	56.3119979408721	76.3814605239222	0.762856	75.6186045239222	37.899373546451	71.4970479426081	109.396421489059	3.503656	105.892765489059	86.8835495766988	116.549608217855	1016.98814659284
13	483485	483822	337	483653.5	139.263009887042	87.9571273326241	227.220137219666	1.539416	225.680721219666	149.07173596935	97.5498484362121	246.621584405562	4.280216	242.341368405562	259.300502224832	266.730134133342	3035.16072320953
13	486351	486504	153	486427.5	28.6440602198086	20.5543737598163	49.1984339796249	0.698904	48.4995299796249	33.0429616105266	23.7947484475366	56.8377100580632	3.439704	53.3980060580632	55.7245316011918	58.771877917618	652.266031820237
13	492005	492226	221	492115.5	137.160661429802	214.608546533851	351.769207963653	1.009528	350.759679963653	140.147230267526	218.791142938934	358.93837320646	3.750328	355.18804520646	403.012542158036	390.933481822759	4717.33694467852
13	493916	494022	106	493969	21.2973908856924	19.2804443968911	40.5778352825834	0.484208	40.0936272825834	55.6911836316609	45.3044442266657	100.995627858327	3.225008	97.7706198583266	46.0663969620599	107.610065589251	539.215765181165
13	494400	494952	552	494676	245.685362826498	288.551450851247	534.236813677745	2.521536	531.715277677745	264.539197390416	309.91554327435	574.454740664766	5.262336	569.192404664766	610.925194661426	626.474825337447	7150.99330601266
13	497485	497665	180	497575	46.3223676888854	49.5392418349393	95.8616095238246	0.82224	95.0393695238246	50.3798612104593	53.1303246061652	103.510185816624	3.56304	99.9471458166245	109.197436606347	110.005632902505	1278.17635453468
13	500870	501102	232	500986	87.713221710819	194.296078349741	282.00930006056	1.059776	280.94952406056	90.9801970116594	204.013302323008	294.993499334667	3.800576	291.192923334667	322.802728983757	320.498014890111	3778.46612694498
13	501853	502126	273	501989.5	282.127402782721	262.11334147662	544.240744259341	1.247064	542.993680259341	284.637560639601	263.231567250718	547.869127890319	3.987864	543.881263890319	623.883747070762	598.616420401241	7302.67557799054
13	504737	505180	443	504958.5	722.291548170127	91.6572126162598	813.948760786387	2.023624	811.925136786387	723.609178540321	94.3532747580658	817.962453298387	4.764424	813.198029298387	932.878070399084	895.036703220784	10919.5117422632
13	509330	509701	371	509515.5	97.3653441835552	150.35986565958	247.725209843136	1.694728	246.030481843136	104.629511616077	157.610432778627	262.239944394704	4.435528	257.804416394704	282.681777866382	283.749353309127	3308.84291386042
13	510331	510626	295	510478.5	252.261814407788	307.072977755773	559.334792163561	1.34756	557.987232163561	259.205274448293	328.783078154048	587.988352602341	4.08836	583.899992602341	641.110896638021	642.662556425942	7504.32257555041
13	510857	511141	284	510999	134.667703969376	101.54194045034	236.209644419716	1.297312	234.912332419716	151.055581695209	131.155823023681	282.21140471889	4.038112	278.17329271889	269.907351616223	306.168113877498	3159.31587290467
13	511810	511968	158	511889	30.4377015616272	23.7711479035653	54.2088494651925	0.721744	53.4871054651925	33.6911765512976	25.906297116833	59.5974736681307	3.462544	56.1349296681307	61.4551089464899	61.7842402164241	719.343508070868
13	513346	513569	223	513457.5	165.654618189861	172.511976245793	338.166594435654	1.018664	337.147930435654	169.631109844415	173.609901551983	343.241011396398	3.759464	339.481547396398	387.373042825998	373.646312507812	4534.27368912761
13	513970	514415	445	514192.5	357.978151074204	221.890914385876	579.86906546008	2.03276	577.83630546008	360.768815396505	223.424649737095	584.1934651336	4.77356	579.4199051336	663.9168972865	637.731601635481	7771.27106515161
13	517333	517756	423	517544.5	69.6383051002585	49.5628423789105	119.201147479169	1.932264	117.268883479169	73.8382019040999	52.225003739334	126.063205643434	4.673064	121.390141643434	134.738493466158	133.606610278905	1577.13918702061
13	523422	523678	256	523550	163.910077979779	122.404221307138	286.314299286917	1.169408	285.144891286917	168.373180850284	124.123760940979	292.496941791263	3.910208	288.586733791263	327.623082370315	317.629543481111	3834.88926205401
13	527541	527937	396	527739	87.7395223170243	76.7979701240936	164.537492441118	1.808928	162.728564441118	91.8578172400158	79.7237375603998	171.581554800416	4.549728	167.031826800416	186.97032807174	183.841586189498	2188.52254931961
13	531865	532030	165	531947.5	19.2802443922811	11.3120607328191	30.5923051251002	0.75372	29.8385851251002	35.6134208572989	16.3295763820391	51.942997239338	3.49452	48.448477239338	34.283655541343	53.3242381093535	401.296580046362
13	534828	534947	119	534887.5	14.2865292916424	17.0770936116385	31.3636229032808	0.543592	30.8200309032808	16.7832868396568	20.343868907869	37.1271557475257	3.284392	33.8427637475258	35.4113078362015	37.2486339134386	414.495960400141
13	535952	536148	196	536050	12.5388890101068	19.1554415156871	31.6943305257939	0.895328	30.7990025257939	19.4278477944067	25.2605822336861	44.6884300280928	3.636128	41.0523020280928	35.3871468497696	45.1837261565299	414.213151549317
13	540032	541348	1316	540690	632.496078465366	592.380753843237	1224.8768323086	6.011488	1218.8653443086	633.844109536269	593.573381332227	1227.4174908685	8.752288	1218.6652028685	1400.44038416571	1341.30930745908	16392.4157984495
13	545618	545903	285	545760.5	86.6757977991315	66.7957395816816	153.471537380813	1.30188	152.169657380813	90.1589780833022	70.0661149608907	160.225093044193	4.04268	156.182413044193	174.838454826717	171.900308455923	2046.51671108825
13	556517	557389	872	556953	340.730053521079	687.386143631967	1028.11619715305	3.983296	1024.13290115305	343.969928197274	692.035150787398	1036.00507898467	6.724096	1029.28098298467	1176.6985419879	1132.86582665883	13773.4758207405
13	558618	559096	478	558857	172.796382801108	180.193653301535	352.990036102643	2.183504	350.806532102643	187.866430152136	191.303609376024	379.17003952816	4.924304	374.24573552816	403.066373885907	411.909101170059	4717.96705508978
13	559836	560048	212	559942	105.32572766323	49.5602423189815	154.885969982212	0.968416	153.917553982212	130.843515825281	65.5222102279761	196.365726053257	3.709216	192.656510053257	176.846736544935	212.045087911567	2070.02402302932
13	560658	561057	399	560857.5	257.853143282886	27.0922244513908	284.945367734277	1.822632	283.122735734277	300.823433709408	35.4985182088962	336.321951918304	4.563432	331.758519918304	325.29968519424	365.146054509351	3807.69346492777
13	562639	563080	441	562859.5	109.702828551466	113.389713530847	223.092542082313	2.014488	221.078054082313	120.683881654857	123.052836257129	243.736717911986	4.755288	238.981429911986	254.01217323581	263.032057940376	2973.25984642306
13	564240	564369	129	564304.5	6.91645941816481	14.2048274084875	21.1212868266523	0.589272	20.5320148266523	8.73070123480588	16.5899823841631	25.3206836189689	3.330072	21.9906116189689	23.5906803534918	24.2037041607593	276.133311846136
13	568388	568535	147	568461.5	11.3057605876064	14.2319280331325	25.5376886207389	0.671496	24.8661926207389	18.3671233456628	21.3067911023589	39.6739144480217	3.412296	36.2616184480217	28.5705229943015	39.9109174639409	334.423298411777
13	571985	572218	233	572101.5	43.2979979798855	42.5822814832644	85.8802794631498	1.064344	84.8159354631498	49.9400510732315	49.8290485147224	99.7690995879539	3.805144	95.9639555879539	97.4510119579821	105.621582127509	1140.68226399125
13	572798	573012	214	572905	38.4014851196709	49.2548352796241	87.656320399295	0.977552	86.678768399295	52.9638207684016	82.723006690854	135.686827459256	3.718352	131.968475459256	99.5913521398678	145.249527112152	1165.73534487088
13	574848	575012	164	574930	27.3123295246146	61.1435093028606	88.4558388274752	0.749152	87.7066868274752	40.1215247650367	74.5636186243024	114.685143389339	3.489952	111.195191389339	100.772400140924	122.385659986148	1179.55973192093
13	577464	577729	265	577596.5	140.405436218941	45.5718503901371	185.977286609078	1.21052	184.766766609078	143.226401239646	47.8017017862049	191.02810302585	3.95132	187.07678302585	212.291573322114	205.903827968044	2484.91244593482
13	584125	584272	147	584198.5	8.95730645785233	35.0470078019877	44.0043142598401	0.671496	43.3328182598401	11.3897625237754	39.0607003139878	50.4504628377633	3.412296	47.0381668377633	49.7881319984667	51.7719968017443	582.779367672378
13	586646	586775	129	586710.5	8.92680575483857	8.60249827984315	17.5293040346817	0.589272	16.9400320346817	23.587543671653	23.9828527831722	47.5703964548252	3.330072	44.2403244548252	19.4635979119467	48.6925849828091	227.825042403741
13	589654	590268	614	589961	161.294817700384	258.946368480743	420.241186181127	2.804752	417.436434181127	164.176784127116	264.700001096797	428.876785223913	5.545552	423.331233223913	479.62216907643	465.934468240197	5614.06691105873
13	592254	592383	129	592318.5	11.0626549842411	18.128017834496	29.190672818737	0.589272	28.601400818737	14.7012388503245	21.536996408384	36.2382352587085	3.330072	32.9081632587085	32.862167209283	36.2199770424164	384.657794093574
13	592742	593214	472	592978	280.759171246215	245.893167616211	526.652338862427	2.156096	524.496242862426	282.634114461969	250.582575702847	533.216690164816	4.896896	528.319794164816	602.630736264296	581.488874516261	7053.90512403361
13	594690	594845	155	594767.5	36.0910318658028	41.7137614646596	77.8047933304624	0.70804	77.0967533304624	45.750954518326	52.6575137082995	98.4084682266255	3.44884	94.9596282266255	88.5818990228876	104.516181206637	1036.86764350522
13	599224	599308	84	599266	4.49040349975933	14.4791337310014	18.9695372307607	0.383712	18.5858252307607	6.65935349210461	21.7600015484518	28.4193550405564	3.124512	25.2948430405564	21.3545658244699	27.8404670299559	249.959174376858
13	603273	603504	231	603388.5	49.2868360172123	53.2640276879009	102.550863705113	1.055208	101.495655705113	57.2944205848298	60.9302043863743	118.224624971204	3.796008	114.428616971204	116.615519286461	125.944491253114	1365.00639535227
13	605767	606054	287	605910.5	64.9949980762105	118.24972554975	183.24472362596	1.311016	181.93370762596	67.5794576456776	120.246371570644	187.825829216321	4.051816	183.774013216321	209.036471986099	202.268673804711	2446.81087790711
13	608266	608579	313	608422.5	116.204378406339	73.5623955470116	189.766773953351	1.429784	188.336989953351	118.096322013936	75.2819351808526	193.378257194789	4.170584	189.207673194789	216.393654799085	208.249166794526	2532.92807442564
13	610007	610807	800	610407	158.818860631801	146.322172594389	305.141033226191	3.6544	301.486633226191	169.191299707187	156.21860069815	325.409900405337	6.3952	319.014700405337	346.399262582703	351.119721694492	4054.66795212046
13	611070	611650	580	611360	114.740944675509	117.582310166426	232.323254841934	2.64944	229.673814841934	131.82413842775	140.917148013437	272.741286441187	5.39024	267.351046441187	263.888449197392	294.256737704838	3088.86349791225
13	615986	616414	428	616200	187.237615658528	146.094867355208	333.332483013736	1.955104	331.377379013736	190.490990645894	149.689650211718	340.180640857611	4.695904	335.484736857611	380.742849189028	369.247270701083	4456.66603645613
13	618283	618425	142	618354	22.7944253909904	13.4245094228602	36.2189348138506	0.648656	35.5702788138506	26.1087017820784	16.012469073001	42.1211708550794	3.389456	38.7317148550794	40.8692027872917	42.6295995870615	478.381638386946
13	619528	619704	176	619616	30.4375015570173	41.3457529823953	71.7832545394126	0.803968	70.9792865394126	32.0658390887319	44.305621204694	76.3714602934259	3.544768	72.8266922934259	81.5531098436871	80.1558294884467	954.594355696728
13	624326	624498	172	624412	13.8716197283504	28.2045500894956	42.076169817846	0.785696	41.290473817846	17.9801144254555	35.6309212606674	53.6110356861229	3.526496	50.0845396861229	47.4415383831012	55.1249507105599	555.312051899437
13	625649	625785	136	625717	29.2789748540195	16.8712888680243	46.1502637220438	0.621248	45.5290157220438	63.4062614572613	34.6877995225602	98.0940609798215	3.362048	94.7320129798215	52.3114982029731	104.265659202448	612.31583955916
13	626073	626176	103	626124.5	20.6222753248863	15.0603471274471	35.6826224523334	0.470504	35.2121184523334	52.8204174630844	27.0619237529869	79.8823412160714	3.211304	76.6710372160714	40.4576870799839	84.3870618348616	473.564770308837
13	628865	628962	97	628913.5	12.1441799124173	8.47099524881664	20.6151751612339	0.443096	20.1720791612339	29.2144733673183	16.3670772464002	45.5815506137185	3.183896	42.3976546137185	23.1771248742856	46.6644724194628	271.292567857654
13	632013	632190	177	632101.5	25.0513774117032	19.9864606699307	45.037838081634	0.808536	44.229302081634	28.4603559855913	22.912028101627	51.3723840872184	3.549336	47.8230480872184	50.8181655076265	52.6358669792682	594.836101939251
13	637122	637312	190	637217	51.2154804707312	40.3452299212392	91.5607103919704	0.86792	90.6927903919704	54.5027562394791	43.4163007066569	97.919056946136	3.60872	94.310336946136	104.20334519367	103.80154650982	1219.71958343776
13	645408	645622	214	645515	108.163993082694	107.035667075795	215.199660158488	0.977552	214.222108158488	110.768753120068	109.204717070445	219.973470190513	3.718352	216.255118190513	246.134893281783	238.018614244374	2881.05481590037
13	646906	647026	120	646966	24.2375586539133	7.97048371247618	32.2080423663895	0.54816	31.6598823663895	27.1327253849008	10.6631457759134	37.7958711608142	3.28896	34.5069111608142	36.3762724330948	37.9796198354718	425.791050917316
13	652994	653244	250	653119	18.2436204990333	34.3076907613953	52.5513112604287	1.142	51.4093112604287	37.6872686576242	59.7823779300075	97.4696465876317	3.8828	93.5868465876317	59.0677845977224	103.005245483555	691.399431469512
13	653530	653870	340	653700	88.5536410817292	33.8092792734591	122.362920355188	1.55312	120.809800355188	106.277249594954	60.5373953324791	166.814644927433	4.29392	162.520724927433	138.806902674203	178.876495765249	1624.76067532568
13	654557	654935	378	654746	30.9171126116205	25.7239929148852	56.6411055265057	1.726704	54.9144015265057	35.860026541338	30.9709138516906	66.8309403930286	4.467504	62.3634363930286	63.0950300860621	68.6395717890436	738.539090760773
13	659330	659449	119	659389.5	17.34409976589	16.4655795167889	33.8096792826789	0.543592	33.2660872826789	30.8933120630392	28.669960816794	59.5632728798333	3.284392	56.2788808798333	38.2217545780427	61.942678399136	447.392763500477
13	661787	662277	490	662032	67.7580617623417	33.0685622005972	100.826623962939	2.23832	98.5883039629389	75.3499367482275	37.1261557244761	112.476092472704	4.97912	107.496972472704	113.275057758265	118.315259483838	1325.90567036029
13	664420	664626	206	664523	63.6368667725063	70.1924178720592	133.829284644565	0.941008	132.888276644565	66.3597295320423	73.3207899782207	139.680519510263	3.681808	135.998711510263	152.684716211043	149.685358309884	1787.20307019047
13	667062	667529	467	667295.5	503.879813976223	709.995264751861	1213.87507872808	2.133256	1211.74182272808	510.802773544211	716.002403210996	1226.80517675521	4.874056	1221.93112075521	1392.25566766243	1344.90390099349	16296.6121657986
13	668227	668460	233	668343.5	101.157731594672	85.1745631970251	186.332294791697	1.064344	185.267950791697	104.860516940542	87.0360061016087	191.89652304215	3.805144	188.09137904215	212.867419187715	207.020530961426	2491.6528291539
13	674859	675789	930	675324	558.730478234669	630.15082440937	1188.88130264404	4.24824	1184.63306264404	562.196758129301	633.867210068715	1196.06396819802	6.98904	1189.07492819802	1361.10850069799	1308.74112488329	15932.02876932
13	683865	684442	577	684153.5	387.679735668998	456.648925346748	844.328661015745	2.635736	841.692925015745	392.554948038255	461.632140205365	854.18708824362	5.376536	848.81055224362	967.080382392238	934.233201468298	11319.8561809121
13	687281	687499	218	687390	71.1242393497056	83.7486303305558	154.872869680261	0.995824	153.877045680261	74.3945147266098	87.3266127998316	161.721127526441	3.736624	157.984503526441	176.800193698992	173.883757832367	2069.47923033999
13	688862	689060	198	688961	88.8896488264052	17.1817960249349	106.07144485134	0.904464	105.16698085134	93.1027459345018	20.2629670431538	113.365712977656	3.645264	109.720448977656	120.833763756359	120.762502355784	1414.38173333302
13	693138	693369	231	693253.5	78.1338009137911	42.6396828063132	120.773483720104	1.055208	119.718275720104	81.9752894566447	46.8967809285936	128.872070385238	3.796008	125.076062385238	137.552773014662	137.6634749419	1610.08085383753
13	695133	695350	217	695241.5	128.89487091077	97.2794422035918	226.174313114362	0.991256	225.183057114362	132.743259612666	101.67834359431	234.421603206976	3.732056	230.689547206976	258.728700824397	253.905696227241	3028.46768120928
13	696502	696722	220	696612	188.346841225179	32.5830510100012	220.92989223518	1.00496	219.92493223518	191.147505777976	34.7183002255739	225.86580600355	3.74576	222.12004600355	252.687270193707	244.473777027956	2957.75160929683
13	701187	701720	533	701453.5	553.590259757259	639.904849230864	1193.49510898812	2.434744	1191.06036498812	556.330222910944	641.455484971622	1197.78570788257	5.175544	1192.61016388257	1368.49328180275	1312.63213983685	16018.4690089892
13	706937	707135	198	707036	30.1536950155319	28.51815731786	58.6718523333919	0.904464	57.7673883333919	33.1739646300283	32.6229519296815	65.7969165597098	3.645264	62.1516525597098	66.3730279046988	68.4064744411164	776.908666386453
13	712038	712294	256	712166	70.9218346844602	23.7808481271467	94.7026828116069	1.169408	93.5332748116069	84.0416370840978	27.4937337058177	111.535370789915	3.910208	107.625162789915	107.466978137561	118.456350626177	1257.92101552631
13	715430	715741	311	715585.5	199.973609211717	415.81228409892	615.785893310637	1.420648	614.365245310637	205.919746264825	425.813014606757	631.732760871582	4.161448	627.571312871582	705.887573371723	690.728873744498	8262.54565385243
13	716240	716476	236	716358	62.8760492363468	49.7257461336955	112.601795370042	1.078048	111.523747370042	70.9208346614106	58.5369492239967	129.457783885407	3.818848	125.638935885407	128.137501275086	138.282994940437	1499.87334271776
13	720708	720814	106	720761	11.3598618345915	10.184034732835	21.5438965674265	0.484208	21.0596885674265	18.2355203123313	15.4516561467678	33.6871764590991	3.225008	30.4621684590991	24.1969619412772	33.5278220658156	283.229950867897
13	721446	721550	104	721498	16.5165806923201	29.9517903618114	46.4683710541315	0.475072	45.9932990541315	19.5367503045115	35.8407260964801	55.3774764009916	3.215872	52.1616044009916	52.84494607807	57.411047193573	618.559946394594
13	724439	724542	103	724490.5	10.6705459464806	12.3058836395427	22.9764295860233	0.470504	22.5059255860233	14.2516284872102	16.8633886859323	31.1150171731425	3.211304	27.9037131731425	25.8586456829437	30.711888797438	302.680268872793
13	731302	731446	144	731374	24.6258676040851	24.6155673666739	49.2414349707591	0.657792	48.5836429707591	32.1232404117807	29.494479821215	61.6177202329958	3.398592	58.2191282329958	55.821174950818	64.078188486274	653.397260246051
13	732135	732241	106	732188	22.3892160512798	14.2322280400474	36.6214440913272	0.484208	36.1372360913272	38.3032828561971	33.6101746842775	71.9134575404746	3.225008	68.6884495404746	41.5206200018202	75.6011220035743	486.006598334942
13	733278	733412	134	733345	15.6343603579354	10.0928326307086	25.7271929886441	0.612112	25.1150809886441	21.7362009998706	15.421155443754	37.1573564436246	3.352912	33.8044444436246	28.8564883990864	37.2064582290447	337.770576790926
13	738997	739133	136	739065	21.0441850495257	15.5428582488942	36.5870432984199	0.621248	35.9657952984199	25.8281953166568	19.2894446043377	45.1176399209945	3.362048	41.7555919209945	41.3236395798221	45.9577937814778	483.700905769906
13	742839	742949	110	742894	51.5627884758681	34.1041860707954	85.6669745466635	0.50248	85.1644945466635	73.3839914349574	43.6223054548809	117.006296889838	3.24328	113.763016889838	97.8514960796282	125.211906469303	1145.37000530243
13	746054	746193	139	746123.5	38.1758799196741	15.4620563864839	53.637936306158	0.634952	53.002984306158	41.1827492253054	17.7696095735081	58.9523587988135	3.375752	55.5766067988135	60.8988679924691	61.1697288154096	712.832603997028
13	751324	751911	587	751617.5	739.494844690629	922.527363425457	1662.02220811609	2.681416	1659.34079211609	743.089427542528	925.034221206273	1668.1236487488	5.422216	1662.7014327488	1906.53370138361	1830.03248309878	22316.3324338546
13	756456	756539	83	756497.5	12.5798899551416	19.8078565532666	32.3877465084082	0.379144	32.0086025084082	21.7806020232742	28.8700654290252	50.6506674522995	3.119944	47.5307234522995	36.77694160622	52.314123359533	430.480958290561
13	758914	759664	750	759289	362.431353716517	204.086804017156	566.518157733673	3.426	563.092157733672	367.772976836122	209.536529628426	577.309506464549	6.1668	571.142706464549	646.976305774417	628.62140173123	7572.97828305424
13	760254	760421	167	760337.5	11.8232725157906	5.33842304584666	17.1616955616373	0.762856	16.3988395616373	14.0734243797659	7.01406166780883	21.0874860475748	3.503656	17.5838300475748	18.841783698919	19.3534326311077	220.546591107574
13	772659	772776	117	772717.5	20.1929654296796	6.57245148909165	26.7654169187713	0.534456	26.2309609187713	31.1712184685318	18.5406273447738	49.7118458133056	3.275256	46.4365898133056	30.1386015753508	51.1098782312302	352.777950559655
13	773836	774641	805	774238.5	142.253278810049	89.1471547616853	231.400433571735	3.67724	227.723193571735	143.881716344069	92.6507355160685	236.532451860137	6.41804	230.114411860137	261.647242805106	253.272680373545	3062.62975923413
13	775812	775883	71	775847.5	7.22746658660014	11.1167562312261	18.3442228178263	0.324328	18.0198948178263	10.6836462484308	19.0602393213622	29.7438855697931	3.065128	26.678757569793	20.7043284470584	29.3636560357826	242.348024642289
13	777359	777920	561	777639.5	178.232108089684	104.814515880259	283.046623969942	2.562648	280.483975969942	192.618739688594	114.755145002813	307.373884691407	5.303448	302.070436691407	322.267827938357	332.47022011355	3772.20501048022
13	779172	779474	302	779323	106.131246229708	98.5627717831836	204.694018012892	1.379536	203.314482012892	109.830731499514	101.78594607445	211.616677573964	4.120336	207.496341573964	233.602352077783	228.37837132115	2734.35908450759
13	782400	782607	207	782503.5	64.4670859083102	83.813231819562	148.280317727872	0.945576	147.334741727872	66.9298426726371	86.3065892892077	153.236431961845	3.686376	149.550055961845	169.283279133167	164.600483808426	1981.49234387368
13	784372	784474	102	784423	19.8240569266706	16.3846776520738	36.2087345787444	0.465936	35.7427985787444	25.4325861982227	24.3751618255426	49.8077480237652	3.206736	46.6010120237653	41.0674229163258	51.2908475743471	480.701841953972
13	788855	789142	287	788998.5	61.5478186218265	57.3822226085874	118.930041230414	1.311016	117.619025230414	63.095154286521	60.0952851422371	123.190439428758	4.051816	119.138623428758	135.140796026417	131.128503633905	1581.84821349479
13	789867	790101	234	789984	109.99023517593	160.204392567066	270.194627742996	1.068912	269.125715742996	111.831377612606	162.944255718445	274.775633331052	3.809712	270.965921331052	309.217521446378	298.235406599021	3619.44873985813
13	793519	793694	175	793606.5	114.855947326216	122.855131700217	237.711079026433	0.7994	236.911679026433	128.540062732761	130.146199752773	258.686262485534	3.5402	255.146062485534	272.204541985171	280.823467813671	3186.20491446742
13	794653	794881	228	794767	240.68944767515	138.713597223575	379.403044898724	1.041504	378.361540898724	250.599176085471	146.33227282719	396.931448912661	3.782304	393.149144912661	434.726267478142	432.714913045592	5088.55201234075
13	795542	795771	229	795656.5	157.504630339976	212.094588589383	369.599218929359	1.046072	368.553146929359	166.302933132937	224.450673386017	390.753606518954	3.786872	386.966734518954	423.456711671468	425.910316849613	4956.639760498
13	797529	798903	1374	798216	5148.29296351937	2311.17347046845	7459.46643398783	6.276432	7453.19000198783	5151.09702815054	2312.46060013563	7463.55762828617	9.017232	7454.54039628617	8563.49581057671	8204.75089699208	100237.31506349
13	801536	801674	138	801605	15.2525515575862	6.46694905735555	21.7195006149417	0.630384	21.0891166149417	18.0398158015185	8.04798549882261	26.0878013003411	3.371184	22.7166173003411	24.2307739011954	25.0027736471125	283.625726162731
13	808128	808360	232	808244	72.381568330007	120.370074421883	192.75164275189	1.059776	191.69186675189	104.897017781853	158.241647327554	263.138665109407	3.800576	259.338089109407	220.248309437117	285.437371874018	2578.04752563575
13	808933	809085	152	809009	75.0481297918488	49.6521444372426	124.700274229091	0.694336	124.005938229091	107.496277692455	78.7150143102368	186.211292002692	3.435136	182.776156002692	142.4791709628	201.170394174664	1667.74526031109
13	809308	809406	98	809357	26.2375047508709	32.2664437124879	58.5039484633588	0.447664	58.0562844633588	57.4791248420967	72.0066596887002	129.485784530797	3.188464	126.297320530797	66.7049610498358	139.007638140777	780.794005736771
13	810843	811154	311	810998.5	136.760152198425	189.228761552649	325.988913751074	1.420648	324.568265751074	138.60469471347	191.073404069999	329.678098783468	4.161448	325.516650783468	372.919378583421	358.276015759751	4365.09085438906
13	814195	814375	180	814285	51.7457926939507	98.3951679200654	150.140960614016	0.82224	149.318720614016	56.4250005454804	103.415783640739	159.84078418622	3.56304	156.27774418622	171.562812443768	172.005233539358	2008.17470627644
13	815368	815500	132	815434	52.5240106311737	57.5182257433373	110.042236374511	0.602976	109.439260374511	59.3695684151197	71.6921524395912	131.061720854711	3.343776	127.717944854711	125.742487106834	140.571231343884	1471.83925534563
13	818597	819133	536	818865	183.316925290144	225.191090451964	408.508015742108	2.448448	406.059567742108	192.267531593564	230.847520827594	423.115052421157	5.189248	417.925804421157	466.550484594745	459.985047556913	5461.06040708137
13	819971	820475	504	820223	238.919206872692	50.5261645826204	289.445371455313	2.302272	287.143099455313	247.596006865123	53.0534228336485	300.649429698772	5.043072	295.606357698772	329.918964707161	325.35560873664	3861.76299285713
13	822610	822788	178	822699	34.343691591182	13.1717035959134	47.5153951870955	0.813104	46.7022911870955	45.1019395591153	18.5506275752701	63.6525671343855	3.553904	60.0986631343855	53.6595571585267	66.1468761381362	628.095120969573
13	826635	826834	199	826734.5	38.3411837297781	31.1204172976105	69.4616010273886	0.909032	68.5525690273886	43.1490945477954	36.0973320110155	79.2464265588108	3.649832	75.5965945588108	78.7648828909155	83.2044893505383	921.957639370167
13	831419	831730	311	831574.5	221.218298882694	252.129211351407	473.347510234101	1.420648	471.926862234101	226.698325192368	256.933522086445	483.631847278814	4.161448	479.470399278814	542.230066127722	527.723371185147	6346.90401882515
13	832025	832255	230	832140	152.93812508614	153.199431109008	306.137556195148	1.05064	305.086916195148	158.310048904149	158.638656478258	316.948705382407	3.79144	313.157265382407	350.535881683161	344.672805760895	4103.08784993346
13	833019	833155	136	833087	20.6594761823326	10.7244471888558	31.3839233711883	0.621248	30.7626753711883	26.2040039787083	15.5386581520857	41.7426621307939	3.362048	38.3806141307939	35.3454080189881	42.2431647662172	413.724590753123
13	837046	837154	108	837100	29.0963706451568	18.6488298387439	47.7452004839007	0.493344	47.2518564839007	41.5739582423211	29.9842911109244	71.5582493532456	3.234144	68.3241053532456	54.29099149947	75.2001109233378	635.486177656594
13	837827	838071	244	837949	83.5550258681472	71.4383465895948	154.993372457742	1.114592	153.878780457742	97.0094359801914	80.7905621497465	177.799998129938	3.855392	173.944606129938	176.802186907227	191.450054235745	2069.502561214
13	841684	841981	297	841832.5	217.409611095868	158.034842560891	375.444453656759	1.356696	374.087757656759	221.436703916733	162.494545353026	383.93124926976	4.097496	379.83375326976	429.815816399057	418.059486189186	5031.07426694265
13	845394	845553	159	845473.5	48.3158136360203	34.8302028048277	83.146016440848	0.726312	82.419704440848	53.8563413401975	40.0196224162793	93.8759637564767	3.467112	90.4088517564767	94.6978130840526	99.5074234106411	1108.45555785826
13	848525	848641	116	848583	37.7027690148935	29.1134710393055	66.816240054199	0.529888	66.286352054199	45.0310379248965	36.0192302108393	81.0502681357357	3.270688	77.7795801357357	76.1610663304104	85.6071663659205	891.479481067044
13	851740	852644	904	852192	867.137786745565	735.411150565155	1602.54893731072	4.129472	1598.41946531072	884.748592658792	748.139043931642	1632.88763659043	6.870272	1626.01736459043	1836.53689106032	1789.65660140423	21497.0067186311
13	854572	854781	209	854676.5	69.2763967585969	46.8833806197285	116.159777378325	0.954712	115.205065378325	75.8953493194964	50.3632608278354	126.258610147332	3.695512	122.563098147332	132.367227249189	134.897610852499	1549.38307384587
13	856843	856938	95	856890.5	11.4918648771428	11.5121653450503	23.0040302221931	0.43396	22.5700702221931	16.2758751442739	14.5022342634478	30.7781094077217	3.17476	27.6033494077217	25.932345980798	30.3812970046848	303.542944600055
13	858958	859228	270	859093	60.3446908908151	138.125283663476	198.469974554292	1.23336	197.236614554292	62.1082315388399	143.064597510215	205.172829049055	3.97416	201.198669049055	226.619061365339	221.44691323643	2652.61836473534
13	860992	861831	839	861411.5	594.396200297464	626.533941043464	1220.93014134093	3.832552	1217.09758934093	598.024883935356	631.348152006694	1229.37303594205	6.573352	1222.79968394205	1398.40928576948	1345.85987469643	16368.6414130383
13	863615	863737	122	863676	52.9224198141468	10.8496500746696	63.7720698888164	0.557296	63.2147738888164	58.1728408316259	12.5387890078018	70.7116298394277	3.298096	67.4135338394277	72.6319134785312	74.1979012567977	850.170088951256
13	867234	867558	324	867396	114.95334957125	133.999988579137	248.953338150388	1.480032	247.473306150388	122.869732036741	142.31858031519	265.188312351932	4.220832	260.967480351932	284.33954050322	287.230741893893	3328.24733460224
13	872676	872888	212	872782	99.4859930626033	53.2009262334691	152.686919296072	0.968416	151.718503296072	110.528047572022	59.9419816087286	170.470029180751	3.709216	166.760813180751	174.320092070156	183.543298284297	2040.44917837779
13	874531	874850	319	874690.5	308.806017700784	324.144671242944	632.950688943728	1.457192	631.493496943728	311.765685918473	326.141317263838	637.907003182311	4.197992	633.709011182311	725.567430059042	697.484258120107	8492.90204554176
13	880541	880941	400	880741	59.1695638051934	59.411969392424	118.581533197617	1.8272	116.754333197617	64.7308919888029	62.0742307551524	126.805122743955	4.568	122.237122743955	134.147290346525	134.538829916175	1570.21904427983
13	886626	886798	172	886712	37.1011551482353	5.35542343769039	42.4565785859257	0.785696	41.6708825859257	49.0988316838816	9.45361789738433	58.552449581266	3.526496	55.025953581266	47.878616854318	60.5636589250572	560.42813689509
13	892450	892554	104	892502	7.05826268660253	6.28454485310281	13.3428075397053	0.475072	12.8677355397053	14.4273325370305	12.166780433339	26.5941129703694	3.215872	23.3782409703694	14.7846491712255	25.7309818412542	173.057075038086
13	904539	904668	129	904603.5	16.6310833315029	13.0492007723336	29.6802841038365	0.589272	29.0910121038365	23.1145327691774	18.3905238850242	41.5050566542016	3.330072	38.1749846542016	33.4247161564642	42.0168411375519	391.242534403437
13	915114	915763	649	915438.5	114.772045392352	75.4295385829782	190.20158397533	2.964632	187.23695197533	131.516831344598	88.1130309260616	219.62986227066	5.705432	213.92443027066	215.129743559235	235.453370408476	2518.13375771625
14	4941	5045	104	4993	4.33839999621538	1.35143114927171	5.68983114548709	0.475072	5.21475914548709	5.40932468006551	2.71626260740848	8.12558728747399	3.215872	4.90971528747399	5.99160467982636	5.40381952037537	144.756077562856
14	23324	23423	99	23373.5	16.2057735284947	13.0159000047809	29.2216735332756	0.452232	28.7694415332756	25.8351954780042	19.8408573139044	45.6760527919087	3.193032	42.4830207919087	33.0552410413701	46.7584296844107	798.608601824871
14	23694	23856	162	23775	16.9864915233419	12.4213863017751	29.4078778251169	0.740016	28.6678618251169	21.4293939282437	17.3475998465637	38.7769937748074	3.480816	35.2961777748074	32.9385289482899	38.8483167121234	795.788858917712
14	31682	31883	201	31782.5	10.6836462484308	21.1120866145957	31.7957328630265	0.918168	30.8775648630265	15.6873615795659	26.8120179928841	42.4993795724499	3.658968	38.8404115724499	35.4774126615335	42.7492353314449	857.127826916519
14	34162	34675	513	34418.5	141.019150364499	93.5317558227937	234.550906187293	2.343384	232.207522187293	142.245578632567	95.7311065158477	237.976685148415	5.084184	232.892501148415	266.799604317739	256.330351184649	6445.82983693733
14	37476	37553	77	37514.5	11.9313750074557	2.72316276645094	14.6545377739067	0.351736	14.3028017739067	20.9356825486407	7.72337801691229	28.659060565553	3.092536	25.566524565553	16.4334980106092	28.1394900571867	397.030318215474
14	39704	39852	148	39778	7.1833655701114	10.8966511580023	18.0800167281137	0.676064	17.4039527281137	12.9270979579736	18.3332225642803	31.2603205222539	3.416864	27.8434565222539	19.9966291259081	30.6455680339643	483.114916858885
14	40407	40630	223	40518.5	47.9147043908132	41.0656465261936	88.9803509170068	1.018664	87.9616869170068	52.5401110022728	45.6334518099944	98.1735628122672	3.759464	94.4140988122672	101.065387733863	103.915750769098	2441.7213563808
14	43145	43280	135	43212.5	6.58505177951701	14.0264232964333	20.6114750759503	0.61668	19.9947950759503	11.6664689016084	19.5033495346539	31.1698184362623	3.35748	27.8123384362623	22.9734306814361	30.6113182840964	555.033900150978
14	44273	44449	176	44361	17.989614644427	20.6116750805602	38.6012897249872	0.803968	37.7973217249872	20.2226661142536	24.1758572317511	44.3985233460047	3.544768	40.8537553460047	43.4280095042017	44.9651981210834	1049.21279826039
14	48057	48236	179	48146.5	27.4375324104284	26.9708216531655	54.4083540635939	0.817672	53.5906820635939	29.8698884740466	28.6295598855889	58.4994483596355	3.558472	54.9409763596355	61.5741154076492	60.4701297605035	1487.61941117788
14	51799	51889	90	51844	6.5758515674604	8.12998738889237	14.7058389563528	0.41112	14.2947189563528	10.9444522597746	15.1778498357787	26.1223020955534	3.15192	22.9703820955534	16.4242110912844	25.282076839591	396.805947936404
14	52430	52654	224	52542	27.7720401205301	29.6073824235184	57.3794225440485	1.023232	56.3561905440485	29.8801887114578	34.6007975172422	64.4809862287	3.764032	60.7169542287	64.7516032055143	66.8273908501105	1564.38693752545
14	55965	56125	160	56045	8.67349991636697	18.3479229031099	27.0214228194769	0.73088	26.2905428194769	11.9137746017822	21.412293534095	33.3260681358773	3.47168	29.8543881358773	30.2070594245325	32.8588759085699	729.797052820608
14	57733	58102	369	57917.5	53.5651346281449	54.1769487299093	107.742083358054	1.685592	106.056491358054	56.7544081380289	55.5721808887548	112.326589026784	4.426392	107.900197026784	121.855785131861	118.759063775706	2944.01357009114
14	59931	60240	309	60085.5	17.0920939573829	21.6370987156521	38.7291926730351	1.411512	37.3176806730351	24.8468726980536	31.7436316621407	56.5905043601944	4.152312	52.4381923601944	42.8769160612762	57.7154704290412	1035.89848107303
14	63096	63185	89	63140.5	2.96336830297237	5.50442687208545	8.46779517505782	0.406552	8.06124317505782	7.09866361780763	9.66042266404808	16.7590862818557	3.147352	13.6117342818557	9.26213099883892	14.9815928443171	223.771397632348
14	64642	64832	190	64737	12.2113814613525	24.7683708886576	36.9797523500101	0.86792	36.1118323500101	14.954644691101	27.7280391063463	42.6826837974474	3.60872	39.0739637974474	41.491431851205	43.0062917998084	1002.42543495394
14	66251	66376	125	66313.5	11.4004627704065	5.36572367510159	16.7661864455081	0.571	16.1951864455081	14.295729503699	9.01130770253242	23.3070372062314	3.3118	19.9952372062314	18.6077922662146	22.0075191335912	449.560871335681
14	68499	68677	178	68588	20.0511621612419	14.6546377762116	34.7057999374535	0.813104	33.8926959374535	23.7879482907991	18.1580185259849	41.945966816784	3.553904	38.392062816784	38.9417094683115	42.255765625781	940.824606670892
14	76577	76838	261	76707.5	62.6026429345776	75.2546345515977	137.857277486175	1.192248	136.665029486175	66.1974257910872	81.7246836804071	147.922109471494	3.933048	143.989061471494	157.024093998015	158.479841608191	3793.67350562132
14	80302	80696	394	80499	103.520486054036	153.233531895001	256.754017949037	1.799792	254.954225949037	106.696159250445	158.68645758003	265.382616830475	4.540592	260.842024830475	292.934897033498	287.092660771854	7077.25374783527
14	82567	82758	191	82662.5	21.6027979250498	15.0636472035108	36.6664451285606	0.872488	35.7939571285606	25.6300907505249	18.3947239818326	44.0248147323575	3.613288	40.4115267323575	41.1262025834092	44.4784644766718	993.601562378487
14	86063	86210	147	86136.5	12.8431960241096	13.6271140927155	26.4703101168251	0.671496	25.7988141168251	15.4445559831154	15.9683680565123	31.4129240396277	3.412296	28.0006280396277	29.642077626943	30.8185569882929	716.147195514629
14	87435	87691	256	87563	36.1677336337095	49.3320370590557	85.4997706927651	1.169408	84.3303626927651	38.6947918801277	52.1566021627392	90.8513940428669	3.910208	86.9411860428669	96.893103145271	95.6907785389622	2340.91972079326
14	88910	89059	149	88984.5	13.029000306731	15.4045550611301	28.4335553678612	0.680632	27.7529233678612	19.0227384570011	23.7196467165093	42.7423851735103	3.421432	39.3209531735103	31.8872916064865	43.2781377080833	770.391156245601
14	89939	90084	145	90011.5	25.9405979074354	21.9233053124566	47.863903219892	0.66236	47.201543219892	37.6916687590426	33.408170028252	71.0998387872946	3.40316	67.6966787872946	54.2331830408851	74.5095413635636	1310.26382250814
14	91541	91772	231	91656.5	62.6407438127686	39.5433114377399	102.184055250508	1.055208	101.128847250508	64.5157870308272	41.2494507627158	105.765237793543	3.796008	101.969229793543	116.194067174889	112.231215492637	2807.22749565637
14	101510	101638	128	101574	1.1925274866853	26.359307558316	27.5518350450013	0.584704	26.9671310450013	2.01354641043258	32.1641413545107	34.1776877649433	3.325504	30.8521837649433	30.9844393696592	33.9570877563013	748.57841067812
14	104068	104222	154	104145	36.7422468757227	32.7174541078717	69.4597009835943	0.703472	68.7562289835943	39.5937125994413	35.0859086986184	74.6796212980597	3.444272	71.2353492980597	78.9988821826664	78.4043368175964	1908.59860216018
14	107204	107603	399	107403.5	32.4151471399681	26.4301091902299	58.845256330198	1.822632	57.022624330198	36.5640427682784	31.5896281124975	68.1536708807759	4.563432	63.5902388807759	65.5173159988546	69.9898373019639	1582.88641912123
14	108203	108375	172	108289	33.0098608475838	12.7626941686142	45.7725550161981	0.785696	44.9868590161981	35.6452215902772	14.8877431490807	50.5329647393579	3.526496	47.0064687393578	51.6885761148541	51.7371086681372	1248.786582731
14	110513	110825	312	110669	176.884477028	154.53796196094	331.42243898894	1.425216	329.99722298894	178.310109887555	155.436582673339	333.746692560893	4.166016	329.580676560893	379.157090563107	362.749037216491	9160.36623625353
14	112848	113107	259	112977.5	36.9596518867125	10.1229333245025	47.0825852112151	1.183112	45.8994732112151	38.8345951024662	12.1702805140127	51.0048756164788	3.923912	47.0809636164788	52.7371429477963	51.8191005653418	1274.11976639552
14	116615	117201	586	116908	231.46723511145	176.66847204928	408.13570716073	2.676848	405.45885916073	233.484081597946	179.969248129198	413.453329727144	5.417648	408.035681727144	465.860288126034	449.099602079216	11255.0996944914
14	118983	119381	398	119182	25.5247883233987	6.04813940416997	31.5729277275687	1.818064	29.7548637275687	29.1025707880645	11.2378590225365	40.340429810601	4.558864	35.781565810601	34.1874621212335	39.3825532592954	825.962856855555
14	122237	122846	609	122541.5	135.230916950929	155.965094855069	291.196011805997	2.781912	288.414099805997	137.399766940969	158.120544536244	295.520311477213	5.522712	289.997599477213	331.379306678239	319.182395955839	8006.06368136273
14	129203	129377	174	129290	12.7826946296069	22.0612084910008	34.8439031206076	0.794832	34.0490711206076	14.2861292824225	23.9530520962932	38.2391813787157	3.535632	34.7035493787157	39.121379948396	38.1960473425941	945.165412738829
14	135645	135888	243	135766.5	18.870934958067	31.5255266350161	50.3964615930832	1.110024	49.2864375930832	20.7458781738207	34.2179886938434	54.9638668676641	3.850824	51.1130428676641	56.6286652740706	56.2569604593451	1368.13823687246
14	137935	138431	496	138183	56.694506757356	8.87560457469745	65.5701113320535	2.265728	63.3043833320535	59.1271628278891	10.642545301091	69.76970812898	5.006528	64.76318012898	72.7348720897492	71.2808210845612	1757.26125944165
14	140580	140735	155	140657.5	22.7448242477287	8.40289367913675	31.1477179268654	0.70804	30.4396779268654	26.2924060162957	9.98413012521372	36.2765361415094	3.44884	32.8276961415094	34.9742934679639	36.1314118704647	844.972558854034
14	145315	145514	199	145414.5	5.38582413839918	21.8791042936629	27.2649284320621	0.909032	26.3558964320621	7.15266486248772	24.6055671361776	31.7582319986653	3.649832	28.1083999986653	30.2821488006829	30.9371749084567	731.61119846923
14	145793	145925	132	145859	4.7503094903585	20.007361151668	24.7576706420265	0.602976	24.1546946420265	7.59847513801335	25.0415771858169	32.6400523238302	3.343776	29.2962763238302	27.7530327708788	32.2445968052202	670.508215922925
14	146616	146765	149	146690.5	15.9217669823994	20.4999725059164	36.4217394883158	0.680632	35.7411074883158	19.668553342453	25.7500935164806	45.4186468589336	3.421432	41.9972148589336	41.0654799032272	46.2237331836945	992.134513487252
14	147965	148215	250	148090	47.7290001104967	50.8886729381117	98.6176730486084	1.142	97.4756730486084	49.0634308679247	52.685914362909	101.749345230834	3.8828	97.8665452308337	111.996677605465	107.715644705371	2705.81932830534
14	160467	160572	105	160519.5	8.7480016335645	7.39977055805161	16.1477721916161	0.47964	15.6681321916161	12.3427844900741	9.81882631510967	22.1616108051837	3.22044	18.9411708051837	18.0022224506126	20.8473735324226	434.930414908514
14	164331	164579	248	164455	38.9469976932447	41.0722466783211	80.0192443715659	1.132864	78.8863803715659	40.9302434052735	44.3562223710053	85.2864657762788	3.873664	81.4128017762788	90.6381277873357	89.606028392219	2189.80065562601
14	167833	168016	183	167924.5	9.37951618940665	45.1267401307462	54.5062563201528	0.835944	53.6703123201528	11.2578594835291	49.8467489227009	61.1046084062299	3.576744	57.52786440623	61.6656082272681	63.3173572074549	1489.82986103246
14	169275	169940	665	169607.5	133.773283353786	135.30811873036	269.081402084146	3.03772	266.043682084146	138.300687706382	138.8894012757	277.190088982081	5.77852	271.411568982081	305.676355540427	298.725903366112	7385.08506422752
14	174620	174917	297	174768.5	56.2029954284622	58.7163533591005	114.919348787563	1.356696	113.562652787563	59.5512726032377	62.8043475836882	122.355620186926	4.097496	118.258124186926	130.480143552613	130.159392654532	3152.37649842113
14	181127	181369	242	181248	46.4785712892378	50.2998593664888	96.7784306557266	1.105456	95.6729746557266	53.2628276602413	54.0635461160811	107.326373776322	3.846256	103.480117776322	109.925430242784	113.894156314333	2655.77836934594
14	181880	181972	92	181926	11.1914579530336	12.793194871628	23.9846528246616	0.420256	23.5643968246616	15.4215554529739	16.2495745380686	31.6711299910425	3.161056	28.5100739910425	27.0747979634138	31.3792725930969	654.122186529867
14	182486	182897	411	182691.5	110.935256957832	118.293526559324	229.228783517155	1.877448	227.351335517155	114.202132256367	121.293795712827	235.495927969195	4.618248	230.877679969195	261.219988851877	254.112762306102	6311.027343731
14	185223	185457	234	185340	43.7517084375032	32.6516525912059	76.4033610287091	1.068912	75.3344490287091	46.0929624012999	35.5807201035759	81.6736825048759	3.809712	77.8639705048759	86.5570632812789	85.7000496182864	2091.20288061478
14	186815	187109	294	186962	67.3810530726307	90.9205956379014	158.301648710532	1.342992	156.958656710532	70.5602263497135	95.4444999098234	166.004726259537	4.083792	161.920934259537	180.340874017153	178.216343326759	4357.00266322258
14	187522	188027	505	187774.5	392.50004677283	474.712141687628	867.212188460458	2.30684	864.905348460458	394.483192482554	478.401626726937	872.884819209491	5.04764	867.837179209491	993.750773307955	955.17463130383	24008.8376496968
14	190976	191215	239	191095.5	74.4335156255454	31.8095331811114	106.243048806657	1.091752	105.151296806657	75.7680463852784	33.0495617626542	108.817608147933	3.832552	104.985056147933	120.815743250924	115.55054876752	2918.88634771407
14	196925	197278	353	197101.5	4.51040396075196	31.3451224768627	35.8555264376146	1.612504	34.2430224376146	5.89213580842749	38.542288365059	44.4344241734865	4.353304	40.0811201734865	39.3442242996338	44.1148064419498	950.549291668766
14	197706	199723	2017	198714.5	354.693675369995	486.722018504479	841.415693874474	9.213656	832.202037874474	366.313543197491	498.538090854313	864.851634051803	11.954456	852.897178051803	956.175632580244	938.7310973791	23101.0290948485
14	199986	200511	525	200248.5	171.575054650593	170.689834247059	342.264888897653	2.3982	339.866688897653	182.005795069772	183.026418594226	365.032213663998	5.139	359.893213663998	390.496816229479	396.112169316588	9434.3319425742
14	201994	202133	139	202063.5	23.3317377755573	15.695061757048	39.0267995326053	0.634952	38.3918475326053	27.1732263184109	18.9788374451223	46.1520637635331	3.375752	42.7763117635332	44.1111021479501	47.0812368911051	1065.7161920931
14	204927	205158	231	205042.5	84.138639319912	24.8518728133018	108.990512133214	1.055208	107.935304133214	87.7503225659603	30.1021938284759	117.852516394436	3.796008	114.056508394436	124.014485678157	125.534934390221	2996.16738203517
14	206715	206863	148	206789	13.8574194010456	11.8500731335207	25.7074925345663	0.676064	25.0314285345663	18.3207222761599	14.1609263966087	32.4816486727686	3.416864	29.0647846727686	28.7603741929749	31.9898082829606	694.84540117151
14	209889	210413	524	210151	146.565578204669	173.083689423267	319.649267627936	2.393632	317.255635627936	149.477945332111	174.32371800481	323.80166333692	5.134432	318.66723133692	364.517381934056	350.737284012326	8806.67354271856
14	211575	211716	141	211645.5	13.6510146436017	9.80202592787587	23.4530405714776	0.644088	22.8089525714776	16.3908777949815	11.6635688347645	28.054446629746	3.384888	24.669558629746	26.206814764872	27.1522552076646	633.151870575207
14	217312	217532	220	217422	3.0275697827587	59.935581461211	62.9631512439697	1.00496	61.9581912439697	7.6731768598208	73.073184271132	80.7463611309528	3.74576	77.0006011309528	71.1881370268483	84.7497924235357	1719.89242209357
14	220437	220605	168	220521	31.9484363827052	42.7345849937232	74.6830213764284	0.767424	73.9155973764284	34.3976928358621	46.1872645748802	80.5849574107423	3.508224	77.0767334107423	84.9268445189912	84.8335865084405	2051.81709229789
14	224546	224675	129	224610.5	8.47059523959678	16.0708704190995	24.5414656586962	0.589272	23.9521936586962	10.5449430514469	18.4730257866188	29.0179688380657	3.330072	25.6878968380657	27.5203651048292	28.2730770000201	664.887007496667
14	227183	227326	143	227254.5	15.3877546738963	17.5573046800714	32.9450593539677	0.653224	32.2918353539677	18.7324317656931	21.303891035515	40.0363228012081	3.394024	36.6422988012081	37.1023678043606	40.3299087502219	896.386447146126
14	228914	229017	103	228965.5	16.8274878584505	5.53772763963817	22.3652154980887	0.470504	21.8947114980887	20.4221707126551	7.67627693127466	28.0984476439297	3.211304	24.8871436439297	25.1563786965932	27.391737556058	607.77352652548
14	230742	230874	132	230808	10.5354428324754	14.26572881221	24.8011716446855	0.602976	24.1981956446855	16.9484906474559	22.7026232750343	39.6511139224901	3.343776	36.3073379224901	27.8030141417987	39.9612380577285	671.71575673915
14	233763	234305	542	234034	419.966679854003	369.680020791769	789.646700645772	2.475856	787.170844645772	424.28797945607	374.856240098966	799.144219555035	5.216656	793.927563555035	904.436117760897	873.826895145696	21851.0118422965
14	237815	238025	210	237920	31.3169218268631	54.9942675683729	86.311189395236	0.95928	85.351909395236	42.6458829492209	71.3919455200919	114.037828469313	3.70008	110.337748469313	98.0668302211384	121.441925672131	2369.27675312617
14	239968	240233	265	240100.5	89.8199702694772	24.6526682218152	114.472638491292	1.21052	113.262118491292	92.407929919618	26.5749125278165	118.982842447435	3.95132	115.031522447435	130.134838497146	126.608071968213	3144.0339911859
14	241423	241656	233	241539.5	77.8623946581211	65.9709205703457	143.833315228467	1.064344	142.768971228467	82.2950968279168	67.768161995143	150.06325882306	3.805144	146.25811482306	164.037343294515	160.977248092278	3963.1123310081
14	247220	247373	153	247296.5	16.23227413931	12.6132907249993	28.8455648643093	0.698904	28.1466608643093	18.6479298179993	15.6774613513745	34.3253911693738	3.439704	30.8856871693738	32.3396843940582	33.9939628784337	781.320883580098
14	254135	254313	178	254224	22.3353148089047	26.4173088951946	48.7526237040993	0.813104	47.9395197040993	25.0313769507106	29.0829703362917	54.1143472870023	3.553904	50.5604432870023	55.0810962873108	55.6487483276661	1330.74925207586
14	258182	258408	226	258295	11.8361728131309	70.5803268130111	82.416499626142	1.032368	81.384131626142	13.3260071524715	72.3472675394046	85.6732746918762	3.773168	81.9001066918762	93.5079704183059	90.1423747302639	2259.13553078569
14	259308	259494	186	259401	42.8696881077284	60.9241042457715	103.7937923535	0.849648	102.9441443535	45.0858391880163	62.7383460624126	107.824185250429	3.590448	104.233737250429	118.279790084445	114.723618592014	2857.61818119122
14	263324	263701	377	263512.5	96.6665280764728	151.682196138108	248.348724214581	1.722136	246.626588214581	99.4097913062213	153.743043638788	253.152834945009	4.462936	248.689898945009	283.366686531419	273.717568484635	6846.0875251637
14	264590	264704	114	264647	17.0499929869934	9.42041713213657	26.47041011913	0.520752	25.94965811913	20.4555714825128	10.7852485902733	31.2408200727861	3.261552	27.9792680727861	29.8153929431291	30.7950473957779	720.334461980511
14	266676	266853	177	266764.5	21.1453873821484	33.4491709732869	54.5945583554353	0.808536	53.7860223554353	24.4394633076339	37.8042713544311	62.2437346620649	3.549336	58.6943986620649	61.7985556500654	64.601289210386	1493.04184654796
14	269968	270175	207	270071.5	26.6773148880987	53.9202428130689	80.5975577011677	0.945576	79.6519817011677	29.7888866070265	57.6840295649662	87.4729161719926	3.686376	83.7865401719926	91.5177811675485	92.2186552204484	2211.05292104386
14	271243	271358	115	271300.5	4.69670825489826	12.0430775820996	16.7397858369978	0.52532	16.2144658369978	7.33186899298165	15.158149381701	22.4900183746826	3.26612	19.2238983746826	18.6299437192446	21.1585542566704	450.096046405515
14	273777	274351	574	274064	234.246899180205	163.038257885111	397.285157065316	2.622032	394.663125065316	235.348224564764	164.727396818243	400.075621383007	5.362832	394.712789383007	453.456307592394	434.435919665536	10955.4217844548
14	276092	276258	166	276175	30.9324129642798	26.2990061684232	57.231419132703	0.758288	56.473131132703	36.4361398202305	31.5052261671086	67.9413659873392	3.499088	64.4422779873392	64.8859644978955	70.9276239732026	1567.63308187254
14	281752	282058	306	281905	94.358074868704	85.1425624594368	179.500637328141	1.397808	178.102829328141	104.53850951856	91.0754992082893	195.61400872685	4.138608	191.47540072685	204.634905643975	210.745114031203	4943.94204163774
14	288994	289246	252	289120	183.545830566204	24.5387655964622	208.084596162667	1.151136	206.933460162667	198.493775102873	27.9612444815203	226.455019584393	3.891936	222.563083584393	237.760451390413	244.961401052454	5744.24919232952
14	289540	289701	161	289620.5	33.3278681773666	20.1118635603545	53.4397317377211	0.735448	52.7042837377211	49.6102434714631	24.216758174481	73.8270016459441	3.476248	70.3507536459441	60.5556698362777	77.4307171731463	1463.01395170567
14	295728	295872	144	295800	35.0676082768101	40.5885355292145	75.6561438060246	0.657792	74.9983518060246	39.8652188574162	47.3291908952541	87.1944097526703	3.398592	83.7958177526703	86.1708974707149	92.2288664788682	2081.8731849801
14	297702	297812	110	297757	20.3619693250673	39.6438137542278	60.0057830792951	0.50248	59.5033030792951	25.0107764758882	44.1678180284548	69.178594504343	3.24328	65.935314504343	68.3675428238267	72.5709167921981	1651.74737998145
14	298118	298190	72	298154	10.5666435516239	8.92730576636339	19.4939493179873	0.328896	19.1650533179873	15.8946663577544	15.3774544364851	31.2721207942396	3.069696	28.2024247942396	22.0200818380172	31.0406621772643	532.001165767306
14	300789	301394	605	301091.5	28.8524650233517	69.5811037818196	98.4335688051713	2.76364	95.6699288051713	50.0215529517764	96.2541185708049	146.275671522581	5.50444	140.771231522581	109.921930650198	154.938175488457	2655.6938198266
14	301759	301936	177	301847.5	25.1805803897156	28.6243597657308	53.8049401554464	0.808536	52.9964041554464	47.356691529119	52.3000054680563	99.6566969971753	3.549336	96.1073609971753	60.8913075930916	105.779419579236	1471.12289876654
14	307172	307371	199	307271.5	32.0975398194052	33.5650736447391	65.6626134641444	0.909032	64.7535814641444	35.0909088138665	36.6532448243055	71.744153638172	3.649832	68.094321638172	74.3999580636136	74.9472022204347	1797.48943323841
14	308633	308877	244	308755	86.9574042899077	135.332719297381	222.290123587289	1.114592	221.175531587289	91.4173070866533	143.093598178655	234.510905265308	3.855392	230.655513265308	254.124172018246	253.868237175631	6139.5937016886
14	310161	310552	391	310356.5	366.241241531002	223.558252816526	589.799494347528	1.786088	588.013406347528	368.474493005439	226.413118618614	594.887611624052	4.526888	590.360723624052	675.610086483372	649.773482898622	16322.6166122945
14	317767	318180	413	317973.5	45.0313379318114	109.436722417959	154.468060349771	1.886584	152.581476349771	50.8224714122261	117.660611971212	168.483083383438	4.627384	163.855699383438	175.31162269369	180.345819463706	4235.49686743576
14	321740	321897	157	321818.5	47.5630962865629	49.7557468251844	97.3188431117473	0.717176	96.6016671117473	54.5199566359328	56.7633083431706	111.283264979103	3.457976	107.825288979103	110.992470524103	118.676617127258	2681.55786815791
14	323599	323734	135	323666.5	30.5633044566609	25.5523889595685	56.1156934162294	0.61668	55.4990134162294	32.7493548431549	29.6608836566737	62.4102384998286	3.35748	59.0527584998285	63.7667319301218	64.9957136878228	1540.5926269278
14	326527	326629	102	326578	8.37609306140663	11.9004742952221	20.2765673566288	0.465936	19.8106313566288	11.3185608826417	16.0831707026099	27.4017315852516	3.206736	24.1949955852516	22.7618319916873	26.6299330579403	549.921714353971
14	330228	330300	72	330264	19.4463482208249	14.0940248545884	33.5403730754132	0.328896	33.2114770754132	24.4671639461086	18.1213176800634	42.5884816261721	3.069696	39.5187856261721	38.1590090582036	43.4958796354379	921.914707348673
14	332181	332402	221	332291.5	109.883832723449	72.8312786954262	182.715111418876	1.009528	181.705583418876	111.512270257469	74.5509183315721	186.063188589041	3.750328	182.312860589041	208.774363990577	200.660473608319	5043.95060119885
14	335711	336234	523	335972.5	65.557911050848	202.623170281715	268.181081332563	2.389064	265.792017332563	69.6155045747269	209.455027749881	279.070532324608	5.129864	273.940668324608	305.387200152563	301.509526365796	7378.09912273269
14	339377	339552	175	339464.5	26.9981222824204	27.7075386338289	54.7056609162493	0.7994	53.9062609162493	28.4237551419748	29.2108732843396	57.6346284263144	3.5402	54.0944284263144	61.9367062153302	59.5383868835418	1496.37953903762
14	342208	342383	175	342295.5	41.6730605265396	33.9924834961515	75.6655440226912	0.7994	74.8661440226911	44.7406312312836	36.5971435312212	81.3377747625047	3.5402	77.7975747625047	86.0189946212773	85.6269719370591	2078.20323981011
14	346088	346216	128	346152	30.2325968341479	24.5350655111786	54.7676623453265	0.584704	54.1829583453265	33.6991767356947	28.8903658969328	62.5895426326274	3.325504	59.2640386326274	62.2546234124052	65.2282566437858	1504.06036060338
14	349822	350284	462	350053	24.7622707480548	90.8732945476539	115.635565295709	2.110416	113.525149295709	35.2772131080128	99.1953863643804	134.472599472393	4.851216	129.621383472393	130.437053144977	142.666228335728	3151.3354420225
14	350697	350855	158	350776	40.7784399063395	38.5452884342079	79.3237283405473	0.721744	78.6019843405473	45.6740527458094	41.9879677848685	87.6620205306779	3.462544	84.1994765306779	90.3113651233593	92.6731486941187	2181.9061291913
14	355209	356349	1140	355779	430.848330666261	543.411825153502	974.260155819763	5.20752	969.052635819763	433.483491404344	546.648399753634	980.131891157978	7.94832	972.183571157978	1113.41293927266	1070.02224194442	26899.8537803251
14	356745	357250	505	356997.5	204.545114580802	162.176438020938	366.72155260174	2.30684	364.41471260174	212.147289804099	168.697188318364	380.844478122463	5.04764	375.796838122463	418.701772508847	413.616303723857	10115.7585481345
14	365794	366726	932	366260	533.758302648497	538.406809792403	1072.1651124409	4.257376	1067.9077364409	536.20425902559	540.170250438122	1076.37450946371	6.998176	1069.37633346371	1226.99453853384	1176.99629551671	29643.9645271045
14	370142	370330	188	370236	46.0861622445624	46.4477705793091	92.5339328238716	0.858784	91.6751488238716	48.9374279636711	49.0964316285625	98.0338595922337	3.599584	94.4342755922337	105.332046100776	103.937958101104	2544.80304526034
14	372258	372456	198	372357	56.8371100442334	76.4764627136371	133.313572757871	0.904464	132.409108757871	58.8845572360485	77.9155958843615	136.80015312041	3.645264	133.15488912041	152.134166421063	146.555339145234	3675.53374616934
14	373693	374082	389	373887.5	151.105682849995	57.2420193770291	208.347702227025	1.776952	206.570750227025	158.032142498657	61.0192064377914	219.051348936448	4.517752	214.533596936448	237.343708356424	236.123842427118	5734.1807565472
14	374753	375153	400	374953	103.18427830475	107.542478757348	210.726757062097	1.8272	208.899557062097	113.820623462933	119.226048053105	233.046671516038	4.568	228.478671516038	240.019438824917	251.472322290814	5798.82591722321
14	378532	378673	141	378602.5	31.6808302146239	22.7573245358491	54.438154750473	0.644088	53.794066750473	36.931251232103	29.2002730400135	66.1315242721165	3.384888	62.7466362721165	61.8077984230505	69.0613361614306	1493.26515025951
14	380852	381359	507	381105.5	121.101691284993	138.436890845742	259.538582130735	2.315976	257.222606130735	125.051282319512	142.511584763769	267.562867083281	5.056776	262.506091083281	295.541199056872	288.924195427856	7140.22152992509
14	383756	383897	141	383826.5	30.8906120008052	13.1199024019425	44.0105144027478	0.644088	43.3664264027478	34.593397346675	15.3700542659179	49.9634516125928	3.384888	46.5785636125928	49.8267467648841	51.2661399985729	1203.80512480864
14	387061	387132	71	387096.5	9.18051160253003	2.61166019641705	11.7921717989471	0.324328	11.4678437989471	23.2095349588923	6.82145722844984	30.0309921873422	3.065128	26.9658641873422	13.1762147888943	29.679656506991	318.334948964176
14	392121	392832	711	392476.5	140.152730394299	348.365529511928	488.518259906227	3.247848	485.270411906227	142.166276804731	350.6256816064	492.791958411131	5.988648	486.803310411131	557.561411724037	535.794252284727	13470.5821352552
14	394402	394660	258	394531	91.716413980798	42.0750697924914	133.791483773289	1.178544	132.612939773289	92.3988297098664	43.6562062362634	136.05503594613	3.919344	132.13569194613	152.368362254812	145.433571942248	3681.19187484882
14	400556	401011	455	400783.5	171.080043241026	173.581900906593	344.661944147619	2.07844	342.583504147619	172.458375010332	176.075158373934	348.533533384266	4.81924	343.714293384266	393.618356939563	378.305033850044	9509.74779747296
14	405669	406242	573	405955.5	459.316886840859	292.943252078313	752.260138919172	2.617464	749.642674919172	463.529983948956	296.071624184475	759.60160813343	5.358264	754.24334413343	861.317355976126	830.148932778217	20809.2704126013
14	408006	408315	309	408160.5	113.4210142523	54.6992607687317	168.120275021032	1.411512	166.708763021032	125.726597884928	59.2366653518237	184.963263236752	4.152312	180.810951236752	191.543459020403	199.007415009088	4627.65507610539
14	412139	412733	594	412436	208.355302402202	207.394080246896	415.749382649098	2.713392	413.035990649098	211.565076384603	211.005863495249	422.570939879853	5.454192	417.116747879853	474.566189054297	459.094569133013	11465.4326749481
14	413301	413556	255	413428.5	119.720459448843	64.8271942084824	184.547653657325	1.16484	183.382813657325	121.487400175236	65.6177124292159	187.105112604452	3.90564	183.199472604452	210.701452138941	201.636312538959	5090.50869980209
14	415086	415366	280	415226	31.2451201718995	8.00498450768846	39.250104679588	1.27904	37.971064679588	38.8474953998064	12.7929948670181	51.6404902668245	4.01984	47.6206502668245	43.6276350421853	52.4131002344192	1054.03571489192
14	416409	416677	268	416543	131.251125220311	119.40245211906	250.653577339371	1.224224	249.429353339371	135.139714848802	122.530924227526	257.670639076329	3.965024	253.705615076329	286.586981116391	279.23805656838	6923.88925568959
14	417479	417751	272	417615	116.297580554565	131.958841532535	248.2564220871	1.242496	247.0139260871	119.676158427744	134.88800904721	254.564167474954	3.983296	250.580871474954	283.811726339569	275.798844825827	6856.83960585489
14	418608	418744	136	418676	31.8135332733099	37.2982596913177	69.1117929646276	0.621248	68.4905449646276	37.3276603689768	44.6305286935192	81.958189062496	3.362048	78.596141062496	78.6936190694555	86.5059044020873	1901.22350095536
14	419902	420052	150	419977	31.9925373991939	44.1607178648024	76.1532552639963	0.6852	75.4680552639963	37.4761637918471	47.1675871704337	84.6437509622808	3.426	81.2177509622808	86.710572910826	89.3913480422531	2094.9116452995
14	424577	424834	257	424705.5	70.7900316465188	122.896632656776	193.686664303295	1.173976	192.512688303295	73.097684835848	126.322411617898	199.420096453746	3.914776	195.505320453746	221.191409225907	215.180597070578	5343.94415204824
14	426743	427790	1047	427266.5	645.864386592837	1327.29169287897	1973.1560794718	4.782696	1968.3733834718	647.769830511604	1329.30513928709	1977.0749697987	7.523496	1969.5514737987	2261.60304762334	2167.76331769194	54639.9176301539
14	429817	430003	186	429910	61.3097131337093	11.1028559108362	72.4125690445456	0.849648	71.5629210445456	64.8536948192976	12.6230909508857	77.4767857701833	3.590448	73.8863377701833	82.2236887016367	81.3221156326939	1986.50934018952
14	434552	434830	278	434691	162.875754139546	181.481382982546	344.357137122091	1.269904	343.087233122091	164.811598759022	182.194199412323	347.005798171345	4.010704	342.995094171345	394.197126696057	377.513455821937	9523.73076935431
14	437375	437567	192	437471	29.4984799134135	35.4188163718406	64.9172962852542	0.877056	64.0402402852542	33.5088723493499	37.8377721265937	71.3466444759436	3.617856	67.7287884759436	73.58035005747	74.5448825090588	1777.6878531195
14	439354	439514	160	439434	24.5083648957535	41.7387620409004	66.2471269366538	0.73088	65.5162469366538	27.0051224437679	46.2661663934961	73.2712888372639	3.47168	69.7996088372639	75.2762382304904	76.8241062188823	1818.66020243657
14	440627	441345	718	440986	197.635855328594	204.530014232752	402.165869561346	3.279824	398.886045561346	200.862429698229	208.932715711059	409.795145409288	6.020624	403.774521409288	458.308318874343	444.409606843886	11072.6454931268
14	447058	447287	229	447172.5	37.3399606524873	62.5911426695068	99.9311033219941	1.046072	98.8850313219941	38.938097488103	64.1417784102651	103.079875898368	3.786872	99.2930038983681	113.615988754989	109.285659409136	2744.94159068492
14	450630	450822	192	450726	52.5948122630876	25.5621891854549	78.1570014485425	0.877056	77.2799454485425	55.5981814880452	30.0858934527669	85.6840749408122	3.617856	82.0662189408122	88.7923813714244	90.3252041940546	2145.20775846065
14	452033	452229	196	452131	83.3175203938598	15.4081551441088	98.7256755379686	0.895328	97.8303475379686	98.0420597812406	23.2638362104873	121.305895991728	3.636128	117.669767991728	112.404188148325	129.511825431916	2715.6647087839
14	456218	456384	166	456301	28.8362646499477	31.3226219582459	60.1588866081937	0.758288	59.4005986081937	33.0835625463417	33.0894626823345	66.1730252286762	3.499088	62.6739372286762	68.2495384112504	68.9813208271285	1648.89641487068
14	457440	457620	180	457530	41.2739513274318	33.6614758667236	74.9354271941554	0.82224	74.1131871941554	42.9022888591464	34.6073976693698	77.5096865285162	3.56304	73.9466465285162	85.1538694003998	81.3884937476041	2057.30197207518
14	459499	459617	118	459558	27.4877335675199	4.68620801287714	32.1739415803971	0.539024	31.6349175803971	34.7487009262827	8.83530364579731	43.58400457208	3.279824	40.30418057208	36.3475886292201	44.3603152068303	878.151119774255
14	462044	462299	255	462171.5	91.6075114706931	56.1241936121513	147.731705082844	1.16484	146.566865082844	95.1582933130189	57.2086186071715	152.36691192019	3.90564	148.46127192019	168.40101148254	163.402126650573	4068.53775949324
14	465054	465227	173	465140.5	57.9682361156714	16.809787450472	74.7780235661434	0.790264	73.9877595661434	64.8366944274539	18.749032148317	83.5857265757709	3.531064	80.0546625757709	85.0097567497463	88.1112086942589	2053.82023668865
14	466105	466254	149	466179.5	69.5163022882035	28.8699654267203	98.3862677149237	0.680632	97.7056357149237	78.4497081951696	36.6580449349437	115.107753130113	3.421432	111.686321130113	112.260897936498	122.926216072364	2712.2028433696
14	466596	466856	260	466726	106.420952907186	97.7640533734431	204.185006280629	1.18768	202.997326280629	113.387613482443	105.288426803479	218.676040285921	3.92848	214.747560285921	233.237949481874	236.359338633482	5634.98637009179
14	471197	471400	203	471298.5	31.0657160367957	33.5559734349875	64.6216894717832	0.927304	63.6943854717832	34.1029860431358	36.0829316791008	70.1859177222366	3.668104	66.5178137222366	73.1829730624603	73.2120376026629	1768.08729731097
14	478105	478400	295	478252.5	50.7151689390007	69.9421121027365	120.657281041737	1.34756	119.309721041737	55.8404870729709	74.4493159897296	130.2898030627	4.08836	126.2014430627	137.083355721442	138.902111750075	3311.90890150062
14	479202	479552	350	479377	240.089533847676	219.336655512508	459.426189360184	1.5988	457.827389360184	243.464711642486	221.816512670983	465.28122431347	4.3396	460.94162431347	526.030187035021	507.32989621078	12708.7934908703
14	480984	481244	260	481114	180.643963680784	91.9191186529582	272.563082333742	1.18768	271.375402333742	187.333517868988	95.5846031390767	282.918121008064	3.92848	278.989641008064	311.802345084288	307.066617876645	7533.08785562431
14	483101	483268	167	483184.5	39.7435160522761	33.136863774887	72.8803798271631	0.762856	72.1175238271631	41.8989657334513	37.6437676549653	79.5427333884166	3.503656	76.0390773884166	82.8609109654207	83.6915027947098	2001.90451399858
14	488153	488500	347	488326.5	129.881593653841	204.531014255802	334.412607909643	1.585096	332.827511909643	133.135168645816	206.716864637686	339.852033283502	4.325896	335.526137283502	382.409009178987	369.292837585613	9238.93199760515
14	490158	490257	99	490207.5	63.1259549964497	15.9954686811573	79.1214236776069	0.452232	78.6691916776069	71.0423374619408	20.6444758365881	91.6868132985289	3.193032	88.4937812985289	90.3885843743372	97.3996239726666	2183.77173222776
14	491243	491507	264	491375	175.562646560998	108.152292813013	283.714939374011	1.205952	282.508987374011	182.739211974372	111.537570840625	294.276782814996	3.946752	290.330030814996	324.594506403617	319.5482825393	7842.14414272751
14	493082	493293	211	493187.5	121.949210819556	46.3077673523607	168.256978171917	0.963848	167.293130171916	123.033635814576	48.1524098697106	171.186045684287	3.704648	167.481397684287	192.214879666744	184.336401015981	4643.87647660705
14	498543	498824	281	498683.5	149.826453364907	134.267794751829	284.094248116736	1.283608	282.810640116736	155.556585439294	140.227832125326	295.784417564621	4.024408	291.760009564621	324.941096521122	321.122171579395	7850.51769682747
14	499459	499554	95	499506.5	18.2430204852036	13.2959064586776	31.5389269438812	0.43396	31.1049669438812	25.7739940673668	18.7628324664019	44.5368265337687	3.17476	41.3620665337687	35.7386909552838	45.5246647618216	863.440262895972
14	500581	500854	273	500717.5	69.560803313912	78.2745041568742	147.835307470786	1.247064	146.588243470786	73.3075896739656	81.6058809421109	154.913470616076	3.987864	150.925606616076	168.425574620676	166.114467215074	4069.13120043591
14	503039	503557	518	503298	173.542900007658	97.9269571282281	271.469857135886	2.366224	269.103633135886	177.086881693246	99.798500265613	276.885381958859	5.107024	271.778357958859	309.192149181157	299.12960527478	7470.0259981089
14	507298	507614	316	507456	276.553574310991	167.241854774236	443.795429085227	1.443488	442.351941085227	297.144248907509	193.401257724931	490.54550663244	4.184288	486.36121863244	508.249352729973	535.307669246076	12279.2117732279
14	508765	509000	235	508882.5	63.1902564785409	83.6031269768345	146.793383455375	1.07348	145.719903455375	76.6510667381028	93.8913641114411	170.542430849544	3.81428	166.728150849544	167.427877516195	183.507348879368	4045.02702014399
14	510285	510465	180	510375	46.7659779137018	49.1544329654411	95.9204108791429	0.82224	95.0981708791429	49.5091411411453	50.8774726799558	100.386613821101	3.56304	96.8235738211012	109.264997631866	106.567710673945	2639.82243777841
14	515021	515149	128	515085	29.4272782722798	24.0140535023207	53.4413317746005	0.584704	52.8566277746005	39.184903176752	30.7949097949555	69.9798129717075	3.325504	66.6543089717076	60.7307086480127	73.3622694695517	1467.24285751004
14	518925	519104	179	519014.5	0.310807163825401	70.4832245748919	70.7940317387173	0.817672	69.9763597387173	5.21982031216039	77.1020771334865	82.3218974456469	3.558472	78.7634254456469	80.4007764865906	86.6900239614091	1942.4681131573
14	525852	525920	68	525886	12.2114814636575	19.0775397201209	31.2890211837783	0.310624	30.9783971837783	23.6181443769717	30.5214034908814	54.1395478678531	3.051424	51.0881238678531	35.5932660284944	56.229533659679	859.92682315707
14	531184	531820	636	531502	369.750522416768	151.165884237583	520.916406654351	2.905248	518.011158654351	376.345874433696	156.28770229088	532.633576724576	5.646048	526.987528724576	595.179565499526	580.022532463666	14379.4298775021
14	534989	535204	215	535096.5	89.226656594131	115.865170587904	205.091827182035	0.98212	204.109707182035	92.2031251990535	119.013843161973	211.216968361027	3.72292	207.494048361027	234.516042377186	228.375847323706	5665.86486160997
14	537908	538383	475	538145.5	142.418682622458	114.387036518244	256.805719140702	2.1698	254.635919140702	145.905462989608	117.40730613274	263.312769122348	4.9106	258.402169122348	292.569171885083	284.407262713007	7068.41789487437
14	541603	542963	1360	542283	704.032627318434	516.125696232788	1220.15832355122	6.21248	1213.94584355122	712.675726534092	522.352439753622	1235.02816628771	8.95328	1226.07488628771	1394.78802267825	1349.46468705975	33697.8245367829
14	545018	545168	150	545093	47.3297909090839	37.2395583383043	84.5693492473882	0.6852	83.8841492473882	53.6715370806256	41.4221547433871	95.0936918240128	3.426	91.6676918240127	96.3804170378339	100.8929507033	2328.53331783456
14	547431	547873	442	547652	216.587792153681	196.062919073829	412.65071122751	2.019056	410.63165522751	238.263391756744	207.564684179163	445.828075935908	4.759856	441.068219935908	471.803678464269	485.456470925658	11398.6909223447
14	552019	552287	268	552153	293.597767164297	184.456451555199	478.054218719495	1.224224	476.829994719495	303.37919261735	193.501460034504	496.880652651854	3.965024	492.915628651854	547.863620952727	542.521702389264	13236.2852768849
14	552621	552705	84	552663	19.4733488431649	36.7944480789134	56.2677969220783	0.383712	55.8840849220783	45.9195584044939	60.4259927647502	106.345551169244	3.124512	103.221039169244	64.2091677497145	113.609004538259	1551.2817957298
14	553146	553334	188	553240	59.4132694223886	50.7229691187878	110.136238541176	0.858784	109.277454541176	80.5039555437222	69.5091021222461	150.013057665968	3.599584	146.413473665968	125.556576969629	161.148241948096	3033.42402671149
14	554814	555031	217	554922.5	124.289264755693	40.5344342822294	164.823699037922	0.991256	163.832443037922	132.763160071354	47.1732873018166	179.93644737317	3.732056	176.20439137317	188.238652069464	193.937259887036	4547.81154221353
14	556901	556994	93	556947.5	28.1306483861279	7.86608130609468	35.9967296922225	0.424824	35.5719056922225	37.1693567202202	10.873050614031	48.0424073342512	3.165624	44.8767833342512	40.8710720226283	49.3930958505844	987.437654507629
14	559170	559671	501	559420.5	263.779579881916	245.295853848666	509.075433730582	2.288568	506.786865730582	271.976468812829	249.12384208035	521.100310893179	5.029368	516.070942893179	582.283183493466	568.007322587431	14067.8556375935
14	559935	560042	107	559988.5	4.25079797706768	2.84166549783224	7.09246347489992	0.488776	6.60368747489992	14.8940432942934	8.3861932942079	23.2802365885013	3.229576	20.0506605885013	7.58744242540186	22.068520217658	183.311226779235
14	568213	568308	95	568260.5	24.5213651953987	5.00061525968121	29.5219804550799	0.43396	29.0880204550799	55.026468310571	8.27099063889038	63.2974589494614	3.17476	60.1226989494614	33.4212788401491	66.1733308710668	807.452008361585
14	576153	576676	523	576414.5	140.540139323726	123.898055738677	264.438195062403	2.389064	262.049131062403	142.121175765193	125.820300044678	267.941475809872	5.129864	262.811611809872	301.086734058792	289.260463168359	7274.20064533108
14	578834	579071	237	578952.5	149.197738873604	134.519800560336	283.71753943394	1.082616	282.63492343394	162.503345555863	143.879216286445	306.382561842308	3.823416	302.559145842308	324.739203227569	333.008112006418	7845.63999163452
14	579314	579422	108	579368	21.1118866099858	13.7763175317205	34.8882041417063	0.493344	34.3948601417063	38.1818800579719	40.0344227574138	78.2163028153857	3.234144	74.9821588153857	39.5186813499075	82.5282179844963	954.764142222215
14	585371	585555	184	585463	54.533056937883	65.2278034421647	119.760860380048	0.840512	118.920348380048	58.0907389392512	67.7378612967392	125.82860023599	3.581312	122.24728823599	136.635978000461	134.55001844363	3301.10033726134
14	586865	587121	256	586993	131.335227158785	122.945633786208	254.280860944993	1.169408	253.111452944993	136.132537732476	130.145399734334	266.27793746681	3.910208	262.36772946681	290.817605122819	288.771909366409	7026.10036098424
14	587697	587837	140	587767	49.5495420723505	46.7624778330281	96.3120199053785	0.63952	95.6724999053785	68.6058813038191	67.4273541398287	136.033235443648	3.38032	132.652915443648	109.924884768616	146.002847810324	2655.76519078941
14	591209	591447	238	591328	84.2244412975704	234.252099300063	318.476540597634	1.087184	317.389356597634	103.902494858995	261.705132067761	365.607626926756	3.827984	361.779642926756	364.671023390061	398.188445164987	8810.38549230651
14	592913	593188	275	593050.5	112.501093048944	95.3594979506047	207.860590999549	1.2562	206.604390999549	115.460561262023	96.8798329929592	212.340394254982	3.997	208.343394254982	237.38236061331	229.310669742639	5735.11458803222
14	604663	605292	629	604977.5	255.657592677421	248.738333194717	504.395925872138	2.873272	501.522653872138	258.272552949902	251.089687391315	509.362240341217	5.614072	503.748168341217	576.234759102869	554.444407882587	13921.7268061694
14	605853	606506	653	606179.5	199.110589319885	125.244386770396	324.354976090281	2.982904	321.372072090281	203.087080974439	128.170154206702	331.257235181141	5.723704	325.533531181141	369.24704619733	358.294594967936	8920.94136970756
14	613440	613543	103	613491.5	17.7598093476217	16.1144714240634	33.8742807716851	0.470504	33.4037767716851	35.6643220305251	31.6470294355463	67.3113514660714	3.211304	64.1000474660714	38.3799557458582	70.5509520354198	927.252739072139
14	618266	618450	184	618358	10.5994443076519	23.362438483181	33.9618827908328	0.840512	33.1213707908328	11.8832738987685	24.6630684615314	36.5463423602999	3.581312	32.9650303602999	38.0554795909144	36.2825671389197	919.413454279121
14	619797	619978	181	619887.5	37.1450561601141	38.1997804705603	75.3448366306744	0.826808	74.5180286306744	39.7025151072412	41.5784583460445	81.2809734532857	3.567608	77.7133654532857	85.6190202880941	85.5342879661339	2068.53993278447
14	631368	631531	163	631449.5	11.5457661195179	11.1904579299839	22.7362240495019	0.744584	21.9916400495019	17.4817029375193	20.2621670247141	37.7438699622334	3.485384	34.2584859622334	25.2677467475527	37.7061936062831	610.464158348537
14	634091	634257	166	634174	15.5202577279725	15.1719496997859	30.6922074277584	0.758288	29.9339194277584	25.2443818602821	22.1253099684821	47.3696918287642	3.499088	43.8706038287642	34.3931918474347	48.2856563893546	830.933249562411
14	642339	642550	211	642444.5	62.3813378336942	8.31239159314512	70.6937294268393	0.963848	69.7298814268393	64.3340828427092	9.3056144860389	73.6396973287481	3.704648	69.9350493287481	80.1175801652031	76.9731771789843	1935.62614162298
14	646974	647363	389	647168.5	64.7691928716038	66.5225332845223	131.291726156126	1.776952	129.514774156126	66.8943418543752	69.2455960486683	136.139937903043	4.517752	131.622185903043	148.808661203856	144.868387646014	3595.19014593508
14	651806	652418	612	652112	174.406819920234	199.143690082828	373.550510003062	2.795616	370.754894003062	176.332664309214	202.56966904856	378.902333357774	5.536416	373.365917357774	425.986454216148	410.940739803842	10291.7551311189
14	652921	653340	419	653130.5	29.0135687366473	20.7878791419052	49.8014478785526	1.913992	47.8874558785526	31.4226242632091	24.034953984058	55.4575782472671	4.654792	50.8027862472671	55.0212764850741	55.9154802138603	1329.3040165513
14	661408	661483	75	661445.5	4.30789929320162	5.23722071322397	9.54512000642559	0.3426	9.20252000642559	7.66967677914709	8.86580434881106	16.5354811279582	3.0834	13.4520811279582	10.5734244666721	14.8058725063736	255.452008934432
14	661947	662646	699	662296.5	122.124214853241	112.510493265611	234.634708118852	3.193032	231.441676118852	124.154561650908	118.101822140709	242.256383791617	5.933832	236.322551791617	265.919669739808	260.105595478122	6424.57077783383
14	663662	664092	430	663877	46.7747781165385	25.5663892822633	72.3411673988019	1.96424	70.3769273988019	59.4655706278843	30.2899981571967	89.755568785081	4.70504	85.050528785081	80.8610169310274	93.6098491983081	1953.58743845204
14	665054	665262	208	665158	39.3189062654026	24.3424610718196	63.6613673372222	0.950144	62.7112233372222	43.0350919201374	27.4236320900386	70.458724010176	3.690944	66.767780010176	72.0533487246687	73.487160013457	1740.79577909569
14	668115	668332	217	668223.5	48.9150274473594	50.415862040246	99.3308894876054	0.991256	98.3396334876054	52.2327039168161	52.8180174077653	105.050721324581	3.732056	101.318665324581	112.989342705627	111.515179476128	2729.80193628962
14	670242	670355	113	670298.5	13.9957225888096	12.8566963352796	26.8524189240892	0.516184	26.3362349240892	15.6206600421555	15.2283509997851	30.8490110419406	3.256984	27.5920270419406	30.2595583070673	30.3688351779509	731.06541625883
14	672201	672373	172	672287	36.1082322622564	14.086824688631	50.1950569508874	0.785696	49.4093609508874	50.8974731409485	17.6307063719143	68.5281795128628	3.526496	65.0016835128628	56.7699005920081	71.5433269868463	1371.55045642473
14	674755	674877	122	674816	41.9443667799046	26.7506165776367	68.6949833575413	0.557296	68.1376873575413	48.5295185617265	32.2003421889073	80.7298607506339	3.298096	77.4317647506339	78.288196070819	85.2243475144292	1891.42855516496
14	675820	676081	261	675950.5	94.246672300975	21.3783927527125	115.625065053688	1.192248	114.432817053688	108.880809604669	30.3423993649974	139.223208969667	3.933048	135.290160969667	131.479936667438	148.905500615851	3176.53131794115
14	678455	678745	290	678600	91.5384098779636	58.5989506530738	150.137360531037	1.32472	148.812640531037	97.4747467051848	62.474039970395	159.94878667558	4.06552	155.88326667558	170.981341332841	171.571056576433	4130.87805861304
14	685702	685932	230	685817	62.0796308796205	62.3905380457508	124.470168925371	1.05064	123.419528925371	65.579611551025	66.0563225387842	131.635934089809	3.79144	127.844494089809	141.805403942994	140.710516248786	3425.99272630903
14	687159	687840	681	687499.5	89.3439592978527	70.3543216037945	159.698280901647	3.110808	156.587472901647	97.9526577206036	74.5031172297998	172.455774950403	5.851608	166.604166950403	179.914394752369	183.370887480863	4346.69900187793
14	689997	690223	226	690110	106.7234598797	42.558780941598	149.282240821298	1.032368	148.249872821298	109.311319527536	45.3663456534378	154.677665180973	3.773168	150.904497180973	170.334737808256	166.091233367327	4115.25623525204
14	691618	692210	592	691914	58.7702546014757	54.2500504148373	113.020305016313	2.704256	110.316049016313	70.7714312177957	60.8924035150982	131.663834732894	5.445056	126.218778732894	126.74989143422	138.921192048525	3062.25428678771
14	694114	694223	109	694168.5	12.3229840336914	13.4149092015838	25.7378932352751	0.497912	25.2399812352751	14.5833361327729	16.3275763359398	30.9109124687128	3.238712	27.6722004687128	28.999995104065	30.4570771030402	700.634598731261
14	694868	694975	107	694921.5	23.0346309275118	20.254266842622	43.2888977701338	0.488776	42.8001217701338	27.9774448549244	23.1227329581844	51.1001778131087	3.229576	47.8706018131087	49.176079420082	52.6882064199866	1188.08512029149
14	699454	699704	250	699579	81.6480819148053	97.8673557544701	179.515437669275	1.142	178.373437669275	84.360944443845	103.540186508113	187.901130951958	3.8828	184.018330951958	204.945826658331	202.537579203844	4951.45383670354
14	701684	701892	208	701788	41.5788583552643	50.2566583707447	91.8355167260091	0.950144	90.8853727260091	44.5518268795132	53.6485365504841	98.2003634299973	3.690944	94.5094194299973	104.424616623795	104.020664269092	2522.87971440461
14	705953	706178	225	706065.5	29.8166872478062	23.4264399583574	53.2431272061636	1.0278	52.2153272061636	32.5601504821647	27.3723309075925	59.9324813897571	3.7686	56.1638813897571	59.9938731816332	61.8161055832149	1449.441046873
14	711414	711571	157	711492.5	15.7796637070468	11.8699735922084	27.6496372992552	0.717176	26.9324612992552	19.6379526371342	13.3902086322579	33.0281612693921	3.457976	29.5701852693921	30.9446048528454	32.5460714163059	747.616016008628
14	713720	713831	111	713775.5	11.6742690813955	7.82218029421586	19.4964493756114	0.507048	18.9894013756114	15.8703657976484	12.0857785663188	27.9561443639672	3.247848	24.7082963639672	21.818262929301	27.1948914323951	527.125257698447
14	715485	716050	565	715767.5	77.1636785533438	42.7152845488653	119.878963102209	2.58092	117.298043102209	81.7617845355484	46.803378775758	128.565163311306	5.32172	123.243443311306	134.77199701426	135.646424635461	3256.0668961996
14	719088	719215	127	719151.5	9.96782974950473	17.0941940057872	27.0620237552919	0.580136	26.4818877552919	12.4744875257105	18.6144290458366	31.0889165715471	3.320936	27.7679805715471	30.4269091205405	30.5624963298292	735.108581425734
14	720758	720964	206	720861	29.4033777213936	25.8759964184292	55.2793741398228	0.941008	54.3383661398228	32.1905419630209	29.1634721917871	61.354014154808	3.681808	57.672206154808	62.4331823914122	63.4762252299166	1508.37431300777
14	723188	723376	188	723282	14.3873316150452	33.5330729071509	47.9204045221961	0.858784	47.0616205221961	16.3872777120028	34.8507032773451	51.2379809893479	3.599584	47.6383969893479	54.0724159820548	52.4326329527093	1306.37971965403
14	724301	724428	127	724364.5	9.11941019419756	8.08598637470859	17.2053965689062	0.580136	16.6252605689062	12.4639872836894	11.7586710267844	24.2226583104738	3.320936	20.9017223104738	19.1019347680125	23.0052311422146	461.49926416026
14	730634	731067	433	730850.5	36.3944388590609	33.1712645677943	69.5657034268552	1.977944	67.5877594268552	40.4691327770885	37.478963856386	77.9480966334745	4.718744	73.2293526334745	77.6563450742265	80.5990127848768	1876.16315019275
14	735902	736101	199	736001.5	16.8713888703293	15.4009549781515	32.2723438484808	0.909032	31.3633118484808	22.4800181441863	18.7591323811183	41.2391505253046	3.649832	37.5893185253046	36.0355216422289	41.3722347042969	870.611638218368
14	736504	736636	132	736570	10.5994443076518	10.8663504595984	21.4657947672503	0.602976	20.8628187672503	14.0253232710787	13.7921178959047	27.8174411669834	3.343776	24.4736651669834	23.9707643388293	26.9366474063953	579.129299627473
14	739260	739587	327	739423.5	22.0372079378096	19.2228430692323	41.2600510070419	1.493736	39.7663150070419	28.4770563705201	24.0543544312209	52.531410801741	4.234536	48.296874801741	45.6903247970403	53.1573786961992	1103.8699236052
14	743616	743793	177	743704.5	9.63972218692071	8.66029961211184	18.3000217990325	0.808536	17.4914857990325	11.3289611223579	9.68402320801938	21.0129843303772	3.549336	17.4636483303772	20.0972020464831	19.2211560587694	485.544740298423
14	755042	755220	178	755131	9.93032888514356	10.0894325523399	20.0197614374835	0.813104	19.2066574374835	12.4843877539018	14.9476445297536	27.4320322836555	3.553904	23.8781282836555	22.0678837460476	26.2811768451101	533.156051157157
14	759366	759454	88	759410	4.71670871589089	5.92283651605117	10.6395452319421	0.401984	10.2375612319421	8.27769079332291	11.2778599445217	19.5555507378446	3.142784	16.4127667378446	11.7626563520957	18.0645157790735	284.183634641687
14	764098	764223	125	764160.5	3.94999104373859	3.22347429818146	7.17346534192005	0.571	6.60246534192005	6.73715528536593	6.33494601480422	13.0721013001702	3.3118	9.76030130017015	7.58603823060067	10.742559110335	183.277301688643
14	781473	781669	196	781571	11.8938741430946	24.3180605094086	36.2119346525032	0.895328	35.3166066525032	17.4044011557828	27.4160319148614	44.8204330706441	3.636128	41.1843050706441	40.5777409447277	45.3290137294993	980.350829102218
15	27542	28194	652	27868	76.2166567253429	59.5547726839114	135.771429409254	2.978336	132.793093409254	85.0754609128066	67.5182562350402	152.593717147847	5.719136	146.874581147847	152.575353476884	161.655754393456	1560.25461055082
15	32275	32417	142	32346	5.15931891765769	1.63213761930321	6.7914565369609	0.648656	6.1428005369609	6.58165170114826	2.4699569302843	9.05160863143256	3.389456	5.66215263143256	7.05789690715562	6.23198070062064	72.1749348059045
15	38667	38849	182	38758	27.8664422964153	19.1080404231346	46.9744827195499	0.831376	46.1431067195499	31.734631454694	23.6792457853042	55.4138772399982	3.572176	51.8417012399982	53.0170706736942	57.0589495983385	542.159182800534
15	40433	40532	99	40482.5	3.59138277814081	1.3346307620379	4.92601354017872	0.452232	4.47378154017871	10.0649319876239	8.55169710892188	18.6166290965458	3.193032	15.4235970965458	5.14024323364062	16.9757980218034	52.5647689609025
15	83097	83638	541	83367.5	82.5585028991896	111.710674830516	194.269177729705	2.471288	191.797889729706	86.2004868436418	114.082429497326	200.282916340968	5.212088	195.070828340968	220.370126716175	214.702378513492	2253.53242447951
15	87173	87438	265	87305.5	62.075430782812	74.1514091232444	136.226839906056	1.21052	135.016319906056	77.195679290932	89.166955218068	166.362634509	3.95132	162.411314509	155.12977524612	178.756074494311	1586.37644643007
15	91494	91681	187	91587.5	34.1412869259367	43.0245916781163	77.1658786040529	0.854216	76.311662604053	45.1865415091141	57.9489356708135	103.135477179928	3.595016	99.5404611799276	87.6798528997193	109.55802031201	896.625120779623
15	92975	93126	151	93050.5	21.5475966527101	33.0933627722281	54.6409594249382	0.689768	53.9511914249382	37.4692636328046	47.291590028588	84.7608536613926	3.430568	81.3302856613926	61.9883300465785	89.5152080154234	633.900401024948
15	96461	97053	592	96757	307.534188386263	340.535149028705	648.069337414969	2.704256	645.365081414969	312.145794679638	348.194325565831	660.340120245469	5.445056	654.895064245469	741.505472088542	720.802434511004	7582.72751929159
15	97383	97457	74	97420	27.8870427712377	24.4058625331662	52.2929053044039	0.338032	51.9548733044039	40.4356320049259	37.5627657879451	77.998397792871	3.078832	74.919565792871	59.6946193190626	82.4593257214832	610.444628802742
15	99466	99638	172	99552	84.5026477099778	68.9419890508002	153.444636760778	0.785696	152.658940760778	90.7902926345345	75.2906353813844	166.080928015919	3.526496	162.554432015919	175.400627020556	178.913595069805	1793.66870707456
15	101251	101373	122	101312	31.0123148059454	35.9049275762664	66.9172423822118	0.557296	66.3599463822118	37.6717683003549	40.7736397957012	78.4454080960562	3.298096	75.1473120960562	76.2456240458921	82.7099919713134	779.697269191981
15	103808	104179	371	103993.5	166.657141297116	201.169736781381	367.826878078498	1.694728	366.132150078498	173.052588706423	208.9033150334	381.955903739823	4.435528	377.520375739823	420.675057589895	415.513294827304	4301.87565154688
15	106383	106538	155	106460.5	50.0701540719885	29.9274898017054	79.9976438736938	0.70804	79.2896038736938	55.769585438752	33.1031629981144	88.8727484368665	3.44884	85.4239084368665	91.1014197160639	94.0208050547458	931.614490155839
15	108074	108498	424	108286	72.0137598523526	49.2554352934539	121.269195145806	1.936832	119.332363145806	81.7209835951234	57.4562243142602	139.177207909384	4.677632	134.499575909384	137.109370832192	148.03535260703	1402.09754141622
15	108987	109438	451	109212.5	54.0702462705136	152.377312159907	206.44755843042	2.060168	204.38739043042	61.1392092037472	164.170483981903	225.30969318565	4.800968	220.50872518565	234.835092251613	242.700296005223	2401.45296769847
15	109950	110154	204	110052	51.3465834925379	4.31139937387533	55.6579828664132	0.931872	54.7261108664132	68.3595756266949	8.04808550112757	76.4076611278225	3.672672	72.7349891278225	62.8786896629087	80.0548974939516	643.005329604634
15	111858	112037	179	111947.5	49.279435846645	39.9664211900389	89.2458570366839	0.817672	88.4281850366839	53.1479250118387	42.6152822439022	95.7632072557409	3.558472	92.2047352557409	101.601380334673	101.48404114536	1038.98839814595
15	117470	117602	132	117536	2.80796472105967	41.6994611350499	44.5074258561095	0.602976	43.9044498561096	4.49720365649682	52.2855051338367	56.7827087903335	3.343776	53.4389327903335	50.4449198676263	58.8169234369196	515.856047577534
15	123650	123900	250	123775	128.018850719293	4.68970809355084	132.708558812844	1.142	131.566558812844	131.238724934496	6.78085629263481	138.01958122713	3.8828	134.13678122713	151.166101347918	147.636046970947	1545.84342236386
15	126713	126866	153	126789.5	28.8259644125365	34.7083999973826	63.5343644099191	0.698904	62.8354604099191	33.5590735064413	39.2456045758646	72.804678082306	3.439704	69.364974082306	72.1960934623279	76.3457306643838	738.286263943811
15	127972	128514	542	128243	942.087214262415	1058.20059057124	2000.28780483365	2.475856	1997.81194883365	966.789783634407	1095.06734031664	2061.85712395105	5.216656	2056.64046795105	2295.42709223758	2263.61677946212	23473.323982104
15	135902	136450	548	136176	296.963044730916	348.264727188525	645.227771919441	2.503264	642.724507919441	302.875481007251	355.309089554738	658.184570561989	5.244064	652.940506561989	738.471530908934	718.651173929635	7551.70205806374
15	137808	138048	240	137928	135.292818377701	210.223245456608	345.516063834309	1.09632	344.419743834309	144.93554063377	220.879691078089	365.815231711859	3.83712	361.978111711859	395.728142261014	398.406887464047	4046.76538128423
15	139096	139197	101	139146.5	27.7111387168076	53.9458434031395	81.656982119947	0.461368	81.195614119947	32.3733461764935	64.4503855233813	96.8237316998749	3.202168	93.6215636998749	93.2913693556615	103.043456458702	954.009188540554
15	141345	141515	170	141430	40.8077405816937	47.3533914530552	88.1611320347489	0.77656	87.3845720347489	51.7072918065399	67.4169539001125	119.124245706652	3.51736	115.606885706652	100.402299730589	127.241338670949	1026.72645020803
15	142614	142765	151	142689.5	28.8964660375355	114.358635863635	143.25510190117	0.689768	142.56533390117	39.0796007496259	154.527861728139	193.607462477764	3.430568	190.176894477764	163.803370002714	209.315928629345	1675.07370913099
15	143941	144200	259	144070.5	280.209058566613	576.123579129991	856.332637696604	1.183112	855.149525696604	283.104425302211	584.114163305765	867.218588607975	3.923912	863.294676607975	982.541620268155	950.174980042574	10047.5932589841
15	145183	145273	90	145228	51.7662931664681	48.5722195459458	100.338512712414	0.41112	99.9273927124139	69.3565986071773	64.4827862701894	133.839384877367	3.15192	130.687464877367	114.813631294302	143.839598107536	1174.09852573704
15	147140	147318	178	147229	110.019335846674	35.954928728748	145.974264575422	0.813104	145.161160575422	121.78750709243	39.5935125948314	161.381019687262	3.553904	157.827115687262	166.785898402502	173.710530786025	1705.57341685458
15	153548	153887	339	153717.5	140.375435527452	241.54196732496	381.917402852412	1.548552	380.368850852412	147.757905686745	249.826758281936	397.584663968681	4.289352	393.29531196868	437.032607498234	432.875790070899	4469.14999881338
15	154713	154978	265	154845.5	173.709003836201	148.464321969004	322.173325805206	1.21052	320.962805805206	180.225854043733	157.691234641037	337.917088684771	3.95132	333.965768684771	368.77681128896	367.575436514655	3771.1577064444
15	158886	159131	245	159008.5	181.952093832007	266.773248883292	448.725342715299	1.11916	447.606182715299	187.060311571828	271.638061012834	458.698372584662	3.85996	454.838412584662	514.286321621801	500.612469079871	5259.15612297898
15	160678	161423	745	161050.5	130.177800481142	635.86065601585	766.038456496992	3.40316	762.635296496992	140.210031715043	647.227118002569	787.437149717612	6.14396	781.293189717612	876.245495527163	859.921022407093	8960.59581849684
15	161712	162197	485	161954.5	540.065948034046	160.967210149324	701.03315818337	2.21548	698.81767818337	556.20402000208	180.868768862341	737.072788864422	4.95628	732.116508864422	802.920931558724	805.795295683241	8210.7696742912
15	163073	163294	221	163183.5	86.2473879246695	30.1068939368092	116.354281861479	1.009528	115.344753861479	94.1401698461893	34.6913996055388	128.831569451728	3.750328	125.081241451728	132.527725202408	137.669175219606	1355.24506128178
15	165450	165553	103	165501.5	47.7430004331915	11.8396728938046	59.5826733269961	0.470504	59.1121693269961	58.169840762477	17.7387088612745	75.9085496237516	3.211304	72.6972456237516	67.9181416616003	80.0133555567671	694.539394815235
15	168219	168602	383	168410.5	40.0005219760313	72.4768705266369	112.477392502668	1.749544	110.727848502668	68.2004719594986	105.877840388931	174.07831234843	4.490344	169.58796834843	127.223036916257	186.65497286983	1300.99865668632
15	170066	171169	1103	170617.5	990.213723535141	1201.48049304404	2191.69421657918	5.038504	2186.65571257918	991.825260679621	1204.60906515481	2196.43432583443	7.779304	2188.65502183443	2512.40301519903	2408.91702224172	25692.1468552912
15	181487	181815	328	181651	97.6909516885151	135.839730983544	233.530682672059	1.498304	232.032378672059	104.424206883987	142.252178784695	246.676385668682	4.239104	242.437281668682	266.598369576836	266.83569992141	2726.26820661838
15	185176	185642	466	185409	184.718057584982	95.3736982779095	280.091755862892	2.128688	277.963067862892	199.818205629804	103.809892724599	303.628098354403	4.869488	298.758610354403	319.37137876588	328.825097991366	3265.93158621082
15	186788	187047	259	186917.5	248.082118069549	214.965454760264	463.047572829813	1.183112	461.864460829813	251.517897261167	218.728841502942	470.246738764109	3.923912	466.322826764109	530.668663259021	513.252652448814	5426.68399355976
15	193233	194006	773	193619.5	728.489291022522	1400.34977680205	2128.83906782457	3.531064	2125.30800382457	753.303362964547	1416.97706004596	2170.28042301051	6.271864	2164.00855901051	2441.91630457331	2381.79018715702	24971.3409536159
15	194577	195228	651	194902.5	437.183076676455	365.924734235794	803.107810912249	2.973768	800.134042912249	471.228461391932	403.947410624264	875.175872016197	5.714568	869.461304016197	919.330450793738	956.962204883991	9401.18794932375
15	196133	196563	430	196348	332.797570684488	231.092226467838	563.889797152327	1.96424	561.925557152327	382.980927365695	275.210043343812	658.190970709507	4.70504	653.485930709507	645.635916063662	719.251488506482	6602.353472038
15	198543	199178	635	198860.5	600.700145597729	559.896305105929	1160.59645070366	2.90068	1157.69577070366	618.74646154907	581.162595274778	1199.90905682385	5.64148	1194.26757682385	1330.15834558076	1314.45635160495	13602.3652848326
15	201795	202034	239	201914.5	44.8566339050408	250.450172651076	295.306806556117	1.091752	294.215054556117	51.5869890336692	262.73875589186	314.325744925529	3.832552	310.493192925529	338.044432843914	341.740626214171	3456.88456815971
15	202511	202725	214	202618	95.912210690136	181.037672755424	276.94988344556	0.977552	275.97233144556	101.223333106728	190.81209804713	292.035431153858	3.718352	288.317079153858	317.084081250959	317.332751323512	3242.54139630116
15	204491	204705	214	204598	131.339327253289	175.776651493619	307.115978746907	0.977552	306.138426746907	140.583240317165	187.47742118583	328.060661502995	3.718352	324.342309502995	351.744036339404	356.983491048349	3596.97842361845
15	205918	206085	167	206001.5	57.5538265639042	92.0780223155447	149.631848879449	0.762856	148.868992879449	66.8111399366459	108.05269051727	174.863830453915	3.503656	171.360174453915	171.046088521549	188.605530363741	1749.13865280911
15	207204	207375	171	207289.5	49.8022478969923	104.788815287883	154.591063184875	0.781128	153.809935184875	54.1538481974628	123.405844393649	177.559692591111	3.521928	174.037764591111	176.723085716245	191.552587983937	1807.19233477846
15	210354	210439	85	210396.5	30.2822979797145	29.8535880983376	60.1358860780521	0.38828	59.7476060780521	35.4820178285773	38.6686912785324	74.1507091071097	3.12908	71.0216291071097	68.6482397745028	78.169108240758	702.005469255516
15	211971	212234	263	212102.5	231.930645792649	225.698502147347	457.629147939996	1.201384	456.427763939996	242.181582067505	237.686478459412	479.868060526917	3.942184	475.925876526917	524.422058647183	523.822134531774	5362.80543503893
15	216042	217258	1216	216650	1927.06061701288	1003.8698382963	2930.93045530917	5.554688	2925.37576730917	1929.25986770363	1006.44079755459	2935.70066525822	8.295488	2927.40517725822	3361.17060225666	3222.01356181994	34371.7501517266
15	218680	219392	712	219036	3440.02668951919	2998.18980557666	6438.21649509585	3.252416	6434.96407909585	3451.36585087665	3008.87345182509	6460.23930270175	5.993216	6454.24608670175	7393.5842126461	7103.78890637658	75607.7150955091
15	220498	220882	384	220690	221.634208469036	130.151599877241	351.785808346277	1.754112	350.031696346277	264.499596477651	140.152430387384	404.652026865035	4.494912	400.157114865035	402.176110421303	440.428151514523	4112.7031085876
15	223068	223154	86	223111	19.3855468194073	14.1916271042324	33.5771739236397	0.392848	33.1843259236397	29.8629883150041	21.4861952374628	51.3491835524669	3.133648	48.2155355524669	38.1278131844363	53.0678536224904	389.899777097682
15	226141	226772	631	226456.5	315.497971944307	387.697136070061	703.195108014368	2.882408	700.312700014368	318.501641176179	394.623395714112	713.125036890292	5.623208	707.501828890292	804.638667613092	778.703442012754	8228.3354576072
15	228345	228498	153	228421.5	88.1480317327987	11.0354543572911	99.1834860900898	0.698904	98.4845820900898	107.627480716566	15.4647564487179	123.092237165284	3.439704	119.652533165284	113.155884381043	131.694132250505	1157.14619886643
15	229970	230134	164	230052	68.256273245668	58.457347389246	126.713620634914	0.749152	125.964468634914	80.0451449685513	66.553033987536	146.598178956087	3.489952	143.108226956087	144.729464718988	157.51036161396	1480.02157271466
15	231947	232414	467	232180.5	317.382515381337	341.770877511135	659.153392892472	2.133256	657.020136892472	335.520333441719	391.425021994477	726.945355436196	4.874056	722.071299436196	754.896787582581	794.739155842913	7719.66878316407
15	232629	232798	169	232713.5	14.8442421464217	62.2451346943344	77.0893768407562	0.771992	76.3173848407562	86.6433970523235	128.548562928683	215.191959981006	3.512792	211.679167981006	87.6864275811674	232.98214927267	896.692354292824
15	233743	234261	518	234002	363.653381883166	395.527716557894	759.18109844106	2.366224	756.81487444106	407.120583763049	441.363973042353	848.484556805403	5.107024	843.377532805403	869.558002000436	928.253413481463	8892.20867489645
15	234498	235235	737	234866.5	298.23997416299	288.397547303909	586.637521466899	3.366616	583.270905466899	344.221633998866	331.936250831841	676.157884830707	6.107416	670.050468830707	670.161092641528	737.483049646843	6853.15098918737
15	238373	238557	184	238465	57.0067139534509	39.1620026489155	96.1687166023664	0.840512	95.3282046023664	65.1225010150385	40.8207408813389	105.943241896377	3.581312	102.361929896377	109.529299605194	112.66343617288	1120.06029024405
15	241177	241546	369	241361.5	25.3109833953875	106.695159227395	132.006142622783	1.685592	130.320550622783	28.5136572141366	113.959226657612	142.472883871748	4.426392	138.046491871748	149.734474633359	151.939223318934	1531.20342887161
15	242644	243345	701	242994.5	833.647414822634	1012.79734406727	1846.4447588899	3.202168	1843.2425908899	837.536404460345	1019.28429358562	1856.82069804596	5.942968	1850.87773004596	2117.83145213692	2037.14647832385	21657.2087972701
15	246895	247187	292	247041	195.366503022066	110.312542604826	305.679045626892	1.333856	304.345189626892	197.704256905189	113.532116813114	311.236373718303	4.074656	307.161717718303	349.683659700606	338.07387779754	3575.90875491443
15	252772	252890	118	252831	31.1781186275742	45.7988556224034	76.9769742499776	0.539024	76.4379502499776	47.0587846626338	62.5616419895427	109.620426652177	3.279824	106.340602652177	87.8249536856264	117.042514845288	898.108939529159
15	253729	254127	398	253928	64.5836885958972	120.703582108935	185.287270704832	1.818064	183.469206704832	69.6619056442298	125.957303202478	195.619208846708	4.558864	191.060344846708	210.800715206191	210.288287731544	2155.67442783411
15	255147	255286	139	255216.5	48.2228114924046	60.3392907663471	108.562102258752	0.634952	107.927150258752	63.1844563448531	72.2494652851507	135.433921630004	3.375752	132.058169630004	124.005117116537	145.348247930443	1268.09180712326
15	256166	256375	209	256270.5	92.2604265197974	54.8790649130554	147.139491432853	0.954712	146.184779432853	98.328466382655	58.0852388124782	156.413705195133	3.695512	152.718193195133	167.962006323391	168.087456233925	1717.60044326649
15	259177	259358	181	259267.5	89.3385591733847	45.4673479814506	134.805907154835	0.826808	133.979099154835	96.5722259028926	48.6093204010871	145.18154630398	3.567608	141.61393830398	153.93803914985	155.86569064741	1574.18960434586
15	259730	259805	75	259767.5	15.1076482176946	9.78872562131577	24.8963738390104	0.3426	24.5537738390104	23.7874482792743	20.2024656486511	43.9899139279254	3.0834	40.9065139279254	28.2115630150491	45.0232662244574	288.494965025555
15	260115	260209	94	260162	18.9901377055831	16.161772514311	35.151910219894	0.429392	34.722518219894	26.1664031120421	22.7370240679416	48.9034271799837	3.170192	45.7332351799837	39.8951508319836	50.3357393505117	407.972792497272
15	265168	265352	184	265260	45.8330564107008	35.526318849676	81.3593752603768	0.840512	80.5188632603768	57.8110324922693	39.5199108983785	97.3309433906478	3.581312	93.7496313906478	92.5138025488058	103.184412633716	946.057693310418
15	267388	268242	854	267815	1705.83181788816	1176.36891424475	2882.20073213291	3.901072	2878.29966013291	1709.14599427695	1180.13600107271	2889.28199534965	6.641872	2882.64012334965	3307.08154153573	3172.74343962794	33818.6286648871
15	271533	271817	284	271675	173.020987978055	203.400288193584	376.421276171639	1.297312	375.123964171639	176.162960397691	213.209214280502	389.372174678194	4.038112	385.334062678194	431.006387167641	424.113336078452	4407.52511746301
15	273757	273971	214	273864	78.2265030504919	133.073467223654	211.299970274146	0.977552	210.322418274146	82.831509191739	139.209108644667	222.040617836406	3.718352	218.322265836406	241.654264453294	240.293795623806	2471.18667386632
15	274383	274860	477	274621.5	291.548419928687	180.657663996564	472.206083925252	2.178936	470.027147925252	295.825818518875	182.971917338021	478.797735856896	4.919736	473.877999856896	540.047350334782	521.568163521885	5522.59161833276
15	277620	278002	382	277811	117.188501089481	126.109706715242	243.298207804723	1.744976	241.553231804723	120.536378255037	129.380082094451	249.916460349488	4.485776	245.430684349488	277.53754943042	270.130352847649	2838.13362533285
15	282093	282232	139	282162.5	14.9888454793984	21.5540968025327	36.5429422819311	0.634952	35.9079902819311	29.3017753795511	34.7923019312466	64.0940773107977	3.375752	60.7183253107977	41.2572233182751	66.8288999152537	421.901515768837
15	285461	286088	627	285774.5	575.682368960494	805.551467236328	1381.23383619682	2.864136	1378.36970019682	578.378331099995	807.673016136121	1386.05134723612	5.604936	1380.44641123612	1583.70619156539	1519.37186315091	16195.1772081075
15	288025	288717	692	288371	275.347446510831	344.139732111101	619.487178621932	3.161056	616.326122621932	278.509719398375	346.524787084472	625.034506482847	5.901856	619.132650482847	708.14056365318	681.440960724685	7241.53380070868
15	292167	292374	207	292270.5	29.0245689901933	36.1612334838869	65.1858024740802	0.945576	64.2402264740802	32.1834417993686	39.4754098726699	71.6588516720385	3.686376	67.9724756720385	73.8101282986967	74.8130939123723	754.791585659585
15	296235	296456	221	296345.5	31.430924454521	29.1773725121769	60.6082969666979	1.009528	59.5987689666979	35.1775108099646	32.2113424424533	67.3888532524179	3.750328	63.6385252524179	68.4772303169148	70.0429831204827	700.256705195206
15	296781	296966	185	296873.5	49.4249392003664	37.2935595829844	86.7184987833508	0.84508	85.8734187833508	53.4486319428628	40.2363274111344	93.6849593539972	3.58588	90.0990793539972	98.6660291492627	99.1664761138267	1008.9711305057
15	303236	303392	156	303314	19.0372387912207	25.5115880191436	44.5488268103643	0.712608	43.8362188103643	20.8143797527205	27.8325415150328	48.6469212677533	3.453408	45.1935132677533	50.3665244055175	49.7417008708618	515.054365795948
15	304442	304564	122	304503	41.2070497854114	4.26779836891141	45.4748481543228	0.557296	44.9175521543228	91.8380167836332	24.3922622196913	116.230279003324	3.298096	112.932183003324	51.6089445716955	124.29745907037	527.7595095059
15	304789	304933	144	304861	44.4515245676352	7.83218052471218	52.2837050923473	0.657792	51.6259130923473	91.7943157763643	12.5660896370567	104.360405413421	3.398592	100.961813413421	59.3166537235201	111.122414680106	606.579505441489
15	312589	312887	298	312738	85.5766724652818	91.7139139231739	177.290586388456	1.361264	175.929322388456	87.2016099186277	94.9808892240143	182.182499142642	4.102064	178.080435142642	202.13761018159	196.002105066229	2067.08443444198
15	315538	315791	253	315664.5	63.6940680909452	126.088006215065	189.78207430601	1.155704	188.62637030601	91.0478985721195	149.883454678736	240.931353250856	3.896504	237.034849250856	216.726144301835	260.889577173428	2216.26860543418
15	316258	316691	433	316474.5	218.462735369435	152.264409557603	370.727144927038	1.977944	368.749200927038	224.365171415274	155.845692102943	380.210863518216	4.718744	375.492119518216	423.681971940873	413.280918829737	4332.62473305142
15	323068	323159	91	323113.5	6.25084407633023	6.72055490274205	12.9713989790723	0.415688	12.5557109790723	8.70020053179213	8.65629951991331	17.3565000517054	3.156488	14.2000120517054	14.4261421404017	15.6290737490097	147.523530335019
15	324631	324812	181	324721.5	25.3525843542522	30.359699763756	55.7122841180082	0.826808	54.8854761180082	35.2221118379782	39.1646027088445	74.3867145468227	3.567608	70.8191065468227	63.0617956435721	77.9462042024348	644.877794219916
15	329156	329303	147	329229.5	4.19979680153648	4.78431027404596	8.98410707558245	0.671496	8.31261107558245	6.70995465841595	6.48704952065314	13.1970041790691	3.412296	9.7847081790691	9.55094531357959	10.7694222502327	97.6691590158369
15	331194	331350	156	331272	9.8190263197196	10.6199447801693	20.4389710998889	0.712608	19.7263630998889	12.1265795067438	12.5423890907805	24.6689685975242	3.453408	21.2155605975242	22.6650102464528	23.3506535063446	231.775224040803
15	349251	349316	65	349283.5	6.75455568642951	7.86978139137831	14.6243370778078	0.29692	14.3274170778078	15.4411559047466	18.2525207041751	33.6936766089217	3.03772	30.6559566089217	16.4617802698535	33.7411126795301	168.340219954364
15	349629	349786	157	349707.5	7.7881795105284	8.02128488339745	15.8094643939259	0.717176	15.0922883939259	13.7853177391672	14.6771382948284	28.4624560339955	3.457976	25.0044800339955	17.3405948860729	27.5208824530555	177.327087921761
15	356371	356482	111	356426.5	14.8909432228395	15.6616609871903	30.5526042100299	0.507048	30.0455562100299	17.9894146398171	19.7969563020256	37.7863709418427	3.247848	34.5385229418427	34.5214592224826	38.0144129648884	353.020751303591
15	357242	357316	74	357279	11.076255297716	6.85915809742094	17.935413395137	0.338032	17.597381395137	20.712577406268	12.2312819200402	32.9438593263082	3.078832	29.8650273263082	20.2188729677071	32.8705858065101	206.760718878398
15	367770	367973	203	367871.5	18.5027264711928	21.3343917385287	39.8371182097215	0.927304	38.9098142097215	20.4080703876553	22.4661178237965	42.8741882114517	3.668104	39.2060842114517	44.7062306054724	43.1517085562664	457.171494825371
15	370932	371105	173	371018.5	19.9932608266682	14.5699358239079	34.5631966505761	0.790264	33.7729326505761	24.2534590204024	18.2388203883951	42.4922794087976	3.531064	38.9612154087976	38.8041049788027	42.8821966317991	396.815621407999
15	377910	378004	94	377957	10.1574341197148	9.52531955004289	19.6827536697577	0.429392	19.2533616697577	14.0970249237372	14.596636439333	28.6936613630703	3.170192	25.5234693630703	22.1215455334581	28.0921018625548	226.217686045323
15	394603	394918	315	394760.5	22.9795296574772	58.506348518678	81.4858781761551	1.43892	80.0469581761551	25.1653800393612	60.7499002305257	85.9152802698869	4.17972	81.7355602698869	91.9715975049731	89.9612686752098	940.513036849031
15	397232	397570	338	397401	121.606002908922	116.855693418564	238.461696327486	1.543984	236.917712327486	123.977757575733	118.514531653292	242.492289229025	4.284784	238.207505229025	272.211474070396	262.180246976967	2783.66851385023
15	400167	400321	154	400244	30.769109200275	23.6765457230702	54.4456549233452	0.703472	53.7421829233452	35.1037091089018	28.3389531873661	63.4426622962679	3.444272	59.9983902962679	61.7481854336961	66.0365120358907	631.444652236495
15	405429	405607	178	405518	52.1820027481998	39.5851124012145	91.7671151494143	0.813104	90.9540111494143	56.0199912103797	43.5820045259808	99.6019957363605	3.553904	96.0480917363605	104.503480150838	105.714185574859	1068.66563313356
15	408152	408337	185	408244.5	58.8172556848083	36.6072437640224	95.4244994488308	0.84508	94.5794194488308	65.1084006900387	39.857518679934	104.965919369973	3.58588	101.380039369973	108.668967516033	111.582730086522	1111.26242690551
15	409998	410440	442	410219	110.356443616705	156.334703374212	266.691146990918	2.019056	264.672090990918	112.325989012954	158.179245889257	270.505234902211	4.759856	265.745378902211	304.100437768634	292.489478896066	3109.76903730994
15	412459	412707	248	412583	76.501163282963	68.9174884860842	145.418651769047	1.132864	144.285787769047	79.3964300162555	72.0559608250471	151.452390841303	3.873664	147.578726841303	165.780120828324	162.430763945067	1695.28820983038
15	417893	418364	471	418128.5	117.626011173695	120.727382657516	238.353393831211	2.151528	236.201865831211	119.332150498671	123.068736623618	242.400887122289	4.892328	237.508559122289	271.388987528361	261.410960288408	2775.25766380084
15	421763	421904	141	421833.5	38.3021828308425	23.9843528177467	62.2865356485892	0.644088	61.6424476485892	42.0861700483423	26.9136203347266	68.9997903830689	3.384888	65.6149023830689	70.8253569346279	72.2182590159064	724.268941103275
15	422258	422495	237	422376.5	54.6869604852212	72.5649725573094	127.251933042531	1.082616	126.169317042531	57.7580312706389	77.6935907673434	135.451622037982	3.823416	131.628206037982	144.964829506409	144.875013635668	1482.42844241128
15	424020	424632	612	424326	134.636903259448	75.9731511127577	210.610054372205	2.795616	207.814438372205	138.434590792727	79.8045394228101	218.239130215537	5.536416	212.702714215537	238.772669407743	234.108703216904	2441.71912322261
15	426200	426448	248	426324	50.5575653063788	110.59994922929	161.157514535669	1.132864	160.024650535669	52.5745117951801	114.394136681896	166.968648477077	3.873664	163.094984477077	183.863610626553	179.508547683217	1880.21223385901
15	430041	430194	153	430117.5	10.9010512594206	30.4748024167686	41.3758536761892	0.698904	40.6769496761892	14.9858454102495	43.4360011607346	58.4218465709841	3.439704	54.9821425709841	46.7366172130566	60.5154388595939	477.934481726555
15	431723	432119	396	431921	75.4123381865245	67.0255448784868	142.437883065011	1.808928	140.628955065011	77.3650831955395	70.5258255568062	147.890908752346	4.549728	143.341180752346	161.578527747691	157.766759428875	1652.32219450531
15	436515	436731	216	436623	49.2318347494826	56.7436078890929	105.975442638576	0.986688	104.988754638576	59.2798663475678	66.8830415939144	126.162907941482	3.727488	122.435419941482	120.62898708678	134.757083359417	1233.56707999853
15	441195	441337	142	441266	34.8714037544725	26.0960014893481	60.9674052438205	0.648656	60.3187492438205	38.5001873946695	29.2887750799059	67.7889624745753	3.389456	64.3995064745753	69.3044664514012	70.8805480182732	708.716125169889
15	443723	443985	262	443854	77.3182821168168	70.3946225326946	147.712904649511	1.196816	146.516088649511	98.7979772044569	96.28101919084	195.078996395297	3.937616	191.141380395297	168.342670856042	210.377478540719	1721.49316629551
15	446788	447083	295	446935.5	73.1862868780453	101.99025078349	175.176537661535	1.34756	173.828977661535	75.3416365569156	103.463284735597	178.804921292512	4.08836	174.716561292512	199.724375946993	192.299697470052	2042.40639991631
15	448910	449256	346	449083	198.12076650536	76.1057541691388	274.226520674499	1.580528	272.645992674499	208.926215561236	81.6362816428197	290.562497204056	4.321328	286.241169204056	313.262215966035	315.047925818884	3203.45852481622
15	453528	453674	146	453601	31.729231330226	27.4613329590097	59.1905642892357	0.666928	58.5236362892357	36.9190509508975	32.6168517890788	69.5359027399762	3.407728	66.1281747399762	67.2419345339271	72.7831861082372	687.62441631709
15	457899	458512	613	458205.5	276.154665116493	297.870065636931	574.024730753425	2.800184	571.224546753425	296.505434183405	324.19557241617	620.701006599575	5.540984	615.160022599575	656.320181253515	677.068535269062	6711.6121015803
15	461454	462052	598	461753	160.863707763688	126.370512726586	287.234220490273	2.731664	284.502556490273	163.597070765245	129.792991611644	293.390062376888	5.472464	287.917598376888	326.885058606184	316.893067575228	3342.76741418623
15	462392	462921	529	462656.5	80.9901667504529	68.2800737942493	149.270240544702	2.416472	146.853768544702	86.8961028769653	72.92928095429	159.825383831255	5.157272	154.668111831255	168.730655110705	170.2336109032	1725.46074171555
15	467972	468202	230	468087	52.9732209850681	51.5273876599112	104.500608644979	1.05064	103.449968644979	75.294335466668	70.7770313468736	146.071366813542	3.79144	142.279926813542	118.860967298472	156.598702950078	1215.48708894237
15	471755	471835	80	471795	38.0101761003502	37.6222671593982	75.6324432597484	0.36544	75.2670032597483	46.6733757793059	45.2310425348227	91.9044183141287	3.10624	88.7981783141287	86.4795700790685	97.7346549140816	884.350878825013
15	472430	472561	131	472495.5	43.6087051414059	24.9938760863494	68.6025812277554	0.598408	68.0041732277553	96.7767306165422	67.3014512378801	164.078181854422	3.339208	160.738973854422	78.1347922677803	176.915432716776	799.016139252824
15	474472	474663	191	474567.5	35.8207256354874	30.1645952667729	65.9853209022604	0.872488	65.1128329022604	41.7705627738787	35.0636081846116	76.8341709584903	3.613288	73.2208829584903	74.8127273858004	80.5896907382139	765.044289078192
15	478541	478657	116	478599	3.08487110350257	1.45963364324181	4.54450474674438	0.529888	4.01461674674438	5.7809332453085	4.14559555224647	9.92652879755496	3.270688	6.65584079755496	4.6126764087119	7.32567171829693	47.1698047533091
15	479244	479471	227	479357.5	123.587948590987	170.467229116212	294.055177707198	1.036936	293.018241707198	126.746621395552	173.940309167581	300.686930563133	3.777736	296.909194563133	336.66933012749	326.789560578503	3442.82259612826
15	479780	480146	366	479963	25.6916921703821	68.7573847958383	94.4490769662204	1.671888	92.7771889662204	33.692976592787	73.7577000486046	107.450676641392	4.412688	103.037988641392	106.598257768474	113.407532159983	1090.08709054143
15	480453	482022	1569	481237.5	164.191184459031	31.4372245997337	195.628409058764	7.167192	188.461217058764	172.499875966892	34.9341051996844	207.433981166576	9.907992	197.525989166576	216.53638808463	217.404621967187	2214.32813466987
15	486945	487645	700	487295	1747.48947805974	2266.39623839355	4013.88571645329	3.1976	4010.68811645329	1752.83470126232	2273.62320496863	4026.45790623095	5.9384	4020.51950623095	4608.16252820837	4425.13679871622	47123.6452478148
15	490883	491110	227	490996.5	67.1635480593359	170.565631384295	237.729179443631	1.036936	236.692243443631	68.8662873059431	173.352895628228	242.219182934171	3.777736	238.441446934171	271.952416963065	262.437732122007	2781.0193635327
15	492920	493371	451	493145.5	198.594577426276	152.375512118417	350.970089544693	2.060168	348.909921544693	200.530422045752	154.328257127432	354.858679173184	4.800968	350.057711173184	400.887224211342	385.286840913501	4099.5227973136
15	494209	495157	948	494683	1795.50058467254	536.827773397035	2332.32835806957	4.330464	2327.99789406957	1799.29807220121	540.064447999471	2339.36252020068	7.071264	2332.29125620068	2674.80101910446	2567.00852890847	27352.8491152803
15	502564	502715	151	502639.5	29.985491138584	25.0417771904268	55.0272683290107	0.689768	54.3375003290107	33.2388661259494	28.8833657355853	62.1222318615347	3.430568	58.6916638615347	62.4321876002879	64.5982791848297	638.439343775672
15	504557	504777	220	504667	82.8660099869512	74.3716141987732	157.237624185724	1.00496	156.232664185724	92.4517309291919	84.0145364594528	176.466267388645	3.74576	172.720507388645	179.506729987141	190.102764569083	1835.65822857341
15	505183	505281	98	505232	30.134694577589	54.2913513667871	84.426045944376	0.447664	83.978381944376	46.2248654415463	69.9960133451116	116.220878786658	3.188464	113.032414786658	96.4886876314534	124.407777986157	986.705364348258
15	511284	511704	420	511494	395.437314474207	372.515886155914	767.953200630121	1.91856	766.034640630121	406.236063375651	380.202563326904	786.438626702555	4.65936	781.779266702555	880.151241823044	860.456017237922	9000.53646767064
15	514445	515013	568	514729	213.20251412607	117.059598118384	330.262112244453	2.594624	327.667488244453	221.091995971526	125.26018713458	346.352183106106	5.335424	341.016759106106	376.480293954024	375.336024949182	3849.93448179878
15	520137	521089	952	520613	290.299391139698	317.504818200307	607.804209340005	4.348736	603.455473340005	294.400885675456	320.974498173308	615.375383848763	7.089536	608.285847848763	693.352566677953	669.502556891522	7090.30989766261
15	522618	522890	272	522754	103.25157985599	162.134737059769	265.386316915759	1.242496	264.143820915759	105.376628836456	164.009680275523	269.386309111979	3.983296	265.403013111979	303.493471010203	292.112658076112	3103.5621194709
15	524959	525150	191	525054.5	44.4848253351879	43.6366057844906	88.1214311196785	0.872488	87.2489431196785	46.5153721374642	45.4643479123017	91.9797200497659	3.613288	88.3664320497659	100.24646610154	97.2594585422747	1025.13287606476
15	530366	530473	107	530419.5	6.76765598837968	7.27796775060652	14.0456237389862	0.488776	13.5568477389862	22.0802089289437	19.7420550366009	41.8222639655446	3.229576	38.5926879655446	15.5764187933585	42.4765813007584	159.286402976547
15	531259	531431	172	531345	61.386514903921	41.2575509494178	102.644065853339	0.785696	101.858369853339	66.7145377100515	45.1126398057464	111.827177515798	3.526496	108.300681515798	117.032267160585	119.19985224767	1196.78657305672
15	533797	533989	192	533893	62.0288297086992	33.5155725037824	95.5444022124816	0.877056	94.6673462124816	70.8100321075114	35.8061252989628	106.616157406474	3.617856	102.998301406474	108.769992777963	113.363850878646	1112.29552384493
15	537169	537382	213	537275.5	69.6181046346559	38.2013805074397	107.819485142096	0.972984	106.846501142096	72.2059642824917	39.9684212361381	112.17438551863	3.713784	108.46060151863	122.763483107379	119.375866289707	1255.39470275312
15	539537	539695	158	539616	13.8163184537057	21.713500476644	35.5298189303497	0.721744	34.8080749303497	15.5054573868379	24.6256675994752	40.1311249863131	3.462544	36.6685809863131	39.9934529725916	40.3588359235085	408.978042458131
15	544422	544958	536	544690	503.296400529068	481.768704335046	985.065104864114	2.448448	982.616656864114	507.901606674925	485.437688901838	993.339295576763	5.189248	988.150047576763	1128.99759998262	1087.59555361151	11545.2703895625
15	546441	546667	226	546554	103.108476557588	47.6207976165266	150.729274174114	1.032368	149.696906174114	105.260526160394	48.3640147470126	153.624540907407	3.773168	149.851372907407	171.997336514489	164.932124707523	1758.86623352867
15	550302	550999	697	550650.5	199.727603541508	176.533368935275	376.260972476783	3.183896	373.077076476783	201.896553533853	179.432235751546	381.328789285399	5.924696	375.404093285399	428.654573488539	413.184033807419	4383.47517720493
15	552887	553183	296	553035	68.8025858376816	226.671124565418	295.4737104031	1.352128	294.1215824031	72.4277693949	236.368148073083	308.795917467983	4.092928	304.702989467983	337.937036092919	335.367707900423	3455.78631557776
15	554675	554767	92	554721	6.20704306675638	21.9337055521728	28.1407486189291	0.420256	27.7204926189291	10.0179309042913	36.9492516469963	46.9671825512876	3.161056	43.8061265512876	31.8500296310721	48.2146902436114	325.702378828763
15	558690	558943	253	558816.5	119.248648574027	138.507292468436	257.755941042462	1.155704	256.600237042462	128.168554169823	152.66491878898	280.833472958803	3.896504	276.936968958803	294.826115303656	304.807368889839	3014.92865807458
15	559774	559956	182	559865	30.4720023522296	44.8465336722395	75.3185360244691	0.831376	74.4871600244691	38.0197763216266	53.6684370091718	91.6882133307984	3.572176	88.1160373307984	85.5835531686664	96.9838645839839	875.188098049951
15	560697	560906	209	560801.5	62.4829401755367	39.2436045297654	101.726544705302	0.954712	100.771832705302	68.3075744281141	43.7338080249148	112.041382453029	3.695512	108.345870453029	115.783867976777	119.24958891198	1184.02028716613
15	566259	566602	343	566430.5	141.961772091082	121.714805416722	263.676577507804	1.566824	262.109753507804	149.131737352328	131.179123560738	280.310860913066	4.307624	276.003236913066	301.156387463184	303.779667860326	3079.66281138226
15	569630	569797	167	569713.5	88.4123378248162	89.0347521709068	177.447089995723	0.762856	176.684233995723	90.8311935772644	91.4267073033198	182.257900880584	3.503656	178.754244880584	203.00498138566	196.743725710547	2075.95428064827
15	570824	571098	274	570961	192.80484397813	138.174684802128	330.979528780259	1.251632	329.727896780259	196.149821076842	141.708766259525	337.858587336367	3.992432	333.866155336367	378.847642681179	367.465798271891	3874.14328539749
15	571897	572159	262	572028	89.2463570482087	113.819723442188	203.066080490397	1.196816	201.869264490397	103.71159045882	117.678312379191	221.389902838011	3.937616	217.452286838011	231.941839707113	239.336263624784	2371.86620601531
15	572894	573053	159	572973.5	44.0495153016834	50.3719610283672	94.4214763300506	0.726312	93.6951643300506	48.8407257347718	54.9908674900042	103.831593224776	3.467112	100.364481224776	107.652984426493	110.464968137455	1100.87285700726
15	574822	574930	108	574876	46.5367726307263	4.76730988220223	51.3040825129285	0.493344	50.8107385129285	55.5682807988613	9.19681197823902	64.7650927771003	3.234144	61.5309487771003	58.3800421392347	67.7233042325721	597.001598463886
15	578023	578261	238	578142	39.0501000696617	39.2703051451905	78.3204052148523	1.087184	77.2332212148523	46.5339725661873	46.4563707775359	92.9903433437233	3.827984	89.1623593437233	88.738696602976	98.1354864168155	907.452988663994
15	579926	580061	135	579993.5	39.9496208028051	3.41937881360423	43.3689996164093	0.61668	42.7523196164093	52.0902006322437	18.7181314360834	70.8083320683271	3.35748	67.4508520683271	49.1211561532596	74.2389751199413	502.319074589735
15	584065	584273	208	584169	29.2756747779557	79.4153304518936	108.691005229849	0.950144	107.740861229849	31.3060215756221	85.8451786541078	117.15120022973	3.690944	113.46025622973	123.791076508672	124.878676563025	1265.90300114865
15	586012	586818	806	586415	648.09173793128	491.193921577821	1139.2856595091	3.681808	1135.6038515091	649.520770869203	493.055464484709	1142.57623535391	6.422608	1136.15362735391	1304.77538104883	1250.49392686864	13342.7959209878
15	587433	588236	803	587834.5	214.486343717186	43.8921116736714	258.378455390858	3.668104	254.710351390858	217.523613723526	44.8854345688702	262.409048292396	6.408904	256.000144292396	292.654692348429	281.763502758609	2992.72341587691
15	592607	592841	234	592724	112.400890739371	120.232371247949	232.63326198732	1.068912	231.56434998732	114.664342909907	122.992734871846	237.657077781753	3.809712	233.847365781753	266.060618401846	257.38131154443	2720.76909597575
15	594293	594448	155	594370.5	15.0194461847171	13.24880537304	28.2682515577571	0.70804	27.5602115577571	20.8448804557342	16.9990918137672	37.8439722695014	3.44884	34.3951322695015	31.6658714121758	37.856591733133	323.819153893962
15	602472	602635	163	602553.5	10.2820369916989	21.6089980679575	31.8910350596564	0.744584	31.1464510596564	12.5421890861705	27.170126246957	39.7123153331276	3.485384	36.2269313331276	35.7863549825729	39.8727395050176	365.955733242507
15	605158	605343	185	605250.5	20.3340686819826	50.3774611551402	70.7115298371228	0.84508	69.8664498371228	23.3983393106627	56.3676992247365	79.7660385353992	3.58588	76.1801585353992	80.2744932465826	83.8467820749497	820.896988559735
15	606214	606581	367	606397.5	199.67990244204	242.282384390907	441.962286832948	1.676456	440.285830832948	202.470466762037	245.099949333244	447.57041609528	4.417256	443.15316009528	505.87545289851	487.751235422649	5173.14552949056
15	609196	609416	220	609306	73.0476836833664	63.8232710689575	136.870954752324	1.00496	135.865994752324	75.5105404499983	65.9922210613028	141.502761511301	3.74576	137.757001511301	156.106026620957	151.620599209561	1596.35971485407
15	611445	611972	527	611708.5	90.6901903272664	105.179824300289	195.870014627555	2.407336	193.462678627555	95.1967942004297	108.754206686586	203.951000887016	5.148136	198.802864887016	222.282920130596	218.809999985909	2273.09288870832
15	616994	617132	138	617063	23.074931856412	28.1739493841769	51.2488812405889	0.630384	50.6184972405889	27.4264321545775	32.8700576252454	60.2964897798229	3.371184	56.9253057798229	58.1591625789577	62.6541582484733	594.74285650822
15	618484	618742	258	618613	81.6249813823588	93.7486608222587	175.373642204618	1.178544	174.195098204618	83.1891174342871	96.6779283392386	179.867045773526	3.919344	175.947701773526	200.145037668487	193.654737543475	2046.70813919127
15	619082	619648	566	619365	130.695312409326	130.297603242488	260.992915651814	2.585488	258.407427651814	132.665057810185	134.135691706972	266.800749517157	5.326288	261.474461517157	296.902524090761	287.788744661202	3036.16227352847
15	624459	624675	216	624567	43.8058096844882	24.4329631578113	68.2387728422995	0.986688	67.2520848422995	47.5596962081941	25.8890967203794	73.4487929285735	3.727488	69.7213049285735	77.2706648624254	76.7379219565519	790.179464537124
15	628013	628209	196	628111	16.3638771726414	68.6322819123294	84.9961590849708	0.895328	84.1008310849708	18.6411296612618	73.6664979464782	92.30762760774	3.636128	88.67149960774	96.6293780877832	97.5952275081492	988.144082516998
15	630734	630825	91	630779.5	7.03146206887241	11.9854762544408	19.0169383233132	0.415688	18.6012503233132	11.6332681363607	19.0642394135608	30.6975075499214	3.156488	27.5410195499214	21.3722888015329	30.312694390773	218.555693175356
15	631823	632113	290	631968	238.427195532274	201.124935748758	439.552131281032	1.32472	438.227411281031	242.143581191619	203.371487529754	445.515068721373	4.06552	441.449548721373	503.510389455267	485.876175901186	5148.96009549041
15	633596	633820	224	633708	61.9475278347642	58.1529403729383	120.100468207702	1.023232	119.077236207702	66.2076260261934	62.6768446448602	128.884470671054	3.764032	125.120438671054	136.816237493979	137.712317171131	1399.09992330798
15	638460	639405	945	638932.5	97.2831422888755	187.43712025693	284.720262545805	4.31676	280.403502545805	99.0332826280352	190.163683101749	289.196965729784	7.05756	282.139405729784	322.175366344023	310.533368816611	3294.60551320512
15	642215	642351	136	642283	20.7873791303804	19.2706441710047	40.0580233013851	0.621248	39.4367753013851	41.189249375128	36.7562471984175	77.9454965735455	3.362048	74.5834485735455	45.3116933804176	82.0893823165042	463.363032741541
15	644352	644479	127	644415.5	12.0055767177384	13.2931063941387	25.2986831118771	0.580136	24.7185471118771	14.7015388572394	15.5227577855966	30.2242966428359	3.320936	26.9033606428359	28.4008826528837	29.6108627268797	290.430971274716
15	649041	649275	234	649158	102.297857873556	86.4535926775035	188.75145055106	1.068912	187.68253855106	103.878994317328	88.0650298196793	191.944024137008	3.809712	188.134312137008	215.641709411909	207.067784759758	2205.17903888039
15	653975	654208	233	654091.5	88.152731841132	70.1182161617765	158.270948002908	1.064344	157.206604002908	97.9311572250365	74.1623093744854	172.093466599522	3.805144	168.288322599522	180.625758153871	185.224533291095	1847.10155029404
15	656947	657211	264	657079	137.093759887782	184.093043178963	321.186803066744	1.205952	319.980851066744	149.629148817215	188.755350640954	338.384499458168	3.946752	334.437747458168	367.648574213728	368.094914317247	3759.62021327587
15	658492	658653	161	658572.5	27.3231297735506	14.7967410515643	42.1198708251149	0.735448	41.3844228251149	32.8808578741814	17.0906939251134	49.9715517992949	3.476248	46.4953037992949	47.5494830255886	51.1745010789984	486.246948995092
15	661654	662392	738	662023	658.440176453475	608.393822930067	1266.83399938354	3.371184	1263.46281538354	659.82190830115	610.454570428443	1270.27647872959	6.111984	1264.16449472959	1451.68156500381	1391.38755988841	14845.0768963283
15	664515	664686	171	664600.5	16.7226854428491	21.8486035906491	38.5712890334983	0.781128	37.7901610334983	20.9017817672582	24.6358678345814	45.5376496018397	3.521928	42.0157216018397	43.4197820805683	46.2441024093459	444.016111623051
15	667281	667493	212	667387	20.9559830165483	60.8873033975451	81.8432864140933	0.968416	80.8748704140933	22.692523042233	64.5328874249759	87.2254104672089	3.709216	83.5161944672089	92.9228442837642	91.9211024477883	950.240605152553
15	670511	671714	1203	671112.5	105.382128963229	211.650078343822	317.032207307051	5.495304	311.536903307051	108.1862935967	217.069703261299	325.255996857999	8.236104	317.019892857999	357.946726918063	348.924160580959	3660.40791175422
15	673818	674002	184	673910	21.4710948894133	24.3899621666771	45.8610570560904	0.840512	45.0205450560904	24.0623546156179	29.0694700251217	53.1318246407396	3.581312	49.5505126407396	51.7272803826128	54.5371802181215	528.969626280133
15	675230	675425	195	675327.5	35.8580264952387	26.3462072563658	62.2042337516045	0.89076	61.3134737516045	43.8286102100198	34.7868018044737	78.6154120144935	3.63156	74.9838520144935	70.447375615506	82.5300815838814	720.403656950738
15	675674	675802	128	675738	16.0570701010146	16.8713888703293	32.9284589713439	0.584704	32.3437549713439	24.2101580223534	21.7165005457929	45.9266585681463	3.325504	42.6011545681463	37.1620219156564	46.8884522149792	380.023475023954
15	678981	679155	174	679068	33.4489709686769	34.2536895167152	67.7026604853922	0.794832	66.9078284853922	46.7319771300143	48.9146274381396	95.6466045681539	3.535632	92.1109725681539	76.8751244469317	101.38084236258	786.134618873195
15	682213	682429	216	682321	76.398260911156	104.258703069273	180.656963980429	0.986688	179.670275980429	79.8749410455041	110.421245110321	190.296186155825	3.727488	186.568698155825	206.435855685044	205.344610421223	2111.03882950789
15	682730	682945	215	682837.5	67.9535662685446	43.3423990032891	111.295965271834	0.98212	110.313845271834	70.9031342534321	49.0556306881376	119.95876494157	3.72292	116.23584494157	126.747359396715	127.933595144524	1296.13431899293
15	683461	683942	481	683701.5	145.281248602028	123.177939140638	268.459187742666	2.197208	266.261979742666	149.964256541146	128.087052291278	278.051308832424	4.938008	273.113300832424	305.927173121046	300.598894212401	3128.44946105406
15	685523	685668	145	685595.5	13.3133068597412	11.187657865445	24.5009647251862	0.66236	23.8386047251862	14.8470422109607	12.4916879221642	27.3387301331249	3.40316	23.9355701331249	27.3898547655004	26.3443995310042	280.092073892288
15	689418	689540	122	689479	13.4484099737464	8.67029984260815	22.1187098163545	0.557296	21.5614138163545	18.0771166612697	14.1368258411126	32.2139425023823	3.298096	28.9158465023823	24.7734294761327	31.8258812637064	253.336182276306
15	690386	690564	178	690475	36.1316328016178	46.3729688551967	82.5046016568145	0.813104	81.6914976568145	41.2232501588155	51.9171966446575	93.1404468034729	3.553904	89.5865428034729	93.861124935402	98.6023588780076	959.835580221251
15	692164	692412	248	692288	44.541526642102	29.8894889258194	74.4310155679213	1.132864	73.2981515679213	46.8489798268212	32.7073538750704	79.5563337018916	3.873664	75.6826697018916	84.2174174692315	83.2992269292295	861.217823853573
15	700780	701192	412	700986	257.318830967468	308.028999791221	565.347830758689	1.882016	563.465814758689	260.67710837274	313.617228594865	574.294336967605	4.622816	569.671520967605	647.405626691698	627.002158976613	6620.45075383229
15	702171	702323	152	702247	19.1117405084183	22.1629108351483	41.2746513435665	0.694336	40.5803153435665	22.3686155764574	25.135979361702	47.5045949381594	3.435136	44.0694589381594	46.6255872108225	48.5045238916348	476.799075063895
15	712622	712778	156	712700	43.3759997777567	32.4145471261383	75.7905469038951	0.712608	75.0779389038951	46.2714665156591	35.5733199330087	81.8447864486678	3.453408	78.3913784486678	86.2623407022718	86.2805348755751	882.129464101268
15	716870	717048	178	716959	23.6191444000213	35.8316258867284	59.4507702867497	0.813104	58.6376662867497	26.3152065418272	37.1154554778451	63.4306620196723	3.553904	59.8767580196723	67.3729516428068	65.9026389226672	688.964213627287
15	720322	720446	124	720384	17.5238039079087	26.6202135719648	44.1440174798735	0.566432	43.5775854798735	21.2268892606934	31.2488202571832	52.4757095178765	3.307232	49.1684775178765	50.0693623257178	54.1166978207688	512.01554927334
15	721738	721884	146	721811	31.4461248048754	34.6865994949006	66.132724299776	0.666928	65.465796299776	34.4699945023505	38.750993175517	73.2209876778675	3.407728	69.8132596778675	75.2182719345246	76.8391308536327	769.191438257346
15	722631	722888	257	722759.5	75.9221499372265	63.05725341294	138.979403350167	1.173976	137.805427350167	83.3456210415544	66.412130739843	149.757751781397	3.914776	145.842975781397	158.334377558219	160.520330261884	1619.14710970231
15	727260	727474	214	727367	38.6454907437809	46.0871622676121	84.732653011393	0.977552	83.755101011393	40.983244626904	49.2327347702273	90.2159793971312	3.718352	86.4976273971312	96.232144415237	95.20258101061	984.081921395083
15	733489	733841	352	733665	76.7261684691301	139.549316486151	216.275484955281	1.607936	214.667548955281	81.6792826339538	141.579763286123	223.259045920077	4.348736	218.910309920077	246.646691638752	240.941019324595	2522.23985746672
15	737850	738313	463	738081.5	210.320447697032	239.775926619312	450.096374316344	2.114984	447.981390316344	212.070388031582	242.688193744448	454.75858177603	4.855784	449.90279777603	514.717424105272	495.180143560714	5263.56463078924
15	741782	741956	174	741869	28.4175549990671	27.1774264152193	55.5949814142864	0.794832	54.8001494142864	31.7148309983113	29.7821864525939	61.4970174509053	3.535632	57.9613854509053	62.9637577739275	63.794506970026	643.875246726918
15	742338	742540	202	742439	44.1879184917523	39.9837215887975	84.1716400805498	0.922736	83.2489040805498	49.6035433170305	44.0618155851938	93.6653589022244	3.663536	90.0018229022244	95.6505390495552	99.0594319612028	978.134352324148
15	745371	745612	241	745491.5	20.5302732043202	22.4531175241512	42.9833907284715	1.100888	41.8825027284715	26.5512119815402	28.1559489692835	54.7071609508238	3.841688	50.8654729508238	48.1217621657405	55.9844755857939	492.099146919571
15	746456	746703	247	746579.5	24.737470176424	50.8711725347432	75.6086427111671	1.128296	74.4803467111671	28.132948439142	54.3882536002964	82.5212020394384	3.869096	78.6521060394384	85.5757248723394	86.5675015858651	875.108044914508
15	747322	747497	175	747409.5	25.2680824065583	46.2086650681423	71.4767474747006	0.7994	70.6773474747006	29.2311737522471	49.2289346826387	78.4601084348858	3.5402	74.9199084348858	81.2061907506517	82.4597028463264	830.424643539624
15	749025	749214	189	749119.5	50.199057043086	57.342621695822	107.541678738908	0.863352	106.678326738908	53.8239405933894	60.62989746457	114.453838057959	3.604152	110.849686057959	122.570255670971	122.005383667709	1253.41873486794
15	755083	755311	228	755197	55.658382875633	52.1823027551147	107.840685630748	1.041504	106.799181630748	57.1786179156825	54.956066687877	112.13468460356	3.782304	108.35238060356	122.709114382433	119.256754231446	1254.83872138501
15	757693	758252	559	757972.5	96.6383274264732	84.7403531888751	181.378680615348	2.553512	178.825168615348	101.273734268429	90.7777923464141	192.051526614843	5.294312	186.757214614843	205.464852211574	205.552098811385	2101.10922677836
15	759528	759740	212	759634	106.541755691582	128.909571249599	235.451326941181	0.968416	234.482910941181	109.764829980543	131.355727631302	241.120557611846	3.709216	237.411341611846	269.413958984152	261.303958996094	2755.06077536604
15	761348	761512	164	761430	22.5547198659938	48.6416211455902	71.196341011584	0.749152	70.447189011584	28.5654584081076	57.1427170882008	85.7081754963083	3.489952	82.2182234963083	80.9417454548599	90.4925061934743	827.720392934299
15	762125	762625	500	762375	516.509005067712	524.923399011919	1041.43240407963	2.284	1039.14840407963	518.336647193218	527.670062320036	1046.00670951325	5.0248	1040.98190951325	1193.95091263339	1145.74431176019	12209.4910728149
15	767987	768374	387	768180.5	446.085681873493	314.701553587581	760.787235461073	1.767816	759.019419461073	449.078950865649	318.40433893345	767.483289799099	4.508616	762.974673799099	872.090959303024	839.758966542608	8918.11101246035
15	769451	770760	1309	770105.5	822.491757694777	573.733424039067	1396.22518173384	5.979512	1390.24566973384	825.792633777	577.311106501428	1403.10374027843	8.720312	1394.38342827843	1597.35133080774	1534.71147458239	16334.7141053149
15	772237	772466	229	772351.5	87.8053238336901	77.1670786317125	164.972402465403	1.046072	163.926330465403	90.0822763153955	78.1130004343588	168.195276749754	3.786872	164.408404749754	188.346525958588	180.954148027103	1926.05508564422
15	774315	774469	154	774392	31.634429145121	15.7593632391393	47.3937923842603	0.703472	46.6903203842603	38.6861916819009	18.2053196162325	56.8915112981334	3.444272	53.4472392981334	53.6458030586177	58.8260658955689	548.588678653075
15	775433	775665	232	775549	48.6444212101292	41.1937494788513	89.8381706889805	1.059776	88.7783946889805	50.7829705017657	43.1936955758089	93.9766660775746	3.800576	90.1760900775746	102.00376091124	99.2512370474001	1043.10319215087
15	779533	779695	162	779614	10.7960488392094	25.7716940143526	36.567742853562	0.740016	35.827726853562	27.362730686316	40.6083359855972	67.9710666719132	3.480816	64.4902506719132	41.1650030028936	70.9804245357947	420.958459311935
15	781555	781794	239	781674.5	163.170160925357	150.311964555503	313.48212548086	1.091752	312.39037348086	168.01827266997	154.805368124411	322.823640794381	3.832552	318.991088794381	358.927339012471	351.093733856762	3670.43577344089
15	783339	783489	150	783414	19.3406457844789	11.4406636970017	30.7813094814805	0.6852	30.0961094814805	30.3727000634012	16.8633886859323	47.2360887493334	3.426	43.8100887493334	34.5795434425499	48.2190511895909	353.61472778862
15	784665	784779	114	784722	19.0575392591282	11.2079583333525	30.2654975924807	0.520752	29.7447455924807	24.5445657301501	17.8066104263445	42.3511761564946	3.261552	39.0896241564946	34.1758366820037	43.0235281870448	349.486372060785
15	786955	787137	182	787046	24.3562613899045	21.6122981440213	45.9685595339258	0.831376	45.1371835339258	26.6063132515749	23.1934345877933	49.7997478393682	3.572176	46.2275718393682	51.8612945585601	50.879825093413	530.340071972286
15	790032	790203	171	790117.5	19.9126589688679	33.7398776738147	53.6525366426826	0.781128	52.8714086426826	22.9970300608457	36.8379490815724	59.8349791424181	3.521928	56.3130511424181	60.7476914301321	61.9802874907352	621.213475664941
15	792284	792442	158	792363	31.5466271213634	36.2223348922194	67.7689620135827	0.721744	67.0472180135827	33.7188771897724	38.4555863666559	72.1744635564283	3.462544	68.7119195564284	77.0352789097026	75.6269539964555	787.772378401483
15	795583	796017	434	795800	19.8779581690457	45.0988394876615	64.9767976567072	1.982512	62.9942856567072	36.7312466221767	77.0125750705445	113.743821692721	4.723312	109.020509692721	72.3785789933718	119.992122537497	740.152383763833
15	796918	797255	337	797086.5	108.85200894084	132.164346269234	241.016355210074	1.539416	239.476939210074	111.70007458619	135.40442095004	247.104495536229	4.280216	242.824279536229	275.151950387452	267.261644504455	2813.73819172645
15	800755	800922	167	800838.5	15.5326580137879	29.1170711222842	44.6497291360721	0.762856	43.8868731360721	17.3130990513514	33.8603804512952	51.1734795026467	3.503656	47.6698235026467	50.4247247339501	52.4672221694109	515.649529619614
15	802367	802505	138	802436	25.3927852808474	40.3253294625515	65.7181147433989	0.630384	65.0877307433989	29.4942798166051	46.3495683158353	75.8438481324404	3.371184	72.4726641324404	74.7838857445448	79.7661726193454	764.749350854427
15	803447	803663	216	803555	104.14520045314	117.078098544802	221.223298997942	0.986688	220.236610997942	114.49413898686	127.545639812207	242.039778799067	3.727488	238.312290799067	253.045379912961	262.295577963734	2587.67364250346
15	804226	804366	140	804296	38.2839824113392	30.0185919015268	68.302574312866	0.63952	67.663054312866	43.1322941605616	34.9748061378043	78.1071002983659	3.38032	74.7267802983659	77.7428566807653	82.2471386683745	795.008157014908
15	807046	807285	239	807165.5	80.7149604071944	83.1240159337561	163.83897634095	1.091752	162.74722434095	85.4111686505678	85.9280805649222	171.33924921549	3.832552	167.50669721549	186.9917677471	184.364246642982	1912.20115905983
15	810844	811002	158	810923	29.4143779749395	23.9741525826404	53.38853055758	0.721744	52.66678655758	32.68115327117	28.6975614529638	61.3787147241339	3.462544	57.9161707241339	60.512586680614	63.7447419207656	618.809265148375
15	813744	813923	179	813833.5	49.401538661005	69.1753944305841	118.576933091589	0.817672	117.759261091589	51.7865936343756	70.6146276036135	122.401221237989	3.558472	118.842749237989	135.301922900862	130.802853237897	1383.61435324772
15	817078	817228	150	817153	16.259374763955	26.4612099070734	42.7205846710284	0.6852	42.0353846710284	19.0332386990222	30.5222035093211	49.5554422083433	3.426	46.1294422083433	48.2974190152572	50.771819886469	493.895435789876
15	818489	818647	158	818568	48.1484097775121	36.9735522071024	85.1219619846144	0.721744	84.4002179846144	51.9559975389832	39.6561140377383	91.6121115767214	3.462544	88.1495675767215	96.9733648183182	97.0207692488846	991.66173376312
15	820238	820413	175	820325.5	50.3982616345725	33.9143816959753	84.3126433305479	0.7994	83.5132433305479	54.1011469827472	36.7015459376027	90.8026929203499	3.5402	87.2624929203499	95.9542570628254	96.0444211179939	981.240210640798
15	825020	826049	1029	825534.5	472.433289162128	358.891472125432	831.32476128756	4.700472	826.62428928756	480.228468834004	367.524471108289	847.752939942293	7.441272	840.311667942293	949.766963722514	924.879005919302	9712.43552990633
15	830801	831000	199	830900.5	33.9146817028902	70.4605240516653	104.375205754556	0.909032	103.466173754556	38.1448792051355	74.8293247485895	112.974203953725	3.649832	109.324371953725	118.879586492123	120.326564907649	1215.67749114087
15	832115	832668	553	832391.5	176.177960743436	141.009450140918	317.187410884354	2.526104	314.661306884354	190.771297106705	151.287787047333	342.059084154038	5.266904	336.792180154038	361.536574612493	370.68629255741	3697.11814239615
15	836530	837616	1086	837073	550.253882856774	388.755860472706	939.00974332948	4.960848	934.04889532948	552.872243207624	391.113914823736	943.98615803136	7.701648	936.28451003136	1073.19467233419	1030.51036886818	10974.6226855813
15	841118	841299	181	841208.5	69.5309026247281	67.4731551955018	137.00405782023	0.826808	136.17724982023	72.0884615741601	70.6962294844634	142.784691058623	3.567608	139.217083058623	156.4636495273	153.227620534584	1600.0168113362
15	842190	842466	276	842328	143.833915242297	123.572348231412	267.406263473709	1.260768	266.145495473709	151.439190537047	131.66093466605	283.100125203097	4.001568	279.098557203097	305.793336126559	307.186495186497	3127.08082724164
15	847161	847335	174	847248	71.1160391606986	54.8487642146516	125.96480337535	0.794832	125.16997137535	73.2680887635051	56.2270959839584	129.495184747463	3.535632	125.959552747463	143.816610766254	138.635878062227	1470.68661424295
15	848298	848397	99	848347.5	16.0365696284971	14.3031296742663	30.3396993027634	0.452232	29.8874673027634	20.905281847932	16.6613840299067	37.5666658778387	3.193032	34.3736338778387	34.3398197238633	37.8329297849911	351.163283116754
15	849441	849617	176	849529	61.9851287014303	37.5877663641859	99.5728950656162	0.803968	98.7689270656162	73.9900054030339	46.041261209634	120.031266612668	3.544768	116.486498612668	113.482588383763	128.209474115386	1160.48711478052
15	850054	850252	198	850153	60.5666960078333	50.4854636445004	111.052159652334	0.904464	110.147695652334	75.5486413281892	64.4669859060052	140.015627234194	3.645264	136.370363234194	126.556458377133	150.094412343156	1294.18214133662
15	851896	852034	138	851965	14.4314326315339	22.7917253287564	37.2231579602903	0.630384	36.5927739602903	16.397677951719	26.399908494131	42.79758644585	3.371184	39.42640244585	42.044019597347	43.3941991908605	429.947392733967
15	860411	861002	591	860706.5	204.339009830273	172.204369155726	376.543378985999	2.699688	373.843690985999	205.700441210041	175.552446325892	381.252887535932	5.440488	375.812399535932	429.53539098229	413.633431207825	4392.48252684798
15	866653	866948	295	866800.5	24.4515635865344	43.537903509492	67.9894670960264	1.34756	66.6419070960264	28.5568582098807	46.1258631596328	74.6827213695135	4.08836	70.5943613695135	76.5695886021231	77.6988411059734	783.010171184313
15	868100	868248	148	868174	20.7973793608767	26.8154180712528	47.6127974321296	0.676064	46.9367334321296	22.36161541511	30.5624044359163	52.9240198510262	3.416864	49.5071558510262	53.9289243935813	54.4894600851045	551.48391276629
15	875370	875527	157	875448.5	19.4294478312861	19.6146521000778	39.0440999313639	0.717176	38.3269239313639	21.3349917523585	20.8409803658407	42.1759721181992	3.457976	38.7179961181992	44.0365068421697	42.6145002230847	450.322816020594
15	877762	877988	226	877875	180.971171222624	161.05921226989	342.030383492514	1.032368	340.998015492514	198.402472998441	174.084612493643	372.487085492084	3.773168	368.713917492084	391.796677168607	405.820571685921	4006.56172848668
15	882337	882709	372	882523	177.710696071606	5.4229249935405	183.133621065146	1.699296	181.434325065146	196.79273589545	10.4033397876192	207.196075683069	4.440096	202.755979683069	208.462696130892	223.160948595027	2131.7655529165
15	884223	884326	103	884274.5	11.8092721930958	6.65615341834579	18.4654256114416	0.470504	17.9949216114416	16.6612840276018	8.35889266495297	25.0201766925547	3.211304	21.8088726925547	20.675634968401	24.0036753809491	211.43162411484
15	888730	888927	197	888828.5	12.8870970359884	9.70072359294822	22.5878206289366	0.899896	21.6879246289366	15.5492583964118	12.1500800484101	27.6993384448219	3.640696	24.0586424448219	24.9187866739568	26.4798576016713	254.822623126112
15	891720	892049	329	891884.5	106.901263977924	148.693427249675	255.594691227599	1.502872	254.091819227599	119.764660467636	159.488876075054	279.253536542691	4.243672	275.009864542691	291.944017109053	302.686324419469	2985.45596216587
15	892287	892556	269	892421.5	49.1918338274973	38.2941826464454	87.4860164739428	1.228792	86.2572244739428	56.9429124828844	58.3315444896024	115.274456972487	3.969592	111.304864972487	99.1070105844043	122.506370906188	1013.48066170893
15	894339	894429	90	894384	1.88854352922867	9.92742881829963	11.8159723475283	0.41112	11.4048523475283	5.29422202705295	13.1473030335024	18.4415250605554	3.15192	15.2896050605554	13.1038394663569	16.8283212869493	134.001498127931
15	898423	898626	203	898524.5	24.2576591172109	22.0510082558945	46.3086673731054	0.927304	45.3813633731054	27.0583236700083	24.2368586377786	51.2951823077868	3.668104	47.6270783077868	52.1418500025088	52.4201751809683	533.209066963684
15	899986	900170	184	900078	23.473541043995	28.6336599800924	52.1072010240874	0.840512	51.2666890240874	25.206580989006	30.4309014048897	55.6374823938958	3.581312	52.0561703938958	58.9039158484919	57.2950025123041	602.358796409612
15	904101	904478	377	904289.5	46.586273771683	33.150564090667	79.73683786235	1.722136	78.01470186235	59.5100716535929	44.2125190587733	103.722590712366	4.462936	99.2596547123662	89.6365948517941	109.248954025676	916.635008240546
15	907763	907961	198	907862	41.3161523001262	42.5053797107477	83.8215320108739	0.904464	82.9170680108739	52.3007054841911	49.4417395876002	101.742445071791	3.645264	98.0971810717913	95.2692691783041	107.969491290456	974.235439027029
15	908885	909257	372	909071	61.4520164136719	74.3883145837021	135.840330997374	1.699296	134.141034997374	70.344821384823	88.2587342843929	158.603555669216	4.440096	154.163459669216	154.124098663802	169.678171525445	1576.09227216124
15	911895	912072	177	911983.5	15.1885500824098	13.3471076388188	28.5356577212285	0.808536	27.7271217212285	27.3725309122024	24.173157169517	51.5456880817194	3.549336	47.9963520817195	31.8576462743823	52.8266119519621	325.780267574035
15	915695	916013	318	915854	70.003113508764	88.0201287847509	158.023242293515	1.452624	156.570618293515	81.768184683066	99.9913047095819	181.759489392648	4.193424	177.566065392648	179.895029304005	195.435970141298	1839.62902585885
15	921294	921491	197	921392.5	13.0256002283623	27.0690239166393	40.0946241450016	0.899896	39.1947281450016	14.2182277173526	29.3461764029547	43.5644041203072	3.640696	39.9237081203072	45.0335883261926	43.9415527447584	460.519095741338
15	925139	925524	385	925331.5	182.712511358947	135.815530425743	318.52804178469	1.75868	316.76936178469	186.567200206055	138.771598560453	325.338798766508	4.49948	320.839318766508	363.958667609274	353.127966111941	3721.88676772974
15	931202	932005	803	931603.5	332.411561787331	291.043108281709	623.454670069039	3.668104	619.786566069039	341.067861307244	298.95929074259	640.027152049834	6.408904	633.618248049834	712.116511261404	697.384360761851	7282.1923372657
15	932263	932483	220	932373	16.2051735146649	11.4947649439867	27.6999384586517	1.00496	26.6949784586517	25.8784964760533	17.5223038733343	43.4008003493876	3.74576	39.6550403493876	30.6717440630293	43.645846769975	313.653083525227
15	933416	933578	162	933497	17.0875938536596	3.43937927459686	20.5269731282564	0.740016	19.7869571282564	21.6926999972116	5.83803456144244	27.5307345586541	3.480816	24.0499185586541	22.7346310005102	26.470255760504	232.487174562514
15	943258	943703	445	943480.5	340.668952112746	174.956632592921	515.625584705667	2.03276	513.592824705667	343.517017758096	177.078281495019	520.595299253115	4.77356	515.821739253115	590.103029915542	567.733039575917	6034.46724614815
15	944390	944597	207	944493.5	30.4855026633996	13.1717035959134	43.657206259313	0.945576	42.711630259313	34.9586057644003	16.5499814621778	51.5085872265781	3.686376	47.8222112265781	49.0744052802863	52.6349458985947	501.840994326825
15	949246	949695	449	949470.5	155.761990173689	153.451336915211	309.213327088899	2.051032	307.162295088899	160.127290789939	157.0598200875	317.187110877439	4.791832	312.395278877439	352.920430910707	343.83413441058	3609.00838135327
15	954002	954276	274	954139	61.6801216712928	62.1205318223504	123.800653493643	1.251632	122.549021493643	68.5288795289975	66.1716251964067	134.700504725404	3.992432	130.708072725404	140.805216540997	143.862279889468	1439.89172098481
15	956557	956829	272	956693	121.173892949177	35.1072091895755	156.281102138752	1.242496	155.038606138752	124.832877285473	36.8099484361827	161.642825721655	3.983296	157.659529721655	178.134792457023	173.526079293573	1821.62862413222
15	960291	960815	524	960553	46.9844829500462	40.3411298267357	87.3256127767819	2.393632	84.9319807767819	49.2616354363616	42.1214708619943	91.3831062983559	5.134432	86.2486742983559	97.584344605729	94.9285737543741	997.909689337448
15	967971	968905	934	968438	143.724512720667	130.418406026883	274.14291874755	4.266512	269.87640674755	148.738228282298	135.729328438865	284.467556721163	7.007312	277.460244721163	310.080043302231	305.383306110964	3170.91722992733
15	976777	976907	130	976842	9.55212016777301	8.83920373569087	18.3913239034639	0.59384	17.7974839034639	15.4243555175128	15.3901547292155	30.8145102467283	3.33464	27.4798702467283	20.4487848566145	30.2453911401964	209.111826554139
15	978447	978644	197	978545.5	2.40205536521433	25.3958853523012	27.7979407175155	0.899896	26.8980447175155	11.0379544149152	41.8303641522466	52.8683185671618	3.640696	49.2276225671618	30.9050612140192	54.1817951132078	316.0390138361
15	979521	979644	123	979582.5	8.81210311104586	4.97021455897242	13.7823176700183	0.561864	13.2204536700183	19.3709464828827	13.0858016159501	32.4567480988328	3.302664	29.1540840988328	15.1899119151572	32.088094630227	155.333935392622
15	981469	981586	117	981527.5	10.0149308351424	10.4510408870866	20.4659717222289	0.534456	19.9315157222289	13.2312049673665	13.0863016274749	26.3175065948414	3.275256	23.0422505948414	22.9007245676319	25.3611780453867	234.185668113268
15	986574	986825	251	986699.5	17.1882961747575	20.6350756199216	37.823371794679	1.146568	36.676803794679	20.6276754493543	34.4985951615699	55.1262706109242	3.887368	51.2389026109242	42.1405674023217	56.3954864832866	430.934702639647
15	987077	987764	687	987420.5	31.3450224745577	82.294396811782	113.63941928634	3.138216	110.50120328634	37.4742637480528	94.3230740619669	131.79733781002	5.879016	125.91832181002	126.962628237557	138.590497723132	1298.33568503127
15	989280	989701	421	989490.5	82.3887989876672	36.6990458799786	119.087844867646	1.923128	117.164716867646	89.4774623749785	47.2951901115667	136.772652486545	4.663928	132.108724486545	134.618809097298	145.403890529786	1376.62874621977
15	996657	997091	434	996874	18.8841352623222	19.7258546631968	38.609989925519	1.982512	36.627477925519	22.7694248147496	23.6720456193468	46.4414704340964	4.723312	41.7181584340964	42.0838934313385	45.9165930609937	430.355147537792
15	1000933	1001076	143	1001004.5	4.5309044332694	19.2502437007922	23.7811481340616	0.653224	23.1279241340616	8.45039477399423	21.7166005480978	30.166995322092	3.394024	26.772971322092	26.5733036963434	29.4673512775536	271.741920729474
15	1003648	1003767	119	1003707.5	17.2362972811398	16.9387904238745	34.1750877050142	0.543592	33.6314957050142	35.5024182987898	34.1808878387021	69.6833061374919	3.284392	66.3989141374919	38.6415980937699	73.081172194103	395.153805716011
15	1004354	1004597	243	1004475.5	26.5042108982076	7.59527506425453	34.0994859624621	1.110024	32.9894619624621	32.3121447658561	11.2474592438129	43.559604009669	3.850824	39.708780009669	37.9039202319245	43.704994685535	387.610219816864
15	1006892	1007158	266	1007025	94.1097691454805	65.6137123370174	159.723481482498	1.215088	158.508393482498	96.0490138433255	67.6138584385849	163.66287228191	3.955888	159.70698428191	182.1214759273	175.779585713389	1862.39694695474
15	1009740	1010072	332	1009906	40.8283410565161	31.0124148082503	71.8407558647664	1.516576	70.3241798647664	44.3220215827079	36.8676497661464	81.1896713488543	4.257376	76.9322953488543	80.8004115678727	84.674612479884	826.275094963338
15	1010819	1011024	205	1010921.5	24.3044601959336	8.17678846761511	32.4812486635488	0.93644	31.5448086635488	27.4802333946477	10.1294334743251	37.6096668689728	3.67724	33.9324268689728	36.2440561375326	37.3473205576865	370.636242387704
15	1015085	1015168	83	1015126.5	3.96669142866743	6.80175677437211	10.7684482030395	0.379144	10.3893042030395	8.08528635857385	11.7006696899058	19.7859560484797	3.119944	16.6660120484797	11.9370045569491	18.3432472070536	122.069298688977
15	1017640	1017735	95	1017687.5	2.95626813931999	9.08270934827609	12.0389774875961	0.43396	11.6050174875961	5.67913089885603	12.2720828604651	17.9512137593212	3.17476	14.7764537593212	13.3338233172901	16.2635274331	136.35334169633
15	1018912	1019335	423	1019123.5	44.555026953272	28.0147457146756	72.5697726679476	1.932264	70.6375086679476	54.2757510072128	36.0831316837107	90.3588826909235	4.673064	85.6858186909235	81.1604171349734	94.3090734492637	829.956556831804
15	1025626	1025960	334	1025793	19.5767512264968	17.31709914355	36.8938503700468	1.525712	35.3681383700468	23.8170489615433	20.0740626890784	43.8911116506218	4.266512	39.6245996506218	40.6369493705398	43.6123425782708	415.558516950846
15	1036554	1036747	193	1036650.5	14.1812268645162	13.056200933681	27.2374277981972	0.881624	26.3558037981972	15.8230647074008	14.6205369902192	30.4436016976201	3.622424	26.8211776976201	30.2820423671003	29.5204090493045	309.667945336412
15	1039441	1039764	323	1039602.5	111.675574021474	44.0689157488462	155.74448977032	1.475464	154.26902577032	113.641819341659	44.7513314779146	158.393150819573	4.216264	154.176886819573	177.250567278379	169.692949958196	1812.58642707807
15	1043228	1043786	558	1043507	36.9288511767839	49.5529421507192	86.4817933275031	2.548944	83.932849327503	40.9526439215852	52.4686093542242	93.4212532758094	5.289744	88.1315092758094	96.4363719956341	97.0008935955606	986.170378125838
15	1048231	1048410	179	1048320.5	5.13891844744522	8.59559812080069	13.7345165682459	0.817672	12.9168445682459	7.92608268907255	10.2375359659903	18.1636186550628	3.558472	14.6051466550628	14.8410739987231	16.0749803138135	151.766675313925
15	1058939	1059214	275	1059076.5	19.9431596718817	26.8525189263941	46.7956785982758	1.2562	45.5394785982758	23.0145304642142	28.9944682963994	52.0089987606136	3.997	48.0119987606136	52.3235197396246	52.8438332823014	535.066844373163
15	1061218	1061436	218	1061327	9.24101299703272	53.0314223265566	62.2724353235894	0.995824	61.2766113235894	10.433640486023	57.220818888377	67.6544593743999	3.736624	63.9178353743999	70.4050217713411	70.3504024719176	719.970541253301
15	1064464	1064656	192	1064560	10.9067513908035	6.84205770327225	17.7488090940758	0.877056	16.8717530940758	13.5081113498094	8.88940489278236	22.3975162425917	3.617856	18.7796602425917	19.3851474200535	20.6696088597728	198.234937354598
15	1070929	1071064	135	1070996.5	6.73065513554332	6.74405544440838	13.4747105799517	0.61668	12.8580305799517	8.21708939651525	8.26099040839407	16.4780798049093	3.35748	13.1205998049093	14.7734984582865	14.4410315452896	151.075639402004
16	4845	4956	111	4900.5	5.28492181269138	1.63203761699825	6.91695942968963	0.507048	6.40991142968963	6.58905187171553	2.15904976415393	8.74810163586946	3.247848	5.50025363586946	7.36479945629656	6.05378850385822	91.0971906413325
16	22541	22785	244	22663	41.6334596137742	19.3951470406838	61.028606654458	1.114592	59.914014654458	45.0760389621299	22.1688109711411	67.244849933271	3.855392	63.389457933271	68.839438327943	69.7688501489584	851.493577553072
16	40171	40745	574	40458	44.4815252591241	80.0979461855719	124.579471444696	2.622032	121.957439444696	47.410792776104	81.540479434665	128.951272210769	5.362832	123.588440210769	140.125506189266	136.02614135438	1733.25017562063
16	46595	47285	690	46940	197.1866449747	190.101081658842	387.287726633542	3.15192	384.135806633542	198.906184608541	193.412057973866	392.318242582407	5.89272	386.425522582407	441.360728751246	425.314638392487	5459.30988172051
16	52717	52924	207	52820.5	48.327513905701	37.7982712161333	86.1257851218343	0.945576	85.1802091218343	49.9998524515994	40.0449229994349	90.0447754510343	3.686376	86.3583994510343	97.8695516636942	95.0493414338021	1210.57487835148
16	56038	56376	338	56207	21.4330940135273	58.2444424819795	79.6775364955069	1.543984	78.1335524955069	24.6999693120628	61.5150178657986	86.2149871778614	4.284784	81.9302031778614	89.7731507290563	90.1755000682803	1110.42831172355
16	66967	67366	399	67166.5	12.8839969645345	18.9119359031019	31.7959328676364	1.822632	29.9733008676364	20.8308801330394	24.6456680604678	45.4765481935072	4.563432	40.9131161935072	34.4384399620434	45.0305329292541	425.978351376581
16	73923	74170	247	74046.5	13.9180207978532	14.2761290519262	28.1941498497795	1.128296	27.0658538497795	16.1782728946299	16.6612840276018	32.8395569222316	3.869096	28.9704609222316	31.097868964893	31.8859919729422	384.657927815266
16	74560	74637	77	74598.5	3.89238971607983	4.30819930011651	8.20058901619634	0.351736	7.84885301619634	8.07858620414132	11.6670689154382	19.7456551195795	3.092536	16.6531191195795	9.0181009613472	18.3290567587718	111.547322825778
16	74914	75183	269	75048.5	30.5406039334343	69.0417913511534	99.5823952845877	1.228792	98.3536032845877	40.1094244861361	83.0473141658494	123.156738651986	3.969592	119.187146651986	113.00539359094	131.181910140294	1397.79418903951
16	82378	82542	164	82460	9.23491285642997	44.1679180307597	53.4028308871897	0.749152	52.6536788871897	11.5118653381354	46.8031787711481	58.3150441092835	3.489952	54.8250921092835	60.4975263533657	60.3425831437468	748.310218661801
16	84282	84497	215	84389.5	28.0689469639656	47.627997782484	75.6969447464496	0.98212	74.7148247464496	34.4344936840886	58.7143533130013	93.1488469970898	3.72292	89.4259269970898	85.8451332293352	98.4255790080978	1061.84160394719
16	85374	85559	185	85466.5	41.1912494212273	44.0229146885632	85.2141641097905	0.84508	84.3690841097905	43.7790090667581	47.1817874977385	90.9607965644966	3.58588	87.3749165644966	96.93759291306	96.1681588598425	1199.0472292308
16	88064	88431	367	88247.5	47.1172860110373	50.1751564921998	97.292442503237	1.676456	95.615986503237	50.5734656728679	53.1684254843561	103.741891157224	4.417256	99.3246351572241	109.859952533915	109.320473976591	1358.88738033097
16	95238	95405	167	95321.5	10.6770460963032	21.6223983768225	32.2994444731258	0.762856	31.5365884731258	14.8767428955348	27.1732263184109	42.0499692139456	3.503656	38.5463132139456	36.2346113808271	42.4255394840196	448.195680053678
16	98869	98961	92	98915	5.19691978432383	5.96403746569598	11.1609572500198	0.420256	10.7407012500198	22.5605199996816	22.4495174411726	45.0100374408542	3.161056	41.8489814408542	12.3407494150383	46.0605818416538	152.646057613628
16	99186	99292	106	99239	9.79222570198948	10.197735048615	19.9899607506044	0.484208	19.5057527506044	21.4453942970378	19.8206568483019	41.2660511453397	3.225008	38.0410431453397	22.4115354522555	41.8694200147786	277.214326034853
16	105533	106053	520	105793	62.7901472563835	49.9526513636568	112.74279862004	2.37536	110.36743862004	65.3477062058155	53.3143288472973	118.662035053113	5.11616	113.545875053113	126.808936575443	124.972911898889	1568.53393480543
16	106872	107061	189	106966.5	45.8538568901331	13.1574032663037	59.0112601564368	0.863352	58.1479081564368	48.4114158395651	15.6202600329356	64.0316758725007	3.604152	60.4275238725007	66.8102339747999	66.5088327836969	826.393801665697
16	108317	108532	215	108424.5	51.3586837714384	34.0204841415412	85.3791679129796	0.98212	84.3970479129796	54.815163440184	35.5712198846044	90.3863833247884	3.72292	86.6634633247884	96.9697224993706	95.3851063446838	1199.4446487487
16	114533	114946	413	114739.5	9.31621473036499	19.6662532894388	28.9824680198038	1.886584	27.0958840198038	17.6958078724453	24.0585545280293	41.7543624004746	4.627384	37.1269784004746	31.1323727458413	40.8633655651876	385.084714386922
16	116824	116956	132	116890	5.33522297208784	9.45441791582403	14.7896408879119	0.602976	14.1866648879119	8.12588729438888	14.8636425935846	22.9895298879735	3.343776	19.6457538879735	16.3000601489144	21.6228644913829	201.619839842527
16	118041	118142	101	118091.5	7.55867422063802	8.82200333923721	16.3806775598752	0.461368	15.9193095598752	11.8460730413222	13.9305210859736	25.7765941272958	3.202168	22.5744261272958	18.2908178493915	24.846272629938	226.24405871464
16	121332	121701	369	121516.5	50.1073549294348	61.5192179626071	111.626572892042	1.685592	109.940980892042	51.6410902806543	62.5259411666709	114.167031447325	4.426392	109.740639447325	126.318949205454	120.784724755197	1562.47314888443
16	128119	128505	386	128312	18.8747350456556	23.0139304503845	41.8886654960401	1.763248	40.1254174960401	21.1416872968648	27.5074340215977	48.6491213184624	4.504048	44.1450733184625	46.1029229810774	48.5877479566524	570.259487560005
16	129882	130022	140	129952	15.1111482983683	10.5083422078304	25.6194905061988	0.63952	24.9799705061988	16.5842822527802	13.4340096418317	30.0182918946119	3.38032	26.6379718946119	28.7012504338558	29.3187657692822	355.013506875903
16	132273	132970	697	132621.5	68.0803691912379	72.4458698120983	140.526239003336	3.183896	137.342343003336	71.6446513447337	76.7500690200163	148.39472036475	5.924696	142.47002436475	157.802307281872	156.807931550485	1951.89929548028
16	135547	135756	209	135651.5	21.6284985174253	17.8141105992167	39.442609116642	0.954712	38.487897116642	24.2299584787361	18.4188245373287	42.6487830160649	3.695512	38.9532710160649	44.2214602912802	42.8734527307758	546.987168150075
16	136504	136653	149	136578.5	9.28511401352146	8.38329322736397	17.6684072408854	0.680632	16.9877752408854	10.8493500677547	10.4102399466616	21.2595900144163	3.421432	17.8381580144163	19.5184534498036	19.633355671717	241.429014529454
16	138353	138617	264	138485	46.5868737855128	39.2031035962553	85.7899773817682	1.205952	84.5840253817682	47.9990063338972	41.0611464224702	89.0601527563674	3.946752	85.1134007563674	97.1845541043902	93.6790484829567	1202.10195880777
16	141617	141703	86	141660	3.20997398701144	7.62957585485688	10.8395498418683	0.392848	10.4467018418683	8.15288791672893	13.9308210928885	22.0837090096175	3.133648	18.9500610096175	12.0029527535624	20.8571584298039	148.467759609577
16	142190	142290	100	142240	4.44310240951177	14.279529130295	18.7226315398067	0.4568	18.2658315398067	9.67632303053722	21.0907861236386	30.7671091541758	3.1976	27.5695091541758	20.9869024976039	30.3440511335947	259.592656818474
16	143285	143351	66	143318	3.12857211077146	4.3347999132367	7.46337202400816	0.301488	7.16188402400816	7.04786244688636	7.92598268676759	14.973845133654	3.042288	11.931557133654	8.22879382104478	13.1323259236251	101.784169944104
16	150276	150559	283	150417.5	53.4693324199902	48.8842267374308	102.353559157421	1.292744	101.060815157421	55.3308753268788	51.4585860740966	106.789461400975	4.033544	102.755917400975	116.115900303524	113.097073816505	1436.26888542044
16	153196	153421	225	153308.5	46.0162606333932	43.8569108623244	89.8731714957176	1.0278	88.8453714957176	47.4722941936564	44.6171283846541	92.0894225783105	3.7686	88.3208225783105	102.080715289667	97.2092590219901	1262.66389692334
16	156277	156410	133	156343.5	5.28112172510278	16.0908708800921	21.3719926051949	0.607544	20.7644486051949	7.69667740148714	19.2971447818199	26.993822183307	3.348344	23.645478183307	23.8577399196984	26.0251132894723	295.102819110432
16	157689	157793	104	157741	7.92368263375344	7.73427826815327	15.6579609019067	0.475072	15.1828889019067	9.25831339579134	9.34571541032912	18.6040288061205	3.215872	15.3881568061205	17.444692201494	16.9367910892229	215.778102389496
16	159680	159806	126	159743	18.5200268699514	10.7717482791033	29.2917751490548	0.575568	28.7162071490547	24.7811711836929	13.3732082404141	38.154379424107	3.316368	34.838011424107	32.9940763016905	38.3440413876844	408.112627740334
16	163655	164106	451	163880.5	64.1683790233853	82.1349931376708	146.303372161056	2.060168	144.243204161056	65.3778068996094	83.6079270874727	148.985733987082	4.800968	144.184765987082	165.731193516859	158.695241447007	2049.97382761225
16	165856	166051	195	165953.5	30.0902935541853	10.994953423781	41.0852469779663	0.89076	40.1944869779663	32.6005514133698	12.2955834021315	44.8961348155012	3.63156	41.2645748155012	46.1822817816657	45.4173616659389	571.241097966256
16	169399	169698	299	169548.5	49.7150458870644	120.394474984294	170.109520871358	1.365832	168.743688871358	51.7624930788795	124.019658541512	175.782151620392	4.106632	171.675519620392	193.881528892425	188.952611256722	2398.17291755935
16	171188	171480	292	171334	91.1112000311611	79.4812319708643	170.592432002025	1.333856	169.258576002025	92.6787361614582	81.5115787685306	174.190314929989	4.074656	170.115658929989	194.473119041772	187.235769209003	2405.49045565885
16	172808	173088	280	172948	104.516309006859	53.4718324776143	157.988141484473	1.27904	156.709101484473	106.404852536087	55.3940767836155	161.798929319703	4.01984	157.779089319703	180.054142411988	173.657671137896	2227.13824516202
16	174830	174970	140	174900	9.70092359755815	12.2388820952174	21.9398056927755	0.63952	21.3002856927755	13.2957064540677	15.4012549850664	28.6969614391341	3.38032	25.3166414391341	24.473400952548	27.8644591771273	302.718096459497
16	176024	176174	150	176099	11.1471569319349	12.9345981308458	24.0817550627808	0.6852	23.3965550627807	13.3296072354502	14.9515446196472	28.2811518550974	3.426	24.8551518550974	26.8819527220712	27.3565261755885	332.510122843893
16	179077	179185	108	179131	8.84620389703829	2.61866035776447	11.4648642548028	0.493344	10.9715202548028	11.8361728131309	6.55455107650325	18.3907238896341	3.234144	15.1565798896341	12.6059536537513	16.6819087205915	155.92644036353
16	183303	183389	86	183346	1.7162395577772	5.66993068679942	7.38617024457662	0.392848	6.99332224457662	5.85863503626485	11.6805692266082	17.5392042628731	3.133648	14.4055562628731	8.03512130074135	15.8553035313031	99.3885823101483
16	188810	188941	131	188875.5	16.1076712673259	9.03860833178735	25.1462795991132	0.598408	24.5478715991133	24.4903644808601	19.1378411100136	43.6282055908737	3.339208	40.2889975908737	28.2047815152324	44.3436042398157	348.872548931874
16	193219	193407	188	193313	8.07218605662368	6.50774999778051	14.5799360544042	0.858784	13.7211520544042	11.7141700010758	9.67002288532454	21.3841928864004	3.599584	17.7846088864004	15.7651996128957	19.5744174632205	195.00400562934
16	195566	195791	225	195678.5	19.3312455678123	24.0747549014333	43.4060004692457	1.0278	42.3782004692457	21.4867952512925	26.8145180505081	48.3013133018007	3.7686	44.5327133018007	48.6913042712416	49.0143992767779	602.275873782301
16	198480	198960	480	198720	83.0942152468771	81.2590729484987	164.353288195376	2.19264	162.160648195376	85.5099709278714	85.6750747333655	171.185045661237	4.93344	166.251605661237	186.317809030917	182.982845106718	2304.61522678036
16	203011	203285	274	203148	42.694384067128	60.944604718289	103.638988785417	1.251632	102.387356785417	51.4487858482102	69.6482053284498	121.09699117666	3.992432	117.10455917666	117.640057566504	128.889735096913	1455.12159764661
16	211946	212109	163	212027.5	18.6016287508013	19.9526598908532	38.5542886416545	0.744584	37.8097046416545	20.3854698667336	20.9762834844558	41.3617533511894	3.485384	37.8763693511894	43.4422371107668	41.688173769076	537.34874648651
16	214091	214773	682	214432	73.5711957498484	197.969663022561	271.540858772409	3.115376	268.425482772409	81.0347677784664	200.871829914896	281.906597693362	5.856176	276.050421693362	308.41297438553	303.831601225481	3814.84325412807
16	215677	215844	167	215760.5	18.7128313139203	12.7683942999971	31.4812256139175	0.762856	30.7183696139175	25.5956899576175	19.5190498965331	45.1147398541506	3.503656	41.6110838541506	35.2945020087197	45.7987427028021	436.567213697905
16	218390	218568	178	218479	15.4282556074064	12.738793617728	28.1670492251344	0.813104	27.3539452251344	16.6984848850481	15.063147191986	31.7616320770341	3.553904	28.2077280770341	31.4288774706815	31.046499172163	388.752261290964
16	222909	223080	171	222994.5	15.3131529543938	19.1957424445873	34.5088953989811	0.781128	33.7277673989811	17.9889146282923	20.9490828575058	38.9379974857981	3.521928	35.4160694857981	38.7522114348686	38.9802740925922	479.336554077827
16	225859	226033	174	225946	25.9543982255203	23.2138350580058	49.168233283526	0.794832	48.3734012835261	28.1369485313405	26.0178996891719	54.1548482205124	3.535632	50.6192162205124	55.5796134439534	55.7134360553195	687.479227604308
16	226946	227025	79	226985.5	2.18965046947265	6.70065444405438	8.89030491352703	0.360872	8.52943291352703	6.56145123554571	9.84942702042839	16.4108782559741	3.101672	13.3092062559741	9.80006721982172	14.6486189841239	121.219674360407
16	227539	228457	918	227998	324.415177477869	239.69832483066	564.113502308529	4.193424	559.920078308529	327.546949662399	242.904598732388	570.451548394787	6.934224	563.517324394787	643.331679934906	620.228615985787	7957.54304518552
16	230863	231124	261	230993.5	54.638659371924	49.9109504024872	104.549609774411	1.192248	103.357361774411	59.2405654417172	53.2558274988939	112.496392940611	3.933048	108.563344940611	118.754564731527	119.488949610589	1468.9072373352
16	237160	237352	192	237256	11.724470238487	9.19721198745887	20.9216822259459	0.877056	20.0446262259459	14.406832064513	11.1802576948777	25.5870897593907	3.617856	21.9692337593907	23.0306852052186	24.1801748748173	284.872756303852
16	241554	241711	157	241632.5	11.4510639367178	19.5670510029154	31.0181149396332	0.717176	30.3009389396332	13.5761129171843	22.1684109619212	35.7445238791055	3.457976	32.2865478791055	34.8148864575952	35.5358034955237	430.634719601547
16	242832	243054	222	242943	20.3984701663788	53.138924804392	73.5373949707708	1.014096	72.5232989707708	21.9322055175983	55.5239797777626	77.4561852953609	3.754896	73.7012892953609	83.3271346550616	81.1184442379366	1030.69580051882
16	246326	246821	495	246573.5	40.6225363129019	56.9702131121394	97.5927494250413	2.26116	95.3315894250413	43.2847976756303	59.6527749427753	102.937572618406	5.00196	97.9356126184056	109.533188666762	107.791662900996	1354.84554993527
16	251893	252003	110	251948	3.87218925047727	14.7021388710691	18.5743281215464	0.50248	18.0718481215464	8.65629951991331	22.6252214909928	31.2815210109061	3.24328	28.0382410109061	20.7640212629714	30.8599552561176	256.835778719868
16	253707	253822	115	253764.5	8.01148465751106	11.998376551781	20.0098612092921	0.52532	19.4845412092921	12.2210816849339	16.7048850325657	28.9259667174996	3.26612	25.6598467174996	22.3871640159825	28.2422039696734	276.912869167013
16	254556	254698	142	254627	9.94402920092351	10.7148469675793	20.6588761685028	0.648656	20.0102201685028	11.3865624500166	13.7826176769332	25.1691801269498	3.389456	21.7797241269498	22.9911536584991	23.9715933601833	284.383779941465
16	256926	257388	462	257157	23.3143373744937	160.766705527873	184.081042902367	2.110416	181.970626902367	26.5070109627465	164.608194070727	191.115205033473	4.851216	186.263989033473	209.078891147391	205.009235963237	2586.15318977198
16	259441	259607	166	259524	11.14685692502	27.332829997132	38.479686922152	0.758288	37.721398922152	12.8834969530097	28.4949567831085	41.3784537361182	3.499088	37.8793657361182	43.3407764397242	41.6914717043779	536.093752084095
16	261235	261366	131	261300.5	15.0733474270923	13.1475030381123	28.2208504652046	0.598408	27.6224424652046	19.9182590979459	18.0127151768735	37.9309742748194	3.339208	34.5917662748194	31.7373728920888	38.0730146037254	392.56812435454
16	264439	264911	472	264675	77.979397354928	65.7218148286825	143.701212183611	2.156096	141.545116183611	82.1450933704721	69.7963087421002	151.941402112572	4.896896	147.044506112572	162.63116989137	161.842780277365	2011.62879936272
16	272996	273181	185	273088.5	31.9441362835918	30.2884981226222	62.232634406214	0.84508	61.387554406214	34.8263027149341	33.7685783353391	68.5948810502732	3.58588	65.0090010502732	70.5324921059248	71.5513809470424	872.435416321943
16	277660	277755	95	277707.5	3.2976760084641	4.73710918610337	8.03478519456747	0.43396	7.60082519456747	5.747032463926	8.331692038003	14.078724501929	3.17476	10.903964501929	8.73312429889008	12.0013183606252	108.022369634284
16	280002	280398	396	280200	120.441176060712	145.536354481989	265.977530542701	1.808928	264.168602542701	123.123537886738	147.968710545607	271.092248432345	4.549728	266.542520432345	303.521944369723	293.366843205159	3754.34478483146
16	286462	286574	112	286518	5.8015337201309	5.8994359766898	11.7009696968207	0.511616	11.1893536968207	9.59562117043197	10.1564340966652	19.7520552670972	3.252416	16.4996392670972	12.8562378632812	18.1601309913358	159.022273248779
16	287083	287302	219	287192.5	31.0019145662292	32.0353383857182	63.0372529519474	1.000392	62.0368609519474	32.2721438438709	34.2043883803684	66.4765322242393	3.741192	62.7353402242393	71.2785262044362	69.0489033011836	881.66331327967
16	296766	297406	640	297086	227.282138648743	340.596150434733	567.878289083476	2.92352	564.954769083476	229.113280854923	343.589519429194	572.702800284117	5.66432	567.038480284117	649.116391360122	624.104134180821	8029.09570084643
16	299546	299829	283	299687.5	83.9314345440284	107.451776666746	191.383211210775	1.292744	190.090467210775	87.9552272888298	114.158731256013	202.113958544843	4.033544	198.080414544843	218.408348526722	218.014843641203	2701.55176409955
16	301395	301521	126	301458	17.4833029743987	17.8173106729755	35.3006136473742	0.575568	34.7250456473742	19.5916515699363	20.0470620667384	39.6387136366747	3.316368	36.3223456366747	39.8980547717238	39.9777561191879	493.509799326664
16	302825	302937	112	302881	4.10519462104136	7.4537718027317	11.5589664237731	0.511616	11.0473504237731	9.90302825588863	18.9453366729596	28.8483649288482	3.252416	25.5959489288482	12.6930802846462	28.1718756313879	157.004133157701
16	305085	305225	140	305155	16.6855845877078	8.59249804934684	25.2780826370546	0.63952	24.6385626370546	21.0847859853408	11.8291726517834	32.9139586371242	3.38032	29.5336386371242	28.308982846912	32.5058468017835	350.161443304819
16	308298	308546	248	308422	57.6855295995406	107.260272252742	164.945801852282	1.132864	163.812937852282	60.4422931404592	111.784076522359	172.226369662818	3.873664	168.352705662818	188.216241185605	185.295395741125	2328.09744607792
16	309670	310158	488	309914	223.987762716343	178.508514460602	402.496277176945	2.229184	400.267093176945	225.78520414575	180.444259077773	406.229463223523	4.969984	401.259479223523	459.895101911838	441.641455685981	5688.56654176229
16	313009	313235	226	313122	49.8507490148994	42.1253709518878	91.9761199667872	1.032368	90.9437519667872	52.0499997056485	43.2739974266943	95.3239971323428	3.773168	91.5508291323428	104.491692652139	100.764327176787	1292.48592612108
16	319036	319164	128	319100	12.768694306912	21.9701063911793	34.7388006980914	0.584704	34.1540966980914	17.6308063742193	32.3766462525573	50.0074526267766	3.325504	46.6819486267766	39.2420512438474	51.3799294802534	485.3955147769
16	320846	320928	82	320887	6.02453886019868	14.7527400373805	20.7772788975792	0.374576	20.4027028975792	10.3456384576554	21.8715041184857	32.2171425761411	3.115376	29.1017665761411	23.4421047553144	32.0305119734282	289.961715672135
16	321633	322030	397	321831.5	169.247000991051	166.708842488782	335.955843479834	1.813496	334.142347479834	178.32231016876	174.753327906931	353.075638075691	4.554296	348.521342075691	383.919716526301	383.595854607083	4748.8065106052
16	326307	326497	190	326402	47.8400026690058	42.9024888637563	90.7424915327621	0.86792	89.8745715327621	53.1886259499587	47.5345956296484	100.723221579607	3.60872	97.1145015796071	103.263235821563	106.887916838332	1277.29081228889
16	328901	329325	424	329113	147.032788973457	126.440014328535	273.472803301992	1.936832	271.535971301992	150.840276732623	128.950272187719	279.790548920343	4.677632	275.112916920343	311.986834099937	302.799747788722	3859.0492887473
16	335773	335884	111	335828.5	5.18301946393396	15.6616609871903	20.8446804511243	0.507048	20.3376324511243	6.66945372490589	21.577697346504	28.2471510714099	3.247848	24.9993030714099	23.3673407287083	27.5151844909867	289.036939264406
16	337175	337401	226	337288	81.1941714525777	88.3311359531862	169.525307405764	1.032368	168.492939405764	84.8326553163561	91.6623127338129	176.494968050169	3.773168	172.721800050169	193.593425141206	190.104187321559	2394.60928456364
16	338731	338953	222	338842	7.87308146744209	19.5064496061077	27.3795310735498	1.014096	26.3654350735498	11.9781760861785	25.0952784235821	37.0734545097605	3.754896	33.3185585097605	30.2931084188326	36.6716736763052	374.703627590239
16	339433	340028	595	339730.5	1104.4861574119	395.001604431483	1499.48776184338	2.71796	1496.76980184338	1113.36266200734	397.265356608933	1510.62801861627	5.45876	1505.16925861627	1719.7444213907	1656.64657621404	21271.982535228
16	342769	343422	653	343095.5	12.9101975684348	32.5485502147889	45.4587477832238	2.982904	42.4758437832238	14.8629425774498	35.0723083851434	49.9352509625932	5.723704	44.2115469625932	48.803493563338	48.6609113795215	603.663573391864
16	347484	347625	141	347554.5	32.0052376919243	37.199757420929	69.2049951128532	0.644088	68.5609071128532	39.8436183595442	42.466678818727	82.3102971782711	3.384888	78.9254091782711	78.7744631055518	86.8683094230063	974.382578341601
16	348296	348476	180	348386	66.6205355433862	74.0654071409761	140.685942684362	0.82224	139.863702684362	73.8846029736028	82.5492026848281	156.433805658431	3.56304	152.870765658431	160.699275299548	168.255383294287	1987.73267415599
16	348862	349079	217	348970.5	129.031774066264	97.5223478023473	226.554121868612	0.991256	225.562865868612	138.776098664176	107.627680721176	246.403779385353	3.732056	242.671723385353	259.165089897394	267.093735398165	3205.68288954239
16	352335	352617	282	352476	250.828781377666	255.84919709373	506.677978471396	1.288176	505.389802471396	252.548421013812	260.123195605549	512.671616619361	4.028976	508.642640619361	580.677998953161	559.831450366711	7182.56276844553
16	355434	355662	228	355548	69.645105256996	57.8683338130132	127.513439070009	1.041504	126.471935070009	72.9119805555314	60.7604004725469	133.672381028078	3.782304	129.890077028078	145.312528707667	142.961962690206	1797.40985600619
16	359224	360178	954	359701	1017.25724686401	1123.05268535366	2140.30993221767	4.357872	2135.95206021767	1019.56820012941	1127.2182813669	2146.7864814963	7.098672	2139.6878094963	2454.14601189401	2355.02184453839	30355.9938643049
16	361625	361796	171	361710.5	66.7053374979949	26.2404048177148	92.9457423157097	0.781128	92.1646143157097	73.7668002583562	29.3519765366426	103.118776794999	3.521928	99.5968487949988	105.894427535793	109.620082667398	1309.83673219173
16	364769	364893	124	364831	43.0817929965552	37.4998643381233	80.5816573346785	0.566432	80.0152253346785	48.7173228904473	41.341252878672	90.0585757691193	3.307232	86.7513437691193	91.935137404671	95.4818309066449	1137.1705079668
16	369553	369737	184	369645	52.9290199662744	44.1158168298739	97.0448367961483	0.840512	96.2043247961483	60.4229926956013	50.0284531108189	110.45144580642	3.581312	106.87013380642	110.535935905492	117.625336988814	1367.2488009557
16	370667	370893	226	370780	213.760526987764	172.069766053246	385.830293041009	1.032368	384.797925041009	216.284185155813	174.890831076256	391.175016232069	3.773168	387.401848232069	442.121483301571	426.389219563689	5468.71985991659
16	373041	373567	526	373304	1582.79548201135	1525.27165613894	3108.06713815029	2.402768	3105.66437015029	1590.21505302579	1533.55994717659	3123.77500020237	5.143568	3118.63143220237	3568.31689729447	3432.48445651965	44137.474019555
16	374999	375442	443	375220.5	182.085196899913	106.420752902576	288.505949802489	2.023624	286.482325802489	186.07888895092	110.667450785141	296.746339736061	4.764424	291.981915736061	329.159755240317	321.366409957938	4071.46578158964
16	381187	381780	593	381483.5	518.734656366971	336.732261375568	855.466917742538	2.708824	852.758093742538	524.576691020612	339.553226396272	864.129917416884	5.449624	858.680293416884	979.793935382293	945.096214268492	12119.3354212017
16	382829	383407	578	383118	508.113411556837	331.614743421384	839.728154978221	2.640304	837.087850978221	512.897521826273	335.543933985691	848.441455811964	5.381104	843.060351811964	961.789287945805	927.904312007451	11896.6310814998
16	386507	386902	395	386704.5	133.207670316915	105.286526759685	238.494197076599	1.80436	236.689837076599	135.035312442421	107.377774961073	242.413087403494	4.54516	237.867927403494	271.949652118214	261.80649469708	3363.81858743981
16	404244	404435	191	404339.5	24.4451634390168	41.4338550130678	65.8790184520846	0.872488	65.0065304520846	35.1186094523413	53.3747302394951	88.4933396918364	3.613288	84.8800516918364	74.6905890012306	93.4222156207354	923.868038190954
16	408851	409034	183	408942.5	43.1156937779377	84.6823518519965	127.798045629934	0.835944	126.962101629934	48.1193091067678	90.5679875106014	138.687296617369	3.576744	135.110552617369	145.87571564927	148.707816827008	1804.37606716921
16	415565	415717	152	415641	18.9863376179945	26.923520562918	45.9098581809125	0.694336	45.2155221809125	21.1079865200922	29.3256759304372	50.4336624505295	3.435136	46.9985264505295	51.9513033568193	51.7283670827511	642.599681640441
16	420477	420739	262	420608	127.059928617001	143.908416959494	270.968345576495	1.196816	269.771529576495	130.452006801351	147.273494521503	277.725501322854	3.937616	273.787885322854	309.959542521396	301.341367578796	3833.97317248482
16	423979	424127	148	424053	29.6643837373474	43.0691927061298	72.7335764434772	0.676064	72.0575124434772	37.7935711078	50.3638608416652	88.1574319494652	3.416864	84.7405679494652	82.7919596529433	93.2686945048118	1024.07607658964
16	425143	426202	1059	425672.5	758.453181663234	891.071438394696	1649.52462005793	4.837512	1644.68710805793	761.733557272939	894.169509802453	1655.90306707539	7.578312	1648.32475507539	1889.69704996213	1814.20896444223	23374.1724314824
16	427762	427867	105	427814.5	22.6156212697163	12.410686055144	35.0263073248604	0.47964	34.5466673248604	32.049338708413	15.5393581682204	47.5886968766334	3.22044	44.3682568766334	39.6931033325229	48.8333922756515	490.974699703125
16	429712	429832	120	429772	28.4037546809822	30.7994098986789	59.203164579661	0.54816	58.655004579661	36.7153462556876	37.5192647852862	74.2346110409738	3.28896	70.9456510409738	67.3928728307369	78.0854838892701	833.600618802987
16	431525	432328	803	431926.5	515.109972821277	648.950357721694	1164.06033054297	3.668104	1160.39222654297	519.228567751184	651.464015659247	1170.69258341043	6.408904	1164.28367941043	1333.2564939276	1281.4549328561	16491.4091309408
16	444262	444498	236	444380	87.0848072264307	108.77160708765	195.85641431408	1.078048	194.77836631408	98.3260663273359	118.759237293537	217.085303620873	3.818848	213.266455620873	223.794606534482	234.729178464902	2768.17584198355
16	445370	445444	74	445407	9.56912055961674	12.3568848150739	21.9260053746906	0.338032	21.5879733746906	19.806856530217	23.8210490537419	43.6279055839588	3.078832	40.5490735839588	24.8039456264631	44.6298537768917	306.806692673665
16	450808	450987	179	450897.5	32.6858533795033	135.770829395425	168.456682774928	0.817672	167.639010774928	73.2848891507389	179.032626540913	252.317515691652	3.558472	248.759043691652	192.612286293176	273.793671824597	2382.4733135552
16	453244	453636	392	453440	6.27804470328021	219.780165735019	226.058210438299	1.790656	224.267554438299	11.7180700909694	228.494266587201	240.212336678171	4.531456	235.680880678171	257.676815211801	259.399347827194	3187.27401859286
16	455198	455465	267	455331.5	97.072837441538	52.3970077038706	149.469845145409	1.219656	148.250189145409	123.989357843109	74.5831190737702	198.572476916879	3.960456	194.612020916879	170.335101255344	214.19739759928	2106.92080402846
16	458545	458747	202	458646	67.2356497212144	50.4248622476927	117.660511968907	0.922736	116.737775968907	70.0228139628417	53.2119264870151	123.234740449857	3.663536	119.571204449857	134.128266578358	131.604618770749	1659.06870151552
16	462170	462369	199	462269.5	17.5636048252841	56.4971022073588	74.0607070326429	0.909032	73.1516750326429	18.4960263167603	59.9668821826644	78.4629084994247	3.649832	74.8130764994247	84.0491202440339	82.3421195518904	1039.62623497656
16	463825	464387	562	464106	1191.23025678532	1159.6020277831	2350.83228456842	2.567216	2348.26506856842	1192.59518824576	1161.32506749762	2353.92025574338	5.308016	2348.61223974338	2698.08740572104	2584.97202460949	33373.3707515702
16	465684	465857	173	465770.5	49.3912384235938	18.7664325493806	68.1576709729744	0.790264	67.3674069729744	54.5507573458614	20.1921654112399	74.7429227571013	3.531064	71.2118587571013	77.4031665942528	78.378482234114	957.42064197702
16	474935	475203	268	475069	227.611046229767	352.945935086154	580.556981315921	1.224224	579.332757315921	230.540213744442	359.483585773119	590.023799517561	3.965024	586.058775517561	665.636276397298	645.038595070643	8233.43461401505
16	475633	475930	297	475781.5	91.23630291467	126.158707844674	217.395010759344	1.356696	216.038314759344	94.4356766573554	136.041435632655	230.47711229001	4.097496	226.37961629001	248.221661177599	249.16202221421	3070.32066844285
16	479029	479206	177	479117.5	78.7720156240658	93.3834524045333	172.155468028599	0.808536	171.346932028599	83.0762148319837	96.9611348668942	180.037349698878	3.549336	176.488013698878	196.872578612746	194.249425414024	2435.17001818737
16	481985	482466	481	482225.5	469.14701341643	536.736071283384	1005.88308469981	2.197208	1003.68587669981	491.272023377997	565.078224544508	1056.35024792251	4.938008	1051.41223992251	1153.20551307044	1157.22433041081	14264.3099919031
16	482832	483074	242	482953	72.2452651883422	97.9316572365613	170.176922424904	1.105456	169.071466424904	77.691790725854	107.996789228795	185.688579954649	3.846256	181.842323954649	194.258135648168	200.142583078808	2402.83126808585
16	486042	486610	568	486326	99.6566969971753	51.6537905733846	151.31048757056	2.594624	148.71586357056	111.222463577686	60.583796401982	171.806259979668	5.335424	166.470835979668	170.870147455402	183.22413833959	2113.53893477022
16	488166	488515	349	488340.5	245.106449483066	288.897958837945	534.004408321011	1.594232	532.410176321011	250.045563325195	294.68869230914	544.734255634335	4.335032	540.399223634335	611.723612737282	594.783954361097	7566.57433783746
16	491594	491985	391	491789.5	277.963606810971	405.932056368563	683.895663179534	1.786088	682.109575179534	282.352407968888	411.908894129294	694.261302098182	4.526888	689.734414098182	783.723813272745	759.147949024156	9694.09120391186
16	493074	493488	414	493281	205.194729553842	200.529122015787	405.723851569629	1.891152	403.832699569629	208.772512018508	205.451535472987	414.224047491495	4.631952	409.592095491495	463.991878647408	450.812650308925	5739.24067803848
16	497724	498013	289	497868.5	275.476049475013	252.331116005127	527.807165480141	1.320152	526.487013480141	276.128064503373	254.77707238222	530.905136885593	4.060952	526.844184885593	604.91807307445	579.864762778488	7482.39478240474
16	502285	503440	1155	502862.5	478.302424440414	689.836700115088	1168.1391245555	5.27604	1162.8630845555	491.347925127464	701.902478220415	1193.25040334788	8.01684	1185.23356334788	1336.09543701548	1304.5131725181	16526.5247836115
16	506446	506716	270	506581	91.827716546222	111.744775616508	203.57249216273	1.23336	202.33913216273	93.5945572703105	115.041951613448	208.636508883758	3.97416	204.662348883758	232.481703824689	225.259171098072	2875.6288911347
16	517096	517544	448	517320	245.630861570293	271.351954418334	516.982815988627	2.046464	514.936351988627	253.019931881713	277.210189445379	530.230121327092	4.787264	525.442857327092	591.646703195836	578.322408329873	7318.23762930397
16	519746	520956	1210	520351	504.280623214515	266.298037930108	770.578661144623	5.52728	765.051381144623	507.720102491417	268.20338184657	775.923484337987	8.26808	767.655404337987	879.021505631892	844.910756733007	10872.8540609369
16	525204	525854	650	525529	72.5601724466711	189.022956809035	261.583129255706	2.9692	258.613929255706	77.0841767208981	199.28759339967	276.371770120568	5.71	270.661770120568	297.139788352016	297.900646200073	3675.40217588496
16	526183	526280	97	526231.5	7.58577484528303	19.2705441686997	26.8563190139827	0.443096	26.4132230139827	17.1308948517086	36.1611334815819	53.2920283332905	3.183896	50.1081323332905	30.3480153550014	55.1509176760226	375.382786291218
16	526902	527963	1061	527432.5	494.960408391952	246.975192555912	741.935600947864	4.846648	737.088952947864	505.576753089142	262.092140987968	767.668894077111	7.587448	760.081446077111	846.893499147067	836.57456998893	10475.4540843262
16	529388	529611	223	529499.5	79.8440403332705	62.0223295588766	141.866369892147	1.018664	140.847705892147	82.8812103373056	63.1236549434355	146.004865280741	3.759464	142.245401280741	161.829866005704	156.560702834557	2001.71725550232
16	534747	534961	214	534854	102.175955063806	106.241148762863	208.417103826669	0.977552	207.439551826669	103.662389324778	109.217417363175	212.879806687954	3.718352	209.161454687953	238.341935807595	230.211058192416	2948.11568094033
16	538452	538569	117	538510.5	16.2187738281399	14.6478376194742	30.8666114476141	0.534456	30.3321554476141	19.1447412690561	18.952336834307	38.0970781033631	3.275256	34.8218221033631	34.850753305917	38.3262228050712	431.078366321144
16	538943	539153	210	539048	131.653734500093	75.2745350102853	206.928269510378	0.95928	205.968989510378	133.079367359647	76.406261095553	209.4856284552	3.70008	205.7855484552	236.652303015275	226.495407297943	2927.21615726569
16	543915	544073	158	543994	33.1146632631852	32.0672391210014	65.1819023841866	0.721744	64.4601583841866	39.8856193276287	40.5713351327608	80.4569544603895	3.462544	76.9944104603895	74.0628235862589	84.7429787358826	916.103038475067
16	544359	544575	216	544467	37.1960573356453	36.6557448819296	73.8518022175749	0.986688	72.8651142175749	44.913135207345	44.7409312381984	89.6540664455434	3.727488	85.9265784455434	83.7198703069391	94.5740627990647	1035.5536537113
16	551778	551958	180	551868	69.381899190333	35.8823270553447	105.264226245678	0.82224	104.441986245678	71.9090574390562	37.9599749432587	109.869032382315	3.56304	106.305992382315	120.000766306056	117.004421464932	1484.3218406908
16	558091	558255	164	558173	9.56532047202814	6.83845762029357	16.4037780923217	0.749152	15.6546260923217	11.5787668801558	8.34529235147799	19.9240592316337	3.489952	16.4341072316337	17.9867043402875	18.0880039388058	222.482396706075
16	565158	565243	85	565200.5	8.62279874775066	4.76750988681216	13.3903086345628	0.38828	13.0020286345628	10.5754437544607	6.99716127827006	17.5726050327308	3.12908	14.4435250327308	14.9389479821903	15.8970934045866	184.783876382545
16	566883	567139	256	567011	87.900526028015	144.690434984306	232.590961012321	1.169408	231.421553012321	90.7081907421597	147.170192140476	237.878382882636	3.910208	233.968174882636	265.896548883043	257.514278639133	3288.94612110068
16	569188	569360	172	569274	8.05818573392884	34.9492055477338	43.0073912816626	0.785696	42.2216952816626	8.95680644632751	39.6115130097247	48.5683194560522	3.526496	45.0418234560522	48.511484419897	49.5747452904428	600.051633546535
16	572398	572581	183	572489.5	40.8821422965862	6.84945787383952	47.7316001704258	0.835944	46.8956561704258	51.9204967207213	9.00160747895099	60.9221041996722	3.576744	57.3453601996722	53.881727829638	63.1164861311904	666.477622548758
16	576082	576313	231	576197.5	14.6138368357867	21.9595061468533	36.5733429826399	1.055208	35.5181349826399	24.2834597118914	31.0145148566546	55.2979745685459	3.796008	51.5019665685459	40.8092910609033	56.6850246878603	504.781126733104
16	582818	583044	226	582931	31.8097331857213	62.8766492501766	94.6863824358979	1.032368	93.6540144358979	34.8132024129839	65.8665181639642	100.679720576948	3.773168	96.9065525769481	107.605704410004	106.659040250991	1331.00397735234
16	585803	586401	598	586102	87.7817232897188	98.2736651195353	186.055388409254	2.731664	183.323724409254	104.682612840012	107.085068214446	211.767681054459	5.472464	206.295217054459	210.633560333128	227.056367957439	2605.3833121993
16	587389	587508	119	587448.5	19.31044508838	7.16286509759396	26.473310185974	0.543592	25.929718185974	36.0121300471869	15.6907616579346	51.7028917051215	3.284392	48.4184997051215	29.7924825471779	53.2912436941815	368.511251173102
16	588525	588633	108	588579	5.53122748981557	6.76785599298961	12.2990834828052	0.493344	11.8057394828052	14.9545446887961	17.3263993579115	32.2809440467076	3.234144	29.0468000467076	13.5644469783809	31.9700137189819	167.782302785903
16	593970	594308	338	594139	81.4710778350206	66.8910417783114	148.362119613332	1.543984	146.818135613332	84.8327553186611	69.6175046208261	154.450259939487	4.284784	150.165475939487	168.689713921975	165.27783846011	2086.56856436787
16	599627	599758	131	599692.5	15.6784613744242	6.24094384813888	21.919405222563	0.598408	21.320997222563	21.1281869856948	9.21751245536639	30.3456994410612	3.339208	27.0064914410612	24.4971978903047	29.7243724088002	303.012447200256
16	603595	603784	189	603689.5	30.0154918300729	34.7637012720272	64.7791931021001	0.863352	63.9158411021001	32.2183426038007	37.6591680099296	69.8775106137303	3.604152	66.2733586137303	73.4374190596698	72.9429810057209	908.367241224276
16	607396	607713	317	607554.5	80.5428564403528	82.8838103972347	163.426666837588	1.448056	161.978610837587	96.3526208411936	94.4732775240215	190.825898365215	4.188856	186.637042365215	186.108653467947	205.419832659414	2302.02812521614
16	608163	608771	608	608467	533.987407929167	541.389978551758	1075.37738648092	2.777344	1072.60004248092	542.028793275862	548.471641777722	1090.50043505358	5.518144	1084.98229105358	1232.38585998211	1194.17280643853	15243.7130565028
16	610077	610358	281	610217.5	219.258653714637	191.523914453858	410.782568168494	1.283608	409.498960168494	222.015417255555	195.811313274542	417.826730530097	4.024408	413.802322530097	470.502245200128	455.44658643847	5819.76915766885
16	614561	614806	245	614683.5	243.444211169969	278.843027080817	522.287238250786	1.11916	521.168078250786	258.591160293514	296.605736495283	555.196896788797	3.85996	551.336936788797	598.806773142319	606.822417773251	7406.8024654262
16	615086	615288	202	615187	74.2645117301577	86.1818864149186	160.446398145076	0.922736	159.523662145076	91.4047067962279	104.869917157208	196.274623953436	3.663536	192.611087953436	183.287989720223	211.995094619635	2267.1385746335
16	619990	620071	81	620030.5	7.73107819439445	6.57565156285047	14.3067297572449	0.370008	13.9367217572449	15.5190577003129	11.7549709415008	27.2740286418137	3.110808	24.1632206418137	16.0128828527797	26.5949603457656	198.0676664196
16	621439	621622	183	621530.5	44.4607247796918	29.600182257561	74.0609070372528	0.835944	73.2249630372528	53.4310315371893	37.4892640937972	90.9202956309865	3.576744	87.3435516309865	84.1333260029473	96.1336374202003	1040.66779871748
16	621924	622015	91	621969.5	22.1290100537658	9.88332780181089	32.0123378555766	0.415688	31.5966498555766	38.5328881483924	24.4557636833428	62.9886518317353	3.156488	59.8321638317353	36.303620140413	65.8535568620671	449.049268011534
16	622734	623450	716	623092	349.279650581596	158.41525132897	507.694901910566	3.270688	504.424213910566	358.101553918528	170.51153013731	528.613084055839	6.011488	522.601596055839	579.568566134032	575.195208029835	7168.83989470977
16	627442	627774	332	627608	119.669058264091	173.863007385844	293.532065649936	1.516576	292.015489649936	125.740598207623	181.90419272793	307.644790935552	4.257376	303.387414935552	335.517197545452	333.919736496257	4150.10269996045
16	631290	631432	142	631361	35.0773085003915	6.30504532562025	41.3823538260118	0.648656	40.7336978260118	39.0876009340229	7.74757857471337	46.8351795087363	3.389456	43.4457235087363	46.8018191659297	47.8180169372161	578.904322951355
16	639059	639469	410	639264	239.804827285446	249.712255642753	489.517082928199	1.87288	487.644202928199	242.547990512889	252.303615371262	494.851605884152	4.61368	490.237925884152	560.288827698461	539.574520803646	6930.36361056891
16	641311	641939	628	641625	305.5502426581	186.715903633535	492.266146291635	2.868704	489.397442291635	318.626644057383	198.585377214219	517.212021271602	5.609504	511.602517271602	562.303248092913	563.089203269836	6955.28051968424
16	643521	643725	204	643623	70.523825510707	69.5615033300468	140.085328840754	0.931872	139.153456840754	73.7944008945261	73.5583954548131	147.352796349339	3.672672	143.680124349339	159.883223742484	158.139813652694	1977.63871237085
16	645080	645811	731	645445.5	206.632062683077	99.0016818996668	305.633744582744	3.339208	302.294536582744	228.061556613626	108.773207124529	336.834763738155	6.080008	330.754755738155	347.327519746059	364.041273447121	4296.1877603112
16	646187	646368	181	646277.5	20.4294708809174	11.4308634711153	31.8603343520327	0.826808	31.0335263520327	56.7467079605468	33.9813832403006	90.7280912008474	3.567608	87.1604832008474	35.6566078192257	95.9321453379864	441.046198122089
16	647092	647290	198	647191	55.0636691680173	94.0978688711899	149.161538039207	0.904464	148.257074039207	76.2188567760521	102.683566763799	178.902423539851	3.645264	175.257159539851	170.343011795553	192.894700477478	2107.01865163366
16	648373	648618	245	648495.5	107.808784895465	33.0286612809169	140.837446176381	1.11916	139.718286176381	110.241340963693	35.5389191401013	145.780260103794	3.85996	141.920300103794	160.532196014497	156.202884105115	1985.66602542063
16	653746	654236	490	653991	1010.6439944345	749.965286024878	1760.60928045938	2.23832	1758.37096045938	1014.37398040732	752.647747853209	1767.02172826053	4.97912	1762.04260826053	2020.31644830168	1939.3711620191	24989.8389954675
16	656537	656891	354	656714	641.738891503888	482.285716251705	1124.02460775559	1.617072	1122.40753575559	655.301004098377	500.311731735139	1155.61273583352	4.357872	1151.25486383352	1289.61320288886	1267.11492252566	15951.5734941982
16	657322	657492	170	657407	98.3974679730796	104.7166136237	203.114081596779	0.77656	202.337521596779	116.187378014495	121.42159865857	237.608976673066	3.51736	234.091616673066	232.479853331844	257.650143372156	2875.60600188964
16	658973	659142	169	659057.5	118.742536908608	46.271866524879	165.014403433487	0.771992	164.242411433487	129.101675677434	52.9312200169836	182.032895694417	3.512792	178.520103694417	188.709693682109	196.486021009103	2334.20109308328
16	664733	664935	202	664834	74.0846075835291	56.4939021336	130.578509717129	0.922736	129.655773717129	83.9639352931414	64.0788769604433	148.042812253585	3.663536	144.379276253585	148.970665546912	158.909326849826	1842.6583371107
16	665378	665565	187	665471.5	40.3923310068768	54.9557666809621	95.3480976878389	0.854216	94.4938816878389	53.3873305299204	76.6480666689539	130.035397198874	3.595016	126.440381198874	108.570687147801	139.165096157279	1342.94010907626
16	665830	666259	429	666044.5	41.9445667845145	299.315498952869	341.260065737383	1.959672	339.300393737383	44.9176353110683	305.349838038954	350.267473350022	4.700472	345.567001350022	389.846159768121	380.344194755453	4822.11228532844
16	667420	667612	192	667516	95.8662096298529	17.1987964167786	113.065006046631	0.877056	112.187950046631	98.2816653039323	18.0839168180072	116.36558212194	3.617856	112.74772612194	128.900650589249	124.094438805867	1594.40690954339
16	670942	671099	157	671020.5	54.7600621701493	27.8527419806353	82.6128041507846	0.717176	81.8956281507846	57.9830364568059	29.9575904954993	87.9406269523052	3.457976	84.4826509523052	94.0956648611865	92.9848212408272	1163.89465473549
16	672153	672481	328	672317	113.429514448222	114.579240948383	228.008755396605	1.498304	226.510451396605	120.348773930926	120.802484388544	241.151258319469	4.239104	236.912154319469	260.253837761996	260.754534461895	3219.1499054972
16	673499	673650	151	673574.5	31.5431270406896	24.2745595067497	55.8176865474393	0.689768	55.1279185474393	37.5838662742923	31.0690161128595	68.6528823871518	3.430568	65.2223143871518	63.3403548548878	71.786161724804	783.473931061649
16	675740	675825	85	675782.5	9.03220818426971	34.0501848261153	43.082393010385	0.38828	42.694113010385	13.9177207909384	42.246873752418	56.1645945433564	3.12908	53.0355145433564	49.0542784771634	58.3729059592764	606.765599623575
16	676864	677176	312	677020	553.320253533859	512.885221542763	1066.20547507662	1.425216	1064.78025907662	561.831149702356	522.950053528082	1084.78120323044	4.166016	1080.61518723044	1223.4011591487	1189.36620574882	15132.578868867
16	678276	679650	1374	678963	1227.49449264332	891.807255354614	2119.30174799793	6.276432	2113.02531599793	1231.0283740961	897.277481438402	2128.30585553451	9.017232	2119.28862353451	2427.80385799433	2332.56972402921	30030.1606586701
16	682008	682165	157	682086.5	106.161546928112	52.6854143513842	158.846961279496	0.717176	158.129785279496	111.131261475559	54.6212589708604	165.75252044642	3.457976	162.29454444642	181.686466252329	178.6275529189	2247.32889895434
16	684390	684515	125	684452.5	31.978837083414	33.8749807878199	65.8538178712339	0.571	65.2828178712339	39.3036059127433	39.5275110735557	78.831116986299	3.3118	75.5193169862989	75.0080351089736	83.1194347128707	927.79461470767
16	685481	685909	428	685695	433.242985860908	406.174961967318	839.417947828226	1.955104	837.462843828226	440.446351892012	414.92916374379	855.375515635802	4.695904	850.679611635802	962.220143686656	936.290359376005	11901.9604523531
16	687870	688348	478	688109	519.23856798168	309.347230175245	828.585798156925	2.183504	826.402294156925	528.448880271089	311.948590134251	840.39747040534	4.924304	835.47316640534	949.511897855327	919.553566963309	11744.7687324586
16	689780	689965	185	689872.5	150.255363250894	53.7033378136039	203.958701064498	0.84508	203.113621064498	178.070504364863	57.0480149054007	235.118519270264	3.58588	231.532639270264	233.371568763575	254.833635442106	2886.63587054585
16	692528	692663	135	692595.5	33.6477755509436	39.0440999313639	72.6918754823076	0.61668	72.0751954823076	42.2297733582693	48.8052249165099	91.0349982747792	3.35748	87.6775182747792	82.8122769437814	96.5012138198921	1024.32738663926
16	694884	695602	718	695243	1031.20286829804	1440.05329193234	2471.25616023038	3.279824	2467.97633623038	1036.55469165275	1448.1825793051	2484.73727095785	6.020624	2478.71664695785	2835.63212668328	2728.16988726073	35074.698498722
16	696853	697085	232	696969	61.0570073090675	123.839054378749	184.896061687816	1.059776	183.836285687816	64.584088605117	131.397328590167	195.981417195284	3.800576	192.180841195284	211.222478146904	211.521548661438	2612.66779545944
16	698577	698725	148	698651	46.1482636759445	56.0856927247405	102.233956400685	0.676064	101.557892400685	59.3900688876371	69.7363073591223	129.126376246759	3.416864	125.709512246759	116.687027416759	138.360673970039	1443.33331070771
16	700166	700529	363	700347.5	308.509210859654	219.916268872074	528.425479731728	1.658184	526.767295731728	358.890472102382	228.694271197128	587.58474329951	4.398984	583.18575929951	605.240109127013	641.876444067495	7486.37813318677
16	703257	703360	103	703308.5	11.1470569296299	11.3060605945213	22.4531175241512	0.470504	21.9826135241513	18.5566277135679	19.2931446896214	37.8497724031893	3.211304	34.6384684031893	25.2573755357624	38.1244167437991	312.415289504446
16	703938	704136	198	704037	55.615181879889	53.8046401485315	109.419822028421	0.904464	108.515358028421	89.1877556975003	77.648489727805	166.836245425305	3.645264	163.190981425305	124.680950520752	179.614205578301	1542.2123014118
16	704470	704881	411	704675.5	292.114732981694	277.014984946091	569.129717927785	1.877448	567.252269927785	307.201480717651	295.29740633945	602.498887057101	4.618248	597.880639057101	651.756152167211	658.050188049398	8061.74761416978
16	706705	706830	125	706767.5	38.2914825842114	21.0647855243481	59.3562681085596	0.571	58.7852681085596	46.380169021154	26.4707101260449	72.850879147199	3.3118	69.5390791471989	67.5425417890884	76.5373573256415	835.451914512116
16	709862	710129	267	709995.5	85.5938728617354	77.2331801552931	162.827053017029	1.219656	161.607397017029	97.7198523546494	89.8388707051153	187.558723059765	3.960456	183.598267059765	185.682139720633	202.075240895504	2296.75246165181
16	711409	711570	161	711489.5	1.30413005902415	65.3530063279785	66.6571363870027	0.735448	65.9216883870027	4.03059290153887	74.9178267884818	78.9484196900207	3.476248	75.4721716900207	75.7420785164042	83.0675448053292	936.874195573725
16	712952	713393	441	713172.5	451.256101047001	388.871663141853	840.127764188854	2.014488	838.113276188854	456.337218162178	395.797722781294	852.134940943472	4.755288	847.379652943472	962.967471313325	932.658299235259	11911.2043493095
16	718543	718610	67	718576.5	9.74792468089082	30.1709954142906	39.9189200951814	0.306056	39.6128640951814	15.5220577694618	39.938920556174	55.4609783256358	3.046856	52.4141223256358	45.5140142185503	57.6889780328456	562.975116257209
16	719322	719588	266	719455	81.2598729669384	362.484654945062	443.744527912001	1.215088	442.529439912001	84.2229412629959	369.934626660205	454.157567923201	3.955888	450.201679923201	508.45329365447	495.509104628028	6289.19591077994
16	720500	720579	79	720539.5	19.1081404254396	10.6740460271543	29.7821864525939	0.360872	29.4213144525939	25.0713778726959	18.0932170323688	43.1645949050647	3.101672	40.0629229050647	33.8042238275492	44.0947778356952	418.133560971265
16	725039	725124	85	725081.5	20.8245799878267	14.1172253893398	34.9418053771665	0.38828	34.5535253771665	28.1023477338233	18.2051196116225	46.3074673454458	3.12908	43.1783873454458	39.7009830326482	47.5237765804735	491.072165839002
16	726378	726476	98	726427	25.5417887152424	6.09884057278628	31.6406292880287	0.447664	31.1929652880287	31.8060331004377	10.8256495214784	42.6316826219162	3.188464	39.4432186219162	35.8397984610959	43.412707714301	443.312132574913
16	729549	729745	196	729647	85.5407716378	73.3352903124403	158.87606195024	0.895328	157.98073395024	98.4379689065897	85.8917797282206	184.32974863481	3.636128	180.69362063481	181.515210664681	198.87827648272	2245.21059240588
16	731998	732110	112	732054	17.1889961908922	16.6110828705103	33.8000790614025	0.511616	33.2884630614025	36.1719337305179	46.4742711901243	82.6462049206423	3.252416	79.3937889206423	38.2474636888136	87.3838259950632	473.093193084631
16	736803	736913	110	736858	18.2530207156999	35.6783223532199	53.9313430689198	0.50248	53.4288630689198	25.4530866707401	45.4903485115921	70.9434351823323	3.24328	67.7001551823323	61.3881901484522	74.5133676162616	759.327079340738
16	739639	740005	366	739822	98.0805606686514	104.656612240722	202.737172909373	1.671888	201.065284909373	100.587418449467	106.700559351863	207.28797780133	4.412688	202.87528980133	231.018090846283	223.292265852401	2857.52506749222
16	742209	742328	119	742268.5	19.2901446204725	18.580728269064	37.8708728895365	0.543592	37.3272808895365	23.4222398615489	24.1990577665025	47.6212976280514	3.284392	44.3369056280514	42.8879464273033	48.798885898162	530.492575539585
16	746873	747105	232	746989	51.9250968267496	48.9518282955858	100.876925122335	1.059776	99.8171491223354	64.1833793691298	64.46748591753	128.65086528666	3.800576	124.85028928666	114.686964656054	137.414980476164	1418.59399503621
16	751960	752246	286	752103	244.057925315528	231.945846143004	476.003771458531	1.306448	474.697323458531	250.8596820899	237.520674637783	488.380356727683	4.047248	484.333108727683	545.413244482554	533.075454290404	6746.36351006896
16	753028	753222	194	753125	144.712935502923	93.6759591465505	238.388894649473	0.886192	237.502702649473	148.47652225021	96.5577255686729	245.034247818883	3.626992	241.407255818883	272.883610721981	265.702014265983	3375.37097328322
16	754452	754711	259	754581.5	132.950864397769	103.123276898722	236.074141296491	1.183112	234.891029296491	136.9913575275	106.575956479879	243.567314007379	3.923912	239.643402007379	269.882874955029	263.760649624735	3338.25406333226
16	758408	758644	236	758526	112.918502669861	85.1264620883378	198.044964758198	1.078048	196.966916758198	119.594756551504	89.4443616120357	209.03911816354	3.818848	205.22027016354	226.309186540418	225.873240494359	2799.27936021822
16	759509	759725	216	759617	81.247672685733	26.0308999888171	107.27857267455	0.986688	106.29188467455	84.5315483761121	28.9295668004783	113.46111517659	3.727488	109.73362717659	122.126245120015	120.777006783124	1510.61246134767
16	767556	767715	159	767635.5	21.6285985197303	15.6407605054531	37.2693590251833	0.726312	36.5430470251833	25.9159973404144	17.4516022437254	43.3675995841398	3.467112	39.9004875841398	41.9868848134024	43.9159953388259	519.347101435611
16	770730	771141	411	770935.5	260.034593563352	198.498075201986	458.532668765338	1.877448	456.655220765338	268.50138871536	207.350079232712	475.851467948072	4.618248	471.233219948072	524.683399840736	518.657218087867	6489.95047119303
16	774311	774467	156	774389	4.74700941429472	23.1994347260911	27.9464441403858	0.712608	27.2338361403858	6.54425083909205	25.3344839370539	31.8787347761459	3.453408	28.4253267761459	31.2908756696026	31.2859965827091	387.045279796582
16	775385	775929	544	775657	457.33484115649	236.422249320068	693.757090476558	2.484992	691.272098476558	461.365534060334	248.802234667588	710.167768727922	5.225792	704.941976727922	794.251282698246	775.885971289028	9824.30831232283
16	779051	779163	112	779107	18.8539345662233	9.82922655482584	28.6831611210492	0.511616	28.1715451210492	28.3550535584651	17.2723981132314	45.6274516716966	3.252416	42.3750356716966	32.3682756721933	46.6395771509449	400.371930985851
16	785217	786082	865	785649.5	2634.69482734456	1400.09537093822	4034.79019828278	3.95132	4030.83887828278	2636.88067772644	1404.80147940979	4041.68215713623	6.69212	4034.99003713623	4631.31516009629	4441.06361581204	57285.9862054601
16	787669	787836	167	787752.5	54.223649806327	23.4258399445276	77.6494897508546	0.762856	76.8866337508546	57.7881319644328	24.5271653290865	82.3152972935193	3.503656	78.8116412935193	88.3404778140882	86.7430921587828	1092.70719406977
16	789614	789881	267	789747.5	164.6539951264	100.930126348576	265.584121474976	1.219656	264.364465474976	167.846868719263	102.325458509726	270.172327228989	3.960456	266.211871228989	303.746985110605	293.002918106682	3757.12837444525
16	792288	792641	353	792464.5	46.2215653654825	69.6620056465347	115.883571012017	1.612504	114.271067012017	48.5020179278617	71.3648448954469	119.866862823309	4.353304	115.513558823309	131.294090633212	127.138619550906	1624.01201491894
16	797328	797507	179	797417.5	62.7514463643627	41.4675557898404	104.219002154203	0.817672	103.401330154203	65.8799184728292	44.5961279006118	110.476046373441	3.558472	106.917574373441	118.805083105008	117.677551882574	1469.53211272077
16	802048	802198	150	802123	32.9921604396054	12.1807807560338	45.1729411956392	0.6852	44.4877411956392	36.6782454005463	14.6774383017432	51.3556837022895	3.426	47.9296837022895	51.1151044384041	52.7532341960107	632.256511709341
16	812715	813151	436	812933	274.667130830167	463.377480433887	738.044611264054	1.991648	736.052963264054	278.167411508486	470.252838904712	748.420250413198	4.732448	743.687802413198	845.703177510997	818.531101792894	10460.7306749993
16	814092	814340	248	814216	27.3253298242598	30.9376130841379	58.2629429083977	1.132864	57.1300789083977	29.619182695504	34.0053837934918	63.6245664889958	3.873664	59.7509024889958	65.6407781445929	65.7641175352556	811.928487118686
16	818122	818240	118	818181	15.5366581059864	15.7423628472956	31.279020953282	0.539024	30.739996953282	21.0676855911921	21.1211868243473	42.1888724155394	3.279824	38.9090484155394	35.3193511847092	42.8247796534243	436.874579857136
16	821560	821736	176	821648	69.2562962952993	84.4969475785949	153.753243873894	0.803968	152.949275873894	74.7095219872436	90.2917811442933	165.001303131537	3.544768	161.456535131537	175.734213514952	177.70520797039	2173.70387962015
16	822039	822606	567	822322.5	315.621274786326	174.118713279635	489.739988065962	2.590056	487.149932065962	318.908650557379	179.08232768648	497.990978243859	5.330856	492.660122243859	559.720925034376	542.240482311468	6923.33906936275
16	825186	825438	252	825312	49.4405395599406	55.5230797570179	104.963619316959	1.151136	103.812483316959	56.434100755232	65.3922072315241	121.826307986756	3.891936	117.934371986756	119.277485980263	129.803058660277	1475.37539128416
16	828824	828942	118	828883	3.60548310314061	25.4338862281872	29.0393693313278	0.539024	28.5003453313278	9.25481331511763	41.9769675313226	51.2317808464402	3.279824	47.9519568464402	32.7460574304052	52.7777488662297	405.044815434758
16	829353	829736	383	829544.5	70.5300256536147	18.0509160573694	88.5809417109841	1.749544	86.8313977109841	78.2439034515555	31.0932166706605	109.337120122216	4.490344	104.846776122216	99.7667187239576	115.398352507963	1234.04144935492
16	830524	830960	436	830742	28.8998661159043	8.25769033233028	37.1575564482345	1.991648	35.1659084482345	32.5520502954626	10.8286495906273	43.38069988609	4.732448	38.64825188609	40.4045931461915	42.5377370666005	499.775309085602
16	831862	832278	416	832070	8.73780139845826	54.1131472593428	62.8509486578011	1.900288	60.9506606578011	15.7859638522595	61.7729238102985	77.558887662558	4.641088	72.9177996625581	70.0305140558276	80.2561057266682	866.22631444499
16	837493	837705	212	837599	20.9192821706268	28.0222458875478	48.9415280581746	0.968416	47.9731120581746	23.1051325525108	31.2622205660482	54.3673531185591	3.709216	50.6581371185591	55.1196929128249	55.7562738771279	681.790346521707
16	839521	841128	1607	840324.5	604.931143118414	617.613335431533	1222.54447854995	7.340776	1215.20370254995	607.674406348163	620.275396789652	1227.94980313781	10.081576	1217.86822713781	1396.23326562295	1340.43212563517	17270.3858038497
16	842995	843129	134	843062	28.4674561492437	30.0255920628742	58.4930482121179	0.612112	57.8809362121179	38.5193878372224	36.8574495310402	75.3768373682626	3.352912	72.0239253682626	66.5034910732897	79.2722736554687	822.599615993355
16	857003	857268	265	857135.5	165.68321884908	22.8151258681178	188.498344717198	1.21052	187.287824717198	169.196899836265	34.5193956410023	203.716295477267	3.95132	199.764975477267	215.188194841403	219.868935521667	2661.72081474286
16	860181	861132	951	860656.5	183.704934233401	165.554215875678	349.259150109079	4.344168	344.914982109079	186.090189211381	166.993449048707	353.083638260089	7.084968	345.998670260089	396.297156453608	380.819305988177	4901.90640305991
16	866499	866720	221	866609.5	23.3517382365499	57.5250259000748	80.8767641366247	1.009528	79.8672361366247	24.8382724998268	61.7379230035614	86.5761955033882	3.750328	82.8258675033883	91.7651021744935	91.1613023159858	1135.06729634901
16	870068	870258	190	870163	40.4152315347134	24.5513658868876	64.966597421601	0.86792	64.098677421601	43.2496968665883	27.3724309098974	70.6221277764857	3.60872	67.0134077764857	73.6474926061176	73.7575072822115	910.965697573702
16	876645	876831	186	876738	29.8295875451465	35.084208659434	64.9137962045804	0.849648	64.0641482045804	33.6573757722201	39.0946010953703	72.7519768675904	3.590448	69.1615288675904	73.6078195526708	76.1218111174781	910.474970876443
16	877680	878069	389	877874.5	67.3047513139439	67.0453453348695	134.350096648813	1.776952	132.573144648813	70.7578309043207	70.0961156523797	140.8539465567	4.517752	136.3361945567	152.322638828784	150.056804996168	1884.11979860675
16	878579	878633	54	878606	4.64600708628196	6.15974197650882	10.8057490627908	0.246672	10.5590770627908	13.0656011503475	13.2043043473314	26.269905497679	2.987472	23.282433497679	12.1320685728727	25.6255324901598	150.064827999058
16	882849	883228	379	883038.5	143.102698388406	139.345111779417	282.447810167823	1.731272	280.716538167823	158.142145034116	148.930632717047	307.072777751163	4.472072	302.600705751163	322.535035054602	333.053854423969	3989.52283103345
16	883591	883726	135	883658.5	19.763455529863	11.3871624638464	31.1506179937094	0.61668	30.5339379937094	27.9873450831157	18.5702280270429	46.5575731101586	3.35748	43.2000931101586	35.0825955087421	47.5476667712874	433.946085051951
16	887864	888069	205	887966.5	34.6327982548304	68.3613756681843	102.994173923015	0.93644	102.057733923015	42.4071774472739	74.5477182578133	116.954895705087	3.67724	113.277655705087	117.26133060523	124.67769947541	1450.43702172612
16	888709	888961	252	888835	197.718757239409	169.420004978638	367.138762218046	1.151136	365.987626218046	203.002779031355	174.36321891527	377.365997946625	3.891936	373.474061946625	420.509003930566	411.059767854562	5201.38927404313
16	892077	892343	266	892210	60.795201274674	58.9975598406568	119.792761115331	1.215088	118.577673115331	63.8494716728579	62.3423369347586	126.191808607616	3.955888	122.235920607616	136.242254213329	134.537506799164	1685.2171846805
16	895845	895919	74	895882	7.92008255077476	5.98083785292979	13.9009204037046	0.338032	13.5628884037046	14.0120229645186	11.6635688347645	25.6755917992831	3.078832	22.5967597992831	15.583359339218	24.8708539193977	192.754774244863
16	899736	900155	419	899945.5	146.267171326659	228.001455228343	374.268626555002	1.913992	372.354634555002	152.041404417535	232.116850084491	384.158254502026	4.654792	379.503462502026	427.824508996838	417.695955598597	5291.87672908035
16	900501	900680	179	900590.5	56.7494080227808	48.8738264977146	105.623234520495	0.817672	104.805562520495	62.3986382324528	53.5331338905566	115.931772123009	3.558472	112.373300123009	120.418504738243	123.682331299936	1489.48896001578
16	901589	901944	355	901766.5	164.929901485793	89.5037629811838	254.433664466977	1.62164	252.812024466977	167.612463316429	92.0883225529559	259.700785869385	4.36244	255.338345869385	290.473570619958	281.035102224683	3592.94593098684
16	906735	906904	169	906819.5	63.1174548005278	16.3473767923225	79.4648315928503	0.771992	78.6928395928503	67.499555804012	18.7932331671107	86.2927889711227	3.512792	82.7799969711227	90.4157551325041	91.1108154622371	1118.37685888973
16	911040	911258	218	911149	99.0054819872554	74.3176129540931	173.323094941349	0.995824	172.327270941349	101.485239143426	76.4562622480346	177.941501391461	3.736624	174.204877391461	197.998959151822	191.736518692696	2449.10252284168
16	912482	912656	174	912569	24.0951553716458	32.6139517222348	56.7091070938806	0.794832	55.9142750938806	28.3216527886074	37.232258170042	65.5539109586494	3.535632	62.0182789586494	64.2438553679934	68.2596783792853	794.649572567618
16	919093	919309	216	919201	39.7918171655732	33.2158655958079	73.0076827613811	0.986688	72.0209947613811	40.3492300134377	34.9084046073088	75.2576346207466	3.727488	71.5301466207466	82.7500019116864	78.7288019716052	1023.55708997271
16	920702	921772	1070	921237	435.900047103778	359.07437634121	794.974423444988	4.88776	790.086663444988	446.289886580227	365.335220648036	811.625107228263	7.62856	803.996547228263	907.786307688274	884.909201824975	11228.6536549706
16	923458	923592	134	923525	19.5411504059299	19.6796535983039	39.2208040042338	0.612112	38.6086920042338	33.6442754702699	34.1239865271781	67.768261997448	3.352912	64.415349997448	44.3602500596285	70.8979860025875	548.703896224113
16	928096	928199	103	928147.5	0	2.8786663506686	2.8786663506686	0.470504	2.4081623506686	1.594736757247	3.56108207973698	5.15581883698398	3.211304	1.94451483698398	2.7669076188369	2.14020704226207	34.2246265272903
